tree
version=v4
num_class=1
num_tree_per_iteration=1
label_index=0
max_feature_idx=3
objective=regression
feature_names=Column_0 Column_1 Column_2 Column_3
feature_infos=[0.041801560670137405:14.344818115234375] [0.0024536035489290953:35.997413635253906] [0:2] [0:10]
tree_sizes=1481 1536 1536 1540 1536 1537 1535 1537 1537 1532 1541 1537 1538 1531 1549 1538 1536 1542 1558 1545 1555 1553 1550 1556 1556 1552 1525 1549 1556 1547 1555 1544 1557 1537 1545 1546 1535 1550 1533 1551 1541 1551 1541 1541 1560 1537 1530 1544 1525 1530 1538 1563 1526 1532 1556 1551 1526 1529 1521 1564 1545 1530 1549 1543 1528 1532 1529 1539 1541 1547 1527 1536 1538 1546 1546 1531 1529 1552 1539 1549 1537 1538 1511 1541 1530 1529 1516 1549 1541 1541 1529 1544 1528 1546 1529 1541 1530 1542 1550 1520 1538 1537 1526 1534 1545 1552 1539 1543 1532 1544 1546 1537 1543 1545 1522 1535 1537 1526 1549 1528 1528 1536 1510 1539 1530 1534 1542 1539 1540 1540 1528 1534 1530 1526 1529 1514 1544 1532 1535 1536 1528 1545 1522 1531 1518 1516 1523 1520 1536 1523

Tree=0
num_leaves=15
num_cat=0
split_feature=2 2 0 0 0 0 0 0 0 0 0 0 3 3
split_gain=13480 5983.44 4826.37 3913.69 1111.42 1061.23 1058.03 525.109 487.325 461.279 206.391 190.482 176.213 160.799
threshold=1.5000000000000002 1.0000000180025095e-35 3.4131884574890141 3.1528643369674687 5.2105743885040292 4.9729626178741464 2.0012447834014897 1.7857054471969607 2.4455107450485234 4.9729626178741464 7.2690448760986337 1.1569512486457827 0.39009662328959238 0.50806453752716252
decision_type=2 2 2 2 2 2 2 2 2 2 2 2 2 2
left_child=1 2 6 7 -4 8 11 -2 -3 -5 -6 -1 -8 -9
right_child=3 5 4 9 10 -7 12 13 -10 -11 -12 -13 -14 -15
leaf_value=0.89821717954025071 0.92452428800949904 0.88722113757826304 0.93091986744858424 0.96327174750949141 0.95514849368090271 0.92156640339721296 0.89891430506917258 0.91548780009351216 0.89757237993489192 0.98840231203784445 0.98581226598691818 0.90583373859362482 0.91681065537030415 0.94055040216123476
leaf_weight=13076 12068 27101 14498 6932 3744 3146 1448 677 19589 2479 643 22053 27456 11706
leaf_count=13076 12068 27101 14498 6932 3744 3146 1448 677 19589 2479 643 22053 27456 11706
internal_value=0.914333 0.90715 0.91538 0.942492 0.937592 0.893458 0.908829 0.931947 0.891564 0.969892 0.959643 0.902999 0.915914 0.93918
internal_weight=166616 132754 82918 33862 18885 49836 64033 24451 46690 9411 4387 35129 28904 12383
internal_count=166616 132754 82918 33862 18885 49836 64033 24451 46690 9411 4387 35129 28904 12383
is_linear=0
shrinkage=1


Tree=1
num_leaves=15
num_cat=0
split_feature=2 2 0 0 0 0 0 0 0 0 0 3 0 0
split_gain=12165.7 5400.05 4375.1 3532.1 1149.6 969.807 800.099 473.911 416.304 395.076 186.268 185.479 174.941 149.587
threshold=1.5000000000000002 1.0000000180025095e-35 3.6685184240341191 3.1528643369674687 2.0138567686080937 3.2890503406524663 5.2105743885040292 1.7857054471969607 4.9729626178741464 5.6820471286773691 7.2690448760986337 0.39009662328959238 1.1569512486457827 1.8952941894531252
decision_type=2 2 2 2 2 2 2 2 2 2 2 2 2 2
left_child=1 2 4 7 12 13 -4 -2 -5 -7 -8 -6 -1 -3
right_child=3 5 6 8 11 9 10 -9 -10 -11 -12 -13 -14 -15
leaf_value=-0.015309988275516759 0.009681764403577273 -0.027049958231995255 0.017819155658065359 0.046491852005437428 -0.014135184450566291 -0.011151758211898448 0.03877475830471605 0.023604869642651814 0.070365885864250508 0.015314227545386173 0.067905344989029101 0.003233022030064741 -0.0080276338457126988 -0.020733501512240252
leaf_weight=13076 12068 18388 11090 6932 1619 10705 3744 12383 2479 1624 643 30416 22330 19119
leaf_count=13076 12068 18388 11090 6932 1619 10705 3744 12383 2479 1624 643 30416 22330 19119
internal_value=8.4247e-12 -0.00682358 0.000994362 0.0267514 -0.00450764 -0.0198312 0.0249693 0.016733 0.0527806 -0.00766561 0.0430444 0.00235526 -0.0107171 -0.0238302
internal_weight=166616 132754 82918 33862 67441 49836 15477 24451 9411 12329 4387 32035 35406 37507
internal_count=166616 132754 82918 33862 67441 49836 15477 24451 9411 12329 4387 32035 35406 37507
is_linear=0
shrinkage=0.05


Tree=2
num_leaves=15
num_cat=0
split_feature=2 2 0 0 0 0 0 0 0 0 0 0 0 3
split_gain=10979.5 4873.54 3955.1 3187.72 907.488 886.82 856.363 427.705 375.715 262.78 238.677 211.861 159.055 145.121
threshold=1.5000000000000002 1.0000000180025095e-35 3.4131884574890141 3.1528643369674687 4.8446490764617929 4.0656988620758066 2.0012447834014897 1.7857054471969607 4.9729626178741464 2.4455107450485234 5.6820471286773691 7.2690448760986337 1.4645501375198366 0.50806453752716252
decision_type=2 2 2 2 2 2 2 2 2 2 2 2 2 2
left_child=1 2 6 7 -4 9 12 -2 -5 -3 -7 -6 -1 -9
right_child=3 5 4 8 11 10 -8 13 -10 -11 -12 -13 -14 -15
leaf_value=-0.013049387090280995 0.0091976770268673534 -0.024505266712209466 0.013719905562334479 0.044167256939982108 0.034085472374351507 -0.0073667934193646332 0.001388859013113542 -8.3142292288240687e-05 0.066847592689616875 -0.016396208736326082 0.014548517555328719 0.064510075838347058 -0.0062148845733479207 0.023726331193732662
leaf_weight=20641 12068 27101 13046 6932 5196 5287 28904 677 2479 15824 1624 643 14488 11706
leaf_count=20641 12068 27101 13046 6932 5196 5287 28904 677 2479 15824 1624 643 14488 11706
internal_value=-2.98102e-10 -0.0064824 0.000944643 0.0254139 0.0210526 -0.0188396 -0.00498571 0.0158964 0.0501416 -0.0215159 -0.00221696 0.0374359 -0.0102307 0.0224246
internal_weight=166616 132754 82918 33862 18885 49836 64033 24451 9411 42925 6911 5839 35129 12383
internal_count=166616 132754 82918 33862 18885 49836 64033 24451 9411 42925 6911 5839 35129 12383
is_linear=0
shrinkage=0.05


Tree=3
num_leaves=15
num_cat=0
split_feature=2 2 0 0 0 0 0 0 0 0 3 0 0 3
split_gain=9909.01 4398.38 3580.92 2876.92 933.013 802.741 656.864 386.003 360.467 339.083 167.786 150.133 147.531 140.596
threshold=1.5000000000000002 1.0000000180025095e-35 3.6685184240341191 3.1528643369674687 2.0138567686080937 4.9729626178741464 5.2105743885040292 1.7857054471969607 2.4455107450485234 4.9729626178741464 0.4387499995362022 7.2690448760986337 1.1569512486457827 0.65108695657666826
decision_type=2 2 2 2 2 2 2 2 2 2 2 2 2 2
left_child=1 2 4 7 12 8 13 -2 -3 -5 -6 -8 -1 -4
right_child=3 5 6 9 10 -7 11 -9 -10 -11 -12 -13 -14 -15
leaf_value=-0.013892017627170817 0.0087377937169196718 -0.023280003663358785 -0.0028919794805889027 0.041958896269128632 -0.013269303986242355 0.0065489544218805141 0.035131748145223303 0.021303392967658527 -0.014377422765505139 0.063505213411946412 0.0029542815418992451 0.06128457279913533 -0.0072044540102232007 0.017776930575688837
leaf_weight=13076 12068 27101 895 6932 1682 3146 3744 12383 19589 2479 30353 643 22330 10195
leaf_count=13076 12068 27101 895 6932 1682 3146 3744 12383 19589 2479 30353 643 22330 10195
internal_value=-7.08095e-11 -0.00615828 0.000897412 0.0241432 -0.00408024 -0.0178977 0.0225875 0.0151015 -0.0195449 0.0476345 0.00210246 0.038965 -0.00967428 0.0161089
internal_weight=166616 132754 82918 33862 67441 49836 15477 24451 46690 9411 32035 4387 35406 11090
internal_count=166616 132754 82918 33862 67441 49836 15477 24451 46690 9411 32035 4387 35406 11090
is_linear=0
shrinkage=0.05


Tree=4
num_leaves=15
num_cat=0
split_feature=2 2 0 0 0 0 0 0 0 0 0 0 3 0
split_gain=8942.88 3969.53 3241.37 2596.42 749.597 735.599 693.414 348.368 306.022 211.541 200.263 186.865 170.749 132.199
threshold=1.5000000000000002 1.0000000180025095e-35 3.4131884574890141 3.1528643369674687 4.7355475425720224 4.0656988620758066 1.7026932239532473 1.7857054471969607 4.9729626178741464 2.4189981222152714 5.6820471286773691 5.909513235092164 0.25290698448086285 0.76394006609916698
decision_type=2 2 2 2 2 2 2 2 2 2 2 2 2 2
left_child=1 2 6 7 -4 9 -1 13 -5 -3 -7 -6 -8 -2
right_child=3 5 4 8 11 10 12 -9 -10 -11 -12 -13 -14 -15
leaf_value=-0.010607233438105063 -0.0028506473623578763 -0.022185105028590082 0.011873180996124414 0.039860950392309261 0.026423678704801275 -0.0065807932420243204 -0.015828503290110801 0.0202382261570846 0.060329954658107879 -0.014951736216398299 0.013493642745897394 0.044087313993678351 0.00066026892093616445 0.010756726809772611
leaf_weight=27013 2178 26636 12425 6932 4102 5287 1643 12383 2479 16289 1624 2358 35377 9890
leaf_count=27013 2178 26636 12425 6932 4102 5287 1643 12383 2479 16289 1624 2358 35377 9890
internal_value=4.06682e-10 -0.00585036 0.000852541 0.022936 0.019056 -0.0170028 -0.00451613 0.0143465 0.0452528 -0.0194402 -0.00186355 0.0328712 -7.15261e-05 0.0083009
internal_weight=166616 132754 82918 33862 18885 49836 64033 24451 9411 42925 6911 6460 37020 12068
internal_count=166616 132754 82918 33862 18885 49836 64033 24451 9411 42925 6911 6460 37020 12068
is_linear=0
shrinkage=0.05


Tree=5
num_leaves=15
num_cat=0
split_feature=2 2 0 0 0 0 0 0 0 0 3 3 3 0
split_gain=8070.95 3582.5 2928.92 2343.27 773.4 671.799 536.028 314.402 276.185 265.728 144.706 139.575 130.972 130.325
threshold=1.5000000000000002 1.0000000180025095e-35 3.6685184240341191 3.1528643369674687 2.0138567686080937 3.2890503406524663 5.2105743885040292 1.7857054471969607 4.9729626178741464 5.6820471286773691 0.66666665838824424 0.4387499995362022 0.50806453752716252 7.2690448760986337
decision_type=2 2 2 2 2 2 2 2 2 2 2 2 2 2
left_child=1 2 4 7 10 -3 -4 -2 -5 -7 -1 -6 -9 -8
right_child=3 5 6 8 11 9 13 12 -10 -11 -12 -13 -14 -15
leaf_value=-0.020668227489696184 0.0078858582362814136 -0.019480961373682059 0.014573784580469346 0.037867904157607254 -0.012082803290997333 -0.0088863487429621073 0.03164941969498769 -0.002156065135886081 0.057313453981794861 0.012818961919932238 -0.0079251145798505708 0.0027141519988328981 0.020462931751919756 0.056015978902462488
leaf_weight=2389 12068 37507 11090 6932 1682 10705 3744 677 2479 1624 33017 30353 11706 643
leaf_count=2389 12068 37507 11090 6932 1682 10705 3744 677 2479 1624 33017 30353 11706 643
internal_value=-8.07322e-11 -0.00555785 0.000809914 0.0217892 -0.00369183 -0.0161526 0.0204262 0.0136291 0.0429902 -0.00602728 -0.00878495 0.00193724 0.0192263 0.0352208
internal_weight=166616 132754 82918 33862 67441 49836 15477 24451 9411 12329 35406 32035 12383 4387
internal_count=166616 132754 82918 33862 67441 49836 15477 24451 9411 12329 35406 32035 12383 4387
is_linear=0
shrinkage=0.05


Tree=6
num_leaves=15
num_cat=0
split_feature=2 2 0 0 0 0 0 0 0 0 0 0 3 3
split_gain=7284.03 3233.21 2656.59 2114.8 618.454 608.021 575.294 283.748 249.751 181.25 160.752 156.631 140.468 119.762
threshold=1.5000000000000002 1.0000000180025095e-35 3.4131884574890141 3.1528643369674687 4.7355475425720224 4.0656988620758066 1.7026932239532473 1.7857054471969607 4.9054827690124521 2.4189981222152714 5.6820471286773691 7.2690448760986337 0.25290698448086285 0.90550591773749689
decision_type=2 2 2 2 2 2 2 2 2 2 2 2 2 2
left_child=1 2 6 7 13 9 -1 -2 -5 -3 -7 -6 -8 -4
right_child=3 5 4 8 11 10 12 -9 -10 -11 -12 -13 -14 -15
leaf_value=-0.0096390091639337698 0.0074915643811057963 -0.020101801471378841 -0.0013230875842041589 0.035816136363648381 0.027209353541357523 -0.005807435866258581 -0.01433417707028653 0.018264998081864867 0.054045005467179635 -0.013406301060593937 0.012178014240828643 0.05321518040666267 0.00062122285306246468 0.012724996179442956
leaf_weight=27013 12068 26636 1769 6817 5817 5287 1643 12383 2594 16289 1624 643 35377 10656
leaf_count=27013 12068 26636 1769 6817 5817 5287 1643 12383 2594 16289 1624 643 35377 10656
internal_value=-2.58015e-10 -0.00527995 0.000769418 0.0206998 0.0172492 -0.015345 -0.0040909 0.0129477 0.0408406 -0.017561 -0.00158108 0.0297979 -4.2519e-05 0.0107249
internal_weight=166616 132754 82918 33862 18885 49836 64033 24451 9411 42925 6911 6460 37020 12425
internal_count=166616 132754 82918 33862 18885 49836 64033 24451 9411 42925 6911 6460 37020 12425
is_linear=0
shrinkage=0.05


Tree=7
num_leaves=15
num_cat=0
split_feature=2 2 0 0 0 0 0 0 0 0 0 3 0 3
split_gain=6573.84 2917.97 2397.58 1908.61 558.155 554.63 530.705 256.083 248.415 225.656 146.917 122.783 119.309 118.202
threshold=1.5000000000000002 1.0000000180025095e-35 3.4131884574890141 3.1528643369674687 4.7355475425720224 4.9729626178741464 2.0012447834014897 1.7857054471969607 2.8936786651611333 4.9729626178741464 5.909513235092164 0.66666665838824424 0.76394006609916698 0.50806453752716252
decision_type=2 2 2 2 2 2 2 2 2 2 2 2 2 2
left_child=1 2 6 7 -4 8 11 12 -3 -5 -6 -1 -2 -9
right_child=3 5 4 9 10 -7 -8 13 -10 -11 -12 -13 -14 -15
leaf_value=-0.019007774896262417 -0.0034769857806881375 -0.018290056669642452 0.010188666307470449 0.03416858233916651 0.022591026514579702 0.0057426633487366145 0.0011318529905777639 -0.0029615115181734152 -0.010270162996514506 0.051745532318677706 0.038253208552941405 -0.0072204092741285494 0.0094500178925851237 0.018526537899948198
leaf_weight=2369 2178 33049 12425 6932 4102 3146 28904 677 13641 2479 2358 32760 9890 11706
leaf_count=2369 2178 33049 12425 6932 4102 3146 28904 677 13641 2479 2358 32760 9890 11706
internal_value=1.73783e-10 -0.00501596 0.000730947 0.0196648 0.0163867 -0.0145778 -0.00388635 0.0123003 -0.015947 0.0387986 0.028308 -0.00801532 0.00711699 0.0173517
internal_weight=166616 132754 82918 33862 18885 49836 64033 24451 46690 9411 6460 35129 12068 12383
internal_count=166616 132754 82918 33862 18885 49836 64033 24451 46690 9411 6460 35129 12068 12383
is_linear=0
shrinkage=0.05


Tree=8
num_leaves=15
num_cat=0
split_feature=2 2 0 0 0 0 0 0 0 0 3 3 3 0
split_gain=5932.89 2633.47 2170.98 1726.91 576.918 504.105 399.693 271.766 200.237 168.009 134.879 119.996 119.038 117.84
threshold=1.5000000000000002 1.0000000180025095e-35 3.6685184240341191 3.2890503406524663 2.0138567686080937 3.2890503406524663 5.2105743885040292 1.7857054471969607 5.6820471286773691 6.1032638549804696 0.6939799690427666 0.65108695657666826 1.7142857720657281 1.1569512486457827
decision_type=2 2 2 2 2 2 2 2 2 2 2 2 2 2
left_child=1 2 4 7 13 -3 11 -2 -7 10 -5 -4 -6 -1
right_child=3 5 6 9 12 8 -8 -9 -10 -11 -12 -13 -14 -15
leaf_value=-0.011349694594699844 0.0067611380715144167 -0.01673201216661829 -0.0050244650178115462 0.016173947746810236 -0.0032203163002280464 -0.0075596883084271789 0.030358252413133825 0.017103284859981065 0.011281981359561676 0.061268286739135862 0.038381714332388329 0.014070266317640115 0.0035759696431490249 -0.0053728440919773388
leaf_weight=13076 12068 37507 895 759 8935 10705 4387 13411 1624 731 6893 10195 23100 22330
leaf_count=13076 12068 37507 895 759 8935 10705 4387 13411 1624 731 6893 10195 23100 22330
internal_value=2.53099e-10 -0.00476516 0.0006944 0.0186815 -0.00318134 -0.0138489 0.0175829 0.0122048 -0.00507783 0.0383667 0.0361789 0.0125293 0.00168039 -0.00758019
internal_weight=166616 132754 82918 33862 67441 49836 15477 25479 12329 8383 7652 11090 32035 35406
internal_count=166616 132754 82918 33862 67441 49836 15477 25479 12329 8383 7652 11090 32035 35406
is_linear=0
shrinkage=0.05


Tree=9
num_leaves=15
num_cat=0
split_feature=2 2 0 0 0 0 0 0 0 3 0 3 0 0
split_gain=5354.43 2376.71 1978.27 1563.62 646.958 459.887 338.949 318.082 215.091 162.882 138.013 136.243 131.54 128.595
threshold=1.5000000000000002 1.0000000180025095e-35 2.9418302774429326 3.6429398059844975 4.6272771358489999 4.9729626178741464 2.1585435867309575 1.5029856562614443 2.4455107450485234 1.3390804792898681 7.2690448760986337 0.6939799690427666 0.76394006609916698 6.3156888484954843
decision_type=2 2 2 2 2 2 2 2 2 2 2 2 2 2
left_child=1 2 7 6 -4 8 12 -1 -3 -9 -6 -5 -2 -13
right_child=3 5 4 11 10 -7 -8 9 -10 -11 -12 13 -14 -15
leaf_value=-0.0093532748856196401 -0.00364119327662186 -0.017288455450663705 0.0072837849249917435 0.018908696720297907 0.022811725366900043 0.0053471995414591722 0.019095668520987267 -0.0080261799829495668 -0.010411524015072629 0.00017912542363233714 0.047123847705997174 0.039709597253480118 0.0095806299900447131 0.064999831968431815
leaf_weight=21698 2178 27101 19282 710 6333 3146 11291 7779 19589 27183 643 5328 13800 555
leaf_count=21698 2178 27101 19282 710 6333 3146 11291 7779 19589 27183 643 5328 13800 555
internal_value=5.04136e-10 -0.0045269 0.00065968 0.0177475 0.0120045 -0.0131564 0.0124644 -0.00459784 -0.0144032 -0.00164654 0.0250527 0.0395985 0.00777833 0.0420955
internal_weight=166616 132754 82918 33862 26258 49836 27269 56660 46690 34962 6976 6593 15978 5883
internal_count=166616 132754 82918 33862 26258 49836 27269 56660 46690 34962 6976 6593 15978 5883
is_linear=0
shrinkage=0.05


Tree=10
num_leaves=15
num_cat=0
split_feature=2 2 0 0 0 0 0 0 0 3 3 0 0 0
split_gain=4832.38 2144.98 1786.2 1423.35 421.809 413.614 401.009 187.942 177.41 169.277 140.126 136.741 117.468 112.708
threshold=1.5000000000000002 1.0000000180025095e-35 3.4131884574890141 3.1528643369674687 4.0656988620758066 4.8446490764617929 1.5029856562614443 0.78296282887458812 4.9054827690124521 0.50806453752716252 1.3390804792898681 1.8952941894531252 6.8048992156982431 2.1585435867309575
decision_type=2 2 2 2 2 2 2 2 2 2 2 2 2 2
left_child=1 2 6 7 11 -4 -1 -2 -5 -9 -8 -3 -6 -11
right_child=3 4 5 8 12 -7 10 9 -10 13 -12 -13 -14 -15
leaf_value=-0.0088856109829254012 -0.0031528467239905762 -0.017604276113259109 0.0091893859492609437 0.029148760577595474 -0.0029814163305986767 0.025200374669003496 -0.0058880555912916863 -0.006677536421249285 0.044512426089376049 0.010065908099618333 0.0010172651586465434 -0.011901357992721391 0.020791186671374966 0.017610486745685116
leaf_weight=21698 2285 18388 13046 6817 6345 5839 9461 1161 2594 13017 32874 24537 566 7988
leaf_count=21698 2285 18388 13046 6817 6345 5839 9461 1161 2594 13017 32874 24537 566 7988
internal_value=2.3285e-10 -0.00430056 0.000626696 0.0168601 -0.0124986 0.0141398 -0.00335866 0.0105003 0.0333835 0.0119078 -0.000525932 -0.0143443 -0.00103448 0.012935
internal_weight=166616 132754 82918 33862 49836 18885 64033 24451 9411 22166 42335 42925 6911 21005
internal_count=166616 132754 82918 33862 49836 18885 64033 24451 9411 22166 42335 42925 6911 21005
is_linear=0
shrinkage=0.05


Tree=11
num_leaves=15
num_cat=0
split_feature=2 2 0 0 0 0 0 0 0 3 0 3 0 3
split_gain=4361.22 1935.84 1633.29 1289.29 526.136 384.457 273.026 255.202 155.12 134.268 126.434 123.32 111.103 110.044
threshold=1.5000000000000002 1.0000000180025095e-35 2.9418302774429326 3.6429398059844975 4.6272771358489999 3.2890503406524663 2.1464033126831059 1.5029856562614443 5.6820471286773691 1.3390804792898681 5.909513235092164 0.6939799690427666 6.3156888484954843 0.67028986410987235
decision_type=2 2 2 2 2 2 2 2 2 2 2 2 2 2
left_child=1 2 7 6 13 -3 -2 -1 -7 -9 -6 -5 -13 -4
right_child=3 5 4 11 10 8 -8 9 -10 -11 -12 12 -14 -15
leaf_value=-0.0084413314231151435 0.0069581855416848588 -0.014391523542414856 -0.0055246044174628393 0.016174748220389158 0.017860489786106847 -0.0063983545703956979 0.017093349925502221 -0.0073304682562032172 0.010185328465450574 0.00011930609458295276 0.032090551689886462 0.036016816652642829 0.059524217858272901 0.0078187523257645646
leaf_weight=21698 15803 37507 1694 710 4618 10705 11466 7779 1624 27183 2358 5328 555 17588
leaf_count=21698 15803 37507 1694 710 4618 10705 11466 7779 1624 27183 2358 5328 555 17588
internal_value=3.38534e-10 -0.00408553 0.000595361 0.0160171 0.0109036 -0.0118737 0.0112198 -0.0041818 -0.00421392 -0.00153826 0.0226705 0.0358589 0.0382345 0.00664649
internal_weight=166616 132754 82918 33862 26258 49836 27269 56660 12329 34962 6976 6593 5883 19282
internal_count=166616 132754 82918 33862 26258 49836 27269 56660 12329 34962 6976 6593 5883 19282
is_linear=0
shrinkage=0.05


Tree=12
num_leaves=15
num_cat=0
split_feature=2 2 0 0 0 0 0 3 0 0 0 3 3 3
split_gain=3936 1747.1 1475.99 1170.82 453.949 352.199 252.997 166.716 159.422 149.402 147.722 108.443 107.565 106.06
threshold=1.5000000000000002 1.0000000180025095e-35 3.8044918775558476 3.1528643369674687 2.1191670894622807 4.676427125930787 5.909513235092164 0.50806453752716252 0.76394006609916698 2.4189981222152714 4.9729626178741464 0.66666665838824424 1.3390804792898681 0.39009662328959238
decision_type=2 2 2 2 2 2 2 2 2 2 2 2 2 2
left_child=1 2 4 7 11 9 12 -2 -9 -3 -5 -1 -4 -6
right_child=3 5 6 10 13 -7 -8 8 -10 -11 -12 -13 -14 -15
leaf_value=-0.015927237029283826 -0.0082201994214012725 -0.014969693326810439 0.0035899669467605098 0.026456217359541474 -0.010500597611802524 0.0025989661310406383 0.030486022826186222 -0.0027905005494428909 0.011714890163633309 -0.0091673395910575554 0.040677644954154671 -0.0053270099582390798 0.015157386493124434 0.0027727388395097376
leaf_weight=2588 1266 26636 2615 6932 1586 4187 2358 2081 21104 19013 2479 35629 8683 29459
leaf_count=2588 1266 26636 2615 6932 1586 4187 2358 2081 21104 19013 2479 35629 8683 29459
internal_value=-3.52249e-10 -0.00388125 0.000565593 0.0152162 -0.00239652 -0.01128 0.0155891 0.00944817 0.0104129 -0.012553 0.0302024 -0.00604484 0.01248 0.00209464
internal_weight=166616 132754 82918 33862 69262 49836 13656 24451 23185 45649 9411 38217 11298 31045
internal_count=166616 132754 82918 33862 69262 49836 13656 24451 23185 45649 9411 38217 11298 31045
is_linear=0
shrinkage=0.05


Tree=13
num_leaves=15
num_cat=0
split_feature=2 2 0 0 0 0 0 0 0 3 3 0 3 0
split_gain=3552.24 1576.76 1348.31 1063.44 435.457 322.41 232.189 216.197 150.38 119.913 111.631 110.741 99.7206 95.8867
threshold=1.5000000000000002 1.0000000180025095e-35 2.9418302774429326 3.6429398059844975 4.6272771358489999 4.9729626178741464 2.1585435867309575 1.4645501375198366 2.4455107450485234 1.2899160077564547 0.6939799690427666 7.2690448760986337 0.50806453752716252 6.3156888484954843
decision_type=2 2 2 2 2 2 2 2 2 2 2 2 2 2
left_child=1 2 7 6 -4 8 -2 -1 -3 -9 -5 -6 -8 -12
right_child=3 5 4 10 11 -7 12 9 -10 -11 13 -13 -14 -15
leaf_value=-0.0078830961270662924 0.0062200360362916832 -0.014172410384116896 0.0060302688298247906 0.013747754488665035 0.018600802879369355 0.0047769984563141212 -0.0036619390770206307 -0.0070211010760677485 -0.0084222752579418778 3.2931041414988979e-05 0.032675759688712565 0.040378805553333466 0.016734047126085793 0.054514123154888017
leaf_weight=20641 15978 27101 19282 710 6333 3146 635 7649 19589 28370 5328 643 10656 555
leaf_count=20641 15978 27101 19282 710 6333 3146 635 7649 19589 28370 5328 643 10656 555
internal_value=3.60965e-10 -0.00368719 0.000537314 0.0144554 0.0099032 -0.010716 0.0100985 -0.00380313 -0.0117599 -0.00146506 0.0324758 0.0206082 0.015587 0.034736
internal_weight=166616 132754 82918 33862 26258 49836 27269 56660 46690 36019 6593 6976 11291 5883
internal_count=166616 132754 82918 33862 26258 49836 27269 56660 46690 36019 6593 6976 11291 5883
is_linear=0
shrinkage=0.05


Tree=14
num_leaves=15
num_cat=0
split_feature=2 0 2 0 2 0 0 0 3 0 0 3 3 0
split_gain=3205.9 1429.04 973.082 962.514 516.266 376.04 210.831 146.065 130.923 123.172 103.174 102.569 96.9417 95.9164
threshold=1.5000000000000002 3.8044918775558476 1.0000000180025095e-35 3.1528643369674687 1.0000000180025095e-35 2.1191670894622807 5.909513235092164 0.78296282887458812 0.50806453752716252 4.9054827690124521 6.8048992156982431 0.18834459028578229 0.22222222820108331 1.8952941894531252
decision_type=2 2 2 2 2 2 2 2 2 2 2 2 2 2
left_child=1 2 5 7 6 12 11 -2 -9 -5 -6 -3 -1 -4
right_child=3 4 13 9 10 -7 -8 8 -10 -11 -12 -13 -14 -15
leaf_value=-0.018118494370174345 -0.0035335388727469833 -0.010007914296978025 -0.014547380663038002 0.023791831280443973 -0.0032494815272173061 0.0019116428596210435 0.027734749837825114 -0.006601213190855393 0.010647015314468513 0.036593396180225342 0.018873562197803187 0.012362882471556834 -0.0049941013642812952 -0.0097138880270911197
leaf_weight=1463 2285 538 18388 6817 7651 31045 2358 1161 21005 2594 566 10760 36754 23231
leaf_count=1463 2285 538 18388 6817 7651 31045 2358 1161 21005 2594 566 10760 36754 23231
internal_value=-1.71579e-10 -0.00350283 -0.00580689 0.0137326 0.00817718 -0.00217599 0.0141358 0.00850282 0.0097436 0.0273204 -0.00172561 0.0112976 -0.00549652 -0.0118494
internal_weight=166616 132754 110881 33862 21873 69262 13656 24451 22166 9411 8217 11298 38217 41619
internal_count=166616 132754 110881 33862 21873 69262 13656 24451 22166 9411 8217 11298 38217 41619
is_linear=0
shrinkage=0.05


Tree=15
num_leaves=15
num_cat=0
split_feature=2 0 0 2 2 0 0 0 0 3 3 3 0 1
split_gain=2893.32 1296.49 876.988 754.936 572.534 296.787 243.25 199.94 114.233 106.152 101.019 98.5024 94.2361 87.1655
threshold=1.5000000000000002 3.2890503406524663 3.6429398059844975 1.0000000180025095e-35 1.0000000180025095e-35 4.6272771358489999 1.5029856562614443 1.7857054471969607 5.6820471286773691 0.25290698448086285 0.6939799690427666 0.6132478709547976 7.2690448760986337 10.220221519470217
decision_type=2 2 2 2 2 2 2 2 2 2 2 2 2 2
left_child=1 3 7 6 5 -3 -1 -2 -6 -8 -4 -9 -7 -10
right_child=2 4 10 -5 8 12 9 11 13 -11 -12 -13 -14 -15
leaf_value=-0.0070659449574848252 0.0042843324522141161 0.006069857037544181 0.011594911156071377 -0.011774520171916415 -0.0051470135008269864 0.016883514062368401 -0.012483521515936284 -0.0031875992154275904 0.025703498274929782 4.1068285739039127e-05 0.031560653890771999 0.01391093087228067 0.036973128957647837 0.0010102617064421044
leaf_weight=21698 12068 13727 710 37507 10705 6333 1769 895 531 38748 5883 14306 643 1093
leaf_count=21698 12068 13727 710 37507 10705 6333 1769 895 531 38748 5883 14306 643 1093
internal_value=8.57482e-11 -0.00332769 0.013046 -0.00617152 0.00525769 0.0103375 -0.00279368 0.00908945 -0.00327245 -0.000505764 0.0294105 0.0129042 0.0187352 0.00908422
internal_weight=166616 132754 33862 99722 33032 20703 62215 27269 12329 40517 6593 15201 6976 1624
internal_count=166616 132754 33862 99722 33032 20703 62215 27269 12329 40517 6593 15201 6976 1624
is_linear=0
shrinkage=0.05


Tree=16
num_leaves=15
num_cat=0
split_feature=2 0 0 2 2 0 0 0 3 0 3 0 3 3
split_gain=2611.22 1173 793.761 792.235 421.073 314.739 176.084 141.829 113.393 100.678 92.9955 87.2589 87.1047 85.2871
threshold=1.5000000000000002 3.8044918775558476 3.2890503406524663 1.0000000180025095e-35 1.0000000180025095e-35 2.1191670894622807 5.909513235092164 1.7857054471969607 0.34549073157020377 6.1032638549804696 1.3390804792898681 6.8048992156982431 0.39009662328959238 0.66666665838824424
decision_type=2 2 2 2 2 2 2 2 2 2 2 2 2 2
left_child=1 3 7 5 6 13 10 -2 -4 -10 -3 -6 -7 -1
right_child=2 4 8 -5 11 12 -8 -9 9 -11 -12 -13 -14 -15
leaf_value=-0.01377445511761736 0.0040701137826631983 0.0019421579594764836 0.0030100369811492059 -0.010700953311291053 -0.0029240290495932079 -0.0096473348048641289 0.025229925256731203 0.011541412063359477 0.025493417888943489 0.045675758951923606 0.012697667812227734 0.017421280355735719 0.0023815681182070363 -0.0043738477906736725
leaf_weight=2588 12068 2615 515 41619 7651 1586 2358 13411 7192 676 8683 566 29459 35629
leaf_count=2588 12068 2615 515 41619 7651 1586 2358 13411 7192 676 8683 566 29459 35629
internal_value=-2.26427e-10 -0.0031613 0.0123937 -0.00524877 0.00742072 -0.0019726 0.012802 0.00800267 0.0257397 0.0272274 0.0102082 -0.00152261 0.00176705 -0.00501044
internal_weight=166616 132754 33862 110881 21873 69262 13656 25479 8383 7868 11298 8217 31045 38217
internal_count=166616 132754 33862 110881 21873 69262 13656 25479 8383 7868 11298 8217 31045 38217
is_linear=0
shrinkage=0.05


Tree=17
num_leaves=15
num_cat=0
split_feature=2 0 0 2 2 0 0 0 0 3 3 3 3 0
split_gain=2356.63 1077.72 723.374 595.454 520.638 295.364 166.262 154.132 110.866 97.8406 84.0683 82.953 82.116 80.2411
threshold=1.5000000000000002 2.9418302774429326 3.6429398059844975 1.0000000180025095e-35 1.0000000180025095e-35 4.6272771358489999 2.1464033126831059 1.4645501375198366 5.6820471286773691 1.2899160077564547 0.6939799690427666 0.67028986410987235 0.58578432144891524 7.2690448760986337
decision_type=2 2 2 2 2 2 2 2 2 2 2 2 2 2
left_child=1 4 6 5 7 11 12 -1 -5 -9 -4 -3 -2 -7
right_child=2 3 10 8 -6 13 -8 9 -10 -11 -12 -13 -14 -15
leaf_value=-0.006612616919494 -0.010763618693184644 -0.0055395630176191214 0.010384088608462521 -0.0053505473670126986 -0.011021152074016766 0.015325032544708196 0.012764137788078236 -0.0062122702255702862 0.0084216686667590007 0.0001595492186704319 0.028597828386523708 0.0060454645659456831 0.0056867960614026374 0.03386297515748448
leaf_weight=20641 799 1694 710 14583 33629 6333 11466 7649 1624 28370 5883 17588 15004 643
leaf_count=20641 799 1694 710 14583 33629 6333 11466 7649 1624 28370 5883 17588 15004 643
internal_value=-7.06358e-11 -0.00300324 0.011774 0.00356578 -0.0060928 0.00821734 0.00818065 -0.00316771 -0.00397052 -0.00119357 0.0266364 0.00502767 0.00485506 0.0170337
internal_weight=166616 132754 33862 42465 90289 26258 27269 56660 16207 36019 6593 19282 15803 6976
internal_count=166616 132754 33862 42465 90289 26258 27269 56660 16207 36019 6593 19282 15803 6976
is_linear=0
shrinkage=0.05


Tree=18
num_leaves=15
num_cat=0
split_feature=2 0 0 2 2 0 0 0 3 3 3 0 0 3
split_gain=2126.86 974.681 655.411 513.327 473.949 238.327 164.862 119.562 105.101 102.242 96.319 103.564 93.3136 81.2787
threshold=1.5000000000000002 3.1528643369674687 3.1528643369674687 1.0000000180025095e-35 1.0000000180025095e-35 5.2105743885040292 1.5029856562614443 0.78296282887458812 0.50806453752716252 0.90550591773749689 0.34549073157020377 4.9729626178741464 5.6820471286773691 0.15707236884188933
decision_type=2 2 2 2 2 2 2 2 2 2 2 2 2 2
left_child=1 3 7 6 5 9 -1 -2 -9 -3 -4 -12 -6 -8
right_child=2 4 10 -5 12 -7 13 8 -10 -11 11 -13 -14 -15
leaf_value=-0.0061458827379508247 -0.0040200470006439828 -0.0031997826164778982 0.0023259423276263676 -0.010206334268461861 -0.004763842125405239 0.018977805870836285 -0.012522266463265409 -0.0066522354175056701 0.0088017542884942044 0.0075153805566129279 0.020466976883137311 0.032800041150463664 0.0080005853602047924 -0.00024453406976678049
leaf_weight=21698 2285 2589 562 36114 12098 4387 1399 1161 21005 15889 6549 2300 1624 36956
leaf_count=21698 2285 2589 562 36114 12098 4387 1399 1161 21005 15889 6549 2300 1624 36956
internal_value=-1.14699e-11 -0.00285308 0.0111853 -0.00549565 0.0040928 0.00850135 -0.0026628 0.00686973 0.00799231 0.00601405 0.0223978 0.0236725 -0.00325317 -0.000692365
internal_weight=166616 132754 33862 96167 36587 22865 60053 24451 22166 18478 9411 8849 13722 38355
internal_count=166616 132754 33862 96167 36587 22865 60053 24451 22166 18478 9411 8849 13722 38355
is_linear=0
shrinkage=0.05


Tree=19
num_leaves=15
num_cat=0
split_feature=2 0 0 2 2 0 0 0 3 0 3 0 0 3
split_gain=1919.49 885.38 596.849 484.738 424.289 245.252 141.348 129.93 95.7463 93.3448 81.102 71.7056 70.2498 69.971
threshold=1.5000000000000002 2.9418302774429326 3.6429398059844975 1.0000000180025095e-35 1.0000000180025095e-35 4.6272771358489999 2.1585435867309575 1.1569512486457827 0.30769232224077897 4.9729626178741464 2.1715686428978307 0.76394006609916698 7.2690448760986337 0.6939799690427666
decision_type=2 2 2 2 2 2 2 2 2 2 2 2 2 2
left_child=1 4 6 5 7 -3 11 -1 -9 -5 -8 -2 -7 -4
right_child=2 3 13 9 -6 12 10 8 -10 -11 -12 -13 -14 -15
leaf_value=-0.007241482370834754 -0.0040954061748786621 0.004534016754843365 0.0092990701329487731 -0.0054183535876240162 -0.0099597780125945615 0.01387548983498841 0.0056625758474447103 -0.012298260759308385 -0.0010472919318339768 0.0041756275633926697 0.014646320457791812 0.0056666033081980288 0.031220936218152057 0.025915661164086563
leaf_weight=13076 2178 19282 710 13061 33629 6333 3773 1981 41603 3146 7518 13800 643 5883
leaf_count=13076 2178 19282 710 13061 33629 6333 3773 1981 41603 3146 7518 13800 643 5883
internal_value=-2.36971e-10 -0.00271042 0.0106261 0.00324363 -0.00551075 0.00744053 0.00736203 -0.00287015 -0.00155868 -0.00355603 0.0116443 0.00433592 0.0154743 0.0241262
internal_weight=166616 132754 33862 42465 90289 26258 27269 56660 43584 16207 11291 15978 6976 6593
internal_count=166616 132754 33862 42465 90289 26258 27269 56660 43584 16207 11291 15978 6976 6593
is_linear=0
shrinkage=0.05


Tree=20
num_leaves=15
num_cat=0
split_feature=2 0 0 2 2 0 0 0 3 3 0 3 0 3
split_gain=1732.34 805.449 538.657 524.413 281.286 221.944 128.553 125.167 82.7909 78.3713 79.5364 76.7622 75.6668 71.0902
threshold=1.5000000000000002 3.8044918775558476 3.6429398059844975 1.0000000180025095e-35 1.0000000180025095e-35 2.1191670894622807 1.7857054471969607 5.909513235092164 0.18834459028578229 2.7999999403953568 5.6820471286773691 0.76568627274985146 1.8952941894531252 1.3660287082158447
decision_type=2 2 2 2 2 2 2 2 2 2 2 2 2 2
left_child=1 3 6 5 7 13 -2 8 -3 -6 -11 -8 -5 -1
right_child=2 4 -4 12 9 -7 11 -9 -10 10 -12 -13 -14 -15
leaf_value=-0.008254366909722137 0.003140962854358666 -0.010736166937865291 0.022919910723629117 -0.011136874441792455 -0.0071447304513780384 0.0015011450086724338 -0.00043151279088314315 0.021070263129354876 0.0093623832337554804 -0.00027124213149376384 0.015722521632292111 0.011256920489895648 -0.0068438118697239066 -0.0030459493123838623
leaf_weight=8396 12068 538 6593 18388 3255 31045 1566 2358 10760 3997 965 13635 23231 29821
leaf_count=8396 12068 538 6593 18388 3255 31045 1566 2358 10760 3997 965 13635 23231 29821
internal_value=4.30263e-11 -0.0025749 0.0100948 -0.00430468 0.00619389 -0.00163919 0.00699393 0.0105922 0.00840531 -0.00111574 0.00283919 0.0100528 -0.00874056 -0.0041902
internal_weight=166616 132754 33862 110881 21873 69262 27269 13656 11298 8217 4962 15201 41619 38217
internal_count=166616 132754 33862 110881 21873 69262 27269 13656 11298 8217 4962 15201 41619 38217
is_linear=0
shrinkage=0.05


Tree=21
num_leaves=15
num_cat=0
split_feature=2 0 0 2 2 0 0 3 0 3 0 3 0 3
split_gain=1563.44 731.022 492.128 395.929 344.947 204.202 112.075 101.545 88.5602 84.5292 84.2933 84.1147 95.7961 82.3745
threshold=1.5000000000000002 2.9418302774429326 3.1528643369674687 1.0000000180025095e-35 1.0000000180025095e-35 4.437899351119996 1.1569512486457827 0.50806453752716252 0.76394006609916698 0.30769232224077897 6.1032638549804696 2.7182538847376372 5.6820471286773691 1.3390804792898681
decision_type=2 2 2 2 2 2 2 2 2 2 2 2 2 2
left_child=1 4 7 5 6 -3 -1 -2 -9 -8 -4 -5 -13 -7
right_child=2 3 10 11 -6 13 9 8 -10 -11 -12 12 -14 -15
leaf_value=-0.0066696322023066306 -0.0079387376564562222 0.0037599410824809549 0.01793267174451698 -0.0076877635378000218 -0.0090022280207425857 0.0043302242796207915 -0.011482630299234077 -0.0032374522452283403 0.0075737597488860333 -0.00091123277891359323 0.035611998950285398 -0.0019286925446365365 0.014586363541578121 0.016028125385576915
leaf_weight=13076 1266 17960 8680 6318 33629 1975 1981 2081 21104 41603 731 8915 974 6323
leaf_count=13076 1266 17960 8680 6318 33629 1975 1981 2081 21104 41603 731 8915 974 6323
internal_value=-1.88228e-10 -0.00244616 0.00959001 0.00296404 -0.0049907 0.00675705 -0.00260976 0.00585044 0.00660339 -0.00139173 0.0193059 -0.00318125 -0.000302071 0.0132439
internal_weight=166616 132754 33862 42465 90289 26258 56660 24451 23185 43584 9411 16207 9889 8298
internal_count=166616 132754 33862 42465 90289 26258 56660 24451 23185 43584 9411 16207 9889 8298
is_linear=0
shrinkage=0.05


Tree=22
num_leaves=15
num_cat=0
split_feature=2 0 0 2 2 0 0 0 3 0 3 3 3 3
split_gain=1411 662.43 445.898 427.941 227.79 186.44 111.114 109.088 72.7774 69.8389 68.4708 68.2632 64.9605 64.3089
threshold=1.5000000000000002 3.8044918775558476 3.6429398059844975 1.0000000180025095e-35 1.0000000180025095e-35 2.0012447834014897 2.1585435867309575 5.909513235092164 0.18834459028578229 1.1444593071937563 2.1715686428978307 1.3390804792898681 0.4387499995362022 2.7999999403953568
decision_type=2 2 2 2 2 2 2 2 2 2 2 2 2 2
left_child=1 3 6 5 7 11 -2 8 -3 -5 -8 -1 -7 -6
right_child=2 4 -4 9 13 12 10 -9 -10 -11 -12 -13 -14 -15
leaf_value=-0.0082093800304301797 0.0036062618590017512 -0.010401771364380436 0.02077927214854753 -0.012230987646628015 -0.006410873883422436 -0.0081113025521169467 0.0045898293454536719 0.019368388669121384 0.0084421769685032316 -0.0069311349324048983 0.012844399168101829 -0.0028761146899186122 0.0016609183626041038 0.0026330778551697494
leaf_weight=7678 15978 538 6593 7606 3255 1795 3773 2358 10760 34013 7518 27451 32338 4962
leaf_count=7678 15978 538 6593 7606 3255 1795 3773 2358 10760 34013 7518 27451 32338 4962
internal_value=2.58237e-10 -0.00232385 0.00911051 -0.00389256 0.00562841 -0.00148469 0.00628928 0.00958643 0.00754485 -0.0078997 0.0100861 -0.00404178 0.00114701 -0.000949503
internal_weight=166616 132754 33862 110881 21873 69262 27269 13656 11298 41619 11291 35129 34133 8217
internal_count=166616 132754 33862 110881 21873 69262 27269 13656 11298 41619 11291 35129 34133 8217
is_linear=0
shrinkage=0.05


Tree=23
num_leaves=15
num_cat=0
split_feature=2 0 0 2 2 0 3 3 3 0 0 0 0 3
split_gain=1273.43 606.259 404.408 322.535 281.009 170.441 98.4405 90.338 80.9925 80.9696 79.9986 77.9261 75.0996 68.1117
threshold=1.5000000000000002 2.9418302774429326 3.1528643369674687 1.0000000180025095e-35 1.0000000180025095e-35 4.7355475425720224 1.0597147902022248 0.50806453752716252 0.34549073157020377 1.4645501375198366 6.3156888484954843 0.76394006609916698 6.8048992156982431 0.67028986410987235
decision_type=2 2 2 2 2 2 2 2 2 2 2 2 2 2
left_child=1 4 7 5 6 13 -1 -2 -4 -8 -10 -9 -5 -3
right_child=2 3 8 12 -6 -7 9 11 10 -11 -12 -13 -14 -15
leaf_value=-0.0069957716951364272 -0.0077409527501412102 -0.005585369637473761 -0.00094323758685504002 -0.0034747231166485162 -0.0081456249566992621 0.013194864031980565 -0.0041623593256042484 -0.0032558926992952569 0.017367748012693439 0.00014117635962381845 0.036516058863434078 0.0068854744754983377 0.015064845931824864 0.0047540109360454472
leaf_weight=9581 1266 1747 562 15641 33629 6460 17251 2081 8265 29828 584 21104 566 18051
leaf_count=9581 1266 1747 562 15641 33629 6460 17251 2081 8265 29828 584 21104 566 18051
internal_value=2.33439e-10 -0.00220766 0.00865499 0.00271928 -0.00452491 0.00614273 -0.00237593 0.00526504 0.0174625 -0.00143575 0.0186315 0.00597522 -0.00282726 0.00384165
internal_weight=166616 132754 33862 42465 90289 26258 56660 24451 9411 47079 8849 23185 16207 19798
internal_count=166616 132754 33862 42465 90289 26258 56660 24451 9411 47079 8849 23185 16207 19798
is_linear=0
shrinkage=0.05


Tree=24
num_leaves=15
num_cat=0
split_feature=2 0 0 2 2 0 3 0 0 3 3 0 1 1
split_gain=1149.27 547.376 369.735 349.055 184.728 156.51 98.0311 94.2078 93.2582 64.5357 62.1557 61.6634 58.6471 75.3958
threshold=1.5000000000000002 3.8044918775558476 3.6429398059844975 1.0000000180025095e-35 1.0000000180025095e-35 2.1191670894622807 0.50806453752716252 2.1585435867309575 5.909513235092164 1.3390804792898681 2.3405796909668424 1.1444593071937563 33.812385559082038 31.966722488403324
decision_type=2 2 2 2 2 2 2 2 2 2 2 2 2 2
left_child=1 3 6 5 8 -1 -2 -8 9 -3 -7 -5 13 -9
right_child=2 4 -4 11 -6 10 7 12 -10 -11 -12 -13 -14 -15
leaf_value=-0.0034908264954563563 -0.0071565406507480963 -7.786990173631143e-05 0.01884779875186067 -0.011212156423840935 -0.00079214265417034248 -0.0017199682335490179 0.0038274211215939173 0.0097685869802547152 0.017740226592991251 0.0088819683920982502 0.0029522231737409851 -0.0062321593831680599 -0.0052532360496553888 0.027975527731593976
leaf_weight=38217 1416 2615 6593 7606 8217 11055 15197 9453 2358 8683 19990 34013 598 605
leaf_count=38217 1416 2615 6593 7606 8217 11055 15197 9453 2358 8683 19990 34013 598 605
internal_value=2.0983e-11 -0.00209727 0.00822224 -0.00352326 0.00513148 -0.00134862 0.00565323 0.00635483 0.00869581 0.00680815 0.00128847 -0.00714227 0.00995929 0.0108638
internal_weight=166616 132754 33862 110881 21873 69262 27269 25853 13656 11298 31045 41619 10656 10058
internal_count=166616 132754 33862 110881 21873 69262 27269 25853 13656 11298 31045 41619 10656 10058
is_linear=0
shrinkage=0.05


Tree=25
num_leaves=15
num_cat=0
split_feature=2 0 0 2 2 0 0 3 3 3 0 0 3 0
split_gain=1037.22 502.04 333.686 262.448 229.111 142.546 88.6894 86.9012 73.065 72.5962 83.9623 68.5162 58.4366 58.5633
threshold=1.5000000000000002 2.9418302774429326 3.6429398059844975 1.0000000180025095e-35 1.0000000180025095e-35 5.2105743885040292 1.7857054471969607 1.0597147902022248 0.67028986410987235 2.10263157435319 5.6820471286773691 1.1569512486457827 0.6939799690427666 6.3156888484954843
decision_type=2 2 2 2 2 2 2 2 2 2 2 2 2 2
left_child=1 4 6 5 7 8 -2 -1 -3 -5 -11 -9 -4 -14
right_child=2 3 12 9 -6 -7 -8 11 -10 10 -12 -13 13 -15
leaf_value=-0.0065013200259260943 0.0021702737763232651 -0.0053495092207667995 0.0043553474439885212 -0.0072852827282160375 -0.0073704193066188028 0.013804813104732409 0.0079112634266105177 -0.0047493291684809055 0.0048293895393153458 -0.0016096101140946784 0.013216045059418632 -0.00022941532412628566 0.017930640895884517 0.034997497126460074
leaf_weight=9581 12068 1934 710 5341 33629 4387 15201 10915 19937 9808 1058 36164 5328 555
leaf_count=9581 12068 1934 710 5341 33629 4387 15201 10915 19937 9808 1058 36164 5328 555
internal_value=-7.20029e-11 -0.00199241 0.00781113 0.00249109 -0.0041011 0.00557923 0.00537057 -0.00216069 0.00392929 -0.0025122 -0.000166067 -0.00127733 0.0179054 0.0195407
internal_weight=166616 132754 33862 42465 90289 26258 27269 56660 21871 16207 10866 47079 6593 5883
internal_count=166616 132754 33862 42465 90289 26258 27269 56660 21871 16207 10866 47079 6593 5883
is_linear=0
shrinkage=0.05


Tree=26
num_leaves=15
num_cat=0
split_feature=2 0 2 0 0 3 3 3 0 1 0 1 0 0
split_gain=936.087 458.398 345.727 302.932 186.685 87.2332 78.5318 68.1119 65.5971 78.8358 69.5509 67.7443 63.6764 63.0084
threshold=1.5000000000000002 4.6272771358489999 1.0000000180025095e-35 3.1528643369674687 2.1191670894622807 3.3999999850988414 0.8208556270027676 0.6132478709547976 4.9729626178741464 26.78098297119141 4.6272771358489999 16.638400077819828 0.99254509806633007 7.2690448760986337
decision_type=2 2 2 2 2 2 2 2 2 2 2 2 2 2
left_child=1 2 4 6 -1 -3 -2 -5 10 11 -9 -10 -8 -7
right_child=3 5 -4 7 -6 13 12 8 9 -11 -12 -13 -14 -15
leaf_value=-0.0031881792264209642 -0.0035678499958914007 0.002860290250163731 -0.0062371227675280501 0.00029808241129436767 0.0017700045425185628 0.010129321598470326 -0.00062693467773862845 0.015638602688767485 0.022044245629192535 0.0066011554734617247 -0.00025223415055103149 0.043358092037021019 0.0066808701328342907 0.027894681519820226
leaf_weight=38217 2693 5076 45489 723 37725 5700 3565 5657 1180 522 784 545 18193 547
leaf_count=38217 2693 5076 45489 723 37725 5700 3565 5657 1180 522 784 545 18193 547
internal_value=-3.44997e-11 -0.00189279 -0.00278998 0.00742057 -0.000725148 0.0077289 0.0044866 0.0150434 0.0162705 0.0236262 0.0137044 0.0287782 0.0054835 0.0116849
internal_weight=166616 132754 121431 33862 75942 11323 24451 9411 8688 2247 6441 1725 21758 6247
internal_count=166616 132754 121431 33862 75942 11323 24451 9411 8688 2247 6441 1725 21758 6247
is_linear=0
shrinkage=0.05


Tree=27
num_leaves=15
num_cat=0
split_feature=2 0 0 2 2 0 3 3 0 3 0 3 0 0
split_gain=844.818 421.915 277.263 214.67 189.394 127.567 82.3669 81.834 73.19 66.5654 66.7799 66.3573 59.8023 53.6101
threshold=1.5000000000000002 2.9310567378997807 3.6429398059844975 1.0000000180025095e-35 1.0000000180025095e-35 4.437899351119996 0.50806453752716252 1.0156249842839327 2.1585435867309575 2.10263157435319 5.6820471286773691 0.93541664420627202 1.4645501375198366 7.2690448760986337
decision_type=2 2 2 2 2 2 2 2 2 2 2 2 2 2
left_child=1 4 6 5 7 -3 -2 -1 -8 -5 -11 -7 -9 -13
right_child=2 3 -4 9 -6 11 8 12 -10 10 -12 13 -14 -15
leaf_value=-0.0062419140866614093 -0.0069169590375938658 0.0027138300429550783 0.016250909974021777 -0.0067768475493347208 -0.0067323812912091496 -0.0002231713326047164 0.0032402716571660142 -0.0034635257948856506 0.0086450170017183248 -0.001269184401216902 0.011943421806499278 0.010862503362026737 0.00023803170074755632 0.027503980542346124
leaf_weight=9386 1416 18360 6593 5400 33426 1293 15197 17287 10656 9952 1058 6482 29587 523
leaf_count=9386 1416 18360 6593 5400 33426 1293 15197 17287 10656 9952 1058 6482 29587 523
internal_value=-2.16797e-10 -0.00179815 0.00704954 0.0022695 -0.00375147 0.00503911 0.00482487 -0.00198041 0.00546798 -0.00222972 4.73852e-07 0.010184 -0.00112709 0.012105
internal_weight=166616 132754 33862 43068 89686 26658 27269 56260 25853 16410 11010 8298 46874 7005
internal_count=166616 132754 33862 43068 89686 26658 27269 56260 25853 16410 11010 8298 46874 7005
is_linear=0
shrinkage=0.05


Tree=28
num_leaves=15
num_cat=0
split_feature=2 0 0 2 2 0 0 3 0 3 3 1 0 3
split_gain=762.449 382.228 250.23 203.168 150.671 96.7927 86.7992 74.3361 68.936 65.1764 56.2353 51.7945 50.6972 48.3037
threshold=1.5000000000000002 3.2890503406524663 3.6429398059844975 1.0000000180025095e-35 1.0000000180025095e-35 5.2105743885040292 1.1569512486457827 0.50806453752716252 0.99254509806633007 3.4999998603016196 0.6132478709547976 11.569818973541262 6.8048992156982431 0.6939799690427666
decision_type=2 2 2 2 2 2 2 2 2 2 2 2 2 2
left_child=1 3 7 6 5 10 -1 -2 11 -8 -3 -9 -6 -4
right_child=2 4 13 -5 12 -7 9 8 -10 -11 -12 -13 -14 -15
leaf_value=-0.0051204395951955613 -0.0065711106852454661 -0.006903418243400284 0.0031189787083528413 -0.0061590139371153676 -0.0021258824459070213 0.012152527438607029 -0.0025696646724953191 0.006749916165565327 0.006264518015843267 0.0010943870431957563 0.0045925822865668237 -0.0054251657350713745 0.013194113743389455 0.016925151969437606
leaf_weight=13076 1416 1144 710 37507 11763 4387 21874 1366 22064 27265 15172 2423 566 5883
leaf_count=13076 1416 1144 710 37507 11763 4387 21874 1366 22064 27265 15172 2423 566 5883
internal_value=-9.48921e-12 -0.00170824 0.00669706 -0.00325236 0.00295336 0.0055593 -0.00150004 0.00458362 0.00519458 -0.000536649 0.00378654 -0.00103584 -0.00142257 0.0154384
internal_weight=166616 132754 33862 99722 33032 20703 62215 27269 25853 49139 16316 3789 12329 6593
internal_count=166616 132754 33862 99722 33032 20703 62215 27269 25853 49139 16316 3789 12329 6593
is_linear=0
shrinkage=0.05


Tree=29
num_leaves=15
num_cat=0
split_feature=2 0 0 2 2 0 3 0 3 3 3 3 0 0
split_gain=688.11 348.82 228.36 175.141 154.106 105.852 73.1464 63.1136 62.0109 60.3665 58.8265 56.7378 58.2189 52.5221
threshold=1.5000000000000002 2.9310567378997807 3.1528643369674687 1.0000000180025095e-35 1.0000000180025095e-35 4.437899351119996 0.25290698448086285 1.1569512486457827 0.8208556270027676 3.1143790266841704 0.93541664420627202 0.34549073157020377 6.3156888484954843 5.6820471286773691
decision_type=2 2 2 2 2 2 2 2 2 2 2 2 2 2
left_child=1 4 8 5 6 -3 -1 -8 -2 -5 -7 -4 -13 -11
right_child=2 3 11 9 -6 10 7 -9 -10 13 -12 12 -14 -15
leaf_value=-0.01040022053286817 -0.0033424265227583851 0.0024592262054418169 -0.0024245682255335126 -0.0055596077411825011 -0.0060878118304074913 -0.00053488194192662455 -0.0045234371909785255 -0.00047890385535962333 0.0047006930546181543 -0.00063091998393595449 0.011072650975215355 0.012880960209026125 0.029216033057309687 0.011895017943143073
leaf_weight=2369 2693 18360 562 6875 33426 1293 12584 41307 21758 8608 7005 8265 584 927
leaf_count=2369 2693 18360 562 6875 33426 1293 12584 41307 21758 8608 7005 8265 584 927
internal_value=6.69207e-11 -0.00162283 0.00636221 0.00207572 -0.00339891 0.00457738 -0.00180134 -0.00142334 0.00381483 -0.00198821 0.00926396 0.0129806 0.013959 0.000586861
internal_weight=166616 132754 33862 43068 89686 26658 56260 53891 24451 16410 8298 9411 8849 9535
internal_count=166616 132754 33862 43068 89686 26658 56260 53891 24451 16410 8298 9411 8849 9535
is_linear=0
shrinkage=0.05


Tree=30
num_leaves=15
num_cat=0
split_feature=2 0 2 0 0 0 0 3 3 3 0 2 3 3
split_gain=621.019 317.283 230.941 207.324 134.111 68.4953 68.3417 63.9267 62.1392 60.8766 56.0436 53.1276 50.3396 46.9374
threshold=1.5000000000000002 4.6272771358489999 1.0000000180025095e-35 3.6429398059844975 2.1191670894622807 7.2690448760986337 0.78296282887458812 0.093386630391742123 2.0871211274298695 0.15707236884188933 1.1444593071937563 1.0000000180025095e-35 0.90550591773749689 0.18834459028578229
decision_type=2 2 2 2 2 2 2 2 2 2 2 2 2 2
left_child=1 2 4 6 13 9 8 -8 -2 -3 -4 -11 -6 -1
right_child=3 5 10 -5 12 -7 7 -9 -10 11 -12 -13 -14 -15
leaf_value=-0.011721004554289588 -0.01637468914677213 -0.011488509523624651 -0.0090222116121877801 0.014000776250289136 -0.0030658664492749176 0.018750012837617753 -0.0094502819837718605 0.0053238172611061139 0.0014078284695649603 0.0090216553410952284 -0.0043190944072226808 0.0014393055345490078 0.002242654382799341 -0.0023482002232336329
leaf_weight=1386 715 517 7606 6593 5176 1031 755 24229 1570 6030 37883 3745 32549 36831
leaf_count=1386 715 517 7606 6593 5176 1031 755 24229 1570 6030 37883 3745 32549 36831
internal_value=-2.45345e-10 -0.00154169 -0.00228811 0.0060441 -0.000600519 0.00646317 0.00412036 0.00487735 -0.0041565 0.00523234 -0.00510548 0.0061167 0.00151431 -0.00268812
internal_weight=166616 132754 121431 33862 75942 11323 27269 24984 2285 10292 45489 9775 37725 38217
internal_count=166616 132754 121431 33862 75942 11323 27269 24984 2285 10292 45489 9775 37725 38217
is_linear=0
shrinkage=0.05


Tree=31
num_leaves=15
num_cat=0
split_feature=2 0 0 2 2 0 3 3 0 3 3 0 3 0
split_gain=560.47 290.919 189.334 143.161 125.586 89.2389 64.7832 55.022 54.9459 53.1126 50.6885 51.9005 49.1345 48.4942
threshold=1.5000000000000002 2.9310567378997807 3.1528643369674687 1.0000000180025095e-35 1.0000000180025095e-35 5.909513235092164 1.3390804792898681 2.10263157435319 0.76394006609916698 2.0871211274298695 0.34549073157020377 6.1032638549804696 0.15707236884188933 5.6820471286773691
decision_type=2 2 2 2 2 2 2 2 2 2 2 2 2 2
left_child=1 4 8 5 6 -3 -1 -5 9 -2 -4 -12 -10 -9
right_child=2 3 10 7 -6 -7 -8 13 12 -11 11 -13 -14 -15
leaf_value=-0.0048316031991883701 -0.015733773369621076 0.0032736628021548574 -0.0027925267272611858 -0.0058952496469848693 -0.0055139567188337724 0.013461591562286235 -0.00074118708232122615 -0.00081548532441114694 -0.0083479517348366249 0.0011089826354840316 0.011591790977590666 0.026007597686779016 0.0046043651528304133 0.010443797355979006
leaf_weight=12423 681 24300 562 5400 33426 2358 43837 9952 758 1497 8173 676 21515 1058
leaf_count=12423 681 24300 562 5400 33426 2358 43837 9952 758 1497 8173 676 21515 1058
internal_value=2.18861e-10 -0.0014646 0.0057419 0.00191307 -0.00308659 0.00417482 -0.00164441 -0.00176115 0.00342238 -0.00415728 0.0117683 0.0126931 0.00416357 0.000266469
internal_weight=166616 132754 33862 43068 89686 26658 56260 16410 24451 2178 9411 8849 22273 11010
internal_count=166616 132754 33862 43068 89686 26658 56260 16410 24451 2178 9411 8849 22273 11010
is_linear=0
shrinkage=0.05


Tree=32
num_leaves=15
num_cat=0
split_feature=2 0 0 2 2 0 0 3 0 0 3 0 1 1
split_gain=505.824 267.235 171.663 152.221 88.9663 84.6426 58.7758 57.9191 53.3777 46.0676 45.9339 45.3777 53.9433 80.4667
threshold=1.5000000000000002 3.8044918775558476 3.6429398059844975 1.0000000180025095e-35 1.0000000180025095e-35 1.7026932239532473 1.7857054471969607 0.12660256836423761 7.2690448760986337 1.1444593071937563 0.62499998835846837 1.840832591056824 33.812385559082038 31.53483867645264
decision_type=2 2 2 2 2 2 2 2 2 2 2 2 2 2
left_child=1 3 6 5 7 10 -2 -3 -9 -5 -1 -8 13 -13
right_child=2 4 -4 9 -6 -7 11 8 -10 -11 -12 12 -14 -15
leaf_value=-0.011437731912940931 0.001099041312621807 -0.0089258135867411985 0.012694913754691709 -0.0082954042267163047 -0.00045136345576032963 0.0004459760184626503 0.016860126650025103 0.0061331330649721169 0.021365499494606584 -0.0039910000687789762 -0.0026254346682577159 0.0047503937090553061 -0.0072805136551859191 0.019291264828423364
leaf_weight=1570 12068 610 6593 7606 8217 42249 870 12443 603 34013 25443 12472 829 1030
leaf_count=1570 12068 610 6593 7606 8217 42249 870 12443 603 34013 25443 12472 829 1030
internal_value=-1.01487e-10 -0.00139137 0.0054548 -0.00238774 0.00365951 -0.000951664 0.00370431 0.00613307 0.00683719 -0.00477764 -0.00313761 0.00577263 0.00509953 0.00585964
internal_weight=166616 132754 33862 110881 21873 69262 27269 13656 13046 41619 27013 15201 14331 13502
internal_count=166616 132754 33862 110881 21873 69262 27269 13656 13046 41619 27013 15201 14331 13502
is_linear=0
shrinkage=0.05


Tree=33
num_leaves=15
num_cat=0
split_feature=2 0 2 0 0 3 0 0 3 1 0 1 1 1
split_gain=456.506 246.224 169.699 157.067 103.618 80.9155 83.0107 71.2898 63.3103 61.1571 55.6465 67.1887 54.9927 83.4678
threshold=1.5000000000000002 4.6272771358489999 1.0000000180025095e-35 2.3352900743484502 2.1191670894622807 0.093386630391742123 4.9054827690124521 4.6272771358489999 3.3999999850988414 26.78098297119141 3.9844847917556767 16.108174324035648 7.2261574268341073 5.3343372344970712
decision_type=2 2 2 2 2 2 2 2 2 2 2 2 2 2
left_child=1 2 4 -2 -1 -5 7 10 -3 -8 12 -12 13 -7
right_child=3 8 -4 5 -6 6 9 -9 -10 -11 11 -13 -14 -15
leaf_value=-0.0023677139825120583 0.0019957891226173837 0.0015822809325811661 -0.0043944403111178618 -0.0093943764385806955 0.0013261959059910715 0.0076125709712678031 0.022302162426613738 -0.0073771811350043376 0.0091000930077238459 0.0039399970744048536 0.0044607247265450881 0.024674711150518797 0.0053914096481967504 0.027629382890457539
leaf_weight=38217 18055 5076 45489 587 37725 1618 1886 721 6247 597 660 1090 7880 768
leaf_count=38217 18055 5076 45489 587 37725 1618 1886 721 6247 597 660 1090 7880 768
internal_value=-1.85887e-10 -0.00132181 -0.00197935 0.00518206 -0.000532725 0.00882147 0.00952401 0.00789365 0.00572992 0.0178873 0.00880995 0.0170512 0.00740511 0.0140555
internal_weight=166616 132754 121431 33862 75942 15807 15220 12737 11323 2483 12016 1750 10266 2386
internal_count=166616 132754 121431 33862 75942 15807 15220 12737 11323 2483 12016 1750 10266 2386
is_linear=0
shrinkage=0.05


Tree=34
num_leaves=15
num_cat=0
split_feature=2 0 0 2 0 2 3 3 3 3 3 0 0 1
split_gain=411.997 226.17 142.18 133.224 117.084 64.6881 54.5457 48.3869 48.274 46.5158 42.8869 44.753 40.2172 44.5219
threshold=1.5000000000000002 2.0012447834014897 3.1528643369674687 1.0000000180025095e-35 4.437899351119996 1.0000000180025095e-35 3.6666667188207311 0.8208556270027676 1.3390804792898681 0.50806453752716252 0.6132478709547976 6.3156888484954843 0.99254509806633007 18.947114944458011
decision_type=2 2 2 2 2 2 2 2 2 2 2 2 2 2
left_child=1 5 7 4 9 -1 -5 -2 -6 -3 -4 -12 13 -9
right_child=2 3 10 6 8 -7 -8 12 -10 -11 11 -13 -14 -15
leaf_value=-0.0024032461874908318 -0.00340939951770774 -0.0058956844950588897 -0.0015552390777788681 -0.0044788198357526218 0.00069712794469551579 -0.0059567583586879243 -0.00017614625958537014 0.0038244464693201578 0.0096521841071057421 0.0014151085204795013 0.01017076372803616 0.02470005977852845 0.004647020246809094 -0.0074236226798612866
leaf_weight=35129 2693 2311 723 13570 1975 20155 16111 1985 6323 37180 8121 567 18193 1580
leaf_count=35129 2693 2311 723 13570 1975 20155 16111 1985 6323 37180 8121 567 18193 1580
internal_value=9.15716e-11 -0.00125571 0.00492296 0.000487684 0.00212175 -0.00369876 -0.00214331 0.00291292 0.0075208 0.000987283 0.0101453 0.011119 0.00369544 -0.00116067
internal_weight=166616 132754 33862 77470 47789 55284 29681 24451 8298 39491 9411 8688 21758 3565
internal_count=166616 132754 33862 77470 47789 55284 29681 24451 8298 39491 9411 8688 21758 3565
is_linear=0
shrinkage=0.05


Tree=35
num_leaves=15
num_cat=0
split_feature=2 0 0 2 2 3 0 0 0 3 1 0 1 3
split_gain=371.827 207.751 131.278 100.638 82.4459 68.9443 70.3091 67.661 65.475 55.6475 54.9726 48.5887 47.3005 45.583
threshold=1.5000000000000002 2.9418302774429326 2.3352900743484502 1.0000000180025095e-35 1.0000000180025095e-35 0.093386630391742123 4.9054827690124521 5.909513235092164 4.6272771358489999 1.6282894238997321 26.78098297119141 4.1395442485809335 16.108174324035648 0.67028986410987235
decision_type=2 2 2 2 2 2 2 2 2 2 2 2 2 2
left_child=1 4 -2 7 9 -4 8 13 11 -1 -8 -7 -13 -3
right_child=2 3 5 -5 -6 6 10 -9 -10 -11 -12 12 -14 -15
leaf_value=-0.0040207915351925545 0.0017638447996547715 -0.0041728076369884929 -0.0088104119723078876 -0.0014069964713070773 -0.0045106022210528668 0.0069323714641867963 0.020535126411872558 0.011683979155329878 -0.0074827063401150893 -0.00045373250677452272 0.003126144369555578 0.0058961446638976303 0.025383505195679279 0.0034894999199757966
leaf_weight=14799 18055 2131 587 16207 33629 10736 1886 2358 721 41861 597 535 745 21769
leaf_count=14799 18055 2131 587 16207 33629 10736 1886 2358 721 41861 597 535 745 21769
internal_value=-6.36204e-11 -0.00119293 0.00467681 0.00169124 -0.00254942 0.00800404 0.00865254 0.00360353 0.00715208 -0.00138541 0.0163494 0.00803022 0.0172384 0.0028063
internal_weight=166616 132754 33862 42465 90289 15807 15220 26258 12737 56660 2483 12016 1280 23900
internal_count=166616 132754 33862 42465 90289 15807 15220 26258 12737 56660 2483 12016 1280 23900
is_linear=0
shrinkage=0.05


Tree=36
num_leaves=15
num_cat=0
split_feature=2 0 0 0 2 3 0 0 2 0 1 1 3 0
split_gain=335.574 192.602 118.478 115.25 80.3879 62.2223 63.454 59.0912 53.0929 51.0021 49.6127 44.8555 56.998 44.3576
threshold=1.5000000000000002 2.0012447834014897 2.3352900743484502 4.7355475425720224 1.0000000180025095e-35 0.093386630391742123 4.9054827690124521 4.6272771358489999 1.0000000180025095e-35 7.2690448760986337 26.78098297119141 16.638400077819828 3.9023808673429703 3.9844847917556767
decision_type=2 2 2 2 2 2 2 2 2 2 2 2 2 2
left_child=1 8 -2 4 -3 -4 7 13 -1 -5 11 12 -8 -7
right_child=2 3 5 9 -6 6 10 -9 -10 -11 -12 -13 -14 -15
leaf_value=-0.0022140734008610132 0.0016756528010063146 0.0010794371412324475 -0.0083698923855042642 0.0042040963018674599 -0.0024821133958413209 0.0063744329078942036 0.025572247107071108 -0.0071085691891207619 -0.0054333907178748904 0.015917823600621623 0.0029698371166485041 0.030756023119838528 0.0044368482136717732 0.014986634539866024
leaf_weight=35129 18055 41329 587 9417 25693 10266 594 721 20155 1031 597 603 689 1750
leaf_count=35129 18055 41329 587 9417 25693 10266 594 721 20155 1031 597 603 689 1750
internal_value=1.04458e-10 -0.00113328 0.00444297 0.000475544 -0.000285889 0.00760384 0.00821991 0.00679448 -0.00338775 0.00536 0.0155319 0.0195084 0.0142221 0.00762871
internal_weight=166616 132754 33862 77470 67022 15807 15220 12737 55284 10448 2483 1886 1283 12016
internal_count=166616 132754 33862 77470 67022 15807 15220 12737 55284 10448 2483 1886 1283 12016
is_linear=0
shrinkage=0.05


Tree=37
num_leaves=15
num_cat=0
split_feature=2 0 0 2 3 0 0 3 1 1 1 1 1 0
split_gain=302.855 174.607 107.035 102.479 72.7096 68.179 65.3826 53.6927 47.3362 54.2565 85.5734 41.9604 52.4734 41.825
threshold=1.5000000000000002 4.0656988620758066 3.6429398059844975 1.0000000180025095e-35 1.3390804792898681 6.8048992156982431 1.1569512486457827 0.30769232224077897 16.364654541015629 30.980435371398929 33.812385559082038 13.316296577453615 14.457938194274904 2.1585435867309575
decision_type=2 2 2 2 2 2 2 2 2 2 2 2 2 2
left_child=1 3 8 6 -3 -6 -1 -8 11 13 -11 -2 -13 -10
right_child=2 4 -4 -5 5 -7 7 -9 9 10 -12 12 -14 -15
leaf_value=-0.0038381088352980107 0.0036121230412822338 -0.0022460907361397139 0.009937829605417654 -0.003730364528970102 0.0041844387989576062 0.016966903003991885 -0.0067694335489178886 0.00040690683237442813 -0.0037935987998588515 0.01206732918962182 -0.0028859363785143613 0.019723723211440013 0.0049967443288234589 0.0027516486308937918
leaf_weight=13076 10695 4247 6593 42925 12768 1136 2734 55868 5982 2283 1647 994 1545 4123
leaf_count=13076 10695 4247 6593 42925 12768 1136 2734 55868 5982 2283 1647 994 1545 4123
internal_value=1.92523e-10 -0.00107662 0.00422082 -0.00179827 0.00347982 0.00522881 -0.000641224 7.2104e-05 0.00283858 0.000815698 0.00580066 0.00498391 0.0107622 -0.00112303
internal_weight=166616 132754 33862 114603 18151 13904 71678 58602 27269 14035 3930 13234 2539 10105
internal_count=166616 132754 33862 114603 18151 13904 71678 58602 27269 14035 3930 13234 2539 10105
is_linear=0
shrinkage=0.05


Tree=38
num_leaves=15
num_cat=0
split_feature=2 0 0 0 3 3 0 0 3 1 2 0 1 3
split_gain=273.327 164.557 98.5443 94.668 66.425 56.2762 51.2052 53.7295 49.0169 47.4837 42.8918 42.426 41.377 50.4903
threshold=1.5000000000000002 2.0012447834014897 2.3352900743484502 4.7355475425720224 2.10263157435319 0.12660256836423761 4.9054827690124521 4.6272771358489999 0.62499998835846837 26.78098297119141 1.0000000180025095e-35 7.2690448760986337 16.638400077819828 3.9023808673429703
decision_type=2 2 2 2 2 2 2 2 2 2 2 2 2 2
left_child=1 8 -2 4 -3 -4 7 -7 -1 12 -10 -5 13 -8
right_child=2 3 5 11 -6 6 9 -9 10 -11 -12 -13 -14 -15
leaf_value=-0.0090243457661179274 0.0014859772300090356 -0.0024930692608284948 -0.0077505080607379708 0.0038369262779843942 0.00086702590012650979 0.0070156483269018148 0.023673986618167497 -0.0070565606223908939 -0.0016429118459272446 0.0017899437832502312 -0.004625612896268943 0.014520505543060423 0.028819243487125886 0.0037181178318723197
leaf_weight=3291 18055 21798 630 9417 45224 11986 587 719 33007 596 18986 1031 600 689
leaf_count=3291 18055 21798 630 9417 45224 11986 587 719 33007 596 18986 1031 600 689
internal_value=-5.78726e-11 -0.00102279 0.00400978 0.000464301 -0.0002258 0.00689251 0.00750034 0.00621928 -0.00310666 0.0140845 -0.00273209 0.00489117 0.0179904 0.0128984
internal_weight=166616 132754 33862 77470 67022 15807 15177 12705 55284 2472 51993 10448 1876 1276
internal_count=166616 132754 33862 77470 67022 15807 15177 12705 55284 2472 51993 10448 1876 1276
is_linear=0
shrinkage=0.05


Tree=39
num_leaves=15
num_cat=0
split_feature=2 0 2 0 0 3 0 3 3 1 3 0 2 0
split_gain=246.678 148.512 91.9388 90.5258 80.7209 46.0797 64.5782 46.0552 44.2378 40.4378 39.0427 38.7962 38.7098 35.7655
threshold=1.5000000000000002 2.0012447834014897 1.0000000180025095e-35 3.6429398059844975 4.437899351119996 2.0249999754130852 0.78296282887458812 3.6666667188207311 0.62499998835846837 24.22816371917725 0.93541664420627202 4.5304203033447275 1.0000000180025095e-35 4.6272771358489999
decision_type=2 2 2 2 2 2 2 2 2 2 2 2 2 2
left_child=1 8 4 5 -3 6 -2 -4 -1 -8 -6 -12 -10 -13
right_child=3 2 7 -5 10 -7 9 -9 12 -11 11 13 -14 -15
leaf_value=-0.0085731281725442438 -0.014948150831258902 0.00085657990683870179 -0.003890605088084519 0.0090669550074855363 -0.0017013768175701855 0.003938223831105714 0.003165693850497333 6.3039036155515611e-05 -0.0015607660943012763 -0.0046006591505614999 0.020668898194029346 -0.004912777365514296 -0.004394332147301983 0.0078749767390936497
leaf_weight=3291 708 39491 13570 6593 1293 18626 5530 16111 33007 2405 537 603 18986 5865
leaf_count=3291 708 39491 13570 6593 1293 18626 5530 16111 33007 2405 537 603 18986 5865
internal_value=5.08139e-12 -0.000971648 0.000441086 0.00380929 0.00179855 0.00253811 -0.000479184 -0.00174455 -0.00295133 0.000811809 0.00628147 0.00775497 -0.00259548 0.0066828
internal_weight=166616 132754 77470 33862 47789 27269 8643 29681 55284 7935 8298 7005 51993 6468
internal_count=166616 132754 77470 33862 47789 27269 8643 29681 55284 7935 8298 7005 51993 6468
is_linear=0
shrinkage=0.05


Tree=40
num_leaves=15
num_cat=0
split_feature=2 0 0 2 0 3 0 1 3 0 0 0 0 1
split_gain=222.627 137.098 84.6203 74.1004 64.1865 51.5471 46.5544 46.2684 45.9213 47.8594 53.279 43.3914 46.398 117.496
threshold=1.5000000000000002 2.9418302774429326 2.1585435867309575 1.0000000180025095e-35 1.1569512486457827 0.30769232224077897 5.909513235092164 14.758401870727541 0.12660256836423761 4.9054827690124521 2.2092199325561528 4.6272771358489999 3.8390399217605595 30.226331710815433
decision_type=2 2 2 2 2 2 2 2 2 2 2 2 2 2
left_child=1 4 -2 6 -1 -6 -3 -8 -4 10 -10 12 -12 -14
right_child=2 3 8 -5 5 -7 7 -9 9 -11 11 -13 13 -15
leaf_value=-0.0044559331449838318 0.00097445714870221349 0.0023995088072002683 -0.0066567229249214089 -0.0012386582935379614 -0.0076053842183881034 -0.00099975741652185476 0.0010459332849729705 0.015390592842396618 0.02053457069177447 0.012926881368182342 0.0041648771123232826 -0.0071570784185128362 0.0056222295020131605 0.032952583575084432
leaf_weight=20876 15978 23900 691 16207 3091 66322 925 1433 560 2472 11282 719 1643 517
leaf_count=20876 15978 23900 691 16207 3091 66322 925 1433 560 2472 11282 719 1643 517
internal_value=1.38744e-10 -0.000923066 0.00361883 0.00141989 -0.00202501 -0.00129391 0.0030608 0.00976345 0.00598137 0.00648931 0.00540829 0.00481011 0.00545023 0.0121638
internal_weight=166616 132754 33862 42465 90289 69413 26258 2358 17884 17193 14721 14161 13442 2160
internal_count=166616 132754 33862 42465 90289 69413 26258 2358 17884 17193 14721 14161 13442 2160
is_linear=0
shrinkage=0.05


Tree=41
num_leaves=15
num_cat=0
split_feature=2 0 2 0 0 3 3 0 1 1 1 3 1 3
split_gain=200.921 125.084 87.9935 77.2579 55.8778 47.3346 46.3823 42.1962 39.9968 62.187 52.8051 39.156 38.2766 35.1591
threshold=1.5000000000000002 4.6272771358489999 1.0000000180025095e-35 2.3352900743484502 1.7026932239532473 3.3999999850988414 0.093386630391742123 6.1032638549804696 35.062276840209968 26.183980941772464 30.980435371398929 0.12660256836423761 32.097225189208991 1.7499999301508098
decision_type=2 2 2 2 2 2 2 2 2 2 2 2 2 2
left_child=1 2 4 13 -1 -3 -5 8 9 -8 -11 -6 -12 -2
right_child=3 5 -4 6 11 -7 7 -9 -10 10 12 -13 -14 -15
leaf_value=-0.0021292254982408394 -0.0023858681214320356 0.00056283772223367787 -0.0030846539233827805 -0.0078010947979808972 -0.0065420845419765852 0.007063289437726575 0.00732073929906001 0.018548710665119619 0.019589620905939104 -0.0068953723833163408 0.016856542985048677 0.00097997579981655121 0.00071555616192115487 0.0025596492361025873
leaf_weight=27013 4952 5076 45489 587 1796 6247 10625 696 518 1642 527 47133 1212 13103
leaf_count=27013 4952 5076 45489 587 1796 6247 10625 696 518 1642 527 47133 1212 13103
internal_value=7.59575e-11 -0.000876912 -0.00134558 0.00343788 -0.000303879 0.00414919 0.00599035 0.00652225 0.00594593 0.00544133 -0.000464818 0.000703869 0.00560705 0.00120323
internal_weight=166616 132754 121431 33862 75942 11323 15807 15220 14524 14006 3381 48929 1739 18055
internal_count=166616 132754 121431 33862 75942 11323 15807 15220 14524 14006 3381 48929 1739 18055
is_linear=0
shrinkage=0.05


Tree=42
num_leaves=15
num_cat=0
split_feature=2 0 0 0 3 3 2 0 0 1 1 1 3 1
split_gain=181.331 116.255 69.94 61.5354 60.8491 56.7224 47.2167 47.06 36.8863 41.9296 35.5858 58.0639 73.0796 36.5819
threshold=1.5000000000000002 2.7695455551147465 3.1528643369674687 7.2690448760986337 0.30769232224077897 0.50806453752716252 1.0000000180025095e-35 1.1569512486457827 0.76394006609916698 18.947114944458011 33.372077941894538 26.647733688354496 1.4999999497085834 30.980435371398929
decision_type=2 2 2 2 2 2 2 2 2 2 2 2 2 2
left_child=1 5 8 4 -3 -1 -6 -7 9 -2 11 12 -4 -13
right_child=2 3 10 -5 6 7 -8 -9 -10 -11 -12 13 -14 -15
leaf_value=-0.0074479823571945852 0.0018451979776043029 -0.0067392056012059 -0.00050087968162263461 0.013218725968927335 0.0025709308108535361 -0.0037528903189306441 -0.00078930457750066838 -0.00094831671043786093 0.0024635150000730725 -0.012117656784935354 0.017507819410179721 -0.0085708961122531492 0.011047914485850414 0.0067481426137623304
leaf_weight=4438 1211 2488 1861 1031 27559 19867 16844 60527 22273 967 733 980 5190 647
leaf_count=4438 1211 2488 1861 1031 27559 19867 16844 60527 22273 967 733 980 5190 647
internal_value=-7.98828e-11 -0.000833067 0.00326599 0.00113557 0.000869892 -0.00194516 0.00129625 -0.00164138 0.00185623 -0.0043541 0.00692874 0.00603516 0.00799979 -0.00247906
internal_weight=166616 132754 33862 47922 46891 84832 44403 80394 24451 2178 9411 8678 7051 1627
internal_count=166616 132754 33862 47922 46891 84832 44403 80394 24451 2178 9411 8678 7051 1627
is_linear=0
shrinkage=0.05


Tree=43
num_leaves=15
num_cat=0
split_feature=0 2 0 3 3 1 1 0 3 1 1 0 1 2
split_gain=165.767 113.705 94.7476 72.5015 71.7373 59.3721 55.9831 43.7709 43.0141 47.5074 90.6472 42.6086 64.0457 68.0163
threshold=3.8044918775558476 1.5000000000000002 7.2690448760986337 0.12660256836423761 2.3405796909668424 17.781908035278324 16.364654541015629 1.4410529136657717 2.0249999754130852 31.803257942199711 33.812385559082038 4.1703901290893564 20.746000289916996 1.5000000000000002
decision_type=2 2 2 2 2 2 2 2 2 2 2 2 2 2
left_child=1 4 3 -2 -1 -5 -3 -6 -8 -10 -11 12 -7 -14
right_child=2 6 -4 5 7 11 8 -9 9 10 -12 -13 13 -15
leaf_value=-0.0031604850795112303 -0.0091036439026550703 0.0044384257288406738 0.017073127002971859 0.0010088788989474063 -0.0024190271230091179 0.026102093767782827 -0.0040496231470682331 0.00029447307415160067 -8.5285800783245806e-05 0.018318059851015544 -0.0015050031063968646 0.0041867774970846938 0.0030168175411906407 0.021537559383795077
leaf_weight=38688 1200 13622 1235 12394 20929 566 4555 51264 7618 1119 1190 9568 2010 658
leaf_count=38688 1200 13622 1235 12394 20929 566 4555 51264 7618 1119 1190 9568 2010 658
internal_value=1.5536e-10 -0.000703193 0.00353709 0.00290378 -0.00142319 0.00347565 0.00213747 -0.00049218 -2.68461e-05 0.001819 0.00810176 0.0058638 0.0108254 0.00758453
internal_weight=166616 138985 27631 26396 110881 25196 28104 72193 14482 9927 2309 12802 3234 2668
internal_count=166616 138985 27631 26396 110881 25196 28104 72193 14482 9927 2309 12802 3234 2668
is_linear=0
shrinkage=0.05


Tree=44
num_leaves=15
num_cat=0
split_feature=0 0 3 2 2 0 2 0 3 3 2 1 1 3
split_gain=151.201 96.3985 82.2219 82.0823 63.5174 51.1889 49.5783 45.2556 36.8362 34.657 33.8492 32.3352 55.291 40.7498
threshold=3.1528643369674687 7.2690448760986337 0.065942031885928634 1.5000000000000002 1.5000000000000002 1.1569512486457827 1.0000000180025095e-35 3.1148912906646733 0.30769232224077897 0.8208556270027676 1.0000000180025095e-35 33.372077941894538 26.647733688354496 3.666666645970611
decision_type=2 2 2 2 2 2 2 2 2 2 2 2 2 2
left_child=3 2 -2 5 6 -1 -4 8 -7 -5 -10 12 -6 -14
right_child=1 -3 4 9 11 7 -8 -9 10 -11 -12 -13 13 -15
leaf_value=-0.0037785912353369127 -0.0088915171385429651 0.016219470105265921 0.0029728776742973485 -0.0036940748947529023 0.0073616513543826425 -0.0059937831398759059 -0.00095871505411448607 -0.011243591796012281 0.00025273444453063838 0.0023188529414903997 -0.0020033497511466841 0.016505489903986269 0.0063694054738843934 -0.0099717600610329232
leaf_weight=20876 1651 1235 21418 2693 6605 3305 12817 1059 44321 21758 26606 707 659 906
leaf_count=20876 1651 1235 21418 2693 6605 3305 12817 1059 44321 21758 26606 707 659 906
internal_value=-1.83545e-11 0.00243907 0.00205888 -0.000930147 0.00247823 -0.00158784 0.00150096 -0.000980411 -0.000833995 0.0016566 -0.000593564 0.00624717 0.00535945 -0.00309072
internal_weight=166616 45998 44763 120618 43112 96167 34235 75291 74232 24451 70927 8877 8170 1565
internal_count=166616 45998 44763 120618 43112 96167 34235 75291 74232 24451 70927 8877 8170 1565
is_linear=0
shrinkage=0.05


Tree=45
num_leaves=15
num_cat=0
split_feature=0 2 2 3 0 0 3 0 0 0 0 0 1 1
split_gain=140.271 111.074 78.4346 56.4021 52.5746 44.6345 43.8099 40.6641 38.4849 37.3783 54.1609 33.8397 33.736 48.8883
threshold=4.9729626178741464 1.5000000000000002 1.0000000180025095e-35 0.12660256836423761 7.2690448760986337 2.1938685178756718 1.3660287082158447 5.0333361625671396 2.1585435867309575 4.4792747497558603 4.2210822105407724 1.1279785037040713 1.8361614942550661 7.3457732200622567
decision_type=2 2 2 2 2 2 2 2 2 2 2 2 2 2
left_child=1 2 5 -2 7 -1 11 -5 -8 10 12 -3 -10 -14
right_child=3 6 -4 4 -6 -7 8 -9 9 -11 -12 -13 13 -15
leaf_value=-0.0012412428914649826 -0.010034289892904953 -0.0091747570420025303 -0.0026725766191992677 0.017492924646720146 0.01636940566204681 0.0011562939178558782 0.0013438438187660178 0.0041683482395038583 -0.0063083364149222054 -0.0045946527925446968 0.020931362141280958 0.00030796863629716626 0.013127880765857532 0.0042371910277396972
leaf_weight=40072 554 1119 46690 614 1160 37653 12501 8490 592 880 584 5908 1924 7875
leaf_count=40072 554 1119 46690 614 1160 37653 12501 8490 592 880 584 5908 1924 7875
internal_value=1.11692e-10 -0.000382286 -0.0010528 0.00550559 0.00634435 -7.97832e-05 0.00227589 0.005067 0.00327933 0.00532029 0.00611529 -0.00120209 0.00528259 0.00598285
internal_weight=166616 155798 124415 10818 10264 77725 31383 9104 24356 11855 10975 7027 10391 9799
internal_count=166616 155798 124415 10818 10264 77725 31383 9104 24356 11855 10975 7027 10391 9799
is_linear=0
shrinkage=0.05


Tree=46
num_leaves=15
num_cat=0
split_feature=0 3 0 2 3 0 1 0 1 2 1 3 0 3
split_gain=127.426 92.3262 69.2116 67.06 56.957 56.9109 54.0365 39.7197 58.0291 58.1371 38.0758 37.0411 46.2368 36.4013
threshold=3.8044918775558476 2.3405796909668424 7.2690448760986337 1.5000000000000002 0.12660256836423761 1.1279785037040713 17.781908035278324 4.1703901290893564 20.746000289916996 1.5000000000000002 27.216913223266605 1.0156249842839327 5.5627741813659677 0.15707236884188933
decision_type=2 2 2 2 2 2 2 2 2 2 2 2 2 2
left_child=1 5 4 -3 -2 -1 -6 8 -8 10 -10 -9 -13 -7
right_child=2 3 -4 -5 6 13 7 11 9 -11 -12 12 -14 -15
leaf_value=-0.006056144261531296 -0.0080827510444990685 -0.00035831227205275647 0.014670200439298202 0.0030307820250376162 0.00071344759283278956 -0.0060273517284855777 0.024676956336405591 -0.0038328251344505238 0.010516487920377612 0.019950609385831378 -0.003331668946665034 0.0028620811850622037 0.011594919993455447 -0.0010661644575294101
leaf_weight=8638 1200 72193 1235 18295 12394 4124 566 1386 894 658 1116 6173 2009 35735
leaf_count=8638 1200 72193 1235 18295 12394 4124 566 1386 894 658 1116 6173 2009 35735
internal_value=4.32238e-11 -0.000616532 0.00310118 0.0003269 0.00255989 -0.00237683 0.00306677 0.00534509 0.0101355 0.00705064 0.00282766 0.00372591 0.00500633 -0.00157947
internal_weight=166616 138985 27631 90488 26396 48497 25196 12802 3234 2668 2010 9568 8182 39859
internal_count=166616 138985 27631 90488 26396 48497 25196 12802 3234 2668 2010 9568 8182 39859
is_linear=0
shrinkage=0.05


Tree=47
num_leaves=15
num_cat=0
split_feature=0 3 2 2 3 1 1 1 1 0 0 0 0 0
split_gain=117.108 94.7438 94.5591 64.5332 47.8475 43.4406 98.3968 87.0935 93.7717 42.8145 39.4484 39.1276 37.8539 34.8923
threshold=4.9729626178741464 0.50806453752716252 1.5000000000000002 1.0000000180025095e-35 0.12660256836423761 30.980435371398929 24.22816371917725 33.812385559082038 35.236125946044929 6.8048992156982431 5.0333361625671396 1.8307859897613528 3.4131884574890141 1.3231813907623293
decision_type=2 2 2 2 2 2 2 2 2 2 2 2 2 2
left_child=1 -1 3 12 -2 6 13 11 -9 10 -6 -7 -3 -4
right_child=4 2 5 -5 9 7 -8 8 -10 -11 -12 -13 -14 -15
leaf_value=-0.0054472903258077432 -0.0092824512669002959 -0.00030142996547537259 -0.0005922504468389518 -0.002199465814947225 0.016547636155809613 0.004774859619994457 -0.0046707596590060329 -0.010537959822538225 0.012000835696850324 0.012928384839194488 0.0033907896304199436 0.017708421417338624 0.0026910096296232952 0.0043374519732934519
leaf_weight=8610 554 60611 4658 44107 614 911 4926 1100 795 1749 7901 1633 12800 15647
leaf_count=8610 554 60611 4658 44107 614 911 4926 1100 795 1749 7901 1633 12800 15647
internal_value=-4.80435e-11 -0.000349299 -5.10842e-05 -0.000687868 0.00503052 0.00247111 0.00166863 0.00703236 -0.00108237 0.00580306 0.0043395 0.0130769 0.000220334 0.00320657
internal_weight=166616 155798 147188 117518 10818 29670 25231 4439 1895 10264 8515 2544 73411 20305
internal_count=166616 155798 147188 117518 10818 29670 25231 4439 1895 10264 8515 2544 73411 20305
is_linear=0
shrinkage=0.05


Tree=48
num_leaves=15
num_cat=0
split_feature=0 2 2 0 3 0 0 1 0 0 0 1 1 0
split_gain=109.83 96.0213 54.142 43.7748 43.7563 40.7653 37.2899 40.4636 47.7041 30.9177 39.3726 43.0205 49.3974 54.9
threshold=1.7857054471969607 1.5000000000000002 1.0000000180025095e-35 4.437899351119996 0.34549073157020377 1.840832591056824 4.9054827690124521 26.78098297119141 5.2105743885040292 4.5750768184661874 4.1395442485809335 7.3457732200622567 2.1601448059082036 2.9964044094085698
decision_type=2 2 2 2 2 2 2 2 2 2 2 2 2 2
left_child=4 2 3 -2 -1 -3 9 8 -8 10 11 12 -7 -14
right_child=1 5 -4 -5 -6 6 7 -9 -10 -11 -12 -13 13 -15
leaf_value=-0.0081818889658942223 0.0005614118362165546 0.014510308583534654 -0.0014038093239868085 0.0045097070675434421 -0.0014631558897655684 -0.0019110604701520839 0.025726496474680439 -0.0021507270416916391 0.0079805753385156827 -0.0066246881588620929 0.011749186037274881 0.0010442947190602394 0.0053995749328094415 0.020173063891350616
leaf_weight=2534 45586 870 32936 8298 55468 1086 510 613 1471 853 1230 12426 1755 980
leaf_count=2534 45586 870 32936 8298 55468 1086 510 613 1471 853 1230 12426 1755 980
internal_value=-1.73718e-10 0.000938104 0.000193253 0.00116944 -0.00175668 0.00390534 0.0034644 0.00907538 0.0125492 0.00267035 0.00312401 0.00247103 0.00711082 0.0106932
internal_weight=166616 108614 86820 53884 58002 21794 20924 2594 1981 18330 17477 16247 3821 2735
internal_count=166616 108614 86820 53884 58002 21794 20924 2594 1981 18330 17477 16247 3821 2735
is_linear=0
shrinkage=0.05


Tree=49
num_leaves=15
num_cat=0
split_feature=3 0 2 2 1 1 1 1 1 0 0 0 0 1
split_gain=100.148 111.605 80.6425 55.283 38.5829 88.1985 81.0089 84.1587 43.3656 38.5399 37.7953 33.4243 49.4302 62.511
threshold=0.15707236884188933 4.9054827690124521 1.5000000000000002 1.0000000180025095e-35 30.980435371398929 24.22816371917725 33.812385559082038 35.062276840209968 23.351881027221683 6.8048992156982431 1.8307859897613528 3.4131884574890141 2.4568327665328984 27.216913223266605
decision_type=2 2 2 2 2 2 2 2 2 2 2 2 2 2
left_child=-1 2 3 -2 5 8 10 -8 -4 -3 -6 12 -7 -14
right_child=1 9 4 -5 6 11 7 -9 -10 -11 -12 -13 13 -15
leaf_value=-0.0061878325417933861 0.0001381888541277062 0.0038356001649675307 0.0024633835046961212 -0.0020842901307194131 0.0041916737477767805 -0.0059259131329688864 -0.011182215219280991 0.0098069048035572884 0.014996156647762325 0.011950890398496145 0.016818784214646748 -0.013889712816537739 0.018193105393903425 -0.0055595045549916514
leaf_weight=6292 74501 9107 19920 44810 926 3136 1015 902 715 1743 1646 795 556 552
leaf_count=6292 74501 9107 19920 44810 926 3136 1015 902 715 1743 1646 795 556 552
internal_value=7.20099e-11 0.000242845 -0.000112577 -0.000696514 0.00219721 0.00144946 0.00647384 -0.00130627 0.00289764 0.00513928 0.0122726 -0.00448094 -0.00271846 0.00635968
internal_weight=166616 160324 149474 119311 30163 25674 4489 1917 20635 10850 2572 5039 4244 1108
internal_count=166616 160324 149474 119311 30163 25674 4489 1917 20635 10850 2572 5039 4244 1108
is_linear=0
shrinkage=0.05


Tree=50
num_leaves=15
num_cat=0
split_feature=0 2 3 0 3 0 0 0 0 1 0 3 3 0
split_gain=96.294 79.3571 50.7765 37.3677 37.0298 36.7274 34.9256 67.8163 42.4438 39.3289 68.4731 26.5396 25.1682 31.0609
threshold=1.7857054471969607 1.5000000000000002 2.3405796909668424 1.840832591056824 0.62499998835846837 4.6272771358489999 2.1320897340774541 2.1802504062652592 2.319512248039246 16.108174324035648 1.9300832748413088 0.12660256836423761 0.093386630391742123 4.9054827690124521
decision_type=2 2 2 2 2 2 2 2 2 2 2 2 2 2
left_child=4 2 11 -3 -1 -4 9 -8 -9 10 -5 -2 -10 -14
right_child=1 3 5 6 -6 -7 7 8 12 -11 -12 -13 13 -15
leaf_value=-0.0067013373852055956 -0.0056787874601745116 0.013729313424114009 0.00060584113551311741 0.0179558426040584 -0.0013292271323712506 0.0044372188448807241 0.020609902673402514 -0.0042896261351059225 -0.0059485372015654842 -0.0078471183001296435 -0.0051644028272130535 -0.00092476779528726264 0.0035781819125850914 0.0096863746562986935
leaf_weight=3408 3288 870 48962 534 54594 7171 591 1632 591 1429 800 27399 12864 2483
leaf_count=3408 3288 870 48962 534 54594 7171 591 1632 591 1429 800 27399 12864 2483
internal_value=3.60193e-11 0.000878395 0.000201255 0.0035759 -0.00164487 0.0010953 0.00315373 0.00395051 0.00339014 -0.00208347 0.00409063 -0.00143414 0.00417652 0.00456643
internal_weight=166616 108614 86820 21794 58002 56133 20924 18161 17570 2763 1334 30687 15938 15347
internal_count=166616 108614 86820 21794 58002 56133 20924 18161 17570 2763 1334 30687 15938 15347
is_linear=0
shrinkage=0.05


Tree=51
num_leaves=15
num_cat=0
split_feature=3 0 0 2 0 3 2 1 0 0 1 1 1 2
split_gain=89.225 109.661 66.6621 47.6429 47.3557 32.9635 30.236 33.4448 26.7301 24.2305 22.7354 25.1453 23.2184 21.0904
threshold=1.3390804792898681 6.8048992156982431 2.0779833793640141 1.5000000000000002 1.1279785037040713 0.093386630391742123 1.0000000180025095e-35 1.2709196209907534 4.437899351119996 2.063596367835999 23.214643478393558 25.153532028198246 21.701152801513675 1.5000000000000002
decision_type=2 2 2 2 2 2 2 2 2 2 2 2 2 2
left_child=4 2 9 6 -1 -6 8 -8 -4 13 12 -12 -9 -2
right_child=1 -3 3 -5 5 -7 7 10 -10 -11 11 -13 -14 -15
leaf_value=-0.0064724548532189259 -0.0011773949821929685 0.014617828589605336 0.0011568801495007342 0.0041075749630017566 -0.005243243612866327 -0.00073998322369483798 0.0095878939911992686 -0.0016680329505886352 0.0049281849910266847 -0.011290762575492195 0.0071565226996154118 -0.00020258788531199811 -0.0097030728119286407 0.0011908327374911399
leaf_weight=5440 45535 1384 29024 14048 4789 26831 774 12138 5606 544 1425 6260 971 11847
leaf_count=5440 45535 1384 29024 14048 4789 26831 774 12138 5606 544 1425 6260 971 11847
internal_value=-5.10523e-11 0.000618841 0.00046768 0.00150315 -0.00216337 -0.00142202 0.000852118 -0.000617461 0.00176739 -0.000788024 -0.000997327 0.00116198 -0.0022632 -0.000688454
internal_weight=166616 129556 128172 70246 37060 31620 56198 21568 34630 57926 20794 7685 13109 57382
internal_count=166616 129556 128172 70246 37060 31620 56198 21568 34630 57926 20794 7685 13109 57382
is_linear=0
shrinkage=0.05


Tree=52
num_leaves=15
num_cat=0
split_feature=3 0 0 0 3 0 1 0 2 0 3 0 3 3
split_gain=80.8056 70.913 55.2609 48.6369 36.121 38.8148 34.439 32.5286 29.4311 41.2722 40.1385 29.119 28.0315 50.39
threshold=2.3405796909668424 2.4568327665328984 1.1279785037040713 7.2690448760986337 0.12660256836423761 4.9054827690124521 30.354310989379886 4.5304203033447275 1.5000000000000002 2.5340274572372441 5.6666665714648063 2.4317075014114384 4.5192307571621528 3.8660712086177544
decision_type=2 2 2 2 2 2 2 2 2 2 2 2 2 2
left_child=2 11 -1 8 -4 7 -7 -6 -3 -10 12 -2 13 -11
right_child=1 3 4 -5 5 6 -8 -9 9 10 -12 -13 -14 -15
leaf_value=-0.0051900696933172901 -0.00019153472039974532 0.0014367684883616718 -0.0048159536881429302 0.01502984868113855 -0.00057855520147423575 0.006633579322946748 -0.0066565305327341952 -0.008417936586050374 0.018085862855228146 0.010334751257398286 0.0014258832876826522 -0.0095713536957716203 0.017503370878823699 -0.0076378106354073119
leaf_weight=8638 59957 37478 5166 734 39595 3083 579 1369 534 1560 5879 839 685 520
leaf_count=8638 59957 37478 5166 734 39595 3083 579 1369 534 1560 5879 839 685 520
internal_value=-5.89691e-11 0.000809216 -0.0014983 0.00225913 -0.00085785 -0.000399652 0.00453228 -0.000840544 0.00205822 0.00459588 0.00376251 -0.000320979 0.00873069 0.00584161
internal_weight=166616 108186 58430 47390 49792 44626 3662 40964 46656 9178 8644 60796 2765 2080
internal_count=166616 108186 58430 47390 49792 44626 3662 40964 46656 9178 8644 60796 2765 2080
is_linear=0
shrinkage=0.05


Tree=53
num_leaves=15
num_cat=0
split_feature=2 2 0 3 0 3 1 1 0 1 1 1 1 0
split_gain=75.4618 59.7919 47.1158 37.2678 43.455 35.0934 34.8981 81.8262 73.9574 63.4559 43.0224 39.635 48.6363 34.3285
threshold=1.5000000000000002 1.0000000180025095e-35 3.6685184240341191 0.093386630391742123 4.9054827690124521 3.9023808673429703 30.980435371398929 24.22816371917725 3.8390399217605595 33.812385559082038 32.520797729492195 22.443345069885257 21.701152801513675 3.4131884574890141
decision_type=2 2 2 2 2 2 2 2 2 2 2 2 2 2
left_child=1 2 -1 -2 6 -6 7 11 9 10 -8 12 -5 -9
right_child=3 -3 -4 4 5 -7 8 13 -10 -11 -12 -13 -14 -15
leaf_value=-0.00028572958895441099 -0.0069798386744445275 -0.0019061498831012651 0.0027732206876447453 0.0024269777531741332 0.015204845249633206 0.0032788162325998009 0.0028904055036227442 -0.0027343215925026646 0.02261492118913809 -0.0038498569531831063 0.016862702534098342 0.010541217038947075 -0.011897672862240595 -0.014021015974925832
leaf_weight=67441 1092 49836 15477 18655 1143 1340 1260 4267 580 1683 979 1451 612 800
leaf_count=67441 1092 49836 15477 18655 1143 1340 1260 4267 580 1683 979 1451 612 800
internal_value=5.2182e-11 -0.000537412 0.000285237 0.00210689 0.00240969 0.00876873 0.00188836 0.00117918 0.00595021 0.00348577 0.00899978 0.00257212 0.00197197 -0.00451631
internal_weight=166616 132754 82918 33862 32770 2483 30287 25785 4502 3922 2239 20718 19267 5067
internal_count=166616 132754 82918 33862 32770 2483 30287 25785 4502 3922 2239 20718 19267 5067
is_linear=0
shrinkage=0.05


Tree=54
num_leaves=15
num_cat=0
split_feature=3 0 0 0 2 0 0 3 0 1 1 1 1 1
split_gain=73.6859 90.7939 54.79 38.6899 34.2648 32.9919 31.6637 25.4755 25.3015 20.4432 31.2967 22.2682 18.794 58.7392
threshold=1.3390804792898681 6.8048992156982431 3.1528643369674687 1.1279785037040713 1.5000000000000002 3.1893820762634282 3.1148912906646733 0.093386630391742123 1.4410529136657717 35.062276840209968 29.011299133300785 29.749985694885257 5.1921992301940927 8.2805285453796404
decision_type=2 2 2 2 2 2 2 2 2 2 2 2 2 2
left_child=3 2 4 -1 6 -4 8 -5 -2 10 -10 -12 -6 -14
right_child=1 -3 5 7 12 -7 -8 -9 9 -11 11 -13 13 -15
leaf_value=-0.005860896057394498 -0.0018648274068334095 0.013300283808958303 0.010923770893013433 -0.0046551693544354964 -0.0019397356256241089 0.001870241226321695 -0.010527376274784851 -0.0006963013441540762 -0.00031993538938821647 -0.0061941707982030797 0.0099590420592883394 0.0020893937040506907 0.01100312273817854 0.0013152174157060386
leaf_weight=5440 25014 1384 1038 4789 2999 32911 807 26831 39982 1262 1031 7016 1756 14356
leaf_count=5440 25014 1384 1038 4789 2999 32911 807 26831 39982 1262 1031 7016 1756 14356
internal_value=-9.28729e-11 0.000562377 0.000424833 -0.00196598 -0.000195692 0.00214706 -0.000676645 -0.00129589 -0.000569659 8.76074e-05 0.000252666 0.00309767 0.0016946 0.00237107
internal_weight=166616 129556 128172 37060 94223 33949 75112 31620 74305 49291 48029 8047 19111 16112
internal_count=166616 129556 128172 37060 94223 33949 75112 31620 74305 49291 48029 8047 19111 16112
is_linear=0
shrinkage=0.05


Tree=55
num_leaves=15
num_cat=0
split_feature=3 0 0 0 3 0 1 0 0 3 3 0 0 1
split_gain=67.7652 57.4849 44.9768 39.289 28.1093 29.0567 28.2425 27.2754 26.3724 26.1549 25.3811 33.8185 34.2897 45.1457
threshold=2.3405796909668424 2.4568327665328984 1.1279785037040713 7.2690448760986337 0.15707236884188933 4.9054827690124521 30.354310989379886 4.5304203033447275 2.4317075014114384 2.8619047427663999 9.8166665030022529 2.5649137496948247 5.2105743885040292 25.719968795776371
decision_type=2 2 2 2 2 2 2 2 2 2 2 2 2 2
left_child=2 8 -1 10 -4 7 -7 -6 9 -2 -3 -12 -13 -14
right_child=1 3 4 -5 5 6 -8 -9 -10 -11 11 12 13 -15
leaf_value=-0.0047026673583285793 0.0036604293497811088 0.0030409395250648782 -0.0041731898142103084 0.013524534550815193 -0.00051905957805796878 0.0058143627687651011 -0.006308024537202233 -0.007744438564756418 -0.0090798451352078601 -0.00043929423186226725 0.0073605623273321243 -0.00054671298076278563 0.00091655428928016393 0.01518413068861941
leaf_weight=8638 4182 23152 5478 734 39334 3059 570 1351 839 55775 1767 19246 1658 833
leaf_count=8638 4182 23152 5478 734 39334 3059 570 1351 839 55775 1767 19246 1658 833
internal_value=-3.15075e-11 0.00074105 -0.00137209 0.00204649 -0.000794296 -0.000376605 0.00391032 -0.000758988 -0.000276527 -0.000153339 0.00186591 0.00070848 0.000167732 0.00568769
internal_weight=166616 108186 58430 47390 49792 44314 3629 40685 60796 59957 46656 23504 21737 2491
internal_count=166616 108186 58430 47390 49792 44314 3629 40685 60796 59957 46656 23504 21737 2491
is_linear=0
shrinkage=0.05


Tree=56
num_leaves=15
num_cat=0
split_feature=2 2 0 1 1 1 0 0 1 1 0 0 1 3
split_gain=64.5691 53.9566 36.7804 33.4594 63.3745 54.2016 41.6039 45.5206 37.1263 46.7042 35.5707 32.4772 35.4785 31.3881
threshold=1.5000000000000002 1.0000000180025095e-35 3.6685184240341191 27.872859001159672 17.781908035278324 29.621117591857914 4.1703901290893564 3.9529410600662236 15.869606018066408 14.758401870727541 4.437899351119996 0.76394006609916698 18.947114944458011 0.093386630391742123
decision_type=2 2 2 2 2 2 2 2 2 2 2 2 2 2
left_child=1 2 -1 4 8 -5 7 -6 9 -4 -8 12 -2 -13
right_child=11 -3 3 5 6 -7 10 -9 -10 -11 -12 13 -14 -15
leaf_value=-0.00022010868505964508 0.0017453921618882928 -0.0017973475844148335 0.00097573119398180271 -0.015038143798966237 0.0080206630847377038 0.0011284736582512279 -0.0054770914285065054 0.025534320299625397 -0.0088711142003728826 0.016147622462755164 0.007926628614350029 -0.0062304419863209561 -0.011098481172304735 0.0026433705813088742
leaf_weight=67441 1211 49836 6256 637 913 2786 637 625 851 552 2220 1030 967 30654
leaf_count=67441 1211 49836 6256 637 913 2786 637 625 851 552 2220 1030 967 30654
internal_value=-7.40682e-12 -0.000497115 0.000284361 0.00248259 0.00372145 -0.00188004 0.0085074 0.0151377 0.000975107 0.00220588 0.00493812 0.00194891 -0.0039571 0.0023549
internal_weight=166616 132754 82918 15477 12054 3423 4395 1538 7659 6808 2857 33862 2178 31684
internal_count=166616 132754 82918 15477 12054 3423 4395 1538 7659 6808 2857 33862 2178 31684
is_linear=0
shrinkage=0.05


Tree=57
num_leaves=15
num_cat=0
split_feature=3 0 0 0 2 1 1 1 0 3 0 3 0 1
split_gain=60.7542 51.1764 39.7815 36.4089 26.0385 24.8363 56.7848 34.0562 35.1387 31.5998 29.6389 24.3013 25.3629 25.2674
threshold=2.3405796909668424 2.1320897340774541 1.1279785037040713 7.2690448760986337 1.5000000000000002 26.647733688354496 30.980435371398929 19.274257659912113 4.0269718170166025 5.4999998938292327 2.5340274572372441 0.15707236884188933 4.9054827690124521 30.354310989379886
decision_type=2 2 2 2 2 2 2 2 2 2 2 2 2 2
left_child=2 -2 -1 4 -3 7 -7 -6 10 -8 -9 -4 -13 -14
right_child=1 3 11 -5 5 6 9 8 -10 -11 -12 12 13 -15
leaf_value=-0.0044314908443791193 -0.00046864423237104178 0.001034395328714023 -0.0038974745025672631 0.012777462347102293 0.0031843794118311289 -0.008327095844007034 0.015413476636255398 0.016115270994071448 0.020181181522217054 0.0010928388675480927 0.0016194267494142667 -0.00072465696066267285 0.0054387456887820575 -0.0060273713249664167
leaf_weight=8638 50129 45746 5478 734 6266 1258 557 525 648 1249 1074 40685 3059 570
leaf_count=8638 50129 45746 5478 734 6266 1258 557 525 648 1249 1074 40685 3059 570
internal_value=-3.99069e-11 0.000701669 -0.00129917 0.00171217 0.00157048 0.0036888 -0.000171418 0.00507818 0.0103592 0.00550956 0.00637885 -0.000755774 -0.000367404 0.00363778
internal_weight=166616 108186 58430 58057 57323 11577 3064 8513 2247 1806 1599 49792 44314 3629
internal_count=166616 108186 58430 58057 57323 11577 3064 8513 2247 1806 1599 49792 44314 3629
is_linear=0
shrinkage=0.05


Tree=58
num_leaves=15
num_cat=0
split_feature=2 2 1 0 0 0 1 1 0 1 0 0 0 0
split_gain=56.0295 48.797 33.8783 32.7096 30.5988 28.2089 30.2109 81.7207 31.304 57.4536 34.4532 33.9058 30.2296 28.8199
threshold=1.5000000000000002 1.0000000180025095e-35 35.062276840209968 4.437899351119996 4.5304203033447275 0.74379581212997448 30.980435371398929 28.428899765014652 3.8390399217605595 33.812385559082038 2.7223693132400517 1.840832591056824 1.8307859897613528 4.8446490764617929
decision_type=2 2 2 2 2 2 2 2 2 2 2 2 2 2
left_child=1 2 3 -1 -5 -2 7 13 9 10 12 -11 -8 -7
right_child=5 -3 -4 4 -6 6 8 -9 -10 11 -12 -13 -14 -15
leaf_value=0.00010602627963861704 -0.0038962041115842938 -0.0016995801645325031 -0.0060581182221182651 0.013967095962419032 0.0025578597031772144 0.0017465328624557391 0.0060310252445364056 -0.0085686998167367658 0.014068972925123074 0.0049939431220825236 -0.0017787400687323427 -0.0096221291887122473 0.01963723352748073 0.0076047550780025258
leaf_weight=72775 2032 49836 2056 638 7449 22932 823 1863 934 700 541 916 810 2311
leaf_count=72775 2032 49836 2056 638 7449 22932 823 1863 934 700 541 916 810 2311
internal_value=5.82186e-11 -0.000463076 0.000280097 0.000441253 0.00345796 0.00181546 0.00218009 0.00153702 0.00586996 0.00384942 0.00915704 -0.00329091 0.01278 0.00228285
internal_weight=166616 132754 82918 80862 8087 33862 31830 27106 4724 3790 2174 1616 1633 25243
internal_count=166616 132754 82918 80862 8087 33862 31830 27106 4724 3790 2174 1616 1633 25243
is_linear=0
shrinkage=0.05


Tree=59
num_leaves=15
num_cat=0
split_feature=3 0 0 0 2 1 1 1 1 1 2 1 1 0
split_gain=55.7014 68.6179 39.468 28.3395 25.8797 26.9112 57.9425 53.9366 25.6002 41.556 26.0375 22.8129 26.1805 31.4776
threshold=1.3390804792898681 6.8048992156982431 2.0779833793640141 1.1279785037040713 1.5000000000000002 1.3895995616912844 2.5924855470657353 0.6692619025707246 3.1100786924362187 4.4229860305786142 1.0000000180025095e-35 8.976417541503908 20.124761581420902 3.8044918775558476
decision_type=2 2 2 2 2 2 2 2 2 2 2 2 2 2
left_child=3 2 -2 -1 5 7 -7 -4 -8 -10 11 -11 -13 -14
right_child=1 -3 4 -5 -6 6 8 -9 9 10 -12 12 13 -15
leaf_value=-0.0050427644568331103 -0.00059682441261436447 0.011562546268623658 -0.0015115787036438595 -0.0011358123196810713 0.0030856497250153223 -0.0086545718790769083 0.0088385768064342275 0.013986235989060554 -0.0063410234645221823 0.0052375048612455241 -0.00054601655419989395 -0.00065656466112042891 0.0011506274432604843 0.0061654193048690624
leaf_weight=5440 57926 1384 1151 31620 14048 1688 962 1096 2066 4188 19113 10559 11002 4373
leaf_count=5440 57926 1384 1151 31620 14048 1688 962 1096 2066 4188 19113 10559 11002 4373
internal_value=-3.39633e-11 0.000488955 0.000369382 -0.00170931 0.00116613 0.000686304 0.000463009 0.00604766 0.000757491 0.000605953 0.000897463 0.00181338 0.00126043 0.00257695
internal_weight=166616 129556 128172 37060 70246 56198 53951 2247 52263 51301 49235 30122 25934 15375
internal_count=166616 129556 128172 37060 70246 56198 53951 2247 52263 51301 49235 30122 25934 15375
is_linear=0
shrinkage=0.05


Tree=60
num_leaves=15
num_cat=0
split_feature=3 0 0 0 0 3 3 3 0 3 0 1 0 1
split_gain=50.9581 41.3114 32.2565 28.1411 24.3474 23.5496 24.1907 30.807 23.3678 22.5132 30.9134 28.3092 28.2292 41.4866
threshold=2.3405796909668424 2.4568327665328984 1.1279785037040713 7.2690448760986337 2.4317075014114384 2.8619047427663999 3.4999998603016196 3.666666645970611 1.9418289661407473 9.8166665030022529 2.5649137496948247 20.124761581420902 5.2105743885040292 29.621117591857914
decision_type=2 2 2 2 2 2 2 2 2 2 2 2 2 2
left_child=2 4 -1 9 5 -2 8 -8 -7 -3 11 -11 -12 -14
right_child=1 3 -4 -5 -6 6 7 -9 -10 10 12 -13 13 -15
leaf_value=-0.0040103828137286373 0.0035171883877559195 0.0027031014487907614 -0.00070051903928438893 0.011463373424282313 -0.0086785940725647177 -0.0016935772108460406 0.010957025959226267 -0.00019469489693197057 -0.0097015783320014964 0.0015129122402048807 -0.00065887042740271596 0.014348031557702146 0.0016030861147613039 0.017262846857473185
leaf_weight=8638 4182 23152 49792 734 839 3441 627 50468 1239 1030 19246 737 1951 540
leaf_count=8638 4182 23152 49792 734 839 3441 627 50468 1239 1030 19246 737 1951 540
internal_value=4.14863e-11 0.000642615 -0.00118983 0.00174927 -0.000220016 -0.000101653 -0.000372993 -5.78492e-05 -0.00381364 0.00159645 0.000506371 0.00686633 -1.06299e-05 0.00499782
internal_weight=166616 108186 58430 47390 60796 59957 55775 51095 4680 46656 23504 1767 21737 2491
internal_count=166616 108186 58430 47390 60796 59957 55775 51095 4680 46656 23504 1767 21737 2491
is_linear=0
shrinkage=0.05


Tree=61
num_leaves=15
num_cat=0
split_feature=2 2 1 0 0 0 1 1 1 1 0 0 0 0
split_gain=48.415 42.1015 31.0122 25.24 28.1418 25.6076 24.4061 38.3058 24.7896 70.5747 26.6734 32.6971 70.6974 28.9532
threshold=1.5000000000000002 1.0000000180025095e-35 35.062276840209968 4.437899351119996 4.5304203033447275 4.6272771358489999 35.236125946044929 34.729074478149421 30.980435371398929 28.428899765014652 4.8446490764617929 4.437899351119996 4.2210822105407724 3.7441027164459233
decision_type=2 2 2 2 2 2 2 2 2 2 2 2 2 2
left_child=1 2 3 -1 -5 -6 7 8 9 10 11 12 13 -2
right_child=6 -3 -4 4 5 -7 -8 -9 -10 -11 -12 -13 -14 -15
leaf_value=0.00011956147484325208 0.0017101169036089882 -0.0015790059045241217 -0.0058043431539581336 0.013142384299103369 -0.0071781914276639802 0.0031171294797720747 0.0099054748776490516 -0.011890879634302111 0.0056206735640588062 -0.0078441448506386888 0.0070112106316196623 -0.0083683959059012818 0.020111624303535792 -0.0068335727474478167
leaf_weight=72775 22194 49836 2056 638 663 6786 880 528 3563 2007 2311 829 512 1038
leaf_count=72775 22194 49836 2056 638 663 6786 880 528 3563 2007 2311 829 512 1038
internal_value=-3.85195e-12 -0.000430461 0.000259846 0.000414034 0.003064 0.00220079 0.0016876 0.00146833 0.00168568 0.00120039 0.0018756 0.00139262 0.00173342 0.00132839
internal_weight=166616 132754 82918 80862 8087 7449 33862 32982 32454 28891 26884 24573 23744 23232
internal_count=166616 132754 82918 80862 8087 7449 33862 32982 32454 28891 26884 24573 23744 23232
is_linear=0
shrinkage=0.05


Tree=62
num_leaves=15
num_cat=0
split_feature=3 0 0 2 1 1 1 1 2 1 1 3 1 1
split_gain=47.4842 49.5154 36.6499 32.7377 50.2129 33.2054 44.3104 67.1306 26.3937 25.8353 108.896 53.2429 38.9626 36.8059
threshold=0.50806453752716252 6.8048992156982431 1.1279785037040713 1.5000000000000002 35.236125946044929 33.812385559082038 30.980435371398929 26.647733688354496 1.0000000180025095e-35 12.326219081878664 14.457938194274904 6.9999998563102341 11.441238403320314 19.274257659912113
decision_type=2 2 2 2 2 2 2 2 2 2 2 2 2 2
left_child=-1 2 -2 8 5 6 7 9 -4 12 11 -11 -5 -12
right_child=1 -3 3 4 -6 -7 -8 -9 -10 10 13 -13 -14 -15
leaf_value=-0.0034271483825855306 -0.0016877434539459158 0.0087871727423099889 0.00066055142982452645 0.0013237448440259218 0.014919705380451308 -0.007170123261596351 0.0086448601707169257 -0.0057689989072768474 -0.00097713853780425752 0.02233726936917603 -0.0022116061118090404 0.0049658884741651897 -0.011783246009951773 0.0044598472523125158
leaf_weight=9529 23841 1664 65415 8810 732 1027 2282 2900 39433 1073 3496 749 606 5059
leaf_count=9529 23841 1664 65415 8810 732 1027 2282 2900 39433 1073 3496 749 606 5059
internal_value=-3.45421e-11 0.000207893 0.000116041 0.000442864 0.00200473 0.00164115 0.00200348 0.00133563 4.46214e-05 0.00237657 0.00409732 0.0151961 0.000480198 0.00173356
internal_weight=166616 157087 155423 131582 26734 26002 24975 22693 104848 19793 10377 1822 9416 8555
internal_count=166616 157087 155423 131582 26734 26002 24975 22693 104848 19793 10377 1822 9416 8555
is_linear=0
shrinkage=0.05


Tree=63
num_leaves=15
num_cat=0
split_feature=3 0 0 0 0 0 3 2 1 1 1 1 1 1
split_gain=44.8191 52.1857 31.9917 32.5365 31.7865 22.1046 19.4374 19.2486 19.1313 24.3566 18.488 41.6651 23.4578 19.4
threshold=1.3390804792898681 6.8048992156982431 3.1528643369674687 3.1318863630294804 3.1893820762634282 1.1279785037040713 1.4316770673018915 1.5000000000000002 6.7012107372283944 8.4310340881347674 5.1921992301940927 8.2805285453796404 3.4203652143478398 32.250665664672859
decision_type=2 2 2 2 2 2 2 2 2 2 2 2 2 2
left_child=5 2 3 7 -4 -1 -6 -2 -7 -10 12 -12 -9 -13
right_child=1 -3 4 -5 6 8 -8 10 9 -11 11 13 -14 -15
leaf_value=-0.0044772868608946312 -0.00043313652430621247 0.010095674336539323 0.010265212866920899 -0.0127595550050651 0.010631103975336171 0.0015120267063788388 0.0012190340815910166 0.00078555380004573065 -0.007676927662538126 -0.0012298509761480047 0.0093531916282118717 0.00038323081334138928 -0.0086903634072589275 0.0056415673098051461
leaf_weight=5440 74686 1384 1038 508 558 6010 32353 2034 1560 24050 1729 12257 962 2047
leaf_count=5440 74686 1384 1038 508 558 6010 32353 2034 1560 24050 1729 12257 962 2047
internal_value=1.12343e-11 0.000438599 0.000334322 -0.00013984 0.00165032 -0.00153327 0.00137861 -7.14329e-05 -0.00102678 -0.00162257 0.0013482 0.00202191 -0.00225711 0.00113573
internal_weight=166616 129556 128172 94223 33949 37060 32911 93715 31620 25610 19029 16033 2996 14304
internal_count=166616 129556 128172 94223 33949 37060 32911 93715 31620 25610 19029 16033 2996 14304
is_linear=0
shrinkage=0.05


Tree=64
num_leaves=15
num_cat=0
split_feature=3 0 0 0 0 3 0 1 1 3 0 0 0 1
split_gain=41.905 34.2138 25.0285 21.133 21.2954 22.0002 23.7611 38.1549 24.3542 22.921 21.3747 42.04 27.1701 30.5162
threshold=2.3405796909668424 2.1320897340774541 1.1279785037040713 7.2690448760986337 2.1802504062652592 9.9999995401927517 5.2105743885040292 25.719968795776371 8.5605859756469744 9.2678571117813906 5.2737994194030771 4.9729626178741464 5.5627741813659677 17.008364677429203
decision_type=2 2 2 2 2 2 2 2 2 2 2 2 2 2
left_child=2 -2 -1 4 -3 9 -7 8 -8 10 11 -6 -12 -14
right_child=1 3 -4 -5 5 6 7 -9 -10 -11 12 -13 13 -15
leaf_value=-0.0035634977977207953 -0.00037416071675911659 0.0067787917147951729 -0.00064795817502611276 0.0098392071690144248 0.0018956280345373306 -0.00031604713204121549 0.0087657085401307792 0.013547560331220017 -0.0039995997072827284 0.0099421603190774175 -0.012138902737315719 0.013436869140016773 -0.0069545245554033189 0.0072290237308573844
leaf_weight=8638 50129 1721 49792 734 23880 25409 571 831 1081 908 584 816 717 805
leaf_count=8638 50129 1721 49792 734 23880 25409 571 831 1081 908 584 816 717 805
internal_value=-1.79665e-11 0.000582743 -0.00107898 0.00140898 0.00130103 0.00113148 0.000140156 0.00480857 0.000412622 0.00212932 0.00186463 0.00227697 -0.00297063 0.000547286
internal_weight=166616 108186 58430 58057 57323 55602 27892 2483 1652 27710 26802 24696 2106 1522
internal_count=166616 108186 58430 58057 57323 55602 27892 2483 1652 27710 26802 24696 2106 1522
is_linear=0
shrinkage=0.05


Tree=65
num_leaves=15
num_cat=0
split_feature=3 2 2 1 1 1 0 0 0 1 1 1 0 0
split_gain=40.435 40.3308 34.1921 25.5805 24.8531 34.6699 24.0666 28.2381 22.9166 21.7499 62.3821 55.569 42.0802 37.225
threshold=0.12660256836423761 1.5000000000000002 1.0000000180025095e-35 35.062276840209968 35.236125946044929 34.729074478149421 3.6685184240341191 3.6178206205368046 6.1032638549804696 27.872859001159672 17.781908035278324 29.621117591857914 4.1703901290893564 3.9529410600662236
decision_type=2 2 2 2 2 2 2 2 2 2 2 2 2 2
left_child=-1 2 3 6 5 8 7 -2 -3 10 -8 -11 13 -12
right_child=1 4 -4 -5 -6 -7 9 -9 -10 11 12 -13 -14 -15
leaf_value=-0.0040507459157111871 0.00020662613766140453 0.0015031257381995726 -0.0013048079954144092 -0.0052192468708920081 0.010114397527215817 -0.011376977105742521 0.00054646701317391858 -0.011060998878323883 0.010885107600921415 -0.014858302575344954 0.0084513208488859841 0.002092299719985861 0.0045154352261063948 0.024619095210279253
leaf_weight=5941 62964 30657 48043 1987 858 515 7312 561 665 614 882 2275 2745 597
leaf_count=5941 62964 30657 48043 1987 858 515 7312 561 665 614 882 2275 2745 597
internal_value=-6.11825e-11 0.000149777 -0.000250613 0.000382969 0.00171705 0.00149074 0.000525774 0.00010712 0.00170232 0.00236945 0.00334105 -0.00151022 0.00817863 0.0149775
internal_weight=166616 160675 127980 79937 32695 31837 77950 63525 31322 14425 11536 2889 4224 1479
internal_count=166616 160675 127980 79937 32695 31837 77950 63525 31322 14425 11536 2889 4224 1479
is_linear=0
shrinkage=0.05


Tree=66
num_leaves=15
num_cat=0
split_feature=3 0 0 0 0 3 0 1 3 0 0 0 1 0
split_gain=36.8557 30.2745 22.4758 18.6426 19.3282 19.879 21.0396 35.0297 20.6852 19.6773 37.7429 24.2597 27.4048 17.8273
threshold=2.3405796909668424 2.1320897340774541 1.1279785037040713 7.2690448760986337 2.1802504062652592 9.9999995401927517 5.2105743885040292 29.621117591857914 9.2678571117813906 5.2737994194030771 4.9729626178741464 5.5627741813659677 17.008364677429203 5.6820471286773691
decision_type=2 2 2 2 2 2 2 2 2 2 2 2 2 2
left_child=2 -2 -1 4 -3 8 -7 13 9 10 -6 -11 -13 -8
right_child=1 3 -4 -5 5 6 7 -9 -10 11 -12 12 -14 -15
leaf_value=-0.0033662999768614855 -0.00035362273016807606 0.0064409640635526653 -0.00060343772074117927 0.0092416648123012368 0.0017921729006892422 -0.00031080021210800083 0.0069547988319759351 0.015789971781344024 0.0094313495344223886 -0.011544753328023148 0.012727672363375769 -0.0066663731423413156 0.0067746865944879027 -0.0027313289687904648
leaf_weight=8638 50129 1721 49792 734 23880 25409 826 539 908 584 816 717 805 1118
leaf_count=8638 50129 1721 49792 734 23880 25409 826 539 908 584 816 717 805 1118
internal_value=-3.2488e-12 0.000546508 -0.00101189 0.00132372 0.00122233 0.00106081 0.000118482 0.00451141 0.00200932 0.00175788 0.0021535 -0.00288144 0.000442729 0.00138428
internal_weight=166616 108186 58430 58057 57323 55602 27892 2483 27710 26802 24696 2106 1522 1944
internal_count=166616 108186 58430 58057 57323 55602 27892 2483 27710 26802 24696 2106 1522 1944
is_linear=0
shrinkage=0.05


Tree=67
num_leaves=15
num_cat=0
split_feature=3 2 2 1 0 1 1 0 1 1 1 1 0 0
split_gain=35.7589 37.5366 30.4834 23.6144 22.3442 24.4856 39.1818 43.0246 39.1729 38.1618 20.0284 33.4528 36.6257 46.4376
threshold=0.093386630391742123 1.5000000000000002 1.0000000180025095e-35 35.062276840209968 3.6429398059844975 16.364654541015629 19.274257659912113 0.76394006609916698 13.316296577453615 14.457938194274904 33.372077941894538 26.647733688354496 3.7441027164459233 4.2210822105407724
decision_type=2 2 2 2 2 2 2 2 2 2 2 2 2 2
left_child=-1 2 3 -2 5 8 -7 -8 -3 -10 11 12 -6 -14
right_child=1 4 -4 -5 10 6 7 -9 9 -11 -12 -13 13 -15
leaf_value=-0.0039593206791529462 0.00048432816606034962 0.0012243402320150029 -0.0012441752993738058 -0.0050258520842551323 0.017609879145322287 -0.006928533392098625 -0.009792641484802897 0.0015325232562647779 0.01601181633096661 0.003273242562467223 0.013343230498888132 -0.0042792350341061885 -0.0063435241110714252 0.006528200400088083
leaf_weight=5514 78163 10367 48175 1994 536 2003 910 10692 962 1512 560 1129 897 3202
leaf_count=5514 78163 10367 48175 1994 536 2003 910 10692 962 1512 560 1129 897 3202
internal_value=-8.17005e-11 0.000135515 -0.000250157 0.000347256 0.00164586 0.0010074 -0.000470666 0.000644237 0.00257342 0.00822656 0.00431578 0.00343872 0.00531867 0.00371143
internal_weight=166616 161102 128332 80157 32770 26446 13605 11602 12841 2474 6324 5764 4635 4099
internal_count=166616 161102 128332 80157 32770 26446 13605 11602 12841 2474 6324 5764 4635 4099
is_linear=0
shrinkage=0.05


Tree=68
num_leaves=15
num_cat=0
split_feature=0 2 1 3 3 0 0 1 1 1 0 0 0 0
split_gain=33.0041 29.8549 35.1752 30.2421 22.7582 25.8406 21.2114 20.4327 27.837 63.2919 28.0106 44.4652 28.6065 25.1027
threshold=1.1279785037040713 1.5000000000000002 35.236125946044929 3.4999998603016196 9.9999995401927517 5.2105743885040292 5.4640891551971444 33.812385559082038 30.980435371398929 26.647733688354496 4.9054827690124521 5.2105743885040292 4.6272771358489999 4.2210822105407724
decision_type=2 2 2 2 2 2 2 2 2 2 2 2 2 2
left_child=-1 3 7 -2 -5 -6 -7 8 9 10 12 -12 13 -3
right_child=1 2 -4 4 5 6 -8 -9 -10 -11 11 -13 -14 -15
leaf_value=-0.0016730624954077484 -0.00098227976781260751 0.0015552756481442109 0.012263586966639357 0.0018028726799686921 -0.00047219176743154394 0.013960638916393745 0.0024013568304741672 -0.0052442263092747198 0.0068247415014183084 -0.0054952305829108865 0.020561293623131683 0.0034283880327963083 -0.0092627025804906879 0.010689373151132256
leaf_weight=25046 50349 17998 772 25784 34488 517 1708 1097 2427 3076 510 1471 588 785
leaf_count=25046 50349 17998 772 25784 34488 517 1708 1097 2427 3076 510 1471 588 785
internal_value=5.81895e-11 0.000295992 0.00173516 -7.03376e-05 0.000664344 -0.000135259 0.00508727 0.00144438 0.0017176 0.00121019 0.00217619 0.00783918 0.00159705 0.00193702
internal_weight=166616 141570 28724 112846 62497 36713 2225 27952 26855 24428 21352 1981 19371 18783
internal_count=166616 141570 28724 112846 62497 36713 2225 27952 26855 24428 21352 1981 19371 18783
is_linear=0
shrinkage=0.05


Tree=69
num_leaves=15
num_cat=0
split_feature=3 0 0 0 1 2 0 1 1 1 1 1 2 1
split_gain=32.2693 34.0902 24.0993 25.5192 22.6317 15.3813 33.7296 19.5674 37.3218 35.7333 22.1954 24.2467 20.1318 22.1461
threshold=0.50806453752716252 6.8048992156982431 1.7857054471969607 1.7951956391334536 9.8439726829528826 1.5000000000000002 1.840832591056824 1.3895995616912844 0.4011408537626267 2.5924855470657353 2.8227692842483525 4.4229860305786142 1.0000000180025095e-35 5.1921992301940927
decision_type=2 2 2 2 2 2 2 2 2 2 2 2 2 2
left_child=-1 2 -2 -4 -3 7 -7 8 -5 -9 -11 -12 13 -13
right_child=1 4 3 5 -6 6 -8 9 -10 10 11 12 -14 -15
leaf_value=-0.0028252222085885115 -0.00074535116177300276 0.01551049217574225 0.010636266010502975 -0.0036703935989512593 0.0031537624467635412 0.012745205794393165 0.0013502395229871666 -0.0060535739384788489 0.0077943660001837771 0.0093284128036833971 -0.003914206707229217 0.0079388382808104462 -0.00073656395604494555 0.00082088026904233481
leaf_weight=9529 55066 557 624 1060 1107 672 19327 2346 2149 662 3525 1122 26929 41941
leaf_count=9529 55066 557 624 1060 1107 672 19327 2346 2149 662 3525 1122 26929 41941
internal_value=2.31149e-11 0.00017138 9.5166e-05 0.000556359 0.00729 0.000493292 0.00173313 0.000182314 0.00400732 2.19161e-05 0.000214061 0.000131989 0.000335767 0.00100634
internal_weight=166616 157087 155423 100357 1664 99733 19999 79734 3209 76525 74179 73517 69992 43063
internal_count=166616 157087 155423 100357 1664 99733 19999 79734 3209 76525 74179 73517 69992 43063
is_linear=0
shrinkage=0.05


Tree=70
num_leaves=15
num_cat=0
split_feature=3 0 0 0 0 3 1 1 3 3 3 1 3 1
split_gain=29.5709 36.841 21.4737 29.7747 29.4609 18.5088 16.896 16.66 13.5673 12.7453 18.5604 17.1346 24.1003 22.9469
threshold=1.3390804792898681 6.8048992156982431 3.1528643369674687 3.1318863630294804 3.1893820762634282 1.4316770673018915 5.8423292636871347 19.848464965820316 0.093386630391742123 2.599999925494195 2.8918128708784359 18.552156448364261 1.8062499355990476 27.872859001159672
decision_type=2 2 2 2 2 2 2 2 2 2 2 2 2 2
left_child=6 2 3 -2 7 -6 -1 -4 -8 11 -11 -7 13 -13
right_child=1 -3 4 -5 5 9 8 -9 -10 10 -12 12 -14 -15
leaf_value=0.0011431125524713156 -5.438810051180955e-05 0.0084702714784673123 0.016160835237390113 -0.01219206260971901 0.010114018360025994 -0.0039423083350189712 -0.0042350890492356668 0.0034866392765933655 -0.0012855664982319602 0.0075796284415534966 0.0011096750438082652 0.0138277658701704 -0.0021307173095126064 -0.00046936938341999592
leaf_weight=6171 93715 1384 504 508 558 2867 4577 534 26312 1159 25427 607 1771 522
leaf_count=6171 93715 1384 504 508 558 2867 4577 534 26312 1159 25427 607 1771 522
internal_value=9.81705e-11 0.000356261 0.000268646 -0.000119828 0.00134683 0.00108524 -0.00124543 0.00964058 -0.00172261 0.000929522 0.00139173 -0.00120126 0.0015086 0.0072174
internal_weight=166616 129556 128172 94223 33949 32911 37060 1038 30889 32353 26586 5767 2900 1129
internal_count=166616 129556 128172 94223 33949 32911 37060 1038 30889 32353 26586 5767 2900 1129
is_linear=0
shrinkage=0.05


Tree=71
num_leaves=15
num_cat=0
split_feature=0 2 1 3 3 0 1 1 3 1 1 1 1 1
split_gain=27.6743 25.323 31.7864 25.2026 20.4904 21.6841 20.719 21.8244 19.3615 28.2591 18.4265 25.2324 58.108 18.1732
threshold=1.1279785037040713 1.5000000000000002 35.236125946044929 3.4999998603016196 9.9999995401927517 5.2105743885040292 29.306283950805668 9.6725158691406268 9.2678571117813906 20.282283782958988 33.812385559082038 30.980435371398929 28.428899765014652 34.602661132812507
decision_type=2 2 2 2 2 2 2 2 2 2 2 2 2 2
left_child=13 3 10 -2 8 -6 7 -7 -5 -10 11 12 -3 -1
right_child=1 2 -4 4 5 6 -8 -9 9 -11 -12 -13 -14 -15
leaf_value=-0.0012616880412437399 -0.00089884015729446416 0.0017625403630228136 0.011604914582760311 0.0013830011413360627 -0.00046302698007541206 0.010282999741241009 0.013557058452697061 -0.0018134329998414319 0.0013414154439300731 0.016933742830988051 -0.0050316933163848379 0.0064418793327254732 -0.0078314722309719316 -0.0082420386373996731
leaf_weight=24076 50349 22732 772 24592 34488 546 503 1176 690 502 1097 2427 1696 970
leaf_count=24076 50349 22732 772 24592 34488 546 503 1176 690 502 1097 2427 1696 970
internal_value=1.56584e-11 0.00027104 0.00159649 -6.63415e-05 0.000604338 -0.00015438 0.00462972 0.00202202 0.00168465 0.00790798 0.00132007 0.00157953 0.00109644 -0.00153203
internal_weight=166616 141570 28724 112846 62497 36713 2225 1722 25784 1192 27952 26855 24428 25046
internal_count=166616 141570 28724 112846 62497 36713 2225 1722 25784 1192 27952 26855 24428 25046
is_linear=0
shrinkage=0.05


Tree=72
num_leaves=15
num_cat=0
split_feature=3 2 2 1 1 1 1 1 1 1 0 0 0 3
split_gain=26.2872 27.1158 25.844 21.1179 17.2943 28.5455 32.1999 23.0934 64.9251 36.8747 33.7262 61.6469 31.5641 36.5658
threshold=0.093386630391742123 1.5000000000000002 1.0000000180025095e-35 35.062276840209968 35.062276840209968 33.812385559082038 32.520797729492195 14.457938194274904 12.326219081878664 11.569818973541262 3.9844847917556767 4.355095863342286 1.8175629377365115 6.881944096836933
decision_type=2 2 2 2 2 2 2 2 2 2 2 2 2 2
left_child=-1 2 3 -2 5 6 7 8 9 -3 -9 -12 -10 -14
right_child=1 4 -4 -5 -6 -7 -8 10 12 -11 11 -13 13 -15
leaf_value=-0.0033946977037663511 0.00046809550878591896 0.0018456061074125789 -0.0011268596066530267 -0.0047426921545052408 0.007948851761772872 -0.0066529622279781269 0.0095164208979368389 -0.0011696529101768844 0.0028245906373497104 -0.010288536526453514 0.019171038302546212 0.00075072038934387124 0.022029671781182068 0.0054829230361606689
leaf_weight=5514 78163 10972 48175 1994 978 1117 1199 13145 833 664 598 1889 804 571
leaf_count=5514 78163 10972 48175 1994 978 1117 1199 13145 833 664 598 1889 804 571
internal_value=-8.28986e-12 0.00011619 -0.000211605 0.000338471 0.00139988 0.00119842 0.00148432 0.00115759 0.00264475 0.00115318 -0.000159461 0.00517989 0.0105052 0.0151583
internal_weight=166616 161102 128332 80157 32770 31792 30675 29476 13844 11636 15632 2487 2208 1375
internal_count=166616 161102 128332 80157 32770 31792 30675 29476 13844 11636 15632 2487 2208 1375
is_linear=0
shrinkage=0.05


Tree=73
num_leaves=15
num_cat=0
split_feature=3 0 0 3 3 3 0 3 0 0 3 0 1 1
split_gain=24.844 20.8282 22.5639 21.7833 21.1104 27.4385 22.5689 19.1042 17.6865 17.3449 16.1826 29.3758 25.2109 22.9639
threshold=2.3405796909668424 2.4568327665328984 2.4317075014114384 2.8619047427663999 3.4999998603016196 3.666666645970611 1.9418289661407473 3.1715685530525941 1.2824602723121645 1.1279785037040713 9.8166665030022529 2.5649137496948247 20.124761581420902 4.5691158771514901
decision_type=2 2 2 2 2 2 2 2 2 2 2 2 2 2
left_child=9 2 3 8 6 -6 -5 -8 -2 -1 13 12 -12 -3
right_child=1 10 -4 4 5 -7 7 -9 -10 -11 11 -13 -14 -15
leaf_value=-0.0028990756926450447 -0.0010706272641277379 -0.0019094956524740578 -0.0083067005697784312 -0.0014414656136495644 0.010378820554277544 -0.00014558619320924964 -0.0032365654761451305 -0.015656872142856271 0.0057795171927880317 -0.00047197845818021633 0.0014693258026415863 -0.00017818983932047213 0.013581727661970836 0.0027647266367420509
leaf_weight=8638 1434 3014 839 3441 627 50468 633 606 2748 49792 1030 22110 737 20499
leaf_count=8638 1434 3014 839 3441 627 50468 633 606 2748 49792 1030 22110 737 20499
internal_value=3.25026e-12 0.000448699 -0.000163815 -4.98688e-05 -0.000310835 -1.64385e-05 -0.00352498 -0.00931139 0.00343062 -0.000830788 0.00123449 0.000317601 0.0065213 0.00216556
internal_weight=166616 108186 60796 59957 55775 51095 4680 1239 4182 58430 47390 23877 1767 23513
internal_count=166616 108186 60796 59957 55775 51095 4680 1239 4182 58430 47390 23877 1767 23513
is_linear=0
shrinkage=0.05


Tree=74
num_leaves=15
num_cat=0
split_feature=3 0 1 0 2 3 1 1 1 1 0 0 0 3
split_gain=23.501 26.9866 20.0217 18.3258 17.4596 17.4589 17.3109 25.4333 40.2497 50.0715 33.1909 25.0192 25.0512 22.9195
threshold=0.50806453752716252 6.8048992156982431 9.8439726829528826 0.86235636472702037 1.5000000000000002 1.9128787167852672 35.236125946044929 33.812385559082038 30.980435371398929 25.719968795776371 3.880069494247437 2.6553889513015752 1.6793424487113955 9.6666664224531988
decision_type=2 2 2 2 2 2 2 2 2 2 2 2 2 2
left_child=-1 3 -3 5 -5 -2 7 8 9 13 11 12 -11 -6
right_child=1 2 -4 4 6 -7 -8 -9 -10 10 -12 -13 -14 -15
leaf_value=-0.0024110207744491522 -0.0048673100565083151 0.014211874579278423 0.0025894866938271175 -3.6676754889988002e-05 0.0030061297229683256 -0.00065738785158920828 0.008624052969180401 -0.0062845809977535201 0.0075289778210223665 0.00078498085884578172 -0.013838023906651266 0.0054064040178535911 -0.0096631359559407291 -0.00048948575231330465
leaf_weight=9529 3280 557 1107 113263 13603 9883 793 1110 2465 1076 750 815 1229 7156
leaf_count=9529 3280 557 1107 113263 13603 9883 793 1110 2465 1076 750 815 1229 7156
internal_value=-7.68115e-11 0.000146254 0.00647991 7.84442e-05 0.000243595 -0.00170643 0.00133834 0.00113349 0.0014374 0.000827722 -0.00439371 -0.00212344 -0.00478584 0.00180113
internal_weight=166616 157087 1664 155423 142260 13163 28997 28204 27094 24629 3870 3120 2305 20759
internal_count=166616 157087 1664 155423 142260 13163 28997 28204 27094 24629 3870 3120 2305 20759
is_linear=0
shrinkage=0.05


Tree=75
num_leaves=15
num_cat=0
split_feature=0 0 0 1 1 0 1 0 2 3 1 1 0 2
split_gain=22.2803 22.9149 18.8663 16.6376 16.5988 26.5115 21.2032 72.7787 15.5502 14.0601 27.0995 30.0414 26.9497 39.1645
threshold=1.7857054471969607 1.7951956391334536 7.2690448760986337 17.148838996887211 35.498208999633796 2.7860658168792729 34.944898605346687 3.4350713491439824 1.0000000180025095e-35 2.3405796909668424 34.602661132812507 32.520797729492195 4.311509609222413 1.5000000000000002
decision_type=2 2 2 2 2 2 2 2 2 2 2 2 2 2
left_child=-1 -2 4 -4 6 -6 9 8 -8 -3 11 -11 13 -13
right_child=1 2 3 -5 5 -7 7 -9 -10 10 -12 12 -14 -15
leaf_value=-0.00079121248772047535 0.0097392025801194149 -0.00051100548846337774 0.011642670759616735 -5.1852155603963299e-05 -0.013344377580506262 0.00016205189522446658 -0.0086898171062608377 0.018332275771702478 0.0034707827157092943 0.00055105098394674069 -0.0078749045247033383 0.00050273971907447118 0.013924770717858338 0.013935492244549097
leaf_weight=58002 656 36500 693 542 576 984 515 699 537 61867 907 2767 696 675
leaf_count=58002 656 36500 693 542 576 984 515 699 537 61867 907 2767 696 675
internal_value=5.86874e-12 0.000422523 0.000365911 0.00651034 0.000294807 -0.00482494 0.000370754 0.00582685 -0.00248236 0.00027837 0.000708969 0.000826923 0.00495147 0.003137
internal_weight=166616 108614 107958 1235 106723 1560 105163 1751 1052 103412 66912 66005 4138 3442
internal_count=166616 108614 107958 1235 106723 1560 105163 1751 1052 103412 66912 66005 4138 3442
is_linear=0
shrinkage=0.05


Tree=76
num_leaves=15
num_cat=0
split_feature=3 0 0 1 1 1 1 1 1 0 0 0 0 1
split_gain=21.1231 22.2415 41.884 17.0062 43.1114 34.0203 52.028 47.332 45.3973 34.252 26.8836 33.0536 41.0634 28.8742
threshold=0.093386630391742123 3.2890503406524663 3.2705168724060063 34.944898605346687 35.350776672363288 28.302341461181644 29.169745445251468 23.509568214416507 21.557135581970218 3.4131884574890141 7.2690448760986337 5.3516390323638925 4.9729626178741464 8.4310340881347674
decision_type=2 2 2 2 2 2 2 2 2 2 2 2 2 2
left_child=-1 2 -2 5 -5 7 -7 8 10 -9 11 12 -3 -14
right_child=1 3 -4 4 -6 6 -8 9 -10 -11 -12 -13 13 -15
leaf_value=-0.0030430427956214803 -0.00016477871223397799 0.0010459129137177015 -0.013039763025411473 0.017034145826022674 -0.00058264145600855693 -0.014060702680639723 -0.00065121040149575184 0.017215062536975977 -0.0065603365401658486 0.0044659903594405593 0.010417639368939389 -0.0034445197374100658 0.001320348825424955 0.013475091310178594
leaf_weight=5514 120704 17373 635 578 870 818 6252 589 1971 4991 788 3504 820 1209
leaf_count=5514 120704 17373 635 578 870 818 6252 589 1971 4991 788 3504 820 1209
internal_value=2.61764e-11 0.000104154 -0.000232157 0.00113042 0.00644947 0.000929406 -0.00220269 0.00163813 0.000730715 0.00581173 0.00133723 0.00102485 0.00183201 0.00856287
internal_weight=166616 161102 121339 39763 1448 38315 7070 31245 25665 5580 23694 22906 19402 2029
internal_count=166616 161102 121339 39763 1448 38315 7070 31245 25665 5580 23694 22906 19402 2029
is_linear=0
shrinkage=0.05


Tree=77
num_leaves=15
num_cat=0
split_feature=3 0 1 0 0 1 1 0 1 1 2 1 2 0
split_gain=20.0942 26.4322 15.0945 14.6282 24.002 11.4065 11.166 14.2454 11.1112 26.0684 29.2706 30.1463 25.1184 17.0124
threshold=1.3390804792898681 6.8048992156982431 5.8423292636871347 2.0779833793640141 2.063596367835999 35.498208999633796 34.944898605346687 6.3156888484954843 7.5066626071929941 16.884846687316898 1.5000000000000002 15.343747138977053 1.0000000180025095e-35 1.5361817479133608
decision_type=2 2 2 2 2 2 2 2 2 2 2 2 2 2
left_child=2 3 -1 4 8 6 7 -4 -2 10 11 -10 -13 -12
right_child=1 -3 5 -5 -6 -7 -8 -9 9 -11 13 12 -14 -15
leaf_value=0.001230969914008645 -0.001610779070170416 0.0071665218413280553 -0.0013217302756628824 0.00070452335258467151 -0.010821863583174385 -0.0088859068320921962 0.0056674738312408116 -0.0088455025449215574 -0.00054428800229019514 -0.00075308917403713732 0.0087883930079506959 0.0099938546994337192 -0.0020662471131672935 0.0014553715338081871
leaf_weight=6171 12169 1384 29179 70246 544 511 556 643 9634 30250 2032 1372 630 1295
leaf_count=6171 12169 1384 29179 70246 544 511 556 643 9634 30250 2032 1372 630 1295
internal_value=-5.11694e-11 0.000293678 -0.00102665 0.000219465 -0.000368759 -0.00147768 -0.00135306 -0.00148395 -0.00026966 9.12997e-05 0.00179836 0.000615861 0.00619872 0.00593409
internal_weight=166616 129556 37060 128172 57926 30889 30378 29822 57382 45213 14963 11636 2002 3327
internal_count=166616 129556 37060 128172 57926 30889 30378 29822 57382 45213 14963 11636 2002 3327
is_linear=0
shrinkage=0.05


Tree=78
num_leaves=15
num_cat=0
split_feature=0 2 1 3 3 3 1 0 0 0 0 0 1 1
split_gain=19.2962 17.8122 24.2941 18.652 17.2716 17.5741 25.5149 17.4536 19.4912 17.4619 24.7773 26.7502 21.5894 16.0515
threshold=1.1279785037040713 1.5000000000000002 35.236125946044929 3.4999998603016196 9.9999995401927517 9.2678571117813906 20.282283782958988 5.2105743885040292 5.4640891551971444 4.2545571327209482 4.0656988620758066 3.7441027164459233 12.858863830566408 34.602661132812507
decision_type=2 2 2 2 2 2 2 2 2 2 2 2 2 2
left_child=13 3 -3 -2 5 -5 -7 9 -9 10 11 -6 -13 -1
right_child=1 2 -4 4 7 6 -8 8 -10 -11 -12 12 -14 -15
leaf_value=-0.001025205781815775 -0.00077281601704821262 0.001096304651783827 0.010087710220687614 0.0012247872549601031 -1.002222837301639e-05 0.0012017160362523536 0.016017631015024219 0.012621828790360473 0.0015411863018923813 -0.0042409554878079887 0.0083485984441676979 -0.014644794328524186 -0.0023584527124428374 -0.0075854388332551289
leaf_weight=24076 50349 27952 772 24592 29291 690 502 517 1708 2796 841 555 1005 970
leaf_count=24076 50349 27952 772 24592 29291 690 502 517 1708 2796 841 555 1005 970
internal_value=2.23762e-11 0.000226324 0.00133796 -5.66337e-05 0.000520339 0.00151218 0.0074413 -0.000176242 0.00411588 -0.000453149 -0.000118973 -0.0003498 -0.00672956 -0.00127928
internal_weight=166616 141570 28724 112846 62497 25784 1192 36713 2225 34488 31692 30851 1560 25046
internal_count=166616 141570 28724 112846 62497 25784 1192 36713 2225 34488 31692 30851 1560 25046
is_linear=0
shrinkage=0.05


Tree=79
num_leaves=15
num_cat=0
split_feature=3 2 2 1 1 1 0 1 1 1 0 0 0 1
split_gain=18.0519 19.5169 23.0497 18.3235 14.5707 31.9427 14.3197 14.8327 46.4105 33.4494 30.7097 45.5736 27.3932 25.6398
threshold=0.093386630391742123 1.5000000000000002 1.0000000180025095e-35 35.062276840209968 22.919562339782718 21.701152801513675 6.1032638549804696 14.901970386505129 12.326219081878664 11.569818973541262 3.8390399217605595 4.8446490764617929 3.591394424438477 30.980435371398929
decision_type=2 2 2 2 2 2 2 2 2 2 2 2 2 2
left_child=-1 2 3 -2 5 -4 7 8 9 10 12 -12 -3 -9
right_child=1 6 4 -5 -6 -7 -8 13 -10 -11 11 -13 -14 -15
leaf_value=-0.0028131296434037736 0.00045841845746852691 0.0019107263695496387 -0.0013218320387568859 -0.0043953739609272728 0.00010245562036751552 -0.0085194833822667387 0.0082806400209732203 -0.0010256698928098565 0.0084317985179723394 -0.0099823348166656698 -0.015085630898720752 0.0038817619393765931 0.013704566388156786 0.0032505403486865537
leaf_weight=5514 78163 8953 28996 1994 17551 1628 696 13426 2499 664 642 625 521 4744
leaf_count=5514 78163 8953 28996 1994 17551 1628 696 13426 2499 664 642 625 521 4744
internal_value=2.8366e-11 9.62844e-05 -0.000181813 0.000337675 -0.00104617 -0.00170447 0.00118535 0.00103139 0.00226055 0.000908344 0.0015816 -0.00572918 0.0025593 9.08046e-05
internal_weight=166616 161102 128332 80157 48175 30624 32770 32074 13904 11405 10741 1267 9474 18170
internal_count=166616 161102 128332 80157 48175 30624 32770 32074 13904 11405 10741 1267 9474 18170
is_linear=0
shrinkage=0.05


Tree=80
num_leaves=15
num_cat=0
split_feature=0 0 1 0 1 0 0 2 1 1 1 0 1 1
split_gain=17.5659 20.8037 14.6007 24.0862 15.1279 58.0536 14.9679 13.2712 12.8581 11.5352 18.9227 15.852 15.3732 31.6172
threshold=1.7857054471969607 1.7951956391334536 35.498208999633796 2.7860658168792729 34.944898605346687 3.4350713491439824 7.2690448760986337 1.0000000180025095e-35 17.148838996887211 1.5365478396415713 0.4011408537626267 2.6731919050216679 4.4229860305786142 3.1100786924362187
decision_type=2 2 2 2 2 2 2 2 2 2 2 2 2 2
left_child=-1 -2 4 -4 6 7 9 -6 -8 10 -3 -12 13 -11
right_child=1 2 3 -5 5 -7 8 -9 -10 12 11 -13 -14 -15
leaf_value=-0.00070253564749081455 0.0092523012446557602 -0.0024007117302686561 -0.012601070294719345 0.00025833888985969206 -0.0082221196606321236 0.015984832419569054 0.010295620521370586 0.0030120744872059991 -0.00010076860732786829 0.00090747632829979398 0.00046927995245394987 0.0074406358039918203 0.00032496135380775514 -0.005231651592589732
leaf_weight=58002 656 1326 576 990 515 714 693 537 521 4577 1362 2032 90244 3871
leaf_count=58002 656 1326 576 990 515 714 693 537 521 4577 1362 2032 90244 3871
internal_value=-5.71277e-12 0.000375168 0.000321226 -0.00447156 0.000391772 0.0049809 0.000314312 -0.00248755 0.00583391 0.000249515 0.00266423 0.00464306 0.000134029 -0.00190556
internal_weight=166616 108614 107958 1566 106392 1766 104626 1052 1214 103412 4720 3394 98692 8448
internal_count=166616 108614 107958 1566 106392 1766 104626 1052 1214 103412 4720 3394 98692 8448
is_linear=0
shrinkage=0.05


Tree=81
num_leaves=15
num_cat=0
split_feature=3 0 1 0 3 1 1 1 1 1 3 1 0 1
split_gain=16.734 17.2429 15.8483 13.5081 15.5537 12.1363 18.9593 12.6133 11.8537 16.9236 14.8248 13.0259 57.3127 11.4556
threshold=0.50806453752716252 6.8048992156982431 9.8439726829528826 0.86235636472702037 1.9128787167852672 27.330609321594242 24.717533111572269 29.306283950805668 35.858039855957038 35.498208999633796 7.4999996926635646 34.944898605346687 3.4350713491439824 0.11678899824619295
decision_type=2 2 2 2 2 2 2 2 2 2 2 2 2 2
left_child=5 3 -3 4 -2 6 -1 -7 9 11 -11 13 -13 -5
right_child=1 2 -4 8 -6 7 -8 -9 -10 10 -12 12 -14 -15
leaf_value=-0.0018829850550263665 -0.0044466289846090282 0.012065248679590398 0.0017248677240613961 0.0074690141685626148 -0.00047304198925376701 -0.01203736515559313 0.0067017853048435445 -0.0031815068309057368 0.0075980456991813208 -0.0087951854533300962 0.00083585175598917911 -0.0010337178777136654 0.01659247536837893 0.00015190753694777141
leaf_weight=6564 3280 557 1107 537 9883 524 713 1728 541 975 677 1612 646 137272
leaf_count=6564 3280 557 1107 537 9883 524 713 1728 541 975 677 1612 646 137272
internal_value=-1.59279e-11 0.000123414 0.00518616 6.92111e-05 -0.00146319 -0.0020345 -0.00104185 -0.00524211 0.000211001 0.000182802 -0.00484833 0.000242141 0.00400903 0.00018042
internal_weight=166616 157087 1664 155423 13163 9529 7277 2252 142260 141719 1652 140067 2258 137809
internal_count=166616 157087 1664 155423 13163 9529 7277 2252 142260 141719 1652 140067 2258 137809
is_linear=0
shrinkage=0.05


Tree=82
num_leaves=15
num_cat=0
split_feature=3 3 1 3 1 1 0 2 1 1 3 1 1 0
split_gain=15.7219 14.6037 21.607 27.2576 29.017 24.1286 15.369 14.8631 37.2666 28.1486 23.6545 20.9886 18.069 25.6245
threshold=2.3405796909668424 9.9999995401927517 4.1772935390472421 9.2678571117813906 20.282283782958988 3.1100786924362187 3.4608594179153447 1.5000000000000002 16.884846687316898 19.274257659912113 3.6666667188207311 25.909067153930668 12.326219081878664 2.4052219390869145
decision_type=2 2 2 2 2 2 2 2 2 2 2 2 2 2
left_child=-1 2 5 7 -5 6 -2 -4 12 -10 11 -11 -9 -14
right_child=1 -3 3 4 -6 -7 -8 8 9 10 -12 -13 13 -15
leaf_value=-0.0006608941112046955 -0.001519167857138216 -0.00022207034657993456 0.00062804006756518702 0.0014536465606713842 0.015166750581055467 -0.007488271055082367 0.0056708608638571809 0.0039322612304933963 -0.0099328209904746886 0.013554966632702692 -0.0010911555589077722 0.0019361374474364075 0.0053624907119275006 0.01869988312357599
leaf_weight=58430 3799 54271 36813 831 720 1449 924 2471 612 621 3154 1039 865 617
leaf_count=58430 3799 54271 36813 831 720 1449 924 2471 612 621 3154 1039 865 617
internal_value=-6.76893e-12 0.000356941 0.000939776 0.00129967 0.0078195 -0.00184413 -0.000112522 0.00108075 0.00285765 0.000167506 0.00145155 0.0062827 0.00655021 0.0109152
internal_weight=166616 108186 53915 47743 1551 6172 4723 46192 9379 5426 4814 1660 3953 1482
internal_count=166616 108186 53915 47743 1551 6172 4723 46192 9379 5426 4814 1660 3953 1482
is_linear=0
shrinkage=0.05


Tree=83
num_leaves=15
num_cat=0
split_feature=0 1 2 1 2 1 1 1 1 1 1 1 0 3
split_gain=15.196 14.3751 13.5818 21.2803 16.3354 14.7858 31.9906 29.8342 29.3748 31.8716 45.8958 55.2078 24.3126 16.1331
threshold=1.1279785037040713 34.602661132812507 1.5000000000000002 35.236125946044929 1.0000000180025095e-35 26.647733688354496 30.980435371398929 32.930381774902351 25.423508644104007 24.22816371917725 22.443345069885257 21.701152801513675 2.5803891420364384 9.6666664224531988
decision_type=2 2 2 2 2 2 2 2 2 2 2 2 2 2
left_child=1 -1 4 5 -2 8 -7 12 9 10 11 13 -8 -4
right_child=2 -3 3 -5 -6 6 7 -9 -10 -11 -12 -13 -14 -15
leaf_value=-0.00089481886038236401 0.0004206996797924713 -0.0071030231772624339 0.0024664390951829283 0.0093605983350606905 -0.00082127683802211873 -0.0048489480447828255 0.011996599122308769 -0.0025053839251578621 0.010150799176703933 -0.0082601135527001369 0.010538186830509487 -0.014763251246119512 0.00023578346578869967 -0.00076578859962853638
leaf_weight=24076 70420 970 11959 772 42426 3076 975 1749 956 856 1337 543 800 5701
leaf_count=24076 70420 970 11959 772 42426 3076 975 1749 956 856 1337 543 800 5701
internal_value=1.57705e-11 -0.00113525 0.000200845 0.00117154 -4.62384e-05 0.000945372 -0.00112303 0.00212923 0.00158472 0.00118321 0.0015969 0.000940171 0.00669595 0.00142301
internal_weight=166616 25046 141570 28724 112846 27952 6600 3524 21352 20396 19540 18203 1775 17660
internal_count=166616 25046 141570 28724 112846 27952 6600 3524 21352 20396 19540 18203 1775 17660
is_linear=0
shrinkage=0.05


Tree=84
num_leaves=15
num_cat=0
split_feature=3 0 0 1 1 1 1 0 0 0 3 1 2 1
split_gain=14.815 15.5541 38.4036 14.856 56.1639 42.557 39.4801 31.2602 28.5739 25.3593 56.8241 25.2386 33.5163 32.488
threshold=0.093386630391742123 3.2890503406524663 3.2705168724060063 28.302341461181644 29.169745445251468 23.509568214416507 21.557135581970218 3.4131884574890141 3.8390399217605595 4.5304203033447275 5.7386359619746559 18.821444511413578 1.5000000000000002 12.729347705841066
decision_type=2 2 2 2 2 2 2 2 2 2 2 2 2 2
left_child=-1 2 -2 5 -5 6 11 -7 -6 10 -10 13 -13 -3
right_child=1 3 -4 4 8 7 -8 -9 9 -11 -12 12 -14 -15
leaf_value=-0.0025484734410936901 -0.00012949898306420708 0.0018790225980954861 -0.012457945069928809 -0.013362105880934555 -0.00371413907929032 0.016301498377058462 -0.0062096534409830303 0.0041219303386341747 0.014663824259539085 -0.00037621787741816387 -0.0018068155378417124 0.0027542136858259752 0.015743360088140947 -0.00238431358288128
leaf_weight=5514 120704 14057 635 818 2711 589 1971 4991 1103 2889 997 2464 622 6551
leaf_count=5514 120704 14057 635 818 2711 589 1971 4991 1103 2889 997 2464 622 6551
internal_value=-1.29162e-11 8.7226e-05 -0.000194017 0.000945455 -0.000905532 0.00145007 0.000589648 0.00540755 0.000417776 0.00266304 0.00684419 0.00115525 0.00537225 0.000523767
internal_weight=166616 161102 121339 39763 8518 31245 25665 5580 7700 4989 2100 23694 3086 20608
internal_count=166616 161102 121339 39763 8518 31245 25665 5580 7700 4989 2100 23694 3086 20608
is_linear=0
shrinkage=0.05


Tree=85
num_leaves=15
num_cat=0
split_feature=3 3 1 3 1 1 0 0 1 0 0 0 1 1
split_gain=14.2842 12.5768 19.7168 24.7003 26.248 21.7572 14.7267 14.4105 26.6653 20.7457 16.926 13.7518 19.0875 13.7471
threshold=2.3405796909668424 9.9999995401927517 4.1772935390472421 9.2678571117813906 20.282283782958988 3.1100786924362187 1.8307859897613528 5.2105743885040292 30.658699989318851 5.6820471286773691 4.9054827690124521 2.692941546440125 35.236125946044929 27.330609321594242
decision_type=2 2 2 2 2 2 2 2 2 2 2 2 2 2
left_child=-1 2 5 11 -5 -2 -7 10 9 -9 -3 12 -4 -13
right_child=1 7 3 4 -6 6 -8 8 -10 -11 -12 13 -14 -15
leaf_value=-0.00062995085438766272 -0.00013393732012595991 -0.00027543540835164463 0.00054982183752671555 0.0013768643844608223 0.014419250528897263 -0.00038015333842126561 -0.010897775632356796 0.007186859392662579 0.013659085036132347 -0.002562290577455308 -0.0076281395113482232 0.0030032543270041138 -0.0078912363401220428 -0.00015145940660739191
leaf_weight=58430 4723 50620 28226 831 720 518 931 862 507 1487 795 12510 686 4770
leaf_count=58430 4723 50620 28226 831 720 518 931 862 507 1487 795 12510 686 4770
internal_value=-2.03265e-11 0.000340229 0.000881106 0.0012249 0.00743136 -0.00177825 -0.00713785 -0.0001971 0.00325984 0.0010153 -0.000389126 0.0010165 0.000349539 0.00213242
internal_weight=166616 108186 53915 47743 1551 6172 1449 54271 2856 2349 51415 46192 28912 17280
internal_count=166616 108186 53915 47743 1551 6172 1449 54271 2856 2349 51415 46192 28912 17280
is_linear=0
shrinkage=0.05


Tree=86
num_leaves=15
num_cat=0
split_feature=0 0 1 0 1 0 0 1 0 3 0 1 3 2
split_gain=13.3091 18.8415 12.603 20.8916 13.619 64.1038 47.7261 32.2421 51.4938 23.271 31.9318 28.9489 48.1308 19.4814
threshold=1.7857054471969607 1.7951956391334536 35.498208999633796 2.7860658168792729 32.520797729492195 5.5627741813659677 4.8446490764617929 32.097225189208991 2.9113262891769414 9.5277772721041316 4.2545571327209482 33.552558898925788 1.7142857720657281 1.0000000180025095e-35
decision_type=2 2 2 2 2 2 2 2 2 2 2 2 2 2
left_child=-1 -2 4 -4 7 6 9 -3 -9 10 11 12 -6 -11
right_child=1 2 3 -5 5 -7 -8 8 -10 13 -12 -13 -14 -15
leaf_value=-0.00061151638657174737 0.0087746968038561867 0.00026646302273818805 -0.011748864676661065 0.00022745497007336881 -0.0020821966466505128 0.019516039180160163 -0.013351958567763268 0.0031754587488496198 -0.017396290248121404 -0.0060396565412976283 0.015716205787578607 0.00020895226261314948 0.015430284592558994 0.0023180373864405733
leaf_weight=58002 656 95631 576 990 664 503 532 565 659 1328 521 3562 959 1468
leaf_count=58002 656 95631 576 990 664 503 532 565 659 1328 521 3562 959 1468
internal_value=1.52131e-11 0.000326562 0.000275227 -0.00417763 0.000340769 0.00214355 0.00117628 0.000163255 -0.00790034 0.00208536 0.00391649 0.00273083 0.0082656 -0.00165157
internal_weight=166616 108614 107958 1566 106392 9537 9034 96855 1224 8502 5706 5185 1623 2796
internal_count=166616 108614 107958 1566 106392 9537 9034 96855 1224 8502 5706 5185 1623 2796
is_linear=0
shrinkage=0.05


Tree=87
num_leaves=15
num_cat=0
split_feature=3 0 1 1 1 1 0 0 1 3 0 1 3 1
split_gain=13.1797 19.1958 13.3866 12.9403 13.6576 27.8185 21.5203 12.533 23.2026 12.7957 10.7139 13.641 19.5605 33.2937
threshold=1.3390804792898681 6.8048992156982431 5.8423292636871347 0.11678899824619295 4.28786325454712 3.1100786924362187 2.1938685178756718 2.8936786651611333 2.5924855470657353 2.675438700648006 1.4410529136657717 19.52603912353516 9.7638883675207406 32.660642623901374
decision_type=2 2 2 2 2 2 2 2 2 2 2 2 2 2
left_child=2 3 -1 -2 5 7 -7 -5 9 -9 11 -6 -13 -14
right_child=1 -3 -4 4 10 6 -8 8 -10 -11 -12 12 13 -15
leaf_value=0.0012946028612660322 0.0081389051994059502 0.0060948141755481026 -0.0012562036859749943 -0.0010970136491864086 0.0006100218968079457 -0.0011279481020336133 -0.0084251975375562206 -0.0066216585370904111 0.010949439739990505 0.0021953651022072365 0.000608421974925969 -2.1260520125307688e-05 -0.0056703722289481902 0.0035844381419632104
leaf_weight=6171 508 1384 30889 7438 13577 1996 2046 509 665 2148 85103 8200 4761 1221
leaf_count=6171 508 1384 30889 7438 13577 1996 2046 509 665 2148 85103 8200 4761 1221
internal_value=-1.28721e-12 0.000237842 -0.000831459 0.000174599 0.000142907 -0.00128512 -0.00482171 4.34024e-05 0.00259681 0.000506293 0.000330195 -0.000522789 -0.00160728 -0.00378135
internal_weight=166616 129556 37060 128172 127664 14802 4042 10760 3322 2657 112862 27759 14182 5982
internal_count=166616 129556 37060 128172 127664 14802 4042 10760 3322 2657 112862 27759 14182 5982
is_linear=0
shrinkage=0.05


Tree=88
num_leaves=15
num_cat=0
split_feature=2 2 1 1 1 1 1 1 0 1 1 0 0 1
split_gain=12.9257 20.8391 16.7308 13.5226 29.0114 13.2053 21.3125 40.0208 13.8075 36.4607 24.0256 17.7749 40.6695 33.3296
threshold=1.5000000000000002 1.0000000180025095e-35 35.062276840209968 22.919562339782718 21.701152801513675 0.4011408537626267 1.671456038951874 2.5924855470657353 5.909513235092164 14.758401870727541 21.85597133636475 5.3516390323638925 5.2105743885040292 23.646526336669925
decision_type=2 2 2 2 2 2 2 2 2 2 2 2 2 2
left_child=1 2 5 4 -3 -1 -7 -8 11 -10 -11 12 -9 -13
right_child=-2 3 -4 -5 -6 6 7 8 9 10 -12 13 -14 -15
leaf_value=-0.0053627053151528046 0.00087197835973778495 -0.0012974139627928421 -0.0041909005122842697 5.6027070576829568e-05 -0.0080667256806792615 0.004570628195847891 -0.0066623999993801405 0.00034967102863831413 -0.0041318913748403805 0.01706850695339995 0.0037310720818218195 -0.012826882442358961 0.013598604893982841 0.0037666629922555404
leaf_weight=990 33862 29978 2056 18187 1671 3016 2018 70835 798 578 812 695 584 536
leaf_count=990 33862 29978 2056 18187 1671 3016 2018 70835 798 578 812 695 584 536
internal_value=1.05401e-11 -0.000222418 0.000263242 -0.00103047 -0.00165482 0.000376493 0.000447629 0.000285834 0.000473192 0.00438664 0.00927714 0.000355331 0.000458009 -0.00560175
internal_weight=166616 132754 82918 49836 31649 80862 79872 76856 74838 2188 1390 72650 71419 1231
internal_count=166616 132754 82918 49836 31649 80862 79872 76856 74838 2188 1390 72650 71419 1231
is_linear=0
shrinkage=0.05


Tree=89
num_leaves=15
num_cat=0
split_feature=3 0 1 0 0 1 1 1 0 0 3 1 1 3
split_gain=12.611 12.9851 15.1068 12.1148 13.3369 10.6897 16.9711 11.666 10.3873 10.2734 13.5888 11.5076 12.2984 17.117
threshold=0.50806453752716252 6.8048992156982431 9.8439726829528826 6.5171666145324716 6.3156888484954843 27.330609321594242 24.717533111572269 33.372077941894538 6.1032638549804696 0.86235636472702037 1.9128787167852672 35.858039855957038 35.498208999633796 7.4999996926635646
decision_type=2 2 2 2 2 2 2 2 2 2 2 2 2 2
left_child=5 3 -3 4 8 6 -1 -7 9 10 -2 12 -11 -14
right_child=1 2 -4 -5 -6 7 -8 -9 -10 11 -12 -13 13 -15
leaf_value=-0.001630361256300881 -0.0040405802510497047 0.011216797090103746 0.0011212037430620603 -0.0071904029877278763 0.0076877053613248082 -0.0072840202059154466 0.0064918068369529194 0.00038829553244716452 -0.0066491039862714542 0.0002315380877529532 -0.00032645681738962016 0.0074870771771493108 -0.0084158737737258585 0.0020116006785157558
leaf_weight=6564 3280 557 1107 574 575 1516 713 736 575 138368 9883 541 960 667
leaf_count=6564 3280 557 1107 574 575 1516 713 736 575 138368 9883 541 960 667
internal_value=2.77626e-11 0.000107137 0.00450056 6.00998e-05 8.69763e-05 -0.00176617 -0.000834552 -0.00477655 5.86473e-05 8.37416e-05 -0.00125195 0.000208847 0.00018072 -0.00414106
internal_weight=166616 157087 1664 155423 154849 9529 7277 2252 154274 153699 13163 140536 139995 1627
internal_count=166616 157087 1664 155423 154849 9529 7277 2252 154274 153699 13163 140536 139995 1627
is_linear=0
shrinkage=0.05


Tree=90
num_leaves=15
num_cat=0
split_feature=2 2 1 1 1 1 0 0 0 0 0 0 0 0
split_gain=11.7088 18.8258 14.9778 12.4665 49.132 29.7865 24.6867 24.1641 60.355 37.0695 23.0476 68.2415 39.6843 36.8823
threshold=1.5000000000000002 1.0000000180025095e-35 35.062276840209968 14.457938194274904 12.326219081878664 11.569818973541262 1.5128298401832583 4.0656988620758066 4.8446490764617929 3.6429398059844975 3.8390399217605595 4.355095863342286 3.4350713491439824 5.3516390323638925
decision_type=2 2 2 2 2 2 2 2 2 2 2 2 2 2
left_child=1 2 -1 4 5 7 -6 9 -9 -2 12 -12 -5 -13
right_child=3 -3 -4 10 6 -7 -8 8 -10 -11 11 13 -14 -15
leaf_value=0.00035706848703736583 0.0013977070436965492 -0.00097971621567141177 -0.0039644296400172903 -0.00020652879928185683 -0.00034396047075972252 -0.0094134358012967784 0.011655544726705746 -0.017714182717644942 0.00327567067947301 0.014291822038038082 0.01362652804957909 -0.0061541468372316019 -0.01135760314282552 0.0067919412177886718
leaf_weight=80862 9287 49836 2056 15219 571 690 1719 554 897 593 1156 1446 842 888
leaf_count=80862 9287 49836 2056 15219 571 690 1719 554 897 593 1156 1446 842 888
internal_value=1.20221e-11 -0.00021169 0.000249914 0.00082992 0.00195125 0.000672565 0.00866353 0.00128675 -0.00473837 0.00217161 9.12231e-06 0.00369187 -0.000791125 -0.00122864
internal_weight=166616 132754 82918 33862 14311 12021 2290 11331 1451 9880 19551 3490 16061 2334
internal_count=166616 132754 82918 33862 14311 12021 2290 11331 1451 9880 19551 3490 16061 2334
is_linear=0
shrinkage=0.05


Tree=91
num_leaves=15
num_cat=0
split_feature=3 2 2 1 1 1 1 0 1 1 0 0 1 1
split_gain=11.6876 12.1223 16.2838 12.5147 17.5399 38.9711 13.0826 13.5357 31.0295 17.6396 12.286 32.8123 27.969 11.8199
threshold=0.065942031885928634 1.5000000000000002 1.0000000180025095e-35 0.4011408537626267 1.671456038951874 2.5924855470657353 35.062276840209968 5.909513235092164 14.758401870727541 21.85597133636475 5.3516390323638925 5.2105743885040292 23.646526336669925 22.919562339782718
decision_type=2 2 2 2 2 2 2 2 2 2 2 2 2 2
left_child=-1 2 3 -2 -5 -6 7 10 -9 -10 11 -7 -12 -4
right_child=1 -3 13 4 5 6 -8 8 9 -11 12 -13 -14 -15
leaf_value=-0.0023417854482016168 -0.0053944838490477421 0.00093227868651481595 -0.0014621735824927925 0.0041651775923540347 -0.0067531729272335694 0.00037879014096397736 -0.0035910184565931557 -0.0035523883847451312 0.015905224385897858 0.0041961133189109814 -0.011424134782631185 0.012488255930533187 0.0040150910380864465 0.00016344220342751612
leaf_weight=5163 956 32840 30685 2918 1955 68669 2000 762 555 765 668 564 523 17593
leaf_count=5163 956 32840 30685 2918 1955 68669 2000 762 555 765 668 564 523 17593
internal_value=6.94906e-12 7.48864e-05 -0.00014404 0.000292101 0.000360588 0.000215392 0.000398244 0.000508283 0.00448151 0.00911926 0.00039082 0.000477439 -0.00464436 -0.000869782
internal_weight=166616 161453 128613 80335 79379 76461 74506 72506 2082 1320 70424 69233 1191 48278
internal_count=166616 161453 128613 80335 79379 76461 74506 72506 2082 1320 70424 69233 1191 48278
is_linear=0
shrinkage=0.05


Tree=92
num_leaves=15
num_cat=0
split_feature=3 3 1 0 3 1 0 3 0 0 0 1 1 1
split_gain=11.1542 16.6726 14.8435 24.4186 20.0694 23.0917 17.3906 15.6673 17.0319 12.9696 22.0141 14.8763 12.0228 18.4014
threshold=3.4999998603016196 9.9999995401927517 4.5691158771514901 4.2545571327209482 9.2678571117813906 20.282283782958988 3.3708368539810185 3.666666645970611 6.3156888484954843 5.2737994194030771 4.9054827690124521 10.577494621276857 22.919562339782718 25.719968795776371
decision_type=2 2 2 2 2 2 2 2 2 2 2 2 2 2
left_child=-1 2 3 6 7 -6 -2 -4 9 10 11 -9 -13 -14
right_child=1 -3 4 -5 5 -7 -8 8 -10 -11 -12 12 13 -15
leaf_value=-0.00045623717110142493 -0.001379637509811098 -0.00019594173009744966 0.007288164212061546 -0.011843324009336471 0.001363131899409499 0.013651853840694658 0.0084480380949267207 0.0031810076981621548 0.0093746326843753818 -0.0049934866180346288 0.010514592668794637 -0.00087190471855657444 0.0052045686832286123 0.00039902185159250794
leaf_weight=74259 3780 54271 1047 504 815 720 511 5656 605 905 606 11025 2529 9383
leaf_count=74259 3780 54271 1047 504 815 720 511 5656 605 905 606 11025 2529 9383
internal_value=2.78679e-11 0.000366834 0.00116877 -0.00143214 0.00154338 0.00712722 -0.000209294 0.00127348 0.00106841 0.00090148 0.00108419 0.000884322 0.000317985 0.00141927
internal_weight=166616 92357 38086 4795 33291 1535 4291 31756 30709 30104 29199 28593 22937 11912
internal_count=166616 92357 38086 4795 33291 1535 4291 31756 30709 30104 29199 28593 22937 11912
is_linear=0
shrinkage=0.05


Tree=93
num_leaves=15
num_cat=0
split_feature=1 1 1 0 0 0 1 1 0 1 2 2 1 1
split_gain=11.0505 18.2272 19.7308 26.44 13.1142 12.0831 16.2917 11.7853 9.23911 18.0814 8.86655 7.5633 20.5117 20.2203
threshold=0.11678899824619295 0.4011408537626267 0.96909725666046154 2.9418302774429326 1.1279785037040713 7.2690448760986337 17.148838996887211 35.062276840209968 6.5171666145324716 20.124761581420902 1.0000000180025095e-35 1.5000000000000002 35.236125946044929 25.719968795776371
decision_type=2 2 2 2 2 2 2 2 2 2 2 2 2 2
left_child=-1 10 3 -3 7 8 -7 -4 11 -10 -2 -6 13 -13
right_child=1 2 4 -5 5 6 -8 -9 9 -11 -12 12 -14 -15
leaf_value=0.0064569314185417065 -0.0097010244275034328 0.0014055725441404104 -0.00094119944541274584 0.012942539847312855 -5.3346774808776953e-05 0.010456820162560006 -0.0012659540230977931 -0.0079463482314309514 -0.0097385080786244506 0.0024563669579455985 -0.0014744839044181102 0.0014764497486672015 0.0089422273548385584 -0.0016214835734239723
leaf_weight=660 706 1970 23723 664 107668 654 542 616 672 555 611 19607 766 7202
leaf_count=660 706 1970 23723 664 107668 654 542 616 672 555 611 19607 766 7202
internal_value=-4.85551e-11 -2.5679e-05 2.11873e-05 0.0043139 -4.8607e-05 0.000140546 0.00514433 -0.00111849 9.66941e-05 -0.00422249 -0.00588446 0.00013588 0.000874726 0.000644217
internal_weight=166616 165956 164639 2634 162005 137666 1196 24339 136470 1227 1317 135243 27575 26809
internal_count=166616 165956 164639 2634 162005 137666 1196 24339 136470 1227 1317 135243 27575 26809
is_linear=0
shrinkage=0.05


Tree=94
num_leaves=15
num_cat=0
split_feature=3 0 0 1 1 1 1 1 0 1 0 0 1 0
split_gain=10.3427 10.4567 35.1713 13.8623 50.9518 36.8335 34.8561 34.5701 28.5413 24.8572 48.1686 39.5771 38.9726 37.28
threshold=0.093386630391742123 3.2890503406524663 3.2705168724060063 28.302341461181644 29.621117591857914 23.509568214416507 21.557135581970218 30.226331710815433 3.4131884574890141 32.520797729492195 5.6820471286773691 4.8446490764617929 31.803257942199711 3.8390399217605595
decision_type=2 2 2 2 2 2 2 2 2 2 2 2 2 2
left_child=-1 2 -2 5 -5 6 -3 -6 -7 12 11 -11 13 -9
right_child=1 3 -4 4 7 8 -8 9 -10 10 -12 -13 -14 -15
leaf_value=-0.0021293460489002435 -9.5974698925541086e-05 0.00099498641637287759 -0.011894209375531655 -0.010181874053228304 0.01313004348949905 0.015355164539195432 -0.0059251911245014298 -0.010526057883965231 0.0037173263366368941 0.0021920389016335789 0.015449675899430446 -0.011525205699697514 -0.013817172010509386 0.0053048428096885538
leaf_weight=5514 120704 23694 635 1286 513 589 1971 565 4991 3106 572 633 755 1088
leaf_count=5514 120704 23694 635 1286 513 589 1971 565 4991 3106 572 633 755 1088
internal_value=-4.26493e-11 7.28806e-05 -0.000157718 0.000776565 -0.00101144 0.00126401 0.000463536 0.000619251 0.00494576 -0.000335956 0.00193696 -0.000130244 -0.00440512 -0.000106203
internal_weight=166616 161102 121339 39763 8518 31245 25665 7232 5580 6719 4311 3739 2408 1653
internal_count=166616 161102 121339 39763 8518 31245 25665 7232 5580 6719 4311 3739 2408 1653
is_linear=0
shrinkage=0.05


Tree=95
num_leaves=15
num_cat=0
split_feature=1 1 1 0 0 1 0 1 0 1 0 1 3 1
split_gain=9.95375 16.4533 17.7872 23.6917 11.6573 10.8689 10.7034 14.7198 8.62561 16.1595 8.24546 7.14179 7.62686 10.3918
threshold=0.11678899824619295 0.4011408537626267 0.96909725666046154 2.9418302774429326 1.1279785037040713 34.602661132812507 7.2690448760986337 17.148838996887211 6.5171666145324716 17.008364677429203 2.8407365083694462 2.4243477582931523 2.0249999754130852 30.354310989379886
decision_type=2 2 2 2 2 2 2 2 2 2 2 2 2 2
left_child=-1 10 3 -3 5 11 8 -8 -6 -10 -2 -4 13 -13
right_child=1 2 4 -5 6 -7 7 -9 9 -11 -12 12 -14 -15
leaf_value=0.0061281510724714309 -0.0024907852468245171 0.0013429314170392032 -0.0050443953380358121 0.012263848789664637 0.00012881543195818686 -0.0062409872285176804 0.0098913954996677628 -0.0012515124983009901 -0.010427552989711042 0.0011065891654127174 -0.010639822969358125 -0.0027415329585912221 -3.3276524809695699e-05 0.0030984966540912769
leaf_weight=660 816 1970 968 664 135243 970 654 542 552 675 501 6171 15361 869
leaf_count=660 816 1970 968 664 135243 970 654 542 552 675 501 6171 15361 869
internal_value=-2.6297e-11 -2.43714e-05 2.01559e-05 0.00409596 -4.61117e-05 -0.00105482 0.000132226 0.00484168 9.09528e-05 -0.00408236 -0.00559076 -0.000839554 -0.000657853 -0.00202065
internal_weight=166616 165956 164639 2634 162005 24339 137666 1196 136470 1227 1317 23369 22401 7040
internal_count=166616 165956 164639 2634 162005 24339 137666 1196 136470 1227 1317 23369 22401 7040
is_linear=0
shrinkage=0.05


Tree=96
num_leaves=15
num_cat=0
split_feature=3 3 1 3 1 1 0 0 0 1 0 1 1 2
split_gain=9.61103 9.78898 15.4871 20.0558 21.3965 18.2239 12.8031 11.9068 10.5809 14.4254 13.9807 25.4885 21.6743 25.861
threshold=2.3405796909668424 9.9999995401927517 4.1772935390472421 9.2678571117813906 20.282283782958988 3.1100786924362187 1.8307859897613528 3.4608594179153447 2.692941546440125 35.236125946044929 2.9113262891769414 27.330609321594242 22.919562339782718 1.5000000000000002
decision_type=2 2 2 2 2 2 2 2 2 2 2 2 2 2
left_child=-1 2 5 8 -5 7 -7 -2 9 -4 -10 12 13 -12
right_child=1 -3 3 4 -6 6 -8 -9 10 -11 11 -13 -14 -15
leaf_value=-0.00051673064055122748 -0.0013338764737453092 -0.00019496967695240605 0.00046224788080919288 0.0011871394940016504 0.012962667246918297 -0.00020488707715480027 -0.010011572157334987 0.0049947100677386379 0.0055082168980845666 -0.0068758912821661458 0.00013616157325517647 -0.002046472320893541 0.0072360805037770537 0.006848900554883193
leaf_weight=58430 3799 54271 28226 831 720 518 931 924 2271 686 7056 4128 2024 1801
leaf_count=58430 3799 54271 28226 831 720 518 931 924 2271 686 7056 4128 2024 1801
internal_value=-2.48156e-11 0.00027908 0.00075626 0.00106095 0.00665354 -0.00160065 -0.0065058 -9.57621e-05 0.000873167 0.000288135 0.00185201 0.0012988 0.00256791 0.00150114
internal_weight=166616 108186 53915 47743 1551 6172 1449 4723 46192 28912 17280 15009 10881 8857
internal_count=166616 108186 53915 47743 1551 6172 1449 4723 46192 28912 17280 15009 10881 8857
is_linear=0
shrinkage=0.05


Tree=97
num_leaves=15
num_cat=0
split_feature=3 1 1 1 0 1 0 0 0 1 1 3 1 2
split_gain=9.16774 9.42006 15.2802 10.6962 9.2486 13.4135 11.1771 10.6494 9.98128 8.53368 12.3652 17.5612 10.4965 11.3517
threshold=0.50806453752716252 27.330609321594242 24.717533111572269 29.306283950805668 6.8048992156982431 9.8439726829528826 6.5171666145324716 6.3156888484954843 6.1032638549804696 35.858039855957038 35.498208999633796 7.4999996926635646 35.236125946044929 1.0000000180025095e-35
decision_type=2 2 2 2 2 2 2 2 2 2 2 2 2 2
left_child=1 2 -1 -3 6 -6 7 8 9 10 12 -12 -2 -14
right_child=4 3 -4 -5 5 -7 -8 -9 -10 -11 11 -13 13 -15
leaf_value=-0.0013864569410884334 6.5101638665150956e-05 -0.010589430612007171 0.0063204678666332493 -0.002434271120000631 0.010127811692487883 0.00061483738713417381 -0.0069126049841945593 0.0068693544325702212 -0.0065231897987668283 0.0060330528776023004 -0.0082592629960732758 0.0019033989430636085 -0.00034165332437041413 0.0095065953886494386
leaf_weight=6564 150167 524 713 1728 557 1107 574 575 575 599 1042 718 559 614
leaf_count=6564 150167 524 713 1728 557 1107 574 575 575 599 1042 718 559 614
internal_value=2.28187e-11 -0.00150588 -0.000631333 -0.00433183 9.13474e-05 0.00379917 5.16505e-05 7.74659e-05 5.21516e-05 7.67505e-05 5.34466e-05 -0.00411336 0.000101904 0.00481335
internal_weight=166616 9529 7277 2252 157087 1664 155423 154849 154274 153699 153100 1760 151340 1173
internal_count=166616 9529 7277 2252 157087 1664 155423 154849 154274 153699 153100 1760 151340 1173
is_linear=0
shrinkage=0.05


Tree=98
num_leaves=15
num_cat=0
split_feature=1 1 1 0 0 1 0 1 2 0 1 1 3 1
split_gain=8.93289 14.746 16.1304 20.9649 10.375 9.60736 8.93833 12.7264 7.9366 7.48862 15.0927 6.75244 8.08358 8.13447
threshold=0.11678899824619295 0.4011408537626267 0.96909725666046154 2.9418302774429326 1.1279785037040713 34.602661132812507 7.2690448760986337 17.148838996887211 1.0000000180025095e-35 6.5171666145324716 20.124761581420902 32.660642623901374 1.0156249842839327 2.4243477582931523
decision_type=2 2 2 2 2 2 2 2 2 2 2 2 2 2
left_child=-1 8 3 -3 5 11 9 -8 -2 -6 -11 12 -4 -14
right_child=1 2 4 -5 6 -7 7 -9 -10 10 -12 -13 13 -15
leaf_value=0.0058053993004741093 -0.0089036359427966411 0.0013106506348110093 -0.0031404232175507177 0.011583876398852073 0.0001217662980088919 -0.0058715582431591662 0.0091232100338603881 -0.0012377427208299209 -0.0011204547219819797 -0.0088416206791797399 0.0022998940437897906 0.0029222736104668832 -0.0054305948144625811 -0.00033979047513768763
leaf_weight=660 706 1970 3645 664 135243 970 654 542 611 672 555 1162 821 17741
leaf_count=660 706 1970 3645 664 135243 970 654 542 611 672 555 1162 821 17741
internal_value=-2.75881e-11 -2.30879e-05 1.90659e-05 0.00390041 -4.40399e-05 -0.000995658 0.000124204 0.00442786 -0.00529276 8.64872e-05 -0.00380206 -0.000793269 -0.000987688 -0.000564958
internal_weight=166616 165956 164639 2634 162005 24339 137666 1196 1317 136470 1227 23369 22207 18562
internal_count=166616 165956 164639 2634 162005 24339 137666 1196 1317 136470 1227 23369 22207 18562
is_linear=0
shrinkage=0.05


Tree=99
num_leaves=15
num_cat=0
split_feature=3 3 1 1 1 0 0 0 0 1 0 0 2 3
split_gain=8.49817 14.7265 11.9621 29.084 21.9086 19.076 15.9429 19.9938 18.1467 15.4481 14.7366 14.6883 12.9139 11.468
threshold=3.4999998603016196 3.666666645970611 32.660642623901374 32.097225189208991 33.812385559082038 2.8248012065887456 2.0369684696197514 1.0692729949951174 3.4131884574890141 33.552558898925788 2.0012447834014897 4.5750768184661874 1.0000000180025095e-35 3.4494947689660429
decision_type=2 2 2 2 2 2 2 2 2 2 2 2 2 2
left_child=13 -2 3 10 9 -5 7 -6 -8 -4 -3 -10 -9 -1
right_child=1 2 4 5 6 -7 8 12 11 -11 -12 -13 -14 -15
leaf_value=-0.00033371639278812984 0.0058606008926683391 -0.00060252590635437417 0.003478032277915287 -0.0027092250547685677 -0.0035612831744266321 -0.01483132902812581 -0.0049829791826458553 0.0018689810525713943 0.0066833405453004579 0.011976339482032234 0.00076310132754219603 -0.0035481710866273153 0.010351325818244985 -0.0063826645780919178
leaf_weight=73467 1184 34279 2139 905 752 506 2022 889 831 713 46624 607 906 792
leaf_count=73467 1184 34279 2139 905 752 506 2022 889 831 713 46624 607 906 792
internal_value=1.32041e-11 0.000320195 0.000248245 6.03585e-05 0.00199401 -0.00705634 0.000280718 0.00328298 -0.00192933 0.00560261 0.000184478 0.00236448 0.00615032 -0.000398231
internal_weight=166616 92357 91173 82314 8859 1411 6007 2547 3460 2852 80903 1438 1795 74259
internal_count=166616 92357 91173 82314 8859 1411 6007 2547 3460 2852 80903 1438 1795 74259
is_linear=0
shrinkage=0.05


Tree=100
num_leaves=15
num_cat=0
split_feature=2 2 1 1 1 0 0 0 0 1 1 0 0 1
split_gain=8.20614 15.9994 10.9822 10.7226 25.4687 11.5262 10.9116 11.0777 16.3081 13.8282 16.6215 13.2155 25.0777 18.6231
threshold=1.5000000000000002 1.0000000180025095e-35 35.062276840209968 22.919562339782718 21.701152801513675 6.3156888484954843 5.2737994194030771 2.0012447834014897 2.1058113574981694 29.749985694885257 28.886500358581547 4.2545571327209482 2.9964044094085698 26.183980941772464
decision_type=2 2 2 2 2 2 2 2 2 2 2 2 2 2
left_child=1 2 -1 4 5 -3 7 -5 -9 10 11 12 -10 -14
right_child=-2 3 -4 6 -6 -7 -8 8 9 -11 -12 -13 13 -15
leaf_value=0.00034008011781234797 0.00069478199399844107 -0.0012421052010559311 -0.0033603817257116977 -0.0011143637023534037 -0.0074488886474296766 0.0059739064309640346 -0.0051287551501598564 0.0090722020579183989 -0.0012166048045182112 -0.0011416089593665514 0.010322446544553825 -0.0059333300695493972 0.010716889642533802 0.00016786606936919981
leaf_weight=80862 33862 29414 2056 7268 1671 564 952 656 2010 4351 628 511 1155 656
leaf_count=80862 33862 29414 2056 7268 1671 564 952 656 2010 4351 628 511 1155 656
internal_value=-5.11783e-13 -0.00017722 0.000248325 -0.00088525 -0.00144122 -0.00110634 8.22439e-05 0.000370081 0.00145255 0.00091571 0.00272043 0.00161838 0.0026283 0.00689571
internal_weight=166616 132754 82918 49836 31649 29978 18187 17235 9967 9311 4960 4332 3821 1811
internal_count=166616 132754 82918 49836 31649 29978 18187 17235 9967 9311 4960 4332 3821 1811
is_linear=0
shrinkage=0.05


Tree=101
num_leaves=15
num_cat=0
split_feature=3 2 2 1 1 1 0 3 0 0 0 0 0 0
split_gain=8.20402 8.72473 13.8002 10.634 45.8004 28.2887 25.0418 27.4239 24.4472 40.8351 19.9935 60.7116 36.5937 34.6924
threshold=0.065942031885928634 1.5000000000000002 1.0000000180025095e-35 14.457938194274904 12.326219081878664 11.569818973541262 1.5128298401832583 6.881944096836933 3.8390399217605595 4.8446490764617929 3.8390399217605595 4.355095863342286 5.3516390323638925 3.4350713491439824
decision_type=2 2 2 2 2 2 2 2 2 2 2 2 2 2
left_child=-1 2 -2 4 5 8 -6 -8 -3 -10 13 -12 -13 -5
right_child=1 3 -4 10 6 -7 7 -9 9 -11 11 12 -14 -15
leaf_value=-0.0019619904715840568 0.00027851699651702523 0.0021326224272830534 -0.00079109785773022749 -0.00017690692578920181 -0.00077010706968148272 -0.0094238170204137967 0.016900033250029652 0.003848927934605183 -0.014247608099997575 0.0024150295302058848 0.013080619595706812 -0.006207272099193098 0.0069703922000732043 -0.010742609309907095
leaf_weight=5163 80335 9501 48278 14789 554 665 974 686 644 857 1111 1391 848 820
leaf_count=5163 80335 9501 48278 14789 554 665 974 686 644 857 1111 1391 848 820
internal_value=-7.63495e-12 6.27412e-05 -0.000122989 0.000790125 0.00184164 0.000590506 0.00843467 0.0115066 0.00119581 -0.00473403 2.02505e-05 0.00352512 -0.00121636 -0.000731963
internal_weight=166616 161453 128613 32840 13881 11667 2214 1660 11002 1501 18959 3350 2239 15609
internal_count=166616 161453 128613 32840 13881 11667 2214 1660 11002 1501 18959 3350 2239 15609
is_linear=0
shrinkage=0.05


Tree=102
num_leaves=15
num_cat=0
split_feature=1 1 0 0 1 3 3 1 0 1 0 0 1 0
split_gain=8.01701 13.4193 8.44751 16.8139 15.3964 10.454 13.4453 8.43134 17.3861 12.8892 51.3569 39.9678 24.9196 43.2121
threshold=0.11678899824619295 0.25816367566585546 1.7857054471969607 1.7951956391334536 0.96909725666046154 5.6076922837799144 1.5714286155238451 35.498208999633796 2.7860658168792729 32.520797729492195 5.5627741813659677 4.8446490764617929 32.097225189208991 2.9113262891769414
decision_type=2 2 2 2 2 2 2 2 2 2 2 2 2 2
left_child=-1 -2 -3 -4 5 6 -5 9 -9 12 11 -11 -6 -14
right_child=1 2 3 4 7 -7 -8 8 -10 10 -12 -13 13 -15
leaf_value=0.005499742604001906 -0.0071318480525723749 -0.00048239029065843511 0.0082482824356880091 0.007342082380826744 0.00010618905370142096 0.0086747907791222406 -0.003406622563452684 -0.010412885307515454 0.00051253715177264174 0.0019079410652231299 0.01749141035600571 -0.012219025362353017 0.0030710879423185792 -0.015773916264292139
leaf_weight=660 661 57570 656 530 92698 869 645 576 990 8502 503 532 565 659
leaf_count=660 661 57570 656 530 92698 869 645 576 990 8502 503 532 565 659
internal_value=-1.46374e-11 -2.18723e-05 6.5599e-06 0.000267863 0.000218968 0.00451684 0.00144173 0.000135322 -0.00350601 0.000190439 0.0019418 0.00107602 1.26027e-05 -0.00707504
internal_weight=166616 165956 165295 107725 107069 2044 1175 105025 1566 103459 9537 9034 93922 1224
internal_count=166616 165956 165295 107725 107069 2044 1175 105025 1566 103459 9537 9034 93922 1224
is_linear=0
shrinkage=0.05


Tree=103
num_leaves=15
num_cat=0
split_feature=3 3 3 3 3 2 1 1 3 0 3 0 3 3
split_gain=7.70845 18.0903 34.72 18.1466 16.9069 30.3653 15.7028 17.4538 13.3565 15.3338 15.6596 15.2758 14.607 27.3252
threshold=3.3452381725315337 3.2071428860632731 3.1143790266841704 2.8918128708784359 2.7499999674037121 1.0000000180025095e-35 8.5605859756469744 27.330609321594242 9.8166665030022529 2.6731919050216679 9.2678571117813906 2.614492774009705 6.8090907100311062 6.1483515795500674
decision_type=2 2 2 2 2 2 2 2 2 2 2 2 2 2
left_child=1 2 3 4 -1 -6 -3 -8 9 11 12 -2 13 -11
right_child=8 6 -4 -5 5 -7 7 -9 -10 10 -12 -13 -14 -15
leaf_value=-0.0003378650860361202 0.0004237526688575767 -0.01247748950364036 0.0086837627773671423 -0.0040946308349089008 -0.00197648278591246 0.01173578457695758 0.0011252845239837596 -0.010057519076446307 -0.00020920913289250708 0.001887492669719278 0.010155550053728393 -0.007680137242556194 -0.00070990654533628487 0.0093543654013967838
leaf_weight=64666 23916 521 1071 3152 812 803 1082 515 54431 9179 602 596 3856 1414
leaf_count=64666 23916 521 1071 3152 812 803 1082 515 54431 9179 602 596 3856 1414
internal_value=-9.07804e-12 -0.000386911 -0.000250134 -0.000387938 -0.000211666 0.00484144 -0.00493996 -0.00248094 0.000298937 0.000998047 0.00225424 0.00022671 0.00192504 0.0028842
internal_weight=166616 72622 70504 69433 66281 1615 2118 1597 93994 39563 15051 24512 14449 10593
internal_count=166616 72622 70504 69433 66281 1615 2118 1597 93994 39563 15051 24512 14449 10593
is_linear=0
shrinkage=0.05


Tree=104
num_leaves=15
num_cat=0
split_feature=3 2 2 1 1 1 1 0 1 1 1 0 0 0
split_gain=7.3015 7.79979 12.593 10.4256 24.305 25.1586 32.2484 15.1647 36.857 14.257 18.4347 21.5029 36.2926 35.8649
threshold=0.065942031885928634 1.5000000000000002 1.0000000180025095e-35 35.062276840209968 33.812385559082038 30.980435371398929 28.428899765014652 2.9310567378997807 32.250665664672859 27.720938682556156 26.487418174743656 4.8446490764617929 4.5750768184661874 4.2210822105407724
decision_type=2 2 2 2 2 2 2 2 2 2 2 2 2 2
left_child=-1 2 -2 4 5 6 9 8 -7 10 11 12 13 -3
right_child=1 3 -4 -5 -6 7 -8 -9 -10 -11 -12 -13 -14 -15
leaf_value=-0.0018509291030754087 0.00026712420708122645 0.00049325787429441278 -0.00075464003686189927 0.0058265410585100867 -0.0066510014190989987 0.00058481119545568643 -0.005800042359725705 4.0685858378146741e-05 0.01471361454169998 0.0087554359344978044 -0.0056132562621727979 0.0059579734029108315 -0.012425146151348517 0.012242876029670684
leaf_weight=5163 80335 21201 48278 980 1118 879 1947 883 972 561 1107 1995 527 670
leaf_count=5163 80335 21201 48278 980 1118 879 1947 883 972 561 1107 1995 527 670
internal_value=-1.43526e-11 5.91896e-05 -0.00011642 0.000746938 0.000590691 0.000854051 0.000407156 0.00543219 0.00800415 0.000870892 0.000697432 0.000983823 0.000540773 0.000853198
internal_weight=166616 161453 128613 32840 31860 30742 28008 2734 1851 26061 25500 24393 22398 21871
internal_count=166616 161453 128613 32840 31860 30742 28008 2734 1851 26061 25500 24393 22398 21871
is_linear=0
shrinkage=0.05


Tree=105
num_leaves=15
num_cat=0
split_feature=1 1 1 0 0 1 1 1 1 0 0 3 3 0
split_gain=7.24729 12.7438 13.6101 18.1468 8.18857 12.52 9.07943 18.0427 20.9509 16.0901 15.2829 14.2116 10.7392 12.959
threshold=0.11678899824619295 0.4011408537626267 0.96909725666046154 2.9418302774429326 0.76394006609916698 31.53483867645264 4.28786325454712 3.1100786924362187 2.9840962886810307 2.1938685178756718 1.1112225055694582 3.000000037252903 1.3390804792898681 7.2690448760986337
decision_type=2 2 2 2 2 2 2 2 2 2 2 2 2 2
left_child=-1 -2 3 -3 5 -4 7 8 10 11 -6 -9 -8 -14
right_child=1 2 4 -5 6 -7 12 9 -10 -11 -12 -13 13 -15
leaf_value=0.0052290627857049313 -0.0049196710349000486 0.0011742244333709558 -0.00077647484516462403 0.010732084409199117 -0.0072064392566680907 -0.0062474941096362282 -0.00064836427838001751 0.0043485559735047738 0.0087480640429493869 -0.0061719314971774887 0.00015103903040360558 -0.003766203851098918 0.00036436215340195283 0.0065627580109764551
leaf_weight=660 1317 1970 9010 664 775 1183 30623 914 658 2717 7906 1317 106052 850
leaf_count=660 1317 1970 9010 664 775 1183 30623 914 658 2717 7906 1317 106052 850
internal_value=-4.88387e-12 -2.07958e-05 1.83919e-05 0.00358365 -3.95747e-05 -0.00141144 5.25355e-05 -0.00114715 0.000146199 -0.00358825 -0.000505803 -0.000441735 0.000177166 0.000413647
internal_weight=166616 165956 164639 2634 162005 10193 151812 14287 9339 4948 8681 2231 137525 106902
internal_count=166616 165956 164639 2634 162005 10193 151812 14287 9339 4948 8681 2231 137525 106902
is_linear=0
shrinkage=0.05


Tree=106
num_leaves=15
num_cat=0
split_feature=1 1 1 0 0 0 1 1 1 1 0 0 0 1
split_gain=6.54067 11.5013 12.2831 16.3775 7.74237 7.41394 8.33394 6.86464 8.7236 19.8685 33.2659 17.8733 7.86433 10.182
threshold=0.11678899824619295 0.4011408537626267 0.96909725666046154 2.9418302774429326 2.8407365083694462 1.1279785037040713 35.062276840209968 35.858039855957038 35.498208999633796 34.944898605346687 3.4350713491439824 1.9062393307685854 7.2690448760986337 17.148838996887211
decision_type=2 2 2 2 2 2 2 2 2 2 2 2 2 2
left_child=-1 4 3 -3 -2 6 -4 8 9 12 11 -11 -7 -14
right_child=1 2 5 -5 -6 7 -8 -9 -10 10 -12 -13 13 -15
leaf_value=0.0049676094350941252 -0.0016697707869039449 0.0011155131828928658 -0.00069294302873757841 0.010195480161122081 -0.0095662947309142106 1.3062490422195819e-05 -0.0065837050763914344 0.0059525796879082923 -0.0035292475519849635 0.008037047871521541 0.013708275117773137 -0.0034037904365400436 0.0082760582390686427 -0.001093033702589121
leaf_weight=660 816 1970 23723 664 501 132125 616 500 1651 525 714 976 654 521
leaf_count=660 816 1970 23723 664 501 132125 616 500 1651 525 714 976 654 521
internal_value=-4.98853e-13 -1.9756e-05 1.74723e-05 0.00340446 -0.00467369 -3.7596e-05 -0.000842033 0.000104627 8.33095e-05 0.000127322 0.00482395 0.000597835 4.92795e-05 0.00412176
internal_weight=166616 165956 164639 2634 1317 162005 24339 137666 137166 135515 2215 1501 133300 1175
internal_count=166616 165956 164639 2634 1317 162005 24339 137666 137166 135515 2215 1501 133300 1175
is_linear=0
shrinkage=0.05


Tree=107
num_leaves=15
num_cat=0
split_feature=3 3 3 3 3 2 1 1 3 3 0 1 1 1
split_gain=6.47554 16.4994 31.1369 16.6568 14.9962 27.4616 14.1385 15.7174 12.7122 12.0419 13.2578 15.4096 20.371 20.2961
threshold=3.3452381725315337 3.2071428860632731 3.1143790266841704 2.8918128708784359 2.7499999674037121 1.0000000180025095e-35 8.5605859756469744 27.330609321594242 2.9999998994171668 9.8166665030022529 2.6731919050216679 27.216913223266605 28.886500358581547 22.919562339782718
decision_type=2 2 2 2 2 2 2 2 2 2 2 2 2 2
left_child=1 2 3 4 -1 -6 -3 -8 -5 10 -2 13 -13 -12
right_child=9 6 -4 8 5 -7 7 -9 -10 -11 11 12 -14 -15
leaf_value=-0.00030447050970653625 0.00022058085864824894 -0.011855113763726834 0.00823636391921009 -0.0074579097655202674 -0.001910345850276114 0.011129829747739201 0.0010525989661237668 -0.0095593695132767109 -0.0010673049693293529 -0.00020850129201622244 0.0021293556559879665 -0.0083107371726290676 0.0011040430867490015 0.0080194918432051326
leaf_weight=64666 24512 521 1071 1400 812 803 1082 515 1752 54431 9550 707 3067 1727
leaf_count=64666 24512 521 1071 1400 812 803 1082 515 1752 54431 9550 707 3067 1727
internal_value=5.0552e-12 -0.000354622 -0.000223997 -0.000354498 -0.000185616 0.00457341 -0.00470287 -0.00236954 -0.00390577 0.000273989 0.000937803 0.00210587 -0.000659669 0.00303139
internal_weight=166616 72622 70504 69433 66281 1615 2118 1597 3152 93994 39563 15051 3774 11277
internal_count=166616 72622 70504 69433 66281 1615 2118 1597 3152 93994 39563 15051 3774 11277
is_linear=0
shrinkage=0.05


Tree=108
num_leaves=15
num_cat=0
split_feature=3 1 1 1 1 1 3 1 0 0 0 1 1 0
split_gain=6.31613 8.37616 13.803 10.0702 7.82195 11.158 11.8161 9.41508 38.2648 9.67324 12.0122 8.74279 26.5146 16.8216
threshold=0.50806453752716252 27.330609321594242 24.717533111572269 33.372077941894538 35.858039855957038 35.498208999633796 7.4999996926635646 34.944898605346687 3.4350713491439824 2.3524349927902226 1.3854345083236697 33.812385559082038 33.241079330444343 2.0920801162719731
decision_type=2 2 2 2 2 2 2 2 2 2 2 2 2 2
left_child=1 2 -1 -3 5 7 -7 11 9 10 -9 12 -2 -14
right_child=4 3 -4 -5 -6 6 -8 8 -10 -11 -12 -13 13 -15
leaf_value=-0.0011429574297356234 3.5510079676440058e-05 -0.0062443708381701591 0.0061819730240323945 0.00088391380141610682 0.0057785720911144416 -0.0072461283019092208 0.0010185772433326608 -0.0040218903983789168 0.013466895199260691 -0.0062788187106636089 0.0061153602190748904 -0.0019276091075483667 6.0123954953584586e-05 0.0085583578689980514
leaf_weight=6564 144464 1516 713 736 599 1059 731 508 659 535 688 5388 949 1507
leaf_count=6564 144464 1516 713 736 599 1059 731 508 659 535 688 5388 949 1507
internal_value=-2.73019e-14 -0.00124992 -0.000425261 -0.0039147 7.58212e-05 5.39924e-05 -0.00387099 9.94081e-05 0.00321329 -0.000690306 0.00180957 5.05454e-05 0.00012309 0.00527463
internal_weight=166616 9529 7277 2252 157087 156488 1790 154698 2390 1731 1196 152308 146920 2456
internal_count=166616 9529 7277 2252 157087 156488 1790 154698 2390 1731 1196 152308 146920 2456
is_linear=0
shrinkage=0.05


Tree=109
num_leaves=15
num_cat=0
split_feature=1 1 3 0 0 0 3 1 1 1 3 1 1 1
split_gain=5.90752 10.4938 6.43756 6.78894 42.8741 27.2574 9.79907 9.59677 29.0145 25.3823 11.4227 14.512 9.15247 38.9947
threshold=0.11678899824619295 0.25816367566585546 0.065942031885928634 3.1528643369674687 3.1318863630294804 3.1672945022583012 0.18834459028578229 34.944898605346687 35.350776672363288 34.602661132812507 0.6132478709547976 16.219949722290043 28.302341461181644 28.886500358581547
decision_type=2 2 2 2 2 2 2 2 2 2 2 2 2 2
left_child=-1 -2 -3 4 -4 -5 -7 9 -9 10 11 -8 -12 -14
right_child=1 2 3 5 -6 6 7 8 -10 -11 12 -13 13 -15
leaf_value=0.0047210536011014926 -0.0063061595616831188 -0.0017378507305048929 -6.7036535400908964e-05 0.010950344732438867 -0.013135814424692735 0.0073316478510113319 -0.010669824917667679 0.012896682712114622 -0.0011997912940102087 -0.0098666635347999694 0.00085755630976172819 0.00077637931969296503 -0.014098792091800847 -5.5430619940782977e-05
leaf_weight=660 661 5126 115588 626 631 510 525 594 947 615 32655 586 536 6356
leaf_count=660 661 5126 115588 626 631 510 525 594 947 615 32655 586 536 6356
internal_value=1.96535e-12 -1.87754e-05 6.36726e-06 6.21887e-05 -0.000137992 0.000591536 0.000441859 0.000359788 0.00423389 0.000215141 0.000367641 -0.00463249 0.00050811 -0.0011476
internal_weight=166616 165956 165295 160169 116219 43950 43324 42814 1541 41273 40658 1111 39547 6892
internal_count=166616 165956 165295 160169 116219 43950 43324 42814 1541 41273 40658 1111 39547 6892
is_linear=0
shrinkage=0.05


Tree=110
num_leaves=15
num_cat=0
split_feature=2 2 1 1 1 0 0 1 1 1 0 0 1 1
split_gain=5.79286 12.136 10.091 9.98679 22.9117 9.99248 9.48537 9.4329 39.917 24.1488 22.7595 32.8861 19.6269 33.0756
threshold=1.5000000000000002 1.0000000180025095e-35 35.062276840209968 22.919562339782718 21.701152801513675 5.2737994194030771 6.3156888484954843 14.457938194274904 12.326219081878664 11.569818973541262 3.7441027164459233 4.8446490764617929 5.3343372344970712 6.5611650943756112
decision_type=2 2 2 2 2 2 2 2 2 2 2 2 2 2
left_child=1 2 -1 4 6 -5 -3 8 9 10 12 -12 -2 -14
right_child=7 3 -4 5 -6 -7 -8 -9 -10 -11 11 -13 13 -15
leaf_value=0.00030967712862055925 -0.00053341195942381082 -0.0011076369208661205 -0.0032374630087410403 0.00044360886895037543 -0.0070002243003040509 -0.0048185402058855391 0.0054384502714354523 -0.0001302330249998705 0.0076093094702606714 -0.0086748817822207575 -0.011497564672980548 0.0023122152406774223 0.011876837153093152 0.0019721448557396344
leaf_weight=80862 4429 29414 2056 17235 1671 952 564 19551 2290 690 830 897 1060 4115
leaf_count=80862 4429 29414 2056 17235 1671 952 564 19551 2290 690 830 897 1060 4115
internal_value=2.3342e-13 -0.000148899 0.000221724 -0.000765546 -0.0013021 0.000168161 -0.00098448 0.000583748 0.00155916 0.000406601 0.000959617 -0.0043248 0.00190986 0.00400093
internal_weight=166616 132754 82918 49836 31649 18187 29978 33862 14311 12021 11331 1727 9604 5175
internal_count=166616 132754 82918 49836 31649 18187 29978 33862 14311 12021 11331 1727 9604 5175
is_linear=0
shrinkage=0.05


Tree=111
num_leaves=15
num_cat=0
split_feature=0 1 3 3 2 1 0 1 0 2 0 0 1 1
split_gain=5.79307 11.4763 10.6348 11.8673 11.2959 11.069 18.4824 17.5905 7.66725 7.15325 13.5465 16.493 12.975 36.2076
threshold=0.76394006609916698 31.53483867645264 1.8377192846412529 2.464102632900667 1.5000000000000002 6.4458811283111581 0.58572182059288036 11.441238403320314 0.34555438160896307 1.5000000000000002 0.91449826955795299 0.99254509806633007 30.980435371398929 28.428899765014652
decision_type=2 2 2 2 2 2 2 2 2 2 2 2 2 2
left_child=1 2 4 -4 -1 6 -5 -7 -9 -2 -11 -12 13 -13
right_child=9 -3 3 5 -6 7 -8 8 -10 10 11 12 -14 -15
leaf_value=-0.0015655237197818859 -9.4264481617377385e-05 -0.0057751260729331849 0.0067452885199637313 0.0094068127131906147 -0.0096434148622083146 -0.0073034622701687053 -0.002716603698013546 0.0059115823285820889 -0.00065826395797510427 0.0064565085370841607 -0.0066223070733201373 0.00082337650225745471 0.0032370606796009111 -0.0066373925800365906
leaf_weight=2087 124409 1183 685 698 546 973 572 514 3265 1006 779 23700 4453 1746
leaf_count=2087 124409 1183 685 698 546 973 572 514 3265 1006 779 23700 4453 1746
internal_value=-3.60866e-11 -0.0011355 -0.00054785 0.000509264 -0.00324062 -0.000200081 0.0039465 -0.00130828 0.000235332 7.65498e-05 0.000747262 0.000560043 0.000747174 0.000311449
internal_weight=166616 10523 9340 6707 2633 6022 1270 4752 3779 156093 31684 30678 29899 25446
internal_count=166616 10523 9340 6707 2633 6022 1270 4752 3779 156093 31684 30678 29899 25446
is_linear=0
shrinkage=0.05


Tree=112
num_leaves=15
num_cat=0
split_feature=3 3 3 3 3 2 1 1 3 3 0 3 0 3
split_gain=5.4754 15.012 27.9572 15.2462 13.4003 24.8315 12.7993 14.1199 11.4472 10.9341 11.6689 14.1463 14.9008 29.807
threshold=3.3452381725315337 3.2071428860632731 3.1143790266841704 2.8918128708784359 2.7499999674037121 1.0000000180025095e-35 8.5605859756469744 27.330609321594242 2.9999998994171668 9.8166665030022529 2.6731919050216679 9.2678571117813906 3.3079193830490117 7.3484848585421068
decision_type=2 2 2 2 2 2 2 2 2 2 2 2 2 2
left_child=1 2 3 4 -1 -6 -3 -8 -5 10 -2 12 13 -12
right_child=9 6 -4 8 5 -7 7 -9 -10 -11 11 -13 -14 -15
leaf_value=-0.00027592855031358479 0.0002116118835961571 -0.011278796989663779 0.0078152622643207752 -0.0070934966401795729 -0.0018303576069471101 0.01056964310909045 0.00098993276588467275 -0.0090682900668058574 -0.0010291810929413767 -0.00020781719865887042 0.0056070556679614636 0.0094901384457410556 0.00044060028928264816 -0.0038427116403277083
leaf_weight=64666 24512 521 1071 1400 812 803 1082 515 1752 54431 4290 602 9123 1036
leaf_count=64666 24512 521 1071 1400 812 803 1082 515 1752 54431 4290 602 9123 1036
internal_value=-4.5254e-12 -0.000326089 -0.000201491 -0.000325149 -0.000163577 0.00433509 -0.00447371 -0.00225364 -0.00372272 0.000251944 0.000884486 0.00198033 0.00166744 0.00376891
internal_weight=166616 72622 70504 69433 66281 1615 2118 1597 3152 93994 39563 15051 14449 5326
internal_count=166616 72622 70504 69433 66281 1615 2118 1597 3152 93994 39563 15051 14449 5326
is_linear=0
shrinkage=0.05


Tree=113
num_leaves=15
num_cat=0
split_feature=1 1 1 0 2 0 1 0 1 0 1 0 3 2
split_gain=5.31892 9.61861 11.2405 14.6836 7.1841 6.29765 9.90978 7.02738 14.7064 6.09484 9.69328 7.9635 15.1196 16.2924
threshold=0.11678899824619295 0.4011408537626267 0.96909725666046154 2.9418302774429326 1.0000000180025095e-35 7.2690448760986337 17.148838996887211 6.5171666145324716 17.008364677429203 0.76394006609916698 31.53483867645264 0.58572182059288036 7.4083332552264158 1.5000000000000002
decision_type=2 2 2 2 2 2 2 2 2 2 2 2 2 2
left_child=-1 4 3 -3 -2 7 -7 9 -9 10 11 -4 13 -13
right_child=1 2 5 -5 -6 6 -8 8 -10 -11 -12 12 -14 -15
leaf_value=0.0044796908172694124 -0.0077092630366554686 0.0010889333182104348 0.00082360164498586266 0.0096865150349562529 -0.00030424692523216073 0.0077216618039306342 -0.0014211351708320016 -0.0098859812777516431 0.001117333916326364 4.6363051496578408e-05 -0.0054725491448871589 -0.0024987286630784571 0.0015488703171806961 -0.012029237721738443
leaf_weight=660 706 1970 4518 664 611 654 542 552 675 149389 1183 2219 1711 562
leaf_count=660 706 1970 4518 664 611 654 542 552 675 149389 1183 2219 1711 562
internal_value=-3.76288e-12 -1.78155e-05 1.62297e-05 0.00325628 -0.00427383 -3.64495e-05 0.00357835 -6.33343e-05 -0.00383281 -3.43513e-05 -0.0012173 -0.000658597 -0.00214938 -0.00442471
internal_weight=166616 165956 164639 2634 1317 162005 1196 160809 1227 159582 10193 9010 4492 2781
internal_count=166616 165956 164639 2634 1317 162005 1196 160809 1227 159582 10193 9010 4492 2781
is_linear=0
shrinkage=0.05


Tree=114
num_leaves=15
num_cat=0
split_feature=3 1 1 1 0 0 1 1 1 1 0 0 3 0
split_gain=5.22597 11.3096 6.71714 9.39974 6.78263 6.17182 6.09386 5.67634 7.52431 10.1476 28.375 11.4171 8.7069 10.1915
threshold=0.15707236884188933 26.913919448852543 16.638400077819828 6.2926983833312997 2.8742823600769047 2.4317075014114384 30.064248085021976 35.858039855957038 35.498208999633796 34.944898605346687 3.4350713491439824 1.8307859897613528 7.4999996926635646 2.5340274572372441
decision_type=2 2 2 2 2 2 2 2 2 2 2 2 2 2
left_child=1 2 3 -1 -4 -5 -3 8 9 -2 11 -11 13 -10
right_child=7 6 4 5 -6 -7 -8 -9 12 10 -12 -13 -14 -15
leaf_value=0.0018866282927543056 2.3615560567745898e-05 -0.009366989220656893 -0.00013569265751290301 -0.00094020000669393651 0.0062678149533330679 -0.0067913894289094645 -0.0028218364087318842 0.0048655771380580002 -0.010531902119568799 0.0043912584598623646 0.01195690830777206 -0.0036838963740298426 0.0010632648686948454 -0.00084350587291653954
leaf_weight=1147 155443 544 1113 890 658 913 1027 611 579 793 679 977 731 511
leaf_count=1147 155443 544 1113 890 658 913 1027 611 579 793 679 977 731 511
internal_value=7.36151e-12 -0.00141351 -0.000190671 -0.00165198 0.00224348 -0.00390312 -0.00508827 5.54741e-05 3.70725e-05 7.39285e-05 0.00326739 -6.60445e-05 -0.00315857 -0.00598991
internal_weight=166616 6292 4721 2950 1771 1803 1571 160324 159713 157892 2449 1770 1821 1090
internal_count=166616 6292 4721 2950 1771 1803 1571 160324 159713 157892 2449 1770 1821 1090
is_linear=0
shrinkage=0.05


Tree=115
num_leaves=15
num_cat=0
split_feature=2 2 1 1 1 0 0 0 0 0 1 1 0 0
split_gain=4.81366 11.1225 9.27928 20.883 9.21006 9.50144 10.5543 9.03989 8.74669 14.9227 12.5562 15.3465 11.925 22.1714
threshold=1.5000000000000002 1.0000000180025095e-35 22.919562339782718 22.443345069885257 35.062276840209968 1.5259267091751101 2.4052219390869145 5.2737994194030771 2.0012447834014897 2.1058113574981694 29.749985694885257 28.886500358581547 4.2545571327209482 2.9964044094085698
decision_type=2 2 2 2 2 2 2 2 2 2 2 2 2 2
left_child=1 4 3 -3 -1 -6 -7 8 -4 -10 11 12 13 -11
right_child=-2 2 7 -5 5 6 -8 -9 9 10 -12 -13 -14 -15
leaf_value=0.00030310330200099663 0.00053212894493755148 -0.0010620139904675831 -0.00088310281873717048 -0.010344280458950592 0.0027187861743427459 -0.010636194104695844 -0.0019764553980062415 -0.0045690981828472614 0.0086866340554523757 -0.0011108564796732433 -0.0010761383678605709 0.0099086279583394908 -0.0056284769261419898 0.0065169128214437495
leaf_weight=80862 33862 31031 7268 618 525 548 983 952 656 2010 4351 628 511 1811
leaf_count=80862 33862 31031 7268 618 525 548 983 952 656 2010 4351 628 511 1811
internal_value=-2.29078e-11 -0.000135732 -0.000726069 -0.00124327 0.000219077 -0.00308567 -0.00507609 0.000173957 0.000435946 0.00139781 0.000884276 0.00260399 0.00154505 0.0025044
internal_weight=166616 132754 49836 31649 82918 2056 1531 18187 17235 9967 9311 4960 4332 3821
internal_count=166616 132754 49836 31649 82918 2056 1531 18187 17235 9967 9311 4960 4332 3821
is_linear=0
shrinkage=0.05


Tree=116
num_leaves=15
num_cat=0
split_feature=1 1 1 1 0 1 3 3 1 0 1 0 2 0
split_gain=4.80678 8.74135 5.37368 8.922 18.0435 6.19388 14.0302 27.5575 13.6072 17.5577 16.9158 33.9768 20.8176 11.866
threshold=0.11678899824619295 0.25816367566585546 0.96909725666046154 0.52856698632240307 2.8105616569519047 4.28786325454712 0.93541664420627202 0.76568627274985146 3.1100786924362187 2.1938685178756718 2.5924855470657353 3.0241129398345952 1.0000000180025095e-35 3.6429398059844975
decision_type=2 2 2 2 2 2 2 2 2 2 2 2 2 2
left_child=-1 -2 3 -3 -5 6 7 -4 10 -10 -8 12 -12 -11
right_child=1 2 5 4 -6 -7 8 -9 9 13 11 -13 -14 -15
leaf_value=0.0042585645319724629 -0.005755351323764011 -0.0011824291938276096 -0.00048576893747700166 0.0013185156814215292 0.012253177379015981 6.5067492671745813e-05 -0.0017906610241006987 0.012660078739567832 -0.00065008565613254403 -0.0096896801787794192 0.0052964275522578153 0.012247280650551647 -0.0061135653801978121 -0.0023093372642655264
leaf_weight=660 661 1316 1618 1466 508 146749 6253 529 2221 1429 744 718 864 880
leaf_count=660 661 1316 1618 1466 508 146749 6253 529 2221 1429 744 718 864 880
internal_value=-3.82626e-12 -1.69361e-05 6.01128e-06 0.00200653 0.0041325 -3.46153e-05 -0.000993474 0.00275324 -0.00160711 -0.00382398 -0.000436535 0.00320377 -0.000834315 -0.0068769
internal_weight=166616 165956 165295 3290 1974 162005 15256 2147 13109 4530 8579 2326 1608 2309
internal_count=166616 165956 165295 3290 1974 162005 15256 2147 13109 4530 8579 2326 1608 2309
is_linear=0
shrinkage=0.05


Tree=117
num_leaves=15
num_cat=0
split_feature=3 1 0 1 1 3 0 3 0 1 0 2 1 0
split_gain=4.92908 7.93465 26.8183 22.5597 20.7296 14.5656 13.8737 15.4583 16.26 11.9342 11.3978 22.5951 7.19651 10.0163
threshold=2.3405796909668424 6.7012107372283944 5.2737994194030771 6.2926983833312997 7.8094711303710946 2.3333332273695233 4.1703901290893564 1.5477272036216003 1.2010026574134829 7.0803611278533944 1.7857054471969607 1.5000000000000002 1.8361614942550661 2.3066990375518803
decision_type=2 2 2 2 2 2 2 2 2 2 2 2 2 2
left_child=1 2 3 6 9 -6 7 10 -9 -3 -1 12 -12 -14
right_child=-2 4 -4 -5 5 -7 -8 8 -10 -11 11 -13 13 -15
leaf_value=-0.0010782069123937714 0.00019986048282458533 -0.00064189988940363237 0.011313241857239352 0.0090259165934805635 -0.00033068839916461796 -0.007763470911180047 -0.0065415914549039559 0.0048259903048297192 -0.0049765837860225783 -0.0088565357295530191 0.0050065594938007536 0.01048787320376828 0.0050266094552942472 -0.0024219023376382404
leaf_weight=2558 108186 706 578 686 44628 669 829 529 2112 1183 902 839 632 1579
leaf_count=2558 108186 706 578 686 44628 669 829 529 2112 1183 902 839 632 1579
internal_value=-7.51947e-12 -0.000370051 0.000823557 0.000255112 -0.000654478 -0.000440465 -0.000347771 0.000213335 -0.0030131 -0.00578638 0.00152225 0.00320543 0.00124271 -0.000292794
internal_weight=166616 58430 11244 10666 47186 45297 9980 9151 2641 1889 6510 3952 3113 2211
internal_count=166616 58430 11244 10666 47186 45297 9980 9151 2641 1889 6510 3952 3113 2211
is_linear=0
shrinkage=0.05


Tree=118
num_leaves=15
num_cat=0
split_feature=3 3 1 1 1 1 3 3 2 1 1 1 0 0
split_gain=4.83484 16.1751 20.7152 9.86233 9.04092 15.6898 11.0228 9.38563 12.7675 8.28557 30.1897 24.7265 13.8172 30.7643
threshold=1.3390804792898681 1.428571458981962 19.274257659912113 5.8423292636871347 8.4310340881347674 7.2261574268341073 0.74999997485429171 1.2499999525025507 1.5000000000000002 32.520797729492195 32.097225189208991 33.812385559082038 1.7473656535148623 2.8936786651611333
decision_type=2 2 2 2 2 2 2 2 2 2 2 2 2 2
left_child=3 2 -2 -1 5 -5 -7 -6 -9 10 -3 12 -11 -14
right_child=1 9 -4 4 7 6 -8 8 -10 11 -12 -13 13 -15
leaf_value=0.0013212750771486948 0.010380196368581132 3.817188629590016e-05 -0.00075567316818334843 -0.00022546029720556493 -0.00029896716886398445 -0.0027741963816889093 -0.012346557278945047 -0.0016132119433144806 -0.0099113884789602189 0.00026916322889131524 -0.0071685950822859964 -0.00032168999552535269 0.011489751771200844 0.0013822014977873849
leaf_weight=6171 869 113623 804 1511 25366 565 643 2218 586 1444 1472 8327 1443 1574
leaf_count=6171 869 113623 804 1511 25366 565 643 2218 586 1444 1472 8327 1443 1574
internal_value=-2.83684e-12 0.000144054 0.00502859 -0.000503592 -0.000868164 -0.00362153 -0.00786942 -0.000602406 -0.00334742 8.01536e-05 -5.39986e-05 0.00128756 0.00429141 0.00621654
internal_weight=166616 129556 1673 37060 30889 2719 1208 28170 2804 127883 115095 12788 4461 3017
internal_count=166616 129556 1673 37060 30889 2719 1208 28170 2804 127883 115095 12788 4461 3017
is_linear=0
shrinkage=0.05


Tree=119
num_leaves=15
num_cat=0
split_feature=3 1 1 1 0 1 0 0 0 0 2 1 0 1
split_gain=4.6755 10.0808 6.19971 7.91664 6.07935 5.59182 5.56657 5.37211 21.2088 25.3819 19.219 18.3634 17.0676 77.4427
threshold=0.15707236884188933 26.913919448852543 16.638400077819828 6.2926983833312997 2.8742823600769047 30.064248085021976 2.4317075014114384 4.8446490764617929 4.5304203033447275 4.437899351119996 1.0000000180025095e-35 7.65584421157837 5.2737994194030771 30.828601837158207
decision_type=2 2 2 2 2 2 2 2 2 2 2 2 2 2
left_child=1 2 3 -1 -4 -3 -5 8 9 -2 -11 -10 13 -9
right_child=7 5 4 6 -6 -7 -8 12 11 10 -12 -13 -14 -15
leaf_value=0.0016610724810890874 6.2754083556838377e-06 -0.0089050585787524197 -9.6429703022484731e-05 -0.00083843670450569534 0.0059660102414833471 -0.0026353106461283991 -0.0063953185311201371 0.0068728138224195337 0.0021934989968250538 0.01350006164185508 0.00099983064994264197 -0.0058525218462270132 -0.00022510848476143034 -0.013995227274735742
leaf_weight=1147 143942 544 1113 890 658 1027 913 3137 957 612 618 2738 7802 518
leaf_count=1147 143942 544 1113 890 658 1027 913 3137 957 612 618 2738 7802 518
internal_value=1.61114e-11 -0.001337 -0.000182499 -0.0015864 0.00215602 -0.00480638 -0.00365232 5.24712e-05 -2.78221e-05 6.73906e-05 0.00721946 -0.00376861 0.00109577 0.00391532
internal_weight=166616 6292 4721 2950 1771 1571 1803 160324 148867 145172 1230 3695 11457 3655
internal_count=166616 6292 4721 2950 1771 1571 1803 160324 148867 145172 1230 3695 11457 3655
is_linear=0
shrinkage=0.05


Tree=120
num_leaves=15
num_cat=0
split_feature=0 1 3 3 1 0 1 2 1 0 0 2 0 0
split_gain=4.51629 9.20449 8.91917 11.0539 10.1186 16.4095 15.8581 9.6858 6.88852 6.84366 6.8048 5.90355 12.4467 22.0494
threshold=0.76394006609916698 31.53483867645264 1.8377192846412529 2.464102632900667 6.4458811283111581 0.58572182059288036 11.441238403320314 1.5000000000000002 11.441238403320314 0.55394721031188976 0.34555438160896307 1.5000000000000002 0.94482553005218517 1.0076549649238589
decision_type=2 2 2 2 2 2 2 2 2 2 2 2 2 2
left_child=1 2 7 -4 5 -5 -6 8 -1 -10 -8 -2 -13 -14
right_child=11 -3 3 4 6 -7 10 -9 9 -11 -12 12 13 -15
leaf_value=-0.0051364466335918433 -8.7587911428262168e-05 -0.0051576898402565137 0.0065103079889812614 0.0089167664526697554 -0.0069446855020792609 -0.0025065783671774232 0.0055607414981966351 -0.0088712779593555051 0.005125320815720532 -0.0022066955530550933 -0.00062857916764059258 0.0054469265168764318 -0.0087186729404288271 0.00066850468714850552
leaf_weight=773 124409 1183 685 698 973 572 514 546 541 773 3265 1311 639 29734
leaf_count=773 124409 1183 685 698 973 572 514 546 541 773 3265 1311 639 29734
internal_value=-2.17101e-12 -0.00100259 -0.00047631 0.00049179 -0.000192814 0.00377176 -0.00125237 -0.00294234 -0.00139121 0.000812042 0.00021326 6.75897e-05 0.000676903 0.000471013
internal_weight=166616 10523 9340 6707 6022 1270 4752 2633 2087 1314 3779 156093 31684 30373
internal_count=166616 10523 9340 6707 6022 1270 4752 2633 2087 1314 3779 156093 31684 30373
is_linear=0
shrinkage=0.05


Tree=121
num_leaves=15
num_cat=0
split_feature=1 1 3 0 1 0 0 1 0 1 1 0 1 3
split_gain=4.32181 7.49161 8.66409 9.25333 8.43653 29.8235 10.0507 5.55922 11.9363 5.63829 21.995 34.776 14.3652 18.766
threshold=35.858039855957038 35.498208999633796 7.4999996926635646 2.5340274572372441 34.944898605346687 3.4350713491439824 1.8307859897613528 34.729074478149421 2.5649137496948247 32.520797729492195 32.097225189208991 2.9113262891769414 33.812385559082038 1.7499999301508098
decision_type=2 2 2 2 2 2 2 2 2 2 2 2 2 2
left_child=1 4 3 -3 7 6 -6 9 -9 10 -1 -12 13 -11
right_child=-2 2 -4 -5 5 -7 -8 8 -10 12 11 -13 -14 -15
leaf_value=-6.7583263106142811e-06 0.0041600206735097718 -0.010017471061943997 0.0011263981624601968 -0.0010895757653612821 0.0036352326432839404 0.01154395528137684 -0.0038312785431323438 0.0016048043423891067 -0.0080910572166330835 -0.0017884757237079053 -0.00055867420299582089 -0.014699238261818457 -0.00099442333234557221 0.0045412170988683902
leaf_weight=148056 622 617 731 548 812 714 1013 625 645 1625 1278 659 4480 4191
leaf_count=148056 622 617 731 548 812 714 1013 625 645 1625 1278 659 4480 4191
internal_value=-1.05117e-11 -1.55881e-05 -0.00314054 -0.00581791 2.05178e-05 0.00288031 -0.000509192 -2.44256e-05 -0.00331947 1.68169e-06 -7.60128e-05 -0.00536953 0.00113354 0.00277269
internal_weight=166616 165994 1896 1165 164098 2539 1825 161559 1270 160289 149993 1937 10296 5816
internal_count=166616 165994 1896 1165 164098 2539 1825 161559 1270 160289 149993 1937 10296 5816
is_linear=0
shrinkage=0.05


Tree=122
num_leaves=15
num_cat=0
split_feature=0 0 0 1 1 1 1 1 1 1 0 0 0 1
split_gain=4.21755 13.7262 32.6459 34.905 34.8668 26.6251 24.7937 25.8976 21.7254 25.321 21.517 19.3756 16.8102 42.3029
threshold=2.8742823600769047 2.5649137496948247 2.4568327665328984 20.124761581420902 23.509568214416507 29.441926002502445 28.716909408569339 33.812385559082038 32.097225189208991 30.064248085021976 2.4317075014114384 2.4823607206344609 2.5211784839630131 10.401924610137941
decision_type=2 2 2 2 2 2 2 2 2 2 2 2 2 2
left_child=1 2 10 11 -5 -6 -3 8 9 -8 -1 -4 -13 -14
right_child=-2 6 3 4 5 -7 7 -9 -10 -11 -12 12 13 -15
leaf_value=-0.00010566200723985801 0.00035418321986415352 -0.0028457452666236661 -0.0066478404137287062 0.02008798907851753 -0.00069841888023087638 0.011843045825549499 0.010013630908138739 -0.0047002700116564817 0.013568546109585257 -0.005471777285726267 -0.0065304076251166679 0.0069515202435213412 -0.011853162162005902 0.0071697394658915203
leaf_weight=91632 55868 10033 741 511 901 798 501 797 632 558 1322 1145 540 637
leaf_count=91632 55868 10033 741 511 901 798 501 797 632 558 1322 1145 540 637
internal_value=2.53422e-11 -0.000178671 2.00665e-05 0.0038472 0.0086364 0.00519216 -0.00173777 0.00273022 0.00623235 0.00185418 -0.000197035 0.000391726 0.0026382 -0.00155784
internal_weight=166616 110748 98227 5273 2210 1699 12521 2488 1691 1059 92954 3063 2322 1177
internal_count=166616 110748 98227 5273 2210 1699 12521 2488 1691 1059 92954 3063 2322 1177
is_linear=0
shrinkage=0.05


Tree=123
num_leaves=15
num_cat=0
split_feature=1 1 1 0 0 1 3 3 1 1 0 2 0 2
split_gain=4.21382 8.21428 8.93897 11.8278 7.27521 6.07162 12.2291 18.2948 15.3473 16.1212 31.3353 21.191 14.2969 13.8611
threshold=0.11678899824619295 0.4011408537626267 0.96909725666046154 2.9418302774429326 2.8407365083694462 4.28786325454712 0.8749999650754049 0.74642857351549563 3.1100786924362187 2.5924855470657353 3.0241129398345952 1.0000000180025095e-35 2.4687794446945195 1.5000000000000002
decision_type=2 2 2 2 2 2 2 2 2 2 2 2 2 2
left_child=-1 4 3 -3 -2 6 7 -4 9 13 11 -11 -10 -8
right_child=1 2 5 -5 -6 -7 8 -9 12 10 -12 -13 -14 -15
leaf_value=0.0039872559089439387 -0.0010370452468301736 0.00095977584987424949 -0.00011886186932898917 0.0086761350763108896 -0.0086916332294841008 6.7321134631476311e-05 -0.0028756587651671138 0.010906942959667909 -0.0013403055523183906 0.005512610419754641 0.011852503228301517 -0.0059366567011165565 -0.0069518318939151644 0.0027084977082358947
leaf_weight=660 816 1970 1484 664 501 146749 4891 504 2519 754 729 871 2066 1438
leaf_count=660 816 1970 1484 664 501 146749 4891 504 2519 754 729 871 2066 1438
internal_value=-3.18264e-11 -1.58572e-05 1.56047e-05 0.00290498 -0.00394893 -3.13729e-05 -0.000980721 0.00267641 -0.00152868 -0.000292972 0.00323966 -0.000624197 -0.00386886 -0.00160689
internal_weight=166616 165956 164639 2634 1317 162005 15256 1988 13268 8683 2354 1625 4585 6329
internal_count=166616 165956 164639 2634 1317 162005 15256 1988 13268 8683 2354 1625 4585 6329
is_linear=0
shrinkage=0.05


Tree=124
num_leaves=15
num_cat=0
split_feature=3 1 1 0 0 1 0 0 0 0 2 0 1 1
split_gain=4.14849 6.61922 7.38051 9.41967 10.6684 6.96868 26.3505 8.0039 12.0698 6.94511 11.4077 8.87105 6.13908 12.1226
threshold=0.50806453752716252 35.858039855957038 35.498208999633796 1.6286355257034304 2.8407365083694462 34.944898605346687 3.4350713491439824 2.3524349927902226 1.3854345083236697 6.8048992156982431 1.0000000180025095e-35 6.5171666145324716 27.330609321594242 24.717533111572269
decision_type=2 2 2 2 2 2 2 2 2 2 2 2 2 2
left_child=12 2 5 -4 -5 9 7 8 -7 11 -11 -2 13 -1
right_child=1 -3 3 4 -6 6 -8 -9 -10 10 -12 -13 -14 -15
leaf_value=-0.00097957655524558043 2.4389323764698285e-05 0.005307472516504274 0.0024718429553304789 -0.010209432097106445 -0.0010190413799585319 -0.0040535824637361398 0.011266119707353153 -0.005565584573511766 0.0061079677389284902 -0.00076650825487979051 0.0075626575165627461 -0.0062860368162873399 -0.0032943251220175261 0.0058850282604635019
leaf_weight=6564 150103 599 526 615 649 508 659 535 688 849 797 559 2252 713
leaf_count=6564 150103 599 526 615 649 508 659 535 688 849 797 559 2252 713
internal_value=4.1851e-11 6.14484e-05 4.13678e-05 -0.00315082 -0.00549063 7.83044e-05 0.00275726 -0.000482106 0.00179186 3.62666e-05 0.00326651 9.75801e-07 -0.00101299 -0.000306983
internal_weight=166616 157087 156488 1790 1264 154698 2390 1731 1196 152308 1646 150662 9529 7277
internal_count=166616 157087 156488 1790 1264 154698 2390 1731 1196 152308 1646 150662 9529 7277
is_linear=0
shrinkage=0.05


Tree=125
num_leaves=15
num_cat=0
split_feature=0 1 3 3 2 1 0 1 1 0 2 0 0 1
split_gain=4.05242 8.40486 8.09582 11.3762 10.6062 9.22673 14.7668 14.3119 7.46058 6.14133 5.16407 11.3245 13.9215 11.6987
threshold=0.76394006609916698 31.53483867645264 1.9128787167852672 2.464102632900667 1.5000000000000002 6.4458811283111581 0.58572182059288036 11.441238403320314 9.2546305656433123 0.34555438160896307 1.5000000000000002 0.91449826955795299 0.99254509806633007 30.980435371398929
decision_type=2 2 2 2 2 2 2 2 2 2 2 2 2 2
left_child=1 2 4 -4 8 6 -5 -7 -1 -9 -2 -12 -13 -14
right_child=10 -3 3 5 -6 7 -8 9 -10 -11 11 12 13 -15
leaf_value=-0.005662645432115903 -8.1109211430801631e-05 -0.0049202212152194905 0.0069050807541551689 0.008489578148953212 -0.008883805429296834 -0.0065964159577748026 -0.002346926005361797 0.0052837395047631254 0.0007876848395961312 -0.00059611461429099396 0.0058539345305020484 -0.0061359973894539793 0.00022091019108055017 0.0029989027437463682
leaf_weight=641 124409 1183 626 698 560 973 572 514 1491 3265 1006 779 25446 4453
leaf_count=641 124409 1183 626 698 560 973 572 514 1491 3265 1006 779 25446 4453
internal_value=2.49091e-11 -0.000949709 -0.000446806 0.000489934 -0.00276012 -0.000176935 0.00360888 -0.00118872 -0.00115165 0.000203633 6.40246e-05 0.000633901 0.000462724 0.00063465
internal_weight=166616 10523 9340 6648 2692 6022 1270 4752 2132 3779 156093 31684 30678 29899
internal_count=166616 10523 9340 6648 2692 6022 1270 4752 2132 3779 156093 31684 30678 29899
is_linear=0
shrinkage=0.05


Tree=126
num_leaves=15
num_cat=0
split_feature=3 3 3 3 3 3 3 3 2 1 1 3 1 1
split_gain=4.01218 13.0082 11.4724 11.8772 13.865 24.7579 14.1614 11.7027 22.4366 11.4691 12.779 10.3066 8.7976 23.579
threshold=3.4999998603016196 3.666666645970611 3.4494947689660429 3.3452381725315337 3.2071428860632731 3.1143790266841704 2.8918128708784359 2.7499999674037121 1.0000000180025095e-35 8.5605859756469744 27.330609321594242 2.9999998994171668 32.660642623901374 32.097225189208991
decision_type=2 2 2 2 2 2 2 2 2 2 2 2 2 2
left_child=2 -2 3 4 5 6 7 -1 -9 -6 -11 -8 13 -3
right_child=1 12 -4 -5 9 -7 11 8 -10 10 -12 -13 -14 -15
leaf_value=-0.00022357936870393688 0.0054271689417923026 0.00010301602653023439 -0.0062592006053286374 0.0056845700566019019 -0.010705454993614081 0.0073861761293421832 -0.0067472100251553847 -0.00177511945579045 0.010011776646188603 0.00092355148649865722 -0.0086451502723022579 -0.00099295905991095951 0.0016495317609842776 -0.0064166219415245284
leaf_weight=64666 1184 80903 792 845 521 1071 1400 812 803 1082 515 1752 8859 1411
leaf_count=64666 1184 80903 792 845 521 1071 1400 812 803 1082 515 1752 8859 1411
internal_value=-1.47889e-11 0.00022001 -0.000273629 -0.000209103 -0.000277679 -0.000157936 -0.000274303 -0.000118585 0.00408549 -0.0042637 -0.00216216 -0.00354878 0.000152388 -8.7415e-06
internal_weight=166616 92357 74259 73467 72622 70504 69433 66281 1615 2118 1597 3152 91173 82314
internal_count=166616 92357 74259 73467 72622 70504 69433 66281 1615 2118 1597 3152 91173 82314
is_linear=0
shrinkage=0.05


Tree=127
num_leaves=15
num_cat=0
split_feature=1 1 0 0 1 1 2 1 1 2 0 3 1 0
split_gain=3.8093 7.47855 4.58907 15.2534 10.0002 8.46089 44.5751 18.9961 25.7169 20.8241 20.327 20.1124 16.5969 32.0873
threshold=0.11678899824619295 0.25816367566585546 1.7857054471969607 1.7951956391334536 1.5365478396415713 2.4243477582931523 1.5000000000000002 3.1100786924362187 4.1772935390472421 1.5000000000000002 3.9844847917556767 5.3333333664470262 4.6759095191955575 3.1148912906646733
decision_type=2 2 2 2 2 2 2 2 2 2 2 2 2 2
left_child=-1 -2 -3 -4 -5 6 -6 11 9 10 -9 -7 13 -10
right_child=1 2 3 4 5 7 -8 8 12 -11 -12 -13 -14 -15
leaf_value=0.003791044509659211 -0.0053228379749945187 -0.00035423332362958122 0.0077998297034177879 0.0026474839444897915 -0.0063613021160875043 0.00061313130177198484 0.0096119219238382653 -0.0049172659064056559 0.011224039690324731 -0.013621816374433019 0.0063585493064288838 0.010585400460174199 8.2186551352062776e-05 -0.0021423420827129352
leaf_weight=660 661 57570 656 3870 1960 1183 562 1961 953 521 502 883 93825 849
leaf_count=660 661 57570 656 3870 1960 1183 562 1961 953 521 502 883 93825 849
internal_value=2.79068e-11 -1.50768e-05 6.14847e-06 0.000198742 0.000152171 5.85962e-05 -0.00280184 0.000130251 3.08392e-05 -0.00454013 -0.00261907 0.00487524 0.000173474 0.00492656
internal_weight=166616 165956 165295 107725 107069 103199 2522 100677 98611 2984 2463 2066 95627 1802
internal_count=166616 165956 165295 107725 107069 103199 2522 100677 98611 2984 2463 2066 95627 1802
is_linear=0
shrinkage=0.05


Tree=128
num_leaves=15
num_cat=0
split_feature=3 1 1 1 1 0 0 1 1 0 0 0 1 0
split_gain=3.68009 8.56254 5.28109 5.27708 7.69714 7.02331 5.65813 7.59951 4.38231 5.29643 18.6432 23.5921 67.9242 42.7867
threshold=0.15707236884188933 26.913919448852543 30.064248085021976 15.979670047760012 6.2926983833312997 3.1672945022583012 2.1938685178756718 21.701152801513675 35.858039855957038 4.0269718170166025 3.912905335426331 3.8044918775558476 16.219949722290043 3.7782702445983891
decision_type=2 2 2 2 2 2 2 2 2 2 2 2 2 2
left_child=1 3 -3 4 -1 -6 -5 -8 9 10 11 13 -13 -2
right_child=8 2 -4 6 5 -7 7 -9 -10 -11 -12 12 -14 -15
leaf_value=0.0016837412645713914 -3.4032480086826388e-05 -0.0083668086773661127 -0.0022737505170131265 -0.0012083654736944022 -0.0013853101028885905 -0.0082514031304289481 0.0084196588288653982 -3.2208726280233234e-05 0.0042729614174478181 0.00074231375341965206 -0.00503629922652359 -0.0061560047611936069 0.013371506111786492 -0.013168004385971528
leaf_weight=1147 132905 544 1027 812 1145 552 550 515 611 22452 1876 741 1116 623
leaf_count=1147 132905 544 1027 812 1145 552 550 515 611 22452 1876 741 1116 623
internal_value=7.76391e-12 -0.00118617 -0.00438363 -0.00012215 -0.00148021 -0.00361871 0.00193555 0.00433261 4.65517e-05 3.03831e-05 -8.60685e-05 -1.74743e-05 0.00557943 -9.53115e-05
internal_weight=166616 6292 1571 4721 2844 1697 1877 1065 160324 159713 137261 135385 1857 133528
internal_count=166616 6292 1571 4721 2844 1697 1877 1065 160324 159713 137261 135385 1857 133528
is_linear=0
shrinkage=0.05


Tree=129
num_leaves=15
num_cat=0
split_feature=0 1 3 3 2 1 0 1 1 0 1 1 1 1
split_gain=3.49071 7.62321 7.20634 10.3152 9.57566 8.37025 13.3318 12.8798 6.75513 5.5436 4.72805 55.3689 41.7965 27.9954
threshold=0.76394006609916698 31.53483867645264 1.9128787167852672 2.464102632900667 1.5000000000000002 6.4458811283111581 0.58572182059288036 11.441238403320314 9.2546305656433123 0.34555438160896307 29.441926002502445 28.302341461181644 29.749985694885257 29.011299133300785
decision_type=2 2 2 2 2 2 2 2 2 2 2 2 2 2
left_child=1 2 4 -4 8 6 -5 -7 -1 -9 11 -2 -12 -13
right_child=10 -3 3 5 -6 7 -8 9 -10 -11 12 13 -14 -15
leaf_value=-0.0053491227200920238 0.00013632600914058917 -0.0046628133596148622 0.0065899541250433033 0.0080896107399873549 -0.0084035972771900041 -0.006247394708849544 -0.0022069222886453976 0.0050300164039496784 0.00078867481737869213 -0.00055637216494970631 0.0096420648714566747 -0.0082937551988211157 0.00023440026668354464 -0.00047057551226993924
leaf_weight=641 122710 1183 626 698 560 973 572 514 1491 3265 1234 3000 27301 1848
leaf_count=641 122710 1183 626 698 560 973 572 514 1491 3265 1234 3000 27301 1848
internal_value=4.36401e-11 -0.000881435 -0.000402487 0.000481296 -0.00258503 -0.000153712 0.00345212 -0.00111739 -0.00105669 0.000203459 5.94219e-05 -7.07312e-05 0.000641236 -0.00531165
internal_weight=166616 10523 9340 6648 2692 6022 1270 4752 2132 3779 156093 127558 28535 4848
internal_count=166616 10523 9340 6648 2692 6022 1270 4752 2132 3779 156093 127558 28535 4848
is_linear=0
shrinkage=0.05


Tree=130
num_leaves=15
num_cat=0
split_feature=3 3 3 3 3 3 3 3 2 1 1 1 0 1
split_gain=3.46582 11.7718 10.3623 10.7039 12.58 22.267 12.8426 10.495 20.2522 10.381 11.6706 9.93133 8.48486 7.8414
threshold=3.4999998603016196 3.666666645970611 3.4494947689660429 3.3452381725315337 3.2071428860632731 3.1143790266841704 2.8918128708784359 2.7499999674037121 1.0000000180025095e-35 8.5605859756469744 25.719968795776371 29.441926002502445 2.0920801162719731 32.660642623901374
decision_type=2 2 2 2 2 2 2 2 2 2 2 2 2 2
left_child=2 12 3 4 5 6 7 -1 -9 -6 -11 -8 -2 -3
right_child=1 13 -4 -5 9 -7 11 8 -10 10 -12 -13 -14 -15
leaf_value=-0.0002055308349827638 0.0099164631231963979 -1.1967404531067307e-05 -0.0059429320751341304 0.0054020106882275744 -0.010183508961591977 0.0070105207191795867 -0.0046800427985940361 -0.0016928536434350492 0.0095055523897946848 0.0014125839045981135 -0.0073233704461660295 0.0026524010003756509 0.0013929901044370547 0.0015535960289996481
leaf_weight=64666 523 82314 792 845 521 1071 2590 812 803 963 634 562 661 8859
leaf_count=64666 523 82314 792 845 521 1071 2590 812 803 963 634 562 661 8859
internal_value=-1.84405e-12 0.000204482 -0.000254317 -0.000192991 -0.000258093 -0.000144033 -0.000254391 -0.000106101 0.00387515 -0.00405491 -0.00205554 -0.00337267 0.005158 0.000140154
internal_weight=166616 92357 74259 73467 72622 70504 69433 66281 1615 2118 1597 3152 1184 91173
internal_count=166616 92357 74259 73467 72622 70504 69433 66281 1615 2118 1597 3152 1184 91173
is_linear=0
shrinkage=0.05


Tree=131
num_leaves=15
num_cat=0
split_feature=1 1 1 0 0 0 1 1 3 3 1 1 0 2
split_gain=3.42111 7.03698 7.68356 10.4076 6.68461 5.7943 6.50058 5.17846 11.4841 16.5595 12.5592 13.4166 27.7341 19.1509
threshold=0.11678899824619295 0.4011408537626267 0.96909725666046154 2.9418302774429326 2.8407365083694462 2.1802504062652592 0.6692619025707246 4.28786325454712 0.8749999650754049 0.74642857351549563 3.1100786924362187 2.5924855470657353 3.0241129398345952 1.0000000180025095e-35
decision_type=2 2 2 2 2 2 2 2 2 2 2 2 2 2
left_child=-1 4 3 5 -2 6 -3 8 9 -4 11 -10 13 -13
right_child=1 2 7 -5 -6 -7 -8 -9 10 -11 -12 12 -14 -15
leaf_value=0.0035926891894390183 -0.00086342495975687229 0.0061895053786178078 -2.0873513401578861e-05 0.0081072521527825164 -0.0082007376045851177 -0.0033085154943576418 -0.00066418115256561185 6.2424305122887172e-05 -0.0015172756400429772 0.010468979901264585 -0.0035534460564634503 0.0051029627772161759 0.011006905689173787 -0.0057812501023064801
leaf_weight=660 816 666 1484 664 501 584 720 146749 6329 504 4585 754 729 871
leaf_count=660 816 666 1484 664 501 584 720 146749 6329 504 4585 754 729 871
internal_value=-7.99769e-12 -1.4288e-05 1.48321e-05 0.00269364 -0.00365461 0.000868948 0.00262915 -2.87219e-05 -0.000905467 0.00263853 -0.00143648 -0.000318627 0.00290408 -0.000730975
internal_weight=166616 165956 164639 2634 1317 1970 1386 162005 15256 1988 13268 8683 2354 1625
internal_count=166616 165956 164639 2634 1317 1970 1386 162005 15256 1988 13268 8683 2354 1625
is_linear=0
shrinkage=0.05


Tree=132
num_leaves=15
num_cat=0
split_feature=2 2 1 0 0 1 1 1 0 0 0 0 1 0
split_gain=3.35593 10.0868 8.81862 8.83081 8.88815 8.77382 36.4055 21.7163 22.1502 44.0544 32.7907 23.4895 23.901 17.7954
threshold=1.5000000000000002 1.0000000180025095e-35 35.062276840209968 1.5259267091751101 2.4052219390869145 14.457938194274904 12.326219081878664 11.569818973541262 4.0656988620758066 4.8446490764617929 3.6429398059844975 3.2705168724060063 5.3343372344970712 1.5128298401832583
decision_type=2 2 2 2 2 2 2 2 2 2 2 2 2 2
left_child=1 2 -1 -4 -5 6 7 8 10 -10 11 12 -2 -8
right_child=5 -3 3 4 -6 -7 13 -9 9 -11 -12 -13 -14 -15
leaf_value=0.00030677575538157415 -0.0012116930156890022 -0.00067551176965010814 0.0025866602829524451 -0.010030489349669785 -0.0020836176893589517 -0.00024427724991466496 -0.00048466672347744378 -0.0083276304680908082 -0.01604576563523134 0.001886998779538068 0.013055224706533461 -0.0080754415759050364 0.0040708096310628945 0.0097032457042833895
leaf_weight=80862 3980 49836 525 548 983 19551 571 690 554 897 593 672 4635 1719
leaf_count=80862 3980 49836 525 548 983 19551 571 690 554 897 593 672 4635 1719
internal_value=-3.78175e-11 -0.000113332 0.000224554 -0.0030092 -0.00492809 0.000444309 0.00138502 0.00028433 0.000808755 -0.00495983 0.00165594 0.000928068 0.00163037 0.00716294
internal_weight=166616 132754 82918 2056 1531 33862 14311 12021 11331 1451 9880 9287 8615 2290
internal_count=166616 132754 82918 2056 1531 33862 14311 12021 11331 1451 9880 9287 8615 2290
is_linear=0
shrinkage=0.05


Tree=133
num_leaves=15
num_cat=0
split_feature=3 1 0 0 0 2 0 1 0 0 0 1 1 1
split_gain=3.36468 9.3778 7.89805 13.7499 7.04427 9.08084 6.27017 56.2286 23.5241 15.928 11.3887 20.3402 18.7053 9.48122
threshold=1.0156249842839327 35.858039855957038 6.5171666145324716 5.7894363403320321 6.8048992156982431 1.0000000180025095e-35 5.3516390323638925 18.239912033081058 5.2105743885040292 5.2737994194030771 5.5627741813659677 31.391610145568851 24.358232498168949 7.65584421157837
decision_type=2 2 2 2 2 2 2 2 2 2 2 2 2 2
left_child=2 4 3 -1 6 -6 8 13 -2 -10 -9 12 -12 -8
right_child=1 -3 -4 -5 5 -7 7 10 9 -11 11 -13 -14 -15
leaf_value=-0.00053395814524876957 4.2533763900532512e-05 0.0066533914993188396 -0.0065318629766212208 0.0077524853199172549 -0.00026455457392886842 0.0076332235698411827 -0.0032393002782047106 -0.002667565878256466 0.01388940605614699 0.0015004939367104211 0.0083713692008465772 0.012954030886614953 -0.0043031010616139346 -0.0098844185819461552
leaf_weight=27204 130727 544 532 510 757 701 866 540 511 527 556 618 611 1412
leaf_count=27204 130727 544 532 510 757 701 866 540 511 527 556 618 611 1412
internal_value=1.81657e-11 0.000101518 -0.000497309 -0.000381469 7.56573e-05 0.00353266 3.86962e-05 -0.00177529 0.000102065 0.00759947 0.00369479 0.00561954 0.00173546 -0.00735822
internal_weight=166616 138370 28246 27714 137826 1458 136368 4603 131765 1038 2325 1785 1167 2278
internal_count=166616 138370 28246 27714 137826 1458 136368 4603 131765 1038 2325 1785 1167 2278
is_linear=0
shrinkage=0.05


Tree=134
num_leaves=15
num_cat=0
split_feature=0 0 0 1 1 1 1 1 0 0 2 0 0 2
split_gain=3.17553 15.3649 29.3461 31.3733 31.4127 23.6433 21.4671 32.5071 19.3985 18.5534 17.7133 17.424 16.4231 16.1228
threshold=2.8248012065887456 2.5649137496948247 2.4568327665328984 20.124761581420902 23.509568214416507 29.441926002502445 23.057459831237797 18.552156448364261 2.4317075014114384 2.6553889513015752 1.5000000000000002 2.4823607206344609 2.4455107450485234 1.0000000180025095e-35
decision_type=2 2 2 2 2 2 2 2 2 2 2 2 2 2
left_child=1 2 8 11 -5 -6 7 9 -1 -3 -8 -4 -10 -13
right_child=-2 6 3 4 5 -7 10 -9 12 -11 -12 13 -14 -15
leaf_value=-8.3488345837480301e-05 0.00029935281547727931 -0.0058677672900252307 -0.0062874772690246624 0.01907417929773228 -0.00061552925572857739 0.011202820740584145 0.0025820188439349846 -0.011403798115464438 -0.011773554179732644 8.8211751998135189e-05 -0.0064713817921130028 -0.0021518782244595194 -0.00062768124100129894 0.0062352809529212776
leaf_weight=91632 57838 2072 741 511 901 798 3153 1130 659 3544 652 1029 663 1293
leaf_count=91632 57838 2072 741 511 901 798 3153 1130 659 3544 652 1029 663 1293
internal_value=2.65508e-13 -0.000159168 3.55905e-05 0.00366415 0.0082046 0.00493541 -0.00197232 -0.00366613 -0.000170247 -0.00210922 0.00103069 0.000388154 -0.00618376 0.00251849
internal_weight=166616 108778 98227 5273 2210 1699 10551 6746 92954 5616 3805 3063 1322 2322
internal_count=166616 108778 98227 5273 2210 1699 10551 6746 92954 5616 3805 3063 1322 2322
is_linear=0
shrinkage=0.05


Tree=135
num_leaves=15
num_cat=0
split_feature=1 1 1 0 3 3 3 2 1 0 0 0 1 0
split_gain=3.2289 50.137 31.963 22.3787 17.5239 26.5394 22.5141 11.9475 11.0882 43.4145 23.1697 48.1855 46.9285 16.3831
threshold=27.872859001159672 29.011299133300785 27.720938682556156 1.1112225055694582 2.256578903678816 4.1291665402241096 9.1833331319193139 1.0000000180025095e-35 30.226331710815433 1.5029856562614443 1.8307859897613528 2.4568327665328984 29.621117591857914 3.591394424438477
decision_type=2 2 2 2 2 2 2 2 2 2 2 2 2 2
left_child=2 3 -1 -2 7 -6 -7 -5 9 -3 -11 -12 13 -13
right_child=1 8 -4 4 5 6 -8 -9 -10 10 11 12 -14 -15
leaf_value=6.2483643576697432e-05 0.0030444831532590532 -0.0050234372569399038 0.011161092259675447 -0.015533584447007179 0.0051187607081654906 -0.013296303453014587 -0.0029448370232892517 -0.0066141962029717186 -8.0555848180183576e-05 0.014473034358542899 -0.0055629750728667026 0.0061399634426448782 0.014391543017428227 -0.0064964729769710905
leaf_weight=128522 748 1419 652 689 622 801 1526 825 27017 575 996 513 1198 513
leaf_count=128522 748 1419 652 689 622 801 1526 825 27017 575 996 513 1198 513
internal_value=9.28375e-12 -0.000408834 0.000118503 -0.0049592 -0.00630061 -0.00405571 -0.00650802 -0.0106733 0.000326854 0.0024379 0.00522779 0.00357685 0.00767004 -0.000178255
internal_weight=166616 37442 129174 5211 4463 2949 2327 1514 32231 5214 3795 3220 2224 1026
internal_count=166616 37442 129174 5211 4463 2949 2327 1514 32231 5214 3795 3220 2224 1026
is_linear=0
shrinkage=0.05


Tree=136
num_leaves=15
num_cat=0
split_feature=1 1 1 0 2 0 1 0 1 0 1 0 1 1
split_gain=3.17442 6.32021 7.03635 9.25078 6.36347 5.1548 5.88221 4.77534 8.80586 6.00956 13.0081 4.25945 6.8515 5.26567
threshold=0.11678899824619295 0.4011408537626267 0.96909725666046154 2.9418302774429326 1.0000000180025095e-35 2.1802504062652592 0.6692619025707246 7.2690448760986337 17.148838996887211 6.5171666145324716 20.124761581420902 1.1279785037040713 35.062276840209968 2.4243477582931523
decision_type=2 2 2 2 2 2 2 2 2 2 2 2 2 2
left_child=-1 4 3 5 -2 6 -3 9 -9 11 -11 12 13 -4
right_child=1 2 7 -5 -6 -7 -8 8 -10 10 -12 -13 -14 -15
leaf_value=0.0034607359168655951 -0.006696987780016813 0.0059040577936772115 -0.0041099037959679103 0.0076812157643038823 0.00027227815768015369 -0.0030831525612571471 -0.00061550780716869565 0.0070256041391362481 -0.0015929206189501006 -0.0082156838594181908 0.0021278169383672444 8.5130213330254239e-05 -0.0058393955242807992 -0.00034455150444821016
leaf_weight=660 706 666 968 664 611 584 720 654 542 672 555 135243 616 22755
leaf_count=660 706 666 968 664 611 584 720 654 542 672 555 135243 616 22755
internal_value=-1.51863e-12 -1.37632e-05 1.38341e-05 0.00257734 -0.00346371 0.000857044 0.00251727 -2.78453e-05 0.00311988 -5.12562e-05 -0.00353708 -2.44543e-05 -0.000633375 -0.000498194
internal_weight=166616 165956 164639 2634 1317 1970 1386 162005 1196 160809 1227 159582 24339 23723
internal_count=166616 165956 164639 2634 1317 1970 1386 162005 1196 160809 1227 159582 24339 23723
is_linear=0
shrinkage=0.05


Tree=137
num_leaves=15
num_cat=0
split_feature=2 2 1 1 1 0 0 0 0 0 0 0 0 0
split_gain=3.10552 9.31688 8.6487 41.0946 34.267 32.381 24.2397 16.7048 21.2147 24.6387 20.6929 15.7188 21.5138 41.5532
threshold=1.5000000000000002 1.0000000180025095e-35 27.872859001159672 27.330609321594242 28.428899765014652 2.0265393257141118 2.5211784839630131 1.2972161769866946 3.6178206205368046 3.3929694890975957 1.0076549649238589 3.2287765741348271 2.4052219390869145 2.231975913047791
decision_type=2 2 2 2 2 2 2 2 2 2 2 2 2 2
left_child=1 2 3 -1 5 -4 -5 10 9 11 -6 12 13 -9
right_child=-2 -3 4 6 7 -7 -8 8 -10 -11 -12 -13 -14 -15
leaf_value=0.00031007477454060323 0.00042741128593833154 -0.00064932039748635166 0.00012189873333635002 0.0035160329977671303 0.00012016894295811653 -0.015843377571070082 0.017416675499396777 0.001215877817337908 -0.002840127580149085 0.010762262803918956 -0.0077609513109432125 -0.0074624435685109354 0.0046666036111200748 -0.011884136149409223
leaf_weight=62955 33862 49836 580 750 1920 702 539 5264 3376 702 1471 512 3463 684
leaf_count=62955 33862 49836 580 750 1920 702 539 5264 3376 702 1471 512 3463 684
internal_value=1.07542e-11 -0.000109021 0.000215714 0.000491024 -0.000731436 -0.0086204 0.00932864 -0.000149925 0.000612681 0.00170978 -0.00329862 0.00106937 0.00153353 -0.00029058
internal_weight=166616 132754 82918 64244 18674 1282 1289 17392 14001 10625 3391 9923 9411 5948
internal_count=166616 132754 82918 64244 18674 1282 1289 17392 14001 10625 3391 9923 9411 5948
is_linear=0
shrinkage=0.05


Tree=138
num_leaves=15
num_cat=0
split_feature=3 2 1 1 1 1 3 0 0 1 1 0 0 0
split_gain=3.09263 3.66952 8.97824 22.2436 20.1739 24.7813 14.6936 28.9785 45.8253 13.7824 15.6622 16.2006 32.767 30.4606
threshold=0.065942031885928634 1.5000000000000002 35.062276840209968 33.812385559082038 30.980435371398929 28.428899765014652 3.2071428860632731 2.9310567378997807 1.8307859897613528 27.720938682556156 26.487418174743656 4.8446490764617929 5.2105743885040292 4.5750768184661874
decision_type=2 2 2 2 2 2 2 2 2 2 2 2 2 2
left_child=-1 -2 3 4 5 9 -6 8 -8 10 11 13 -13 -3
right_child=1 2 -4 -5 6 -7 7 -9 -10 -11 -12 12 -14 -15
leaf_value=-0.0012046129655965293 -8.192958943619165e-05 0.00061862217215583092 0.0052240789588778383 -0.0065625314602431768 0.0094314499879346314 -0.0052242886235919061 -0.0037352647712370992 -0.0078640906109340557 0.016005852065552405 0.008375741757034141 -0.0053638305605648723 0.014816924028614776 0.00083702965616181844 -0.011546160576713097
leaf_weight=5163 128613 21871 980 1118 1030 1947 582 528 594 561 1107 599 1396 527
leaf_count=5163 128613 21871 980 1118 1030 1947 582 528 594 561 1107 599 1396 527
internal_value=-2.16297e-11 3.85215e-05 0.00051025 0.000365255 0.000617199 0.000217018 0.00471679 0.00186697 0.00623601 0.000623534 0.000452985 0.000716963 0.0050345 0.000332398
internal_weight=166616 161453 32840 31860 30742 28008 2734 1704 1176 26061 25500 24393 1995 22398
internal_count=166616 161453 32840 31860 30742 28008 2734 1704 1176 26061 25500 24393 1995 22398
is_linear=0
shrinkage=0.05


Tree=139
num_leaves=15
num_cat=0
split_feature=3 3 3 3 3 3 3 1 1 3 3 2 0 0
split_gain=3.05997 10.5839 9.39767 9.55831 11.4597 19.9175 11.833 9.30043 10.5975 9.2955 9.29149 18.2828 8.01684 9.30069
threshold=3.4999998603016196 3.666666645970611 3.4494947689660429 3.3452381725315337 3.2071428860632731 3.1143790266841704 2.8918128708784359 8.5605859756469744 27.330609321594242 2.9999998994171668 2.7499999674037121 1.0000000180025095e-35 1.7951956391334536 2.8742823600769047
decision_type=2 2 2 2 2 2 2 2 2 2 2 2 2 2
left_child=2 -2 3 4 5 6 10 -6 -9 -8 -1 -12 -11 -14
right_child=1 -3 -4 -5 7 -7 9 8 -10 12 11 -13 13 -15
leaf_value=-0.00018880517732274395 0.00488906880271168 0.00013114081486220576 -0.0056563397276807922 0.0051065690757034453 -0.0096667468118804903 0.0066333583183064843 -0.0062682981711280131 0.00083658229387511608 -0.0078772136127775155 -0.0053172495511789181 -0.0016395895151201214 0.0090004209503253118 0.0064400295386730089 -0.0026698012132165506
leaf_weight=64666 1184 91173 792 845 521 1071 1400 1082 515 630 812 803 542 580
leaf_count=64666 1184 91173 792 845 521 1071 1400 1082 515 630 812 803 542 580
internal_value=-7.72122e-13 0.000192137 -0.000238963 -0.000180562 -0.000242081 -0.000133218 -0.000237592 -0.00386589 -0.00197344 -0.0032308 -9.52503e-05 0.00365077 -0.000803571 0.00173085
internal_weight=166616 92357 74259 73467 72622 70504 69433 2118 1597 3152 66281 1615 1752 1122
internal_count=166616 92357 74259 73467 72622 70504 69433 2118 1597 3152 66281 1615 1752 1122
is_linear=0
shrinkage=0.05


Tree=140
num_leaves=15
num_cat=0
split_feature=2 0 0 1 1 3 0 1 0 0 0 3 1 1
split_gain=3.00156 10.9489 14.2628 8.56581 13.4082 17.5493 12.0979 40.4501 44.761 25.1435 13.0808 11.8144 19.5715 15.4993
threshold=1.0000000180025095e-35 6.8048992156982431 5.909513235092164 30.980435371398929 31.663324356079105 3.1715685530525941 2.9113262891769414 33.372077941894538 3.8390399217605595 3.880069494247437 2.5982012748718266 7.2583331512287419 32.930381774902351 34.836019515991218
decision_type=2 2 2 2 2 2 2 2 2 2 2 2 2 2
left_child=-1 2 3 -2 5 -5 10 9 -9 -8 11 12 -6 -13
right_child=1 -3 -4 4 6 -7 7 8 -10 -11 -12 13 -14 -15
leaf_value=0.00021321519179210303 -0.00040316934810802915 0.0052862635435596012 -0.0058697587234398047 0.012055898965058836 0.0047701380348504734 0.0010675274787405344 -0.0031006141186287251 -0.0051514068458978421 0.0090451521473172182 -0.017678446311217091 0.007519562172046571 0.00092783291676114428 -0.0033320128768711552 0.0098647904601163443
leaf_weight=82918 69980 896 1122 604 1051 912 686 1104 1117 520 828 1623 2563 692
leaf_count=82918 69980 896 1122 604 1051 912 686 1104 1117 520 828 1623 2563 692
internal_value=-1.81814e-11 -0.000211228 -0.000270717 -0.000193805 0.00105844 0.00544548 0.000405385 -0.00201445 0.00198842 -0.00938625 0.00163267 0.000810554 -0.000975798 0.00359927
internal_weight=166616 83698 82802 81680 11700 1516 10184 3427 2221 1206 6757 5929 3614 2315
internal_count=166616 83698 82802 81680 11700 1516 10184 3427 2221 1206 6757 5929 3614 2315
is_linear=0
shrinkage=0.05


Tree=141
num_leaves=15
num_cat=0
split_feature=1 1 0 0 0 2 0 0 0 0 0 0 1 1
split_gain=2.93025 16.4401 15.4887 23.8445 10.2565 4.30378 10.0295 12.7018 11.555 6.9904 11.9153 7.96844 7.87752 13.8443
threshold=35.350776672363288 35.236125946044929 1.5128298401832583 2.3066990375518803 3.4608594179153447 1.0000000180025095e-35 6.8048992156982431 5.909513235092164 5.6820471286773691 0.34555438160896307 0.78296282887458812 0.82253584265708934 18.821444511413578 11.304334163665773
decision_type=2 2 2 2 2 2 2 2 2 2 2 2 2 2
left_child=1 5 -2 -4 -5 -1 7 8 9 -7 12 -12 13 -11
right_child=2 -3 3 4 -6 6 -8 -9 -10 10 11 -13 -14 -15
leaf_value=0.00025568409351139145 0.0044841117303294235 0.0080713653864153603 -0.011550934579290316 0.0031507199798212733 -0.004702143238305494 0.004767561629966454 0.0050203650948340388 -0.0056066233491636579 0.0061626750666295901 -0.0037593227842087234 0.0055020591265441156 -0.00023184433529359921 -0.0049493279409403169 0.0036873174244712627
leaf_weight=81169 803 633 668 924 756 675 890 1119 698 1626 611 72825 2206 1013
leaf_count=81169 803 633 668 924 756 675 890 1119 698 1626 611 72825 2206 1013
internal_value=-3.45246e-11 2.91122e-05 -0.00151026 -0.0035603 -0.000383068 -2.15156e-06 -0.000258427 -0.000316592 -0.000242276 -0.000298898 -0.000342585 -0.000184137 -0.00274419 -0.000900874
internal_weight=166616 163465 3151 2348 1680 162832 81663 80773 79654 78956 78281 73436 4845 2639
internal_count=166616 163465 3151 2348 1680 162832 81663 80773 79654 78956 78281 73436 4845 2639
is_linear=0
shrinkage=0.05


Tree=142
num_leaves=15
num_cat=0
split_feature=1 1 1 0 0 0 2 1 1 1 1 0 0 0
split_gain=2.96881 5.79712 3.59205 10.8145 20.5655 19.6116 14.6765 14.166 12.5066 6.11313 9.04582 36.8589 50.7862 8.4132
threshold=0.11678899824619295 0.25816367566585546 1.3895995616912844 1.9764825701713564 2.3352900743484502 1.4777359962463381 1.0000000180025095e-35 0.6692619025707246 0.96909725666046154 4.28786325454712 4.6759095191955575 2.1802504062652592 3.1148912906646733 5.2737994194030771
decision_type=2 2 2 2 2 2 2 2 2 2 2 2 2 2
left_child=-1 -2 3 5 -5 6 -3 -6 -9 13 11 -11 -13 -4
right_child=1 2 9 4 7 -7 -8 8 -10 10 -12 12 -14 -15
leaf_value=0.0033467814235976254 -0.0046864515669226827 0.0083500599498071044 -0.001349949505472907 0.011665007967143433 -0.0036818363265814012 -0.0070841495924729063 -0.0023090163653904801 0.010187680538601755 0.00084375858148478004 -0.0048420026462297813 1.0070815170981022e-05 0.019129456051628385 -0.0016708252400729432 0.0044960119619021277
leaf_weight=660 661 591 12619 582 925 896 712 551 1023 803 144771 606 569 647
leaf_count=660 661 591 12619 582 925 896 712 551 1023 803 144771 606 569 647
internal_value=2.17941e-11 -1.331e-05 5.37749e-06 0.00128852 0.00320023 -0.00138996 0.00252561 0.00122884 0.00411472 -3.69622e-05 5.59567e-05 0.00341437 0.00905681 -0.00106483
internal_weight=166616 165956 165295 5280 3081 2199 1303 2499 1574 160015 146749 1978 1175 13266
internal_count=166616 165956 165295 5280 3081 2199 1303 2499 1574 160015 146749 1978 1175 13266
is_linear=0
shrinkage=0.05


Tree=143
num_leaves=15
num_cat=0
split_feature=3 3 0 0 0 1 1 3 1 3 0 1 0 1
split_gain=2.79808 7.4324 11.5331 30.4056 23.215 19.5817 8.2939 8.27795 23.7956 7.18452 7.08684 23.4082 16.9053 11.3736
threshold=2.3405796909668424 9.9999995401927517 5.2737994194030771 5.5627741813659677 4.9729626178741464 18.239912033081058 9.4013142585754412 9.2678571117813906 20.282283782958988 2.3333332273695233 5.2105743885040292 25.719968795776371 4.7355475425720224 9.6725158691406268
decision_type=2 2 2 2 2 2 2 2 2 2 2 2 2 2
left_child=9 2 4 -4 7 6 -5 -2 -9 -1 12 13 -3 -12
right_child=1 10 3 5 -6 -7 -8 8 -10 -11 11 -13 -14 -15
leaf_value=-0.00021056775116986366 0.00047528248820587822 -0.00024385138031537436 -0.012506265246717274 0.00012510327168750073 0.0089978386732487547 0.0056394426333341817 -0.0089149681148691148 -0.00098188388489319108 0.011266935190001567 -0.0047832999071384004 0.0039799799140875667 0.0089171066162002793 -0.0057593714995889753 -0.0038450294860932865
leaf_weight=57558 48910 49986 605 502 835 916 513 957 677 872 749 885 1429 1222
leaf_count=57558 48910 49986 605 502 835 916 513 957 677 872 749 885 1429 1222
internal_value=8.2957e-12 0.000150582 0.000566376 -0.00272521 0.000728845 0.000339282 -0.00444392 0.000592239 0.00409306 -0.00027881 -0.000262484 0.00216177 -0.000397147 -0.000871447
internal_weight=166616 108186 53915 2536 51379 1931 1015 50544 1634 58430 54271 2856 51415 1971
internal_count=166616 108186 53915 2536 51379 1931 1015 50544 1634 58430 54271 2856 51415 1971
is_linear=0
shrinkage=0.05


Tree=144
num_leaves=15
num_cat=0
split_feature=1 1 1 0 3 3 3 2 1 0 0 0 1 0
split_gain=2.87848 43.3879 27.8749 19.8567 15.5119 24.0449 20.4327 12.4698 10.5929 38.1105 20.9075 42.2276 42.12 14.3228
threshold=27.872859001159672 29.011299133300785 27.472515106201175 1.1112225055694582 2.256578903678816 4.1291665402241096 8.8166665253539929 1.0000000180025095e-35 30.226331710815433 1.5029856562614443 1.8307859897613528 2.4568327665328984 29.621117591857914 3.591394424438477
decision_type=2 2 2 2 2 2 2 2 2 2 2 2 2 2
left_child=2 3 -1 -2 -5 -6 -7 -4 9 -3 -11 -12 13 -13
right_child=1 8 7 4 5 6 -8 -9 -10 10 11 12 -14 -15
leaf_value=2.0553754439582504e-05 0.0029201608649230895 -0.0046289923689456112 0.010116685220864431 -0.0099966132597532759 0.0049621639698384477 -0.01281923620260059 -0.0028354267566241681 0.0021512434703275826 -9.9836403374941113e-05 0.01375796829617542 -0.0051487731145148782 0.0057114088294217928 0.01360700813523231 -0.0061037639421038696
leaf_weight=127207 748 1419 955 1514 622 762 1565 1012 27017 575 996 513 1198 513
leaf_count=127207 748 1419 955 1514 622 762 1565 1012 27017 575 996 513 1198 513
internal_value=-1.05676e-11 -0.000386012 0.000111888 -0.00461904 -0.00588261 -0.00377051 -0.00610473 0.00601855 0.00029837 0.00236172 0.00497564 0.00340737 0.00723917 -0.000196178
internal_weight=166616 37442 129174 5211 4463 2949 2327 1967 32231 5214 3795 3220 2224 1026
internal_count=166616 37442 129174 5211 4463 2949 2327 1967 32231 5214 3795 3220 2224 1026
is_linear=0
shrinkage=0.05


Tree=145
num_leaves=15
num_cat=0
split_feature=2 0 1 1 1 0 0 1 1 1 0 0 1 1
split_gain=2.7653 8.76745 7.79759 32.901 19.6463 21.0788 25.1001 17.2961 30.7605 28.4915 34.6643 29.4946 22.0818 44.2881
threshold=1.5000000000000002 8.0147294998168963 14.457938194274904 12.326219081878664 11.569818973541262 3.7441027164459233 4.8446490764617929 5.3343372344970712 4.4229860305786142 6.5611650943756112 1.5361817479133608 2.1585435867309575 7.65584421157837 9.4013142585754412
decision_type=2 2 2 2 2 2 2 2 2 2 2 2 2 2
left_child=1 -1 3 4 5 7 -7 8 -2 11 -11 -9 -12 -14
right_child=2 -3 -4 -5 -6 6 -8 9 -10 10 12 -13 13 -15
leaf_value=-7.7395439340022533e-05 0.0012463671589758179 -0.0065825443661126958 -0.00024582879303941123 0.006782933833813661 -0.0079474673188035042 -0.010609389991606081 0.0014553783487408125 0.0023174569185017146 -0.0098579900836529896 0.0080287258675813336 0.0057691044208300103 0.019006899989787253 -0.013194601471168977 0.002057424038483037
leaf_weight=132234 3678 520 19551 2290 690 830 897 513 751 1429 736 547 825 1125
leaf_count=132234 3678 520 19551 2290 690 830 897 513 751 1429 736 547 825 1125
internal_value=-6.83944e-13 -0.000102876 0.00040332 0.00129016 0.000243783 0.000742588 -0.00434298 0.00165708 -0.000636535 0.00362006 0.0017371 0.0109298 -0.00161016 -0.00439536
internal_weight=166616 132754 33862 14311 12021 11331 1727 9604 4429 5175 4115 1060 2686 1950
internal_count=166616 132754 33862 14311 12021 11331 1727 9604 4429 5175 4115 1060 2686 1950
is_linear=0
shrinkage=0.05


Tree=146
num_leaves=15
num_cat=0
split_feature=0 0 1 0 1 3 3 1 0 1 1 1 1 1
split_gain=2.96223 42.5594 23.8243 36.7103 57.3549 29.2018 23.1711 17.7713 35.4877 31.3784 23.5791 23.5367 36.0327 19.2479
threshold=3.8044918775558476 3.7782702445983891 17.781908035278324 4.1703901290893564 20.746000289916996 1.8944443600597236 0.93541664420627202 12.729347705841066 4.0269718170166025 11.569818973541262 14.758401870727541 9.6725158691406268 8.8382558822631854 10.731893539428713
decision_type=2 2 2 2 2 2 2 2 2 2 2 2 2 2
left_child=1 -1 7 4 -4 -6 -5 8 -2 11 -9 12 -10 -13
right_child=2 -3 3 6 5 -7 -8 10 9 -11 -12 13 -14 -15
leaf_value=-3.4211696246658412e-05 -0.0072060779080291241 -0.012897829980165596 0.020764311719781974 -0.0050048497218413979 0.011234109479938366 0.00011914248272600304 0.0014818898497286283 -0.008995405455762653 0.00025063176044170182 0.011819827089715981 -0.00092511956637071526 -0.011827119567048874 0.011403104579132274 0.00065837265786752614
leaf_weight=138339 1411 646 581 1629 849 1944 8888 1420 5685 661 2496 645 830 592
leaf_count=138339 1411 646 581 1629 849 1944 8888 1420 5685 661 2496 645 830 592
internal_value=1.35765e-11 -9.40016e-05 0.000472832 0.00193302 0.00647108 0.00349781 0.000477145 -0.0010034 0.000131903 0.0013626 -0.00385153 0.000470934 0.00167144 -0.00585185
internal_weight=166616 138985 27631 13891 3374 2793 10517 13740 9824 8413 3916 7752 6515 1237
internal_count=166616 138985 27631 13891 3374 2793 10517 13740 9824 8413 3916 7752 6515 1237
is_linear=0
shrinkage=0.05


Tree=147
num_leaves=15
num_cat=0
split_feature=0 3 3 1 3 0 1 1 2 0 2 0 1 1
split_gain=2.74767 7.17497 13.8249 6.00499 15.3558 14.5719 12.583 12.3872 10.8292 9.93549 6.98872 5.23913 4.72931 9.57322
threshold=0.86235636472702037 2.0249999754130852 2.464102632900667 20.746000289916996 7.4083332552264158 0.55394721031188976 23.509568214416507 12.582199573516847 1.5000000000000002 0.78296282887458812 1.0000000180025095e-35 0.58572182059288036 24.717533111572269 29.306283950805668
decision_type=2 2 2 2 2 2 2 2 2 2 2 2 2 2
left_child=1 12 -3 4 5 -4 -5 -7 -6 10 -8 -12 -1 -14
right_child=-2 2 3 6 8 7 9 -9 -10 -11 11 -13 13 -15
leaf_value=-0.0034328012536168299 6.1057677274457093e-05 0.0074520339481095781 0.0010116732752557551 0.0067677920877399272 -0.00081123995486810988 -0.0042245854121164056 0.00095550127759728423 -0.014042782162626586 0.0063784438255312928 0.0054851315698329212 -0.0081389771532059604 -0.0015202695689265123 0.0054090726047004911 -0.0035924880680221261
leaf_weight=3047 152799 597 712 781 2452 886 1172 504 666 583 538 673 517 689
leaf_count=3047 152799 597 712 781 2452 886 1172 504 666 583 538 673 517 689
internal_value=3.21094e-12 -0.000675223 8.45805e-05 -0.000405926 -0.00150217 -0.00480506 0.00112127 -0.00778456 0.000724465 -0.000365554 -0.00179692 -0.0044607 -0.00238384 0.00026639
internal_weight=166616 13817 9564 8967 5220 2102 3747 1390 3118 2966 2383 1211 4253 1206
internal_count=166616 13817 9564 8967 5220 2102 3747 1390 3118 2966 2383 1211 4253 1206
is_linear=0
shrinkage=0.05


Tree=148
num_leaves=15
num_cat=0
split_feature=1 1 1 1 2 0 3 3 2 0 1 0 1 1
split_gain=2.67834 5.20589 3.40364 9.35509 45.1954 11.0901 8.68248 20.3672 9.35874 15.4126 7.89306 7.62636 6.72354 19.5278
threshold=0.11678899824619295 0.25816367566585546 1.671456038951874 2.4243477582931523 1.5000000000000002 1.9418289661407473 1.4580419643379152 5.4999998938292327 1.0000000180025095e-35 2.8936786651611333 2.1601448059082036 2.3925421237945561 3.1100786924362187 3.2494931221008305
decision_type=2 2 2 2 2 2 2 2 2 2 2 2 2 2
left_child=-1 -2 6 4 5 -4 -3 -8 11 -10 -7 -9 -5 -14
right_child=1 2 3 12 -6 10 7 8 9 -11 -12 -13 13 -15
leaf_value=0.0031788446593352341 -0.0044410777062673613 0.0043621211274770663 -0.0018025425097671164 0.0022361655198398782 0.0084702446592088681 -0.0056317107538866292 -0.0036522923722948231 0.0089122264251523756 -0.0038788056582275926 0.006824822648506583 -0.013011557376962536 0.0017116749435226238 -0.0086158474864946166 3.4013388946284296e-06
leaf_weight=660 661 1571 1055 3333 713 944 2103 798 939 524 588 682 660 151385
leaf_count=660 661 1571 1055 3333 713 944 2103 798 939 524 588 682 660 151385
internal_value=-1.48417e-11 -1.26421e-05 5.06677e-06 -4.12656e-05 -0.00267561 -0.00574751 0.00111613 0.00010554 0.0027908 -4.51069e-05 -0.00846418 0.00559413 1.46841e-05 -3.40133e-05
internal_weight=166616 165956 165295 158678 3300 2587 6617 5046 2943 1463 1532 1480 155378 152045
internal_count=166616 165956 165295 158678 3300 2587 6617 5046 2943 1463 1532 1480 155378 152045
is_linear=0
shrinkage=0.05


Tree=149
num_leaves=15
num_cat=0
split_feature=0 0 1 0 1 0 0 1 1 1 1 0 0 3
split_gain=2.6534 27.1043 19.3792 13.7748 20.4102 15.5978 19.7409 31.7618 18.9822 11.6118 33.4493 33.8711 20.3072 47.3477
threshold=3.2890503406524663 3.2540609836578374 16.219949722290043 3.3456791639328007 27.216913223266605 3.3929694890975957 3.4608594179153447 27.072099685668949 9.1322388648986834 28.302341461181644 29.169745445251468 3.8390399217605595 4.5304203033447275 5.7386359619746559
decision_type=2 2 2 2 2 2 2 2 2 2 2 2 2 2
left_child=1 -1 -3 4 -2 -5 7 8 -7 -8 -11 -12 13 -13
right_child=3 2 -4 5 -6 6 9 -9 -10 10 11 12 -14 -15
leaf_value=-3.911078092663271e-05 0.0074866810065783041 -0.013425220747462472 -0.0012615394740622509 -0.0051959385545910222 -0.0040637813906113686 0.0078975304654780466 0.00052733557926136617 0.014241475696044585 -0.0043331477557936732 -0.01155674747611918 -0.0068128399815552869 0.011737252253284092 -0.0012495505710936813 -0.002994982598848275
leaf_weight=123891 1446 647 663 1322 520 541 28528 651 767 769 1647 1204 3023 997
leaf_count=123891 1446 647 663 1322 520 541 28528 651 767 769 1647 1204 3023 997
internal_value=-1.46944e-11 -0.000114759 -0.0072691 0.000346927 0.00443162 0.00014336 0.000328493 0.00521707 0.000725565 6.37084e-05 -0.00166749 -0.000560688 0.00141046 0.0050639
internal_weight=166616 125201 1310 41415 1966 39449 38127 1959 1308 36168 7640 6871 5224 2201
internal_count=166616 125201 1310 41415 1966 39449 38127 1959 1308 36168 7640 6871 5224 2201
is_linear=0
shrinkage=0.05


end of trees

feature_importances:
Column_0=862
Column_1=628
Column_3=376
Column_2=234

parameters:
[boosting: gbdt]
[objective: regression]
[metric: l2]
[tree_learner: serial]
[device_type: cpu]
[data_sample_strategy: bagging]
[data: ]
[valid: ]
[num_iterations: 150]
[learning_rate: 0.05]
[num_leaves: 15]
[num_threads: 1]
[seed: 0]
[deterministic: 1]
[force_col_wise: 1]
[force_row_wise: 0]
[histogram_pool_size: -1]
[max_depth: -1]
[min_data_in_leaf: 500]
[min_sum_hessian_in_leaf: 0.001]
[bagging_fraction: 1]
[pos_bagging_fraction: 1]
[neg_bagging_fraction: 1]
[bagging_freq: 0]
[bagging_seed: 7719]
[bagging_by_query: 0]
[feature_fraction: 1]
[feature_fraction_bynode: 1]
[feature_fraction_seed: 2437]
[extra_trees: 0]
[extra_seed: 11797]
[early_stopping_round: 0]
[early_stopping_min_delta: 0]
[first_metric_only: 0]
[max_delta_step: 0]
[lambda_l1: 0]
[lambda_l2: 0]
[linear_lambda: 0]
[min_gain_to_split: 0]
[drop_rate: 0.1]
[max_drop: 50]
[skip_drop: 0.5]
[xgboost_dart_mode: 0]
[uniform_drop: 0]
[drop_seed: 21238]
[top_rate: 0.2]
[other_rate: 0.1]
[min_data_per_group: 100]
[max_cat_threshold: 32]
[cat_l2: 10]
[cat_smooth: 10]
[max_cat_to_onehot: 4]
[top_k: 20]
[monotone_constraints: ]
[monotone_constraints_method: basic]
[monotone_penalty: 0]
[feature_contri: ]
[forcedsplits_filename: ]
[refit_decay_rate: 0.9]
[cegb_tradeoff: 1]
[cegb_penalty_split: 0]
[cegb_penalty_feature_lazy: ]
[cegb_penalty_feature_coupled: ]
[path_smooth: 0]
[interaction_constraints: ]
[verbosity: -1]
[saved_feature_importance_type: 0]
[use_quantized_grad: 0]
[num_grad_quant_bins: 4]
[quant_train_renew_leaf: 0]
[stochastic_rounding: 1]
[linear_tree: 0]
[max_bin: 255]
[max_bin_by_feature: ]
[min_data_in_bin: 3]
[bin_construct_sample_cnt: 200000]
[data_random_seed: 38]
[is_enable_sparse: 1]
[enable_bundle: 1]
[use_missing: 1]
[zero_as_missing: 0]
[feature_pre_filter: 1]
[pre_partition: 0]
[two_round: 0]
[header: 0]
[label_column: ]
[weight_column: ]
[group_column: ]
[ignore_column: ]
[categorical_feature: ]
[forcedbins_filename: ]
[precise_float_parser: 0]
[parser_config_file: ]
[objective_seed: 8855]
[num_class: 1]
[is_unbalance: 0]
[scale_pos_weight: 1]
[sigmoid: 1]
[boost_from_average: 1]
[reg_sqrt: 0]
[alpha: 0.9]
[fair_c: 1]
[poisson_max_delta_step: 0.7]
[tweedie_variance_power: 1.5]
[lambdarank_truncation_level: 30]
[lambdarank_norm: 1]
[label_gain: ]
[lambdarank_position_bias_regularization: 0]
[eval_at: ]
[multi_error_top_k: 1]
[auc_mu_weights: ]
[num_machines: 1]
[local_listen_port: 12400]
[time_out: 120]
[machine_list_filename: ]
[machines: ]
[gpu_platform_id: -1]
[gpu_device_id: -1]
[gpu_device_id_list: ]
[gpu_use_dp: 0]
[num_gpu: 1]

end of parameters

pandas_categorical:null
