tree
version=v4
num_class=1
num_tree_per_iteration=1
label_index=0
max_feature_idx=2
objective=regression
feature_names=Column_0 Column_1 Column_2
feature_infos=[0.041801560670137405:14.344818115234375] [0.0024536035489290953:35.997413635253906] [0:2]
tree_sizes=1480 1540 1533 1539 1540 1540 1530 1538 1536 1534 1532 1531 1533 1530 1533 1534 1544 1539 1540 1533 1533 1538 1542 1537 1540 1538 1543 1530 1547 1547 1540 1533 1539 1547 1550 1549 1536 1519 1536 1545 1530 1542 1551 1543 1530 1544 1551 1539 1530 1540 1546 1520 1532 1531 1521 1535 1520 1533 1518 1551 1532 1528 1533 1534 1522 1504 1525 1509 1543 1530 1528 1546 1530 1539 1536 1519 1515 1549 1561 1516 1514 1514 1551 1569 1516 1530 1526 1517 1532 1525 1542 1543 1531 1520 1511 1539 1537 1535 1526 1540 1534 1521 1550 1538 1527 1541 1544 1530 1550 1539 1543 1539 1538 1549 1537 1538 1538 1507 1518 1529 1538 1536 1511 1537 1519 1524 1532 1539 1528 1542 1539 1516 1518 1532 1539 1535 1523 1535 1517 1529 1523 1524 1531 1531 1536 1516 1524 1527 1517 1537

Tree=0
num_leaves=15
num_cat=0
split_feature=2 2 0 0 0 0 0 0 0 0 0 0 0 0
split_gain=13480 5983.44 4826.37 3913.69 1111.42 1061.23 1058.03 525.109 487.325 461.279 206.391 190.482 140.577 132.199
threshold=1.5000000000000002 1.0000000180025095e-35 3.4131884574890141 3.1528643369674687 5.2105743885040292 4.9729626178741464 2.0012447834014897 1.7857054471969607 2.4455107450485234 4.9729626178741464 7.2690448760986337 1.1569512486457827 4.6272771358489999 0.76394006609916698
decision_type=2 2 2 2 2 2 2 2 2 2 2 2 2 2
left_child=1 2 6 7 12 8 11 13 -3 -5 -6 -1 -4 -2
right_child=3 5 4 9 10 -7 -8 -9 -10 -11 -12 -13 -14 -15
leaf_value=0.89821717954025071 0.91337273596013036 0.88722113757826304 0.92862424349465311 0.96327174750949141 0.95514849368090271 0.92156640339721296 0.91591410419274955 0.93918018641385137 0.89757237993489192 0.98840231203784445 0.98581226598691818 0.90583373859362482 0.94147938296320999 0.92698011008872294
leaf_weight=13076 2178 27101 11909 6932 3744 3146 28904 12383 19589 2479 643 22053 2589 9890
leaf_count=13076 2178 27101 11909 6932 3744 3146 28904 12383 19589 2479 643 22053 2589 9890
internal_value=0.914333 0.90715 0.91538 0.942492 0.937592 0.893458 0.908829 0.931947 0.891564 0.969892 0.959643 0.902999 0.93092 0.924524
internal_weight=166616 132754 82918 33862 18885 49836 64033 24451 46690 9411 4387 35129 14498 12068
internal_count=166616 132754 82918 33862 18885 49836 64033 24451 46690 9411 4387 35129 14498 12068
is_linear=0
shrinkage=1


Tree=1
num_leaves=15
num_cat=0
split_feature=2 2 0 0 0 0 0 0 0 0 0 0 0 0
split_gain=12165.7 5400.05 4365.88 3532.1 1151.77 969.807 802.338 473.911 416.304 395.076 186.268 174.936 149.587 119.309
threshold=1.5000000000000002 1.0000000180025095e-35 3.6685184240341191 3.1528643369674687 2.0138567686080937 3.2890503406524663 5.2105743885040292 1.7857054471969607 4.9729626178741464 5.6820471286773691 7.2690448760986337 1.1569512486457827 1.8952941894531252 0.76394006609916698
decision_type=2 2 2 2 2 2 2 2 2 2 2 2 2 2
left_child=1 2 4 7 11 12 -4 13 -5 -7 -8 -1 -3 -2
right_child=3 5 6 8 -6 9 10 -9 -10 -11 -12 -13 -14 -15
leaf_value=-0.015309988275516759 -0.00091220894340969657 -0.027049958231995255 0.017783882616741149 0.046491852005437428 0.0023675283538917495 -0.011151758211898448 0.03877475830471605 0.023604867505852015 0.070365885864250508 0.015314227545386173 0.067905344989029101 -0.0080277189423538248 -0.020733501512240252 0.01201479596710181
leaf_weight=13076 2178 18388 11090 6932 32035 10705 3744 12383 2479 1624 643 22330 19119 9890
leaf_count=13076 2178 18388 11090 6932 32035 10705 3744 12383 2479 1624 643 22330 19119 9890
internal_value=-3.52326e-10 -0.00682358 0.000994362 0.0267514 -0.00450184 -0.0198312 0.0249441 0.016733 0.0527806 -0.00766561 0.0430444 -0.0107172 -0.0238302 0.00968177
internal_weight=166616 132754 82918 33862 67441 49836 15477 24451 9411 12329 4387 35406 37507 12068
internal_count=166616 132754 82918 33862 67441 49836 15477 24451 9411 12329 4387 35406 37507 12068
is_linear=0
shrinkage=0.05


Tree=2
num_leaves=15
num_cat=0
split_feature=2 2 0 0 0 0 0 0 0 0 0 0 0 0
split_gain=10979.5 4873.55 3955.19 3187.72 899.688 886.82 856.339 427.704 375.715 262.78 238.677 168.107 159.055 123.668
threshold=1.5000000000000002 1.0000000180025095e-35 3.4131884574890141 3.1528643369674687 5.2105743885040292 4.0656988620758066 2.0012447834014897 1.7857054471969607 4.9729626178741464 2.4455107450485234 5.6820471286773691 7.2690448760986337 1.4645501375198366 4.437899351119996
decision_type=2 2 2 2 2 2 2 2 2 2 2 2 2 2
left_child=1 2 6 7 13 9 12 -2 -5 -3 -7 -6 -1 -4
right_child=3 5 4 8 11 10 -8 -9 -10 -11 -12 -13 -14 -15
leaf_value=-0.013049385940261627 0.009197678230023756 -0.024505266712209466 0.012242825748596829 0.044167256939982108 0.03683602292822976 -0.0073667934193646332 0.0013886966990292024 0.022424624013725549 0.066847592689616875 -0.016396208736326082 0.014548517555328719 0.064510075838347058 -0.0062148814245416677 0.022647350645909618
leaf_weight=20641 12068 27101 10587 6932 3744 5287 28904 12383 2479 15824 1624 643 14488 3911
leaf_count=20641 12068 27101 10587 6932 3744 5287 28904 12383 2479 15824 1624 643 14488 3911
internal_value=-1.90745e-10 -0.0064824 0.000944643 0.0254139 0.0210528 -0.0188396 -0.00498578 0.0158964 0.0501416 -0.0215159 -0.00221696 0.0408922 -0.0102307 0.0150496
internal_weight=166616 132754 82918 33862 18885 49836 64033 24451 9411 42925 6911 4387 35129 14498
internal_count=166616 132754 82918 33862 18885 49836 64033 24451 9411 42925 6911 4387 35129 14498
is_linear=0
shrinkage=0.05


Tree=3
num_leaves=15
num_cat=0
split_feature=2 2 0 0 0 0 0 0 0 0 0 0 0 0
split_gain=9909.01 4398.38 3569.56 2876.92 811.969 802.741 772.845 386.003 360.467 339.083 151.716 145.079 113.075 107.677
threshold=1.5000000000000002 1.0000000180025095e-35 3.4131884574890141 3.1528643369674687 5.2105743885040292 4.9729626178741464 2.0012447834014897 1.7857054471969607 2.4455107450485234 4.9729626178741464 7.2690448760986337 1.1569512486457827 4.6272771358489999 0.76394006609916698
decision_type=2 2 2 2 2 2 2 2 2 2 2 2 2 2
left_child=1 2 6 7 12 8 11 13 -3 -5 -6 -1 -4 -2
right_child=3 5 4 9 10 -7 -8 -9 -10 -11 -12 -13 -14 -15
leaf_value=-0.013892017627170817 -0.0013264823304720162 -0.023280003663358785 0.012238222307808124 0.041958896269128632 0.034994222442659303 0.0065489544218805141 0.0013192609096873411 0.021303394165720066 -0.014377422765505139 0.063505213411946412 0.06128457279913533 -0.0072449011973868107 0.023767541719592646 0.010954171971194786
leaf_weight=13076 2178 27101 11909 6932 3744 3146 28904 12383 19589 2479 643 22053 2589 9890
leaf_count=13076 2178 27101 11909 6932 3744 3146 28904 12383 19589 2479 643 22053 2589 9890
internal_value=-3.09576e-11 -0.00615828 0.000897412 0.0241432 0.0200002 -0.0178977 -0.00473649 0.0151015 -0.0195449 0.0476345 0.0388476 -0.00971914 0.0142971 0.00873779
internal_weight=166616 132754 82918 33862 18885 49836 64033 24451 46690 9411 4387 35129 14498 12068
internal_count=166616 132754 82918 33862 18885 49836 64033 24451 46690 9411 4387 35129 14498 12068
is_linear=0
shrinkage=0.05


Tree=4
num_leaves=15
num_cat=0
split_feature=2 2 0 0 0 0 0 0 0 0 0 0 0 0
split_gain=8942.88 3969.53 3232.91 2596.42 842.455 735.599 584.08 348.368 306.022 211.541 200.263 137.094 136.924 99.5077
threshold=1.5000000000000002 1.0000000180025095e-35 3.6685184240341191 3.1528643369674687 2.0138567686080937 4.0656988620758066 5.2105743885040292 1.7857054471969607 4.9729626178741464 2.4189981222152714 5.6820471286773691 1.4645501375198366 7.2690448760986337 2.9418302774429326
decision_type=2 2 2 2 2 2 2 2 2 2 2 2 2 2
left_child=1 2 4 7 11 9 -4 -2 -5 -3 -7 -1 -8 -6
right_child=3 5 6 8 13 10 12 -9 -10 -11 -12 -13 -14 -15
leaf_value=-0.01182412396500805 0.0083009032252898164 -0.022185105028590082 0.015352595928314037 0.039860950392309261 1.3239127992630186e-05 -0.0065807932420243204 0.033244511716537438 0.020238222036070577 0.060329954658107879 -0.014951736216398299 0.013493642745897394 -0.005514029328636586 0.058220345588345927 0.0059106414783986162
leaf_weight=20641 12068 26636 11090 6932 21254 5287 3744 12383 2479 16289 1624 14765 643 10781
leaf_count=20641 12068 26636 11090 6932 21254 5287 3744 12383 2479 16289 1624 14765 643 10781
internal_value=2.99021e-10 -0.00585036 0.000852542 0.022936 -0.00387705 -0.0170028 0.0214617 0.0143465 0.0452528 -0.0194402 -0.00186355 -0.00919269 0.0369052 0.00199794
internal_weight=166616 132754 82918 33862 67441 49836 15477 24451 9411 42925 6911 35406 4387 32035
internal_count=166616 132754 82918 33862 67441 49836 15477 24451 9411 42925 6911 35406 4387 32035
is_linear=0
shrinkage=0.05


Tree=5
num_leaves=15
num_cat=0
split_feature=2 2 0 0 0 0 0 0 0 0 0 0 0 0
split_gain=8070.95 3582.5 2917.7 2343.27 760.316 671.799 527.132 314.402 276.185 265.728 124.409 123.574 106.594 97.1783
threshold=1.5000000000000002 1.0000000180025095e-35 3.6685184240341191 3.1528643369674687 2.0138567686080937 3.2890503406524663 5.2105743885040292 1.7857054471969607 4.9729626178741464 5.6820471286773691 1.1569512486457827 7.2690448760986337 1.8952941894531252 0.76394006609916698
decision_type=2 2 2 2 2 2 2 2 2 2 2 2 2 2
left_child=1 2 4 7 10 12 -4 13 -5 -7 -1 -8 -3 -2
right_child=3 5 6 8 -6 9 11 -9 -10 -11 -12 -13 -14 -15
leaf_value=-0.012606211060657527 -0.0016752037381337695 -0.022198941562975496 0.014584964716939694 0.037867904157607254 0.0018980427734543348 -0.0088863487429621073 0.03158228568271057 0.019226312421206308 0.057313453981794861 0.012818961919932238 -0.0064650137897996271 0.055309326286264004 -0.016866901029483738 0.0099914188020089525
leaf_weight=13076 2178 18388 11090 6932 32035 10705 3744 12383 2479 1624 22330 643 19119 9890
leaf_count=13076 2178 18388 11090 6932 32035 10705 3744 12383 2479 1624 22330 643 19119 9890
internal_value=7.12119e-12 -0.00555785 0.000809914 0.0217892 -0.0036832 -0.0161526 0.0203887 0.0136291 0.0429902 -0.00602728 -0.00873306 0.0350599 -0.019481 0.00788586
internal_weight=166616 132754 82918 33862 67441 49836 15477 24451 9411 12329 35406 4387 37507 12068
internal_count=166616 132754 82918 33862 67441 49836 15477 24451 9411 12329 35406 4387 37507 12068
is_linear=0
shrinkage=0.05


Tree=6
num_leaves=15
num_cat=0
split_feature=2 2 0 0 0 0 0 0 0 0 0 0 1 0
split_gain=7284.03 3233.21 2645.52 2114.8 610.882 608.021 572.943 283.748 249.751 173.72 160.752 140.696 88.2995 87.7034
threshold=1.5000000000000002 1.0000000180025095e-35 3.4131884574890141 3.1528643369674687 4.8446490764617929 4.0656988620758066 1.7026932239532473 1.7857054471969607 4.9054827690124521 2.4189981222152714 5.6820471286773691 5.909513235092164 10.220221519470217 0.76394006609916698
decision_type=2 2 2 2 2 2 2 2 2 2 2 2 2 2
left_child=1 2 6 7 -4 9 -1 13 -5 -3 -7 -6 -12 -2
right_child=3 5 4 8 11 10 -8 -9 -10 -11 12 -13 -14 -15
leaf_value=-0.0096175179555689459 -0.0015914438239361191 -0.020048457224446207 0.011198637908872572 0.035816136363648381 0.024268723608424563 -0.005807435866258581 -4.0657667655483702e-05 0.018264998246845018 0.054045005467179635 -0.013493528886664398 0.028905051048641602 0.040086913351648892 0.0040517045016258222 0.0094918473640454928
leaf_weight=27013 2178 26636 13046 6817 3481 5287 37020 12383 2594 16289 531 2358 1093 9890
leaf_count=27013 2178 26636 13046 6817 3481 5287 37020 12383 2594 16289 531 2358 1093 9890
internal_value=2.83378e-10 -0.00527995 0.000769418 0.0206998 0.0172148 -0.015345 -0.00408076 0.0129477 0.0408406 -0.017561 -0.00158108 0.0306567 0.012178 0.00749156
internal_weight=166616 132754 82918 33862 18885 49836 64033 24451 9411 42925 6911 5839 1624 12068
internal_count=166616 132754 82918 33862 18885 49836 64033 24451 9411 42925 6911 5839 1624 12068
is_linear=0
shrinkage=0.05


Tree=7
num_leaves=15
num_cat=0
split_feature=2 2 0 0 0 0 0 0 0 0 0 0 0 0
split_gain=6573.84 2917.97 2387.66 1908.61 629.634 554.63 429.227 256.082 244.965 225.656 140.755 105.459 84.2009 81.5735
threshold=1.5000000000000002 1.0000000180025095e-35 3.6685184240341191 3.1528643369674687 2.0138567686080937 4.9729626178741464 5.909513235092164 1.7857054471969607 2.8936786651611333 4.9729626178741464 4.6272771358489999 1.1569512486457827 2.9418302774429326 3.6429398059844975
decision_type=2 2 2 2 2 2 2 2 2 2 2 2 2 2
left_child=1 2 4 7 11 8 10 -2 -3 13 -4 -1 -6 -5
right_child=3 5 6 9 12 -7 -8 -9 -10 -11 -12 -13 -14 -15
leaf_value=-0.011495025953264841 0.0071169883339984715 -0.01827372919314171 0.011094915771495593 0.027615027891232709 -8.0292469932205816e-05 0.0057426628191912174 0.038082568821458954 0.017351746343020273 -0.010309720387509314 0.051745532318677706 0.0219389468283042 -0.0058408662070221183 0.0053445955650139225 0.038657623767041446
leaf_weight=13076 12068 33049 8501 2818 21254 3146 2358 12383 13641 2479 4618 22330 10781 4114
leaf_count=13076 12068 33049 8501 2818 21254 3146 2358 12383 13641 2479 4618 22330 10781 4114
internal_value=1.47814e-11 -0.00501596 0.000730947 0.0196648 -0.00333361 -0.0145778 0.0184422 0.0123003 -0.015947 0.0387986 0.0149121 -0.00792904 0.00174539 0.0341686
internal_weight=166616 132754 82918 33862 67441 49836 15477 24451 46690 9411 13119 35406 32035 6932
internal_count=166616 132754 82918 33862 67441 49836 15477 24451 46690 9411 13119 35406 32035 6932
is_linear=0
shrinkage=0.05


Tree=8
num_leaves=15
num_cat=0
split_feature=2 2 0 0 0 0 0 0 0 0 0 0 1 0
split_gain=5932.89 2633.47 2158.79 1722.52 504.495 500.147 471.137 231.114 203.727 200.154 135.749 85.8885 79.6903 79.1523
threshold=1.5000000000000002 1.0000000180025095e-35 3.4131884574890141 3.1528643369674687 3.2890503406524663 4.7355475425720224 1.7026932239532473 1.7857054471969607 4.9054827690124521 5.6820471286773691 7.2690448760986337 1.8952941894531252 10.220221519470217 0.76394006609916698
decision_type=2 2 2 2 2 2 2 2 2 2 2 2 2 2
left_child=1 2 6 7 11 -4 -1 13 -5 -6 -7 -3 -11 -2
right_child=3 4 5 8 9 10 -8 -9 -10 12 -12 -13 -14 -15
leaf_value=-0.0087077497045316751 -0.0018677208596571968 -0.019172885201017262 0.0096829782482124194 0.03232068591004543 -0.0075557829575358245 0.02442511660526386 -2.3332302076696772e-05 0.016484159229741887 0.048784490947165721 0.027172664329830537 0.048635384023780134 -0.014386651144846259 0.0035619851436946553 0.0086614043426043591
leaf_weight=27013 2178 18388 12425 6817 10705 5817 37020 12383 2594 531 643 19119 1093 9890
leaf_count=27013 2178 18388 12425 6817 10705 5817 37020 12383 2594 531 643 19119 1093 9890
internal_value=-2.45879e-10 -0.00476516 0.0006944 0.0186815 -0.0138489 0.0155501 -0.00368695 0.0116853 0.0368587 -0.00507444 0.0268349 -0.0167331 0.011282 0.00676114
internal_weight=166616 132754 82918 33862 49836 18885 64033 24451 9411 12329 6460 37507 1624 12068
internal_count=166616 132754 82918 33862 49836 18885 64033 24451 9411 12329 6460 37507 1624 12068
is_linear=0
shrinkage=0.05


Tree=9
num_leaves=15
num_cat=0
split_feature=2 2 0 0 0 0 0 0 0 0 0 0 0 0
split_gain=5354.43 2376.71 1953.02 1559.77 522.368 459.883 358.487 247.968 201.605 160.347 111.398 106.348 91.9411 74.4904
threshold=1.5000000000000002 1.0000000180025095e-35 3.6685184240341191 3.2890503406524663 2.1058113574981694 4.9729626178741464 5.909513235092164 2.1464033126831059 2.4455107450485234 6.1032638549804696 4.6272771358489999 1.4645501375198366 0.78296282887458812 3.6429398059844975
decision_type=2 2 2 2 2 2 2 2 2 2 2 2 2 2
left_child=1 2 4 7 11 8 10 12 -3 13 -4 -1 -2 -5
right_child=3 5 6 9 -6 -7 -8 -9 -10 -11 -12 -13 -14 -15
leaf_value=-0.0093277445798361242 -0.0015437617839295704 -0.017196527908180111 0.010056020714559074 0.025390973901740332 0.0019593771974761244 0.0053471056395136317 0.034627090039741223 0.01789584600125255 -0.010538689200263142 0.058829059671590217 0.019703106468744278 -0.0040045462837192628 0.0093003836634164734 0.037044520668394858
leaf_weight=20641 2285 27101 8501 1790 29598 3146 2358 9676 19589 731 4618 17202 13518 5862
leaf_count=20641 2285 27101 8501 1790 29598 3146 2358 9676 19589 731 4618 17202 13518 5862
internal_value=-4.35658e-11 -0.0045269 0.00065968 0.0177475 -0.00301636 -0.0131564 0.016678 0.0115921 -0.0144032 0.0364558 0.0134519 -0.00690802 0.0077324 0.0343185
internal_weight=166616 132754 82918 33862 67441 49836 15477 25479 46690 8383 13119 37843 15803 7652
internal_count=166616 132754 82918 33862 67441 49836 15477 25479 46690 8383 13119 37843 15803 7652
is_linear=0
shrinkage=0.05


Tree=10
num_leaves=15
num_cat=0
split_feature=2 2 0 0 0 0 0 0 0 0 0 0 0 1
split_gain=4832.38 2144.98 1768.21 1408.03 422.132 408.227 389.437 190.786 170.419 117.896 116.275 108.918 83.5357 69.3166
threshold=1.5000000000000002 1.0000000180025095e-35 3.4131884574890141 3.1528643369674687 4.0656988620758066 4.8446490764617929 2.0138567686080937 1.7857054471969607 4.9729626178741464 2.0012447834014897 6.8048992156982431 7.2690448760986337 1.1569512486457827 26.78098297119141
decision_type=2 2 2 2 2 2 2 2 2 2 2 2 2 2
left_child=1 2 6 7 9 -4 12 -2 -5 -3 -6 -7 -1 -10
right_child=3 4 5 8 10 11 -8 -9 13 -11 -12 -13 -14 -15
leaf_value=-0.010018499695395942 0.0060607248235013574 -0.017130236868171059 0.009153492179806752 0.029270680199171818 -0.0029671078572788044 0.022657610714475727 0.00099793938051855979 0.014894790777102202 0.049077790344351738 -0.011879731505049076 0.0206844388280235 0.044472261683937184 -0.004986244777740516 0.029121731054931085
leaf_weight=13076 12068 20155 13046 6932 6345 5196 28627 12383 1916 22770 566 643 22330 563
leaf_count=13076 12068 20155 13046 6932 6345 5196 28627 12383 1916 22770 566 643 22330 563
internal_value=-1.72753e-10 -0.00430056 0.000626695 0.0168601 -0.0124986 0.0140715 -0.00333854 0.0105347 0.0332943 -0.0143451 -0.00103008 0.0250599 -0.00684474 0.0445456
internal_weight=166616 132754 82918 33862 49836 18885 64033 24451 9411 42925 6911 5839 35406 2479
internal_count=166616 132754 82918 33862 49836 18885 64033 24451 9411 42925 6911 5839 35406 2479
is_linear=0
shrinkage=0.05


Tree=11
num_leaves=15
num_cat=0
split_feature=2 2 0 0 0 0 0 0 0 0 0 0 1 0
split_gain=4361.22 1935.84 1600.86 1276.81 514.986 385.196 248.036 205.073 154.991 136.902 105.18 81.815 71.3924 67.4808
threshold=1.5000000000000002 1.0000000180025095e-35 2.9418302774429326 3.2890503406524663 4.7355475425720224 3.2890503406524663 1.5029856562614443 2.1585435867309575 5.6820471286773691 6.1032638549804696 7.2690448760986337 0.78296282887458812 10.220221519470217 1.1444593071937563
decision_type=2 2 2 2 2 2 2 2 2 2 2 2 2 2
left_child=1 2 6 7 -4 13 -1 11 -7 -5 -6 -2 -10 -3
right_child=3 5 4 9 10 8 -8 -9 12 -11 -12 -13 -14 -15
leaf_value=-0.0083334364525095433 -0.0017696091408802594 -0.018598968829727475 0.0068009102525301863 0.030968706549271377 0.020937907350955166 -0.0063900920338076112 -0.001527974883756228 0.016265108301926241 0.02522734565530569 0.053616626838938156 0.042248647193341843 0.0084504949198153621 0.0028797096270328257 -0.013324297794386406
leaf_weight=21698 2285 7606 19798 7652 5817 10705 34962 9501 531 731 643 13693 1093 29901
leaf_count=21698 2285 7606 19798 7652 5817 10705 34962 9501 531 731 643 13693 1093 29901
internal_value=1.78786e-10 -0.00408553 0.000595361 0.0160171 0.0108008 -0.0118737 -0.00413413 0.010448 -0.00420656 0.0329436 0.0230591 0.00698893 0.0101867 -0.0143939
internal_weight=166616 132754 82918 33862 26258 49836 56660 25479 12329 8383 6460 15978 1624 37507
internal_count=166616 132754 82918 33862 26258 49836 56660 25479 12329 8383 6460 15978 1624 37507
is_linear=0
shrinkage=0.05


Tree=12
num_leaves=15
num_cat=0
split_feature=2 2 0 0 0 0 0 0 0 0 0 0 0 0
split_gain=3936 1747.1 1458.26 1163.12 390.868 352.289 275.008 249.471 135.557 93.6333 79.4635 77.1413 73.8381 71.1935
threshold=1.5000000000000002 1.0000000180025095e-35 3.6685184240341191 3.6429398059844975 2.1191670894622807 4.676427125930787 5.909513235092164 2.1585435867309575 2.4455107450485234 6.1032638549804696 1.1569512486457827 4.6272771358489999 0.78296282887458812 6.8048992156982431
decision_type=2 2 2 2 2 2 2 2 2 2 2 2 2 2
left_child=1 2 4 7 10 8 11 12 -3 -5 -1 -4 -2 -7
right_child=3 5 6 9 -6 13 -8 -9 -10 -11 -12 -13 -14 -15
leaf_value=-0.0091009009090466178 -0.001681128591625122 -0.014807242076778136 0.0087555008132434459 0.031958031641173307 0.0017420536796915475 2.3043565956211593e-05 0.03012796703558342 0.016348768818700201 -0.0092596372708771447 0.050935796513215795 -0.0042952353399023039 0.016783399711657054 0.0080279701910295417 0.019091655363990226
leaf_weight=13076 2285 27101 8501 5862 29224 3621 2358 11291 18548 731 25141 4618 13693 566
leaf_count=13076 2285 27101 8501 5862 29224 3621 2358 11291 18548 731 25141 4618 13693 566
internal_value=-2.4951e-11 -0.00388125 0.000565594 0.0152162 -0.00261088 -0.01128 0.0144071 0.0106597 -0.0125532 0.0340622 -0.0059395 0.0115814 0.00663948 0.00260074
internal_weight=166616 132754 82918 33862 67441 49836 15477 27269 45649 6593 38217 13119 15978 4187
internal_count=166616 132754 82918 33862 67441 49836 15477 27269 45649 6593 38217 13119 15978 4187
is_linear=0
shrinkage=0.05


Tree=13
num_leaves=15
num_cat=0
split_feature=2 2 0 0 0 0 0 0 0 0 0 0 1 1
split_gain=3552.24 1576.76 1318.87 1049.71 416.425 320.636 225.148 203.293 143.228 90.5643 84.504 66.7564 54.6534 63.592
threshold=1.5000000000000002 1.0000000180025095e-35 2.9418302774429326 3.6429398059844975 4.7355475425720224 4.9729626178741464 2.1585435867309575 1.5029856562614443 2.8936786651611333 7.2690448760986337 6.1032638549804696 0.76394006609916698 33.812385559082038 31.966722488403324
decision_type=2 2 2 2 2 2 2 2 2 2 2 2 2 2
left_child=1 2 7 6 -4 8 11 -1 -3 -6 -5 -2 13 -8
right_child=3 5 4 10 9 -7 12 -9 -10 -11 -12 -13 -14 -15
leaf_value=-0.0075571996359267389 -0.001827645439336451 -0.013536205531418273 0.0062035882996993785 0.030360130752592397 0.018855127026421819 0.0047343102865778407 0.015401904794898514 -0.001396053053741699 -0.0074465272317978922 0.038629816975705271 0.048389006828858674 0.007591447185994922 0.0012691710297053546 0.031634785008915582
leaf_weight=21698 2178 33049 19798 5862 5817 3146 10015 34962 13641 643 731 13800 634 642
leaf_count=21698 2178 33049 19798 5862 5817 3146 10015 34962 13641 643 731 13800 634 642
internal_value=2.47263e-10 -0.00368719 0.000537314 0.0144554 0.00980036 -0.010716 0.0101267 -0.00375547 -0.011757 0.0208234 0.0323591 0.00630751 0.0155313 0.0163798
internal_weight=166616 132754 82918 33862 26258 49836 27269 56660 46690 6460 6593 15978 11291 10657
internal_count=166616 132754 82918 33862 26258 49836 27269 56660 46690 6460 6593 15978 11291 10657
is_linear=0
shrinkage=0.05


Tree=14
num_leaves=15
num_cat=0
split_feature=2 2 0 0 0 0 0 0 0 0 0 0 1 0
split_gain=3205.9 1423.02 1201.11 954.633 357.177 291.189 203.066 130.235 121.851 86.4258 84.9038 65.4977 63.7063 62.8411
threshold=1.5000000000000002 1.0000000180025095e-35 3.8044918775558476 3.1528643369674687 2.1191670894622807 4.0656988620758066 5.909513235092164 1.7857054471969607 4.9054827690124521 1.8952941894531252 6.8048992156982431 1.1569512486457827 26.78098297119141 4.6272771358489999
decision_type=2 2 2 2 2 2 2 2 2 2 2 2 2 2
left_child=1 2 4 7 11 9 -4 -2 13 -3 -7 -1 -10 -5
right_child=3 5 6 8 -6 10 -8 -9 12 -11 -12 -13 -14 -15
leaf_value=-0.0082679968711322667 0.0048278625527280114 -0.014305424268365764 0.011277602897941471 0.025449251880165169 0.001822148218839751 -0.002310277487792022 0.027409196108266826 0.01212665216422212 0.040846554918288959 -0.0097715563397732658 0.017900358556437408 -0.0039050241719566408 0.022401760385157527 0.010152224726629574
leaf_weight=13076 12068 18388 11298 6062 31045 6345 2358 12383 1981 24537 566 25141 613 755
leaf_count=13076 12068 18388 11298 6062 31045 6345 2358 12383 1981 24537 566 25141 613 755
internal_value=-3.32726e-10 -0.00350283 0.000510448 0.0137326 -0.00216165 -0.0101802 0.0140631 0.00852427 0.0272646 -0.0117138 -0.000655058 -0.00539782 0.0364878 0.0237551
internal_weight=166616 132754 82918 33862 69262 49836 13656 24451 9411 42925 6911 38217 2594 6817
internal_count=166616 132754 82918 33862 69262 49836 13656 24451 9411 42925 6911 38217 2594 6817
is_linear=0
shrinkage=0.05


Tree=15
num_leaves=15
num_cat=0
split_feature=2 2 0 0 0 0 0 0 0 0 1 0 0 0
split_gain=2893.32 1284.28 1091.83 869.348 267.268 253.167 239.565 183.219 110.538 71.6179 63.6977 58.8863 57.0105 54.1278
threshold=1.5000000000000002 1.0000000180025095e-35 3.4131884574890141 3.6429398059844975 3.2890503406524663 5.2105743885040292 2.0012447834014897 2.1585435867309575 5.6820471286773691 6.1032638549804696 9.1322388648986834 0.78296282887458812 7.2690448760986337 1.1444593071937563
decision_type=2 2 2 2 2 2 2 2 2 2 2 2 2 2
left_child=1 2 6 7 13 -4 -1 11 -6 -5 -10 -2 -7 -3
right_child=3 4 5 9 8 12 -8 -9 10 -11 -12 -13 -14 -15
leaf_value=-0.005405072746129511 -0.0017691385341681851 -0.01553657752352265 0.0078653287884335645 0.027498859232467934 -0.0051286645573970597 0.019211850257491659 0.00074063661450779472 0.013982182156640852 0.023197639756259464 0.044096283593932334 0.002026402226245002 0.0069013993374479367 0.035327866575267881 -0.010812518420811382
leaf_weight=35129 2285 7606 14498 5862 10705 3744 28904 11291 525 731 1099 13693 643 29901
leaf_count=35129 2285 7606 14498 5862 10705 3744 28904 11291 525 731 1099 13693 643 29901
internal_value=4.674e-10 -0.00332769 0.000484926 0.013046 -0.00967118 0.0110499 -0.00263095 0.00910672 -0.00328466 0.0293391 0.00887055 0.00566143 0.021574 -0.0117705
internal_weight=166616 132754 82918 33862 49836 18885 64033 27269 12329 6593 1624 15978 4387 37507
internal_count=166616 132754 82918 33862 49836 18885 64033 27269 12329 6593 1624 15978 4387 37507
is_linear=0
shrinkage=0.05


Tree=16
num_leaves=15
num_cat=0
split_feature=2 0 2 0 2 0 0 0 0 0 0 0 1 1
split_gain=2611.22 1165.16 794.162 784.962 417.916 290.967 167.246 106.798 100.903 80.1766 66.7815 58.4855 57.4872 55.3511
threshold=1.5000000000000002 3.8044918775558476 1.0000000180025095e-35 3.1528643369674687 1.0000000180025095e-35 2.1191670894622807 5.909513235092164 1.7857054471969607 4.9729626178741464 5.6820471286773691 1.8952941894531252 1.4645501375198366 9.1322388648986834 31.127135276794437
decision_type=2 2 2 2 2 2 2 2 2 2 2 2 2 2
left_child=1 2 5 7 6 11 -3 -2 13 -6 -4 -1 -11 -5
right_child=3 4 10 8 9 -7 -8 -9 -10 12 -12 -13 -14 -15
leaf_value=-0.0066874357805159212 0.00432348601744789 0.010218572093279046 -0.012951823813917327 0.019629995652634818 -0.0039756635170902881 0.001634007795414001 0.024858413604040733 0.010933003486012649 0.033321921611600157 0.022037759985242572 -0.0089186898333530329 -0.0027628222978930343 0.0019250813319099504 0.031867079666291091
leaf_weight=20641 12068 11298 18388 5834 6593 31045 2358 12383 2479 525 23231 17576 1099 1098
leaf_count=20641 12068 11298 18388 5834 6593 31045 2358 12383 2479 525 23231 17576 1099 1098
internal_value=2.06189e-10 -0.0031613 -0.00524179 0.0123937 0.00738534 -0.00196164 0.0127465 0.00767082 0.0246644 -0.00152441 -0.0107006 -0.00488251 0.00842702 0.0215683
internal_weight=166616 132754 110881 33862 21873 69262 13656 24451 9411 8217 41619 38217 1624 6932
internal_count=166616 132754 110881 33862 21873 69262 13656 24451 9411 8217 41619 38217 1624 6932
is_linear=0
shrinkage=0.05


Tree=17
num_leaves=15
num_cat=0
split_feature=2 0 0 2 2 0 0 0 0 0 0 0 1 0
split_gain=2356.63 1056.23 716.227 617.432 462.508 238.911 186.639 150.015 89.3213 70.4754 64.5368 61.3875 51.8903 51.5838
threshold=1.5000000000000002 3.2890503406524663 3.6429398059844975 1.0000000180025095e-35 1.0000000180025095e-35 4.7355475425720224 1.5029856562614443 2.1464033126831059 5.6820471286773691 2.1938685178756718 7.2690448760986337 6.1032638549804696 10.220221519470217 0.76394006609916698
decision_type=2 2 2 2 2 2 2 2 2 2 2 2 2 2
left_child=1 3 7 6 5 -3 -1 13 -6 -9 -7 -4 -10 -2
right_child=2 4 11 -5 8 10 -8 9 12 -11 -12 -13 -14 -15
leaf_value=-0.0062575571397634477 -0.0021053723156233247 0.0056943127268328057 0.024859053722814078 -0.010637182388391606 -0.0045785127498734956 0.015625536561528441 -0.00051122968037460267 0.029233985735724374 0.020828469772516223 0.011631083104441643 0.032318554572329433 0.04022537347810947 0.0017761151832064029 0.0061816615048898467
leaf_weight=21698 2178 14243 5862 37507 10705 5817 40517 600 531 10866 643 731 1093 13625
leaf_count=21698 2178 14243 5862 37507 10705 5817 40517 600 531 10866 643 731 1093 13625
internal_value=2.17054e-10 -0.00300324 0.011774 -0.00557007 0.00474591 0.00931163 -0.00251531 0.00819844 -0.0029209 0.0125522 0.0172871 0.0265628 0.00800567 0.00503953
internal_weight=166616 132754 33862 99722 33032 20703 62215 27269 12329 11466 6460 6593 1624 15803
internal_count=166616 132754 33862 99722 33032 20703 62215 27269 12329 11466 6460 6593 1624 15803
is_linear=0
shrinkage=0.05


Tree=18
num_leaves=15
num_cat=0
split_feature=2 0 0 2 2 0 0 0 0 0 0 0 1 0
split_gain=2126.86 957.255 647.375 646.386 341.156 243.157 139.365 102.724 71.8457 69.9821 58.8485 49.1927 42.5548 41.3841
threshold=1.5000000000000002 3.8044918775558476 3.2890503406524663 1.0000000180025095e-35 1.0000000180025095e-35 2.1191670894622807 5.909513235092164 1.7857054471969607 6.1032638549804696 6.8048992156982431 2.0012447834014897 1.1569512486457827 14.758401870727541 1.840832591056824
decision_type=2 2 2 2 2 2 2 2 2 2 2 2 2 2
left_child=1 3 7 5 6 11 -3 -2 -4 -6 -5 -1 -8 -9
right_child=2 4 8 10 9 -7 12 13 -10 -11 -12 -13 -14 -15
leaf_value=-0.0069370938668414416 0.0038730075750172755 0.0092426396765581155 0.02180730488691977 -0.011603881452196558 -0.0025986534470421804 0.0015074386858655974 0.0142462607907081 0.020776833133108314 0.038214105083295001 0.015621528471737783 -0.0078417255055468968 -0.0031559795470763293 0.028003217298498501 0.0094998776040999197
leaf_weight=13076 12068 11298 7652 20155 7651 31045 925 870 731 566 21464 25141 1433 12541
leaf_count=13076 12068 11298 7652 20155 7651 31045 925 870 731 566 21464 25141 1433 12541
internal_value=-5.25215e-11 -0.00285308 0.0111853 -0.00473883 0.00670641 -0.00177955 0.0115502 0.0072198 0.023238 -0.00134362 -0.00966364 -0.00444969 0.0226066 0.0102314
internal_weight=166616 132754 33862 110881 21873 69262 13656 25479 8383 8217 41619 38217 2358 13411
internal_count=166616 132754 33862 110881 21873 69262 13656 25479 8383 8217 41619 38217 2358 13411
is_linear=0
shrinkage=0.05


Tree=19
num_leaves=15
num_cat=0
split_feature=2 0 0 2 2 0 0 0 0 0 0 1 1 0
split_gain=1919.49 872.545 590.422 461.405 430.668 211.364 134.668 125.97 85.0243 51.8133 49.3505 48.9406 55.9431 61.7718
threshold=1.5000000000000002 3.1528643369674687 3.6429398059844975 1.0000000180025095e-35 1.0000000180025095e-35 4.8446490764617929 1.5029856562614443 2.1585435867309575 4.9729626178741464 7.2690448760986337 6.1032638549804696 33.812385559082038 31.966722488403324 2.2092199325561528
decision_type=2 2 2 2 2 2 2 2 2 2 2 2 2 2
left_child=1 3 7 6 5 -3 -1 -2 -6 -7 -4 12 13 -9
right_child=2 4 10 -5 8 9 -8 11 -10 -11 -12 -13 -14 -15
leaf_value=-0.0056729489490176931 0.0045228895178119032 0.0052486751474502234 0.022525737312465502 -0.0096768070687162089 -0.0052876713298227358 0.014615948991414468 -0.00074407187998178287 0.027772836840550843 0.00407522342843344 0.029661900698443412 0.03630340087307788 -0.0020739095303162415 0.026533357691124221 0.010371459611157272
leaf_weight=21698 15978 17026 5862 36114 10576 5196 38355 539 3146 643 731 634 642 9476
leaf_count=21698 15978 17026 5862 36114 10576 5196 38355 539 3146 643 731 634 642 9476
internal_value=-1.34646e-10 -0.00271042 0.0106261 -0.00521071 0.00386146 0.0080639 -0.00252495 0.00737965 -0.00314107 0.0162728 0.0240533 0.0114223 0.0122252 0.011308
internal_weight=166616 132754 33862 96167 36587 22865 60053 27269 13722 5839 6593 11291 10657 10015
internal_count=166616 132754 33862 96167 36587 22865 60053 27269 13722 5839 6593 11291 10657 10015
is_linear=0
shrinkage=0.05


Tree=20
num_leaves=15
num_cat=0
split_feature=2 0 0 2 2 0 0 0 0 0 0 1 1 1
split_gain=1732.34 793.951 535.958 443.557 378.986 214.419 99.3915 83.4988 73.7249 71.6308 64.6281 58.7631 85.3386 55.9265
threshold=1.5000000000000002 2.9418302774429326 3.1528643369674687 1.0000000180025095e-35 1.0000000180025095e-35 4.6272771358489999 1.5029856562614443 4.9729626178741464 0.99254509806633007 4.9054827690124521 4.6272771358489999 31.391610145568851 24.22816371917725 26.78098297119141
decision_type=2 2 2 2 2 2 2 2 2 2 2 2 2 2
left_child=1 4 8 5 6 -3 -1 -5 -2 10 11 12 -4 -11
right_child=2 3 9 7 -6 -7 -8 -9 -10 13 -12 -13 -14 -15
leaf_value=-0.0053893008112017382 -5.0415093403045441e-05 0.0043603481809673271 0.020442046412874729 -0.0052024346066601897 -0.0094315050392984063 0.014589813130624059 -0.0010813087227943799 0.0038714642858503354 0.0073997115466779345 0.031389587956533807 0.003748336755578092 0.031159907299394538 0.0044136735772009475 0.014107690055719402
leaf_weight=21698 3963 19282 4137 13061 33629 6976 34962 3146 20488 1981 755 886 1039 613
leaf_count=21698 3963 19282 4137 13061 33629 6976 34962 3146 20488 1981 755 886 1039 613
internal_value=3.51765e-10 -0.0025749 0.0100948 0.00306336 -0.0052267 0.00707802 -0.00273106 -0.00344107 0.0061922 0.0202341 0.0175432 0.0192613 0.0172246 0.0273056
internal_weight=166616 132754 33862 42465 90289 26258 56660 16207 24451 9411 6817 6062 5176 2594
internal_count=166616 132754 33862 42465 90289 26258 56660 16207 24451 9411 6817 6062 5176 2594
is_linear=0
shrinkage=0.05


Tree=21
num_leaves=15
num_cat=0
split_feature=2 0 0 2 2 0 0 0 0 0 1 1 0 0
split_gain=1563.44 716.677 489.149 473.9 252.841 185.115 109.839 105.629 58.7787 52.3518 44.5708 49.1511 56.6731 46.8482
threshold=1.5000000000000002 3.8044918775558476 3.6429398059844975 1.0000000180025095e-35 1.0000000180025095e-35 2.1191670894622807 5.909513235092164 2.1585435867309575 6.8048992156982431 1.1444593071937563 33.812385559082038 31.966722488403324 2.2092199325561528 2.3352900743484502
decision_type=2 2 2 2 2 2 2 2 2 2 2 2 2 2
left_child=1 3 7 5 6 -1 -3 -2 -6 -5 11 12 -9 -14
right_child=2 4 -4 9 8 -7 -8 10 -10 -11 -12 -13 13 -15
leaf_value=-0.0038737240832024209 0.0040191520063519214 0.0079466864134752659 0.021811597648142188 -0.012044690084667417 -0.0022550696022384949 0.0013240075053070879 0.01981085392254392 0.026014209001675833 0.014443119104569878 -0.0074560824547162206 -0.0025425731201512204 0.024514721105501892 0.00075450627855556344 0.01078497825728084
leaf_weight=38217 15978 11298 6593 7606 7651 31045 2358 539 566 34013 634 642 1359 8117
leaf_count=38217 15978 11298 6593 7606 7651 31045 2358 539 566 34013 634 642 1359 8117
internal_value=8.26787e-11 -0.00244616 0.00959001 -0.00407783 0.00582531 -0.00154397 0.00999529 0.00663512 -0.00110487 -0.00829466 0.010337 0.0111032 0.0102435 0.00934646
internal_weight=166616 132754 33862 110881 21873 69262 13656 27269 8217 41619 11291 10657 10015 9476
internal_count=166616 132754 33862 110881 21873 69262 13656 27269 8217 41619 11291 10657 10015 9476
is_linear=0
shrinkage=0.05


Tree=22
num_leaves=15
num_cat=0
split_feature=2 0 0 2 2 0 0 0 0 0 1 1 1 0
split_gain=1411 658.418 441.457 360.989 308.959 177.265 95.3306 83.7919 70.7498 49.3369 46.3328 42.1937 64.3805 58.4418
threshold=1.5000000000000002 2.9418302774429326 3.6429398059844975 1.0000000180025095e-35 1.0000000180025095e-35 4.6272771358489999 2.1585435867309575 1.5029856562614443 5.6820471286773691 7.2690448760986337 9.1322388648986834 16.364654541015629 30.980435371398929 1.0076549649238589
decision_type=2 2 2 2 2 2 2 2 2 2 2 2 2 2
left_child=1 4 6 5 7 -3 11 -1 -5 -7 -10 -2 -13 -14
right_child=2 3 -4 8 -6 9 -8 -9 10 -11 -12 12 13 -15
leaf_value=-0.0049261504336978691 0.0064752891204267905 0.0039614133155824434 0.020721016461111935 -0.0041596434631849906 -0.0085352343730629599 0.01192263213824378 0.0098201578913960173 -0.00097065073869047119 0.019061385669168974 0.026458772380501729 0.0010050819639296181 -0.0013891386885142415 -0.0057850988414309447 0.012990816026667641
leaf_weight=21698 7721 19282 6593 14583 33629 6333 11291 34962 525 643 1099 5982 545 1730
leaf_count=21698 7721 19282 6593 14583 33629 6333 11291 34962 525 643 1099 5982 545 1730
internal_value=1.72613e-12 -0.00232385 0.00911051 0.00281066 -0.00473873 0.00643244 0.00630337 -0.00248541 -0.00305721 0.0132625 0.00684225 0.00381819 0.00133358 0.00849285
internal_weight=166616 132754 33862 42465 90289 26258 27269 56660 16207 6976 1624 15978 8257 2275
internal_count=166616 132754 33862 42465 90289 26258 27269 56660 16207 6976 1624 15978 8257 2275
is_linear=0
shrinkage=0.05


Tree=23
num_leaves=15
num_cat=0
split_feature=2 0 0 2 2 0 0 0 0 0 0 1 1 0
split_gain=1273.43 594.222 400.422 325.792 278.835 161.883 75.6222 65.3421 61.353 58.7434 50.7278 53.7232 78.3648 55.4189
threshold=1.5000000000000002 2.9418302774429326 3.1528643369674687 1.0000000180025095e-35 1.0000000180025095e-35 5.2105743885040292 1.5029856562614443 4.9729626178741464 0.78296282887458812 4.9729626178741464 4.5750768184661874 31.391610145568851 24.22816371917725 4.2210822105407724
decision_type=2 2 2 2 2 2 2 2 2 2 2 2 2 2
left_child=1 4 8 5 6 -3 -1 -5 -2 10 11 12 13 -4
right_child=2 3 9 7 -6 -7 -8 -9 -10 -11 -12 -13 -14 -15
leaf_value=-0.0046798431643396716 -0.0025190339464066587 0.0043525290026655197 0.015349040809583721 -0.004462492403908498 -0.0081084734241487922 0.014876604701553376 -0.00092211868666169114 0.0035644511014308357 0.0060859402989975634 0.024024759135845813 0.0044398444682582907 0.028201355910085671 0.0025591460028815661 0.031100564185524378
leaf_weight=21698 2285 21871 3378 13061 33629 4387 34962 3146 22166 2479 968 878 1039 669
leaf_count=21698 2285 21871 3378 13061 33629 4387 34962 3146 22166 2479 968 878 1039 669
internal_value=-2.33104e-10 -0.00220766 0.00865499 0.00267013 -0.00450179 0.00611082 -0.00236114 -0.00290435 0.00528179 0.017419 0.0150567 0.0167799 0.0148082 0.0179529
internal_weight=166616 132754 33862 42465 90289 26258 56660 16207 24451 9411 6932 5964 5086 4047
internal_count=166616 132754 33862 42465 90289 26258 56660 16207 24451 9411 6932 5964 5086 4047
is_linear=0
shrinkage=0.05


Tree=24
num_leaves=15
num_cat=0
split_feature=2 0 0 2 2 0 0 0 0 0 0 1 0 1
split_gain=1149.27 540.214 363.264 347.482 187.314 139.476 84.4938 81.4914 47.9844 45.2271 39.861 39.712 38.8312 49.5543
threshold=1.5000000000000002 3.8044918775558476 3.6429398059844975 1.0000000180025095e-35 1.0000000180025095e-35 2.1191670894622807 5.909513235092164 1.7857054471969607 6.8048992156982431 1.1444593071937563 6.3156888484954843 14.758401870727541 1.840832591056824 33.812385559082038
decision_type=2 2 2 2 2 2 2 2 2 2 2 2 2 2
left_child=1 3 7 5 6 -1 -3 -2 -6 -5 -4 -8 -9 -14
right_child=2 4 10 9 8 -7 11 12 -10 -11 -12 -13 13 -15
leaf_value=-0.0033664376000567989 0.0026081312297762211 0.0068764492828985203 0.017491823887092698 -0.010610268720899041 -0.0019201361693645396 0.0011452860224984236 0.0092058802169143559 0.018367809695245204 0.013167089400911712 -0.0063453108634803773 0.030725841811711535 0.022495384336581138 0.0082171072679034281 -0.0043771516801328798
leaf_weight=38217 12068 11298 5964 7606 7651 31045 925 870 566 34013 629 1433 13502 829
leaf_count=38217 12068 11298 5964 7606 7651 31045 925 870 566 34013 629 1433 13502 829
internal_value=-3.53806e-11 -0.00209727 0.00822224 -0.0035139 0.00508403 -0.00134417 0.00867322 0.00567581 -0.000880904 -0.00712475 0.0187544 0.0172822 0.00811122 0.00748857
internal_weight=166616 132754 33862 110881 21873 69262 13656 27269 8217 41619 6593 2358 15201 14331
internal_count=166616 132754 33862 110881 21873 69262 13656 27269 8217 41619 6593 2358 15201 14331
is_linear=0
shrinkage=0.05


Tree=25
num_leaves=15
num_cat=0
split_feature=2 0 0 2 2 0 0 0 0 0 0 1 1 1
split_gain=1037.22 492.522 330.671 265.129 227.323 138.166 63.9519 55.0894 53.2765 49.7732 45.1548 43.8726 41.598 36.7615
threshold=1.5000000000000002 2.9418302774429326 3.1528643369674687 1.0000000180025095e-35 1.0000000180025095e-35 4.437899351119996 1.4645501375198366 5.6820471286773691 0.78296282887458812 6.1032638549804696 7.2690448760986337 18.947114944458011 9.1322388648986834 33.372077941894538
decision_type=2 2 2 2 2 2 2 2 2 2 2 2 2 2
left_child=1 4 8 5 6 -3 -1 -5 11 13 -7 -2 -9 -4
right_child=2 3 9 7 -6 10 -8 12 -10 -11 -12 -13 -14 -15
leaf_value=-0.004367200708205626 0.0036483467607707765 0.003086935035336788 0.013769903784437463 -0.0035531907180352423 -0.0073375518454603288 0.0098191703985196412 -0.00087657062762244102 0.017732976981571745 0.0054951256869074597 0.028305315809061933 0.023614455302988946 -0.010300855483015969 0.00062413618673618767 0.025863162930160378
leaf_weight=20641 1274 17960 7998 14583 33629 7655 36019 525 22166 731 643 1011 1099 682
leaf_count=20641 1274 17960 7998 14583 33629 7655 36019 525 22166 731 643 1011 1099 682
internal_value=-1.45413e-10 -0.00199241 0.00781113 0.00244839 -0.00408102 0.00555226 -0.00214819 -0.00258039 0.00474577 0.0157753 0.0108881 -0.00252349 0.00615501 0.0147201
internal_weight=166616 132754 33862 42465 90289 26258 56660 16207 24451 9411 8298 2285 1624 8680
internal_count=166616 132754 33862 42465 90289 26258 56660 16207 24451 9411 8298 2285 1624 8680
is_linear=0
shrinkage=0.05


Tree=26
num_leaves=15
num_cat=0
split_feature=2 0 0 2 2 0 0 0 0 0 0 1 1 1
split_gain=936.087 444.501 300.481 239.279 205.159 124.695 71.783 58.8486 51.1791 40.7522 37.5873 36.3395 58.1078 55.05
threshold=1.5000000000000002 2.9418302774429326 3.6429398059844975 1.0000000180025095e-35 1.0000000180025095e-35 4.437899351119996 2.1585435867309575 1.7026932239532473 4.9729626178741464 7.2690448760986337 2.2092199325561528 16.364654541015629 30.980435371398929 32.930381774902351
decision_type=2 2 2 2 2 2 2 2 2 2 2 2 2 2
left_child=1 4 6 5 7 -3 11 -1 -5 -7 -8 -2 -13 -14
right_child=2 3 -4 8 -6 9 10 -9 -10 -11 -12 12 13 -15
leaf_value=-0.0037289034467242496 0.0054139968613807973 0.0029325888487188884 0.016999458459107893 -0.0038303477960727767 -0.0069706750150833434 0.009328212551340696 0.020576150836358591 -0.0005026430401242507 0.0032736032888605877 0.02243373369389615 0.0074862266129754789 -0.0019443837695374254 0.016546872406421852 0.00079831357379603297
leaf_weight=27013 7721 17960 6593 13061 33629 7655 578 29647 3146 643 10713 5982 960 1315
leaf_count=27013 7721 17960 6593 13061 33629 7655 578 29647 3146 643 10713 5982 960 1315
internal_value=9.76973e-11 -0.00189279 0.00742057 0.00232597 -0.00387697 0.00527465 0.00510462 -0.00204078 -0.00245137 0.0103437 0.00815632 0.00294811 0.000642301 0.00744386
internal_weight=166616 132754 33862 42465 90289 26258 27269 56660 16207 8298 11291 15978 8257 2275
internal_count=166616 132754 33862 42465 90289 26258 27269 56660 16207 8298 11291 15978 8257 2275
is_linear=0
shrinkage=0.05


Tree=27
num_leaves=15
num_cat=0
split_feature=2 0 0 2 2 0 0 0 0 0 1 1 1 1
split_gain=844.818 403.063 272.474 255.747 137.174 105.703 66.1533 46.8317 44.3981 60.9276 50.3828 50.6779 43.3249 70.4458
threshold=1.5000000000000002 3.8044918775558476 3.1528643369674687 1.0000000180025095e-35 1.0000000180025095e-35 2.1191670894622807 5.909513235092164 0.99254509806633007 4.9054827690124521 4.6272771358489999 26.78098297119141 16.638400077819828 31.391610145568851 24.22816371917725
decision_type=2 2 2 2 2 2 2 2 2 2 2 2 2 2
left_child=1 3 7 5 6 -1 -3 -2 9 12 11 -10 13 -4
right_child=2 4 8 -5 -6 -7 -8 -9 10 -11 -12 -13 -14 -15
leaf_value=-0.0029208685512332735 -0.00070844256581605589 0.0058865475667494501 0.015003136979064658 -0.0061195661410166262 -0.00069961029491267743 0.0010068156484158686 0.015093901992348547 0.0052293699656087511 0.018242435837983229 -0.0012335984852929779 0.0073195898329586912 0.03539285333599089 0.024045439171142307 0.00044036057033272212
leaf_weight=38217 3963 11298 4137 41619 8217 31045 2358 20488 1348 755 613 633 886 1039
leaf_count=38217 3963 11298 4137 41619 8217 31045 2358 20488 1348 755 613 633 886 1039
internal_value=2.36733e-10 -0.00179815 0.00704954 -0.0030218 0.00440493 -0.00116038 0.00747639 0.00426697 0.014279 0.0121605 0.0198463 0.0237226 0.0138287 0.0120799
internal_weight=166616 132754 33862 110881 21873 69262 13656 24451 9411 6817 2594 1981 6062 5176
internal_count=166616 132754 33862 110881 21873 69262 13656 24451 9411 6817 2594 1981 6062 5176
is_linear=0
shrinkage=0.05


Tree=28
num_leaves=15
num_cat=0
split_feature=2 0 0 2 2 0 0 0 0 1 1 0 0 1
split_gain=762.449 369.645 249.207 189.828 169.355 106.362 60.2123 52.7438 47.0978 37.5902 41.7015 48.8889 39.2202 59.1459
threshold=1.5000000000000002 2.9310567378997807 3.6429398059844975 1.0000000180025095e-35 1.0000000180025095e-35 4.437899351119996 2.1585435867309575 1.1569512486457827 6.8048992156982431 33.812385559082038 31.966722488403324 2.2092199325561528 2.3352900743484502 27.330609321594242
decision_type=2 2 2 2 2 2 2 2 2 2 2 2 2 2
left_child=1 4 6 5 7 -3 -2 -1 -5 10 11 -8 -13 -14
right_child=2 3 -4 8 -6 -7 9 -9 -10 -11 -12 12 13 -15
leaf_value=-0.0046439702182999084 0.0026128752291853506 0.0025803029742944086 0.015420488209717429 -0.0026380627188710248 -0.0063553653735450594 0.0094014053023860795 0.021942305778445251 -0.0010193979683345603 0.012040507493626208 -0.0044451839699665499 0.020439956644462926 -0.0013999155261351661 0.0094129592881330368 -0.003362219945256015
leaf_weight=13076 15978 18360 6593 15844 33426 8298 539 43184 566 634 642 1359 7078 1039
leaf_count=13076 15978 18360 6593 15844 33426 8298 539 43184 566 634 642 1359 7078 1039
internal_value=4.53492e-11 -0.00170824 0.00669706 0.00209912 -0.00353657 0.00470355 0.00458795 -0.00186182 -0.00213178 0.00738289 0.00808656 0.00729466 0.00646149 0.0077777
internal_weight=166616 132754 33862 43068 89686 26658 27269 56260 16410 11291 10657 10015 9476 8117
internal_count=166616 132754 33862 43068 89686 26658 27269 56260 16410 11291 10657 10015 9476 8117
is_linear=0
shrinkage=0.05


Tree=29
num_leaves=15
num_cat=0
split_feature=2 0 0 2 2 0 0 0 0 1 1 1 0 0
split_gain=688.11 334.506 224.909 183.944 129.532 85.2781 65.9057 54.8067 38.7918 41.475 59.6972 50.4883 42.2355 39.3318
threshold=1.5000000000000002 3.2890503406524663 3.6429398059844975 1.0000000180025095e-35 1.0000000180025095e-35 5.2105743885040292 1.7026932239532473 1.7857054471969607 1.840832591056824 33.812385559082038 31.53483867645264 27.216913223266605 2.3352900743484502 2.2659215927124028
decision_type=2 2 2 2 2 2 2 2 2 2 2 2 2 2
left_child=1 3 7 6 5 -3 -1 -2 -9 10 11 12 13 -10
right_child=2 4 -4 -5 -6 -7 -8 8 9 -11 -12 -13 -14 -15
leaf_value=-0.0032577188044198417 0.0018427819797672261 0.0034903215269784628 0.014649463235220511 -0.0058330594800442654 -0.0013192924445239538 0.01134294479756779 2.5569735724887665e-05 0.016607189051293096 0.0044861560364746365 -0.0051219538823432942 0.017969012025707557 -0.0028959880689996289 0.0089454713696824617 -0.010044100884739207
leaf_weight=27013 12068 16316 6593 37507 12329 4387 35202 870 3273 829 1030 1584 7072 543
leaf_count=27013 12068 16316 6593 37507 12329 4387 35202 870 3273 829 1030 1584 7072 543
internal_value=1.53971e-10 -0.00162283 0.00636221 -0.00306734 0.00273807 0.00515431 -0.00139999 0.00435855 0.00635581 0.00573347 0.00639997 0.00544455 0.00665794 0.00241856
internal_weight=166616 132754 33862 99722 33032 20703 62215 27269 15201 14331 13502 12472 10888 3816
internal_count=166616 132754 33862 99722 33032 20703 62215 27269 15201 14331 13502 12472 10888 3816
is_linear=0
shrinkage=0.05


Tree=30
num_leaves=15
num_cat=0
split_feature=2 0 2 0 0 2 0 0 1 1 1 1 0 1
split_gain=621.019 307.874 230.388 202.981 118.75 55.5585 50.574 41.1957 32.5106 51.7332 48.9335 43.188 55.9552 38.4194
threshold=1.5000000000000002 4.6272771358489999 1.0000000180025095e-35 3.6429398059844975 2.1938685178756718 1.0000000180025095e-35 2.1585435867309575 1.2010026574134829 16.364654541015629 30.980435371398929 32.930381774902351 13.162920951843263 1.3108072876930239 14.758401870727541
decision_type=2 2 2 2 2 2 2 2 2 2 2 2 2 2
left_child=1 2 4 6 -1 -3 8 -4 11 -10 -11 -2 -13 -14
right_child=3 5 7 -5 -6 -7 -8 -9 9 10 -12 12 13 -15
leaf_value=-0.0024620324535747922 0.0027073490338619054 0.0091083381312390375 -0.0082556950029008397 0.013916989800379974 0.0014983917351532755 0.0019067566443559478 0.0067021206754959472 -0.0043755592084414206 -0.0022911232093113078 0.015149633870848146 0.00030171827501670491 -0.00099618031542423983 0.027604760353986835 0.0088706232635061989
leaf_weight=40072 6063 6976 8387 6593 35870 4347 11291 37102 5982 960 1315 563 557 538
leaf_count=40072 6063 6976 8387 6593 35870 4347 11291 37102 5982 960 1315 563 557 538
internal_value=-2.95646e-11 -0.00154169 -0.00227696 0.0060441 -0.000591389 0.00634359 0.00414062 -0.00509096 0.00233051 0.000149559 0.00656721 0.00466287 0.0118139 0.0184002
internal_weight=166616 132754 121431 33862 75942 11323 27269 45489 15978 8257 2275 7721 1658 1095
internal_count=166616 132754 121431 33862 75942 11323 27269 45489 15978 8257 2275 7721 1658 1095
is_linear=0
shrinkage=0.05


Tree=31
num_leaves=15
num_cat=0
split_feature=2 0 0 2 2 0 0 0 0 1 0 1 1 1
split_gain=560.47 281.971 184.038 143.135 123.033 79.5364 42.5928 40.9285 39.0459 39.9235 38.8472 31.3115 62.5611 37.8018
threshold=1.5000000000000002 2.9418302774429326 3.1528643369674687 1.0000000180025095e-35 1.0000000180025095e-35 5.2105743885040292 1.1569512486457827 6.8048992156982431 0.76394006609916698 18.947114944458011 6.1032638549804696 33.372077941894538 26.052094459533695 30.980435371398929
decision_type=2 2 2 2 2 2 2 2 2 2 2 2 2 2
left_child=1 4 8 5 6 -3 -1 -5 9 -2 11 12 -4 -14
right_child=2 3 10 7 -6 -7 -8 -9 -10 -11 -12 -13 13 -15
leaf_value=-0.0041257840033954501 0.0031146846607044451 0.0029436191428112244 0.012173461818178877 -0.0022774352308665923 -0.0054407008230436277 0.01032038135504478 -0.00087209900163480588 0.011409108638072341 0.004079858921824513 -0.010510041739602863 0.022753050079615089 0.021035142014311118 -0.004221596942378141 0.011300905069509495
leaf_weight=13076 1211 21871 6296 15641 33629 4387 43584 566 22273 967 731 682 1089 613
leaf_count=13076 1211 21871 6296 15641 33629 4387 43584 566 22273 967 731 682 1089 613
internal_value=1.45008e-10 -0.0014646 0.0057419 0.00189548 -0.00304493 0.00417608 -0.00162298 -0.00179946 0.00345505 -0.00293449 0.0116834 0.0107512 0.00987425 0.00136906
internal_weight=166616 132754 33862 42465 90289 26258 56660 16207 24451 2178 9411 8680 7998 1702
internal_count=166616 132754 33862 42465 90289 26258 56660 16207 24451 2178 9411 8680 7998 1702
is_linear=0
shrinkage=0.05


Tree=32
num_leaves=15
num_cat=0
split_feature=2 0 2 0 0 0 0 2 0 0 1 1 0 1
split_gain=505.824 256.239 188.217 168.245 98.4883 47.9493 42.7404 39.7889 36.4455 31.915 28.2535 46.66 44.4484 48.5511
threshold=1.5000000000000002 4.6272771358489999 1.0000000180025095e-35 3.6429398059844975 2.1938685178756718 7.2690448760986337 2.1585435867309575 1.0000000180025095e-35 1.1444593071937563 2.2092199325561528 16.364654541015629 30.980435371398929 1.0076549649238589 32.930381774902351
decision_type=2 2 2 2 2 2 2 2 2 2 2 2 2 2
left_child=1 2 4 6 -1 7 10 -3 -4 -8 -2 -12 -13 -14
right_child=3 5 8 -5 -6 -7 9 -9 -10 -11 11 12 13 -15
leaf_value=-0.0022422402147423081 0.0042321010664628433 0.0072305598000186773 -0.0077641244539846544 0.012622472162366375 0.0013645193708792084 0.016082526830221041 0.017520992253878022 0.00084052427522941634 -0.003971455359553012 0.0054591416408955335 -0.0022932732018817433 -0.0063322952348704737 0.019764903626749684 0.0028260393186368255
leaf_weight=40072 7721 6333 7606 6593 35870 1031 578 3959 37883 10713 5982 545 737 993
leaf_count=40072 7721 6333 7606 6593 35870 1031 578 3959 37883 10713 5982 545 737 993
internal_value=5.93217e-12 -0.00139137 -0.00206216 0.0054548 -0.000538644 0.00580234 0.00372183 0.00477252 -0.00460561 0.0060766 0.0020578 2.46494e-05 0.00611951 0.0100422
internal_weight=166616 132754 121431 33862 75942 11323 27269 10292 45489 11291 15978 8257 2275 1730
internal_count=166616 132754 121431 33862 75942 11323 27269 10292 45489 11291 15978 8257 2275 1730
is_linear=0
shrinkage=0.05


Tree=33
num_leaves=15
num_cat=0
split_feature=2 0 0 2 2 0 0 1 0 1 1 1 0 0
split_gain=456.506 235.423 151.841 113.753 101.649 68.1493 38.672 37.3684 37.0489 37.3532 51.7812 44.0247 36.8017 34.948
threshold=1.5000000000000002 2.9310567378997807 3.6429398059844975 1.0000000180025095e-35 1.0000000180025095e-35 5.909513235092164 1.7857054471969607 14.758401870727541 1.840832591056824 33.812385559082038 31.53483867645264 27.216913223266605 1.1569512486457827 2.3352900743484502
decision_type=2 2 2 2 2 2 2 2 2 2 2 2 2 2
left_child=1 4 6 5 12 -3 -2 -7 -8 10 11 13 -1 -10
right_child=2 3 -4 -5 -6 7 8 -9 9 -11 -12 -13 -14 -15
leaf_value=-0.0038073832660904354 0.0014224811785854092 0.0029452704324493852 0.011991348709000269 -0.0015584887214134676 -0.0049647289622780783 0.0040139921363946561 0.015231888085689352 0.016905392704184501 0.0016246636204339884 -0.0056966639185926475 0.016012493693574957 -0.0034404363498197199 -0.00077973888885394084 0.007561842191778325
leaf_weight=13076 12068 24300 6593 16410 33426 925 870 1433 3816 829 1030 1584 43184 7072
leaf_count=13076 12068 24300 6593 16410 33426 925 870 1433 3816 829 1030 1584 43184 7072
internal_value=-1.27032e-10 -0.00132181 0.00518206 0.00171667 -0.00278091 0.00373278 0.00353574 0.0118483 0.00521344 0.00460524 0.00523776 0.00434793 -0.00148343 0.00548099
internal_weight=166616 132754 33862 43068 89686 26658 27269 2358 15201 14331 13502 12472 56260 10888
internal_count=166616 132754 33862 43068 89686 26658 27269 2358 15201 14331 13502 12472 56260 10888
is_linear=0
shrinkage=0.05


Tree=34
num_leaves=15
num_cat=0
split_feature=2 0 0 2 2 0 0 0 1 0 0 1 1 1
split_gain=411.997 218.044 137.417 124.326 67.9034 56.0698 38.196 34.0154 33.725 32.4457 30.8015 30.5445 29.1296 75.7054
threshold=1.5000000000000002 3.8044918775558476 3.1528643369674687 1.0000000180025095e-35 1.0000000180025095e-35 1.8803244829177859 5.909513235092164 6.3156888484954843 14.758401870727541 0.74379581212997448 0.88095670938491832 35.062276840209968 15.07320022583008 13.316296577453615
decision_type=2 2 2 2 2 2 2 2 2 2 2 2 2 2
left_child=1 3 9 5 6 -1 -3 -4 -8 -2 -5 -7 13 -11
right_child=2 4 7 10 -6 11 8 -9 -10 12 -12 -13 -14 -15
leaf_value=-0.0024061802895687392 -0.0031029891963373492 0.0042596244640630398 0.0092525641140350917 -0.0082792189734283844 -0.00028475051134949656 0.00068032141212459997 0.0038132941545666876 0.021289167305327279 0.016060122439672874 0.0039504575692391767 -0.0038487773854260464 -0.008350001308101769 0.0019043488904767457 0.017687031225509929
leaf_weight=31706 2032 11298 8782 4385 8217 36595 925 629 1433 8684 37234 961 12601 1134
leaf_count=31706 2032 11298 8782 4385 8217 36595 925 629 1433 8684 37234 961 12601 1134
internal_value=-8.81782e-12 -0.00125572 0.00492296 -0.00215572 0.00330667 -0.000857878 0.00546768 0.0100571 0.0112559 0.00294689 -0.00431557 0.000449249 0.00349523 0.00553706
internal_weight=166616 132754 33862 110881 21873 69262 13656 9411 2358 24451 41619 37556 22419 9818
internal_count=166616 132754 33862 110881 21873 69262 13656 9411 2358 24451 41619 37556 22419 9818
is_linear=0
shrinkage=0.05


Tree=35
num_leaves=15
num_cat=0
split_feature=2 0 2 0 0 0 0 0 0 2 0 1 1 0
split_gain=371.827 199.849 139.324 125.678 74.1073 41.2466 33.3909 30.7086 30.444 28.2699 24.3307 23.6252 44.6537 28.5425
threshold=1.5000000000000002 4.6272771358489999 1.0000000180025095e-35 3.6429398059844975 2.1191670894622807 7.2690448760986337 2.1585435867309575 1.8952941894531252 2.2092199325561528 1.0000000180025095e-35 6.3156888484954843 33.812385559082038 31.966722488403324 2.3352900743484502
decision_type=2 2 2 2 2 2 2 2 2 2 2 2 2 2
left_child=1 2 4 6 -1 9 -2 -4 -8 -3 -5 12 13 -10
right_child=3 5 7 10 -6 -7 8 -9 11 -11 -12 -13 -14 -15
leaf_value=-0.0020263799966031989 0.0017082188367842869 0.0062768822978372012 -0.0055507720686124159 0.0098853140789578221 0.0010975300677964987 0.014694734166430943 0.016437911495953483 -0.0029035316289410347 -0.0023226629815361107 0.00089065837352737755 0.020224707901442547 -0.0048653284520826972 0.018202918648486582 0.0055066068521702812
leaf_weight=38217 15978 6333 18388 5964 37725 1031 578 27101 1359 3959 629 614 623 8117
leaf_count=38217 15978 6333 18388 5964 37725 1031 578 27101 1359 3959 629 614 623 8117
internal_value=-2.61957e-10 -0.00119293 -0.00178533 0.00467681 -0.000474544 0.00516011 0.00317902 -0.00397362 0.00526037 0.00420498 0.0108717 0.00465731 0.00523627 0.00438377
internal_weight=166616 132754 121431 33862 75942 11323 27269 45489 11291 10292 6593 10713 10099 9476
internal_count=166616 132754 121431 33862 75942 11323 27269 45489 11291 10292 6593 10713 10099 9476
is_linear=0
shrinkage=0.05


Tree=36
num_leaves=15
num_cat=0
split_feature=2 0 0 2 2 0 0 1 1 0 1 1 0 0
split_gain=335.574 180.407 113.424 100.739 56.465 46.4706 32.8436 34.2569 47.4443 75.482 44.1874 40.3143 50.1123 36.8932
threshold=1.5000000000000002 3.8044918775558476 3.6429398059844975 1.0000000180025095e-35 1.0000000180025095e-35 1.7026932239532473 7.2690448760986337 17.781908035278324 27.872859001159672 4.1703901290893564 29.621117591857914 15.750996589660646 4.1066372394561776 4.437899351119996
decision_type=2 2 2 2 2 2 2 2 2 2 2 2 2 2
left_child=1 3 -2 5 6 -1 7 11 9 -9 -10 12 -3 -11
right_child=2 4 -4 -5 -6 -7 -8 8 10 13 -12 -13 -14 -15
leaf_value=-0.0024033717046825298 0.0030200726256819619 -0.0054476845179352853 0.010328149732671838 -0.0038961359586261197 -0.00025828832739371811 0.00025191851548026807 0.016018358993446846 0.022777571464227941 -0.010539561386952032 -0.0040391812332009596 0.0052000838626451778 -0.0086703170359676875 0.0058576394124529915 0.0097267557752656816
leaf_weight=27013 27269 1261 6593 41619 8217 42249 643 964 551 637 2338 797 4402 2063
leaf_count=27013 27269 1261 6593 41619 8217 42249 643 964 551 637 2338 797 4402 2063
internal_value=9.30254e-11 -0.00113328 0.00444297 -0.00195193 0.00301671 -0.000783676 0.00498732 0.00444225 0.00698938 0.0107672 0.00219816 0.00185845 0.00334024 0.00647901
internal_weight=166616 132754 33862 110881 21873 69262 13656 13013 6553 3664 2889 6460 5663 2700
internal_count=166616 132754 33862 110881 21873 69262 13656 13013 6553 3664 2889 6460 5663 2700
is_linear=0
shrinkage=0.05


Tree=37
num_leaves=15
num_cat=0
split_feature=2 0 0 2 2 0 1 1 1 1 0 0 1 0
split_gain=302.855 166.961 103.577 78.8408 65.9196 46.1325 31.5205 29.264 31.5089 38.8757 51.6133 59.8357 53.4188 30.2267
threshold=1.5000000000000002 2.9418302774429326 3.1528643369674687 1.0000000180025095e-35 1.0000000180025095e-35 5.909513235092164 14.758401870727541 2.2804875373840336 33.372077941894538 26.647733688354496 4.9054827690124521 4.5750768184661874 16.638400077819828 4.2210822105407724
decision_type=2 2 2 2 2 2 2 2 2 2 2 2 2 2
left_child=1 4 -2 5 -1 -3 -7 -4 9 10 11 13 -12 -9
right_child=2 3 7 -5 -6 6 -8 8 -10 -11 12 -13 -14 -15
leaf_value=-0.0012518429453460059 0.0025052249488294199 0.002543244658934516 0.019934778123484542 -0.0012333190928410919 -0.0040463126472467022 0.00267847485494221 0.014518282179631662 0.0063117735271322238 0.017916388545308574 0.00018001635024256731 0.0097954003173324044 -0.0085766822186426495 0.027641981917964575 0.01813222259682204
leaf_weight=56660 24451 23900 544 16207 33629 925 1433 3376 733 1627 1242 612 633 644
leaf_count=56660 24451 23900 544 16207 33629 925 1433 3376 733 1627 1242 612 633 644
internal_value=-1.9172e-10 -0.00107662 0.00422082 0.00150895 -0.00229267 0.00320153 0.00987374 0.00867816 0.00798755 0.00709281 0.00882127 0.00598808 0.0158204 0.0082054
internal_weight=166616 132754 33862 42465 90289 26258 2358 9411 8867 8134 6507 4632 1875 4020
internal_count=166616 132754 33862 42465 90289 26258 2358 9411 8867 8134 6507 4632 1875 4020
is_linear=0
shrinkage=0.05


Tree=38
num_leaves=15
num_cat=0
split_feature=2 0 2 0 0 0 0 1 0 1 1 1 0 0
split_gain=273.327 155.63 103.315 93.4781 57.549 33.9105 28.7124 34.238 27.452 26.4108 28.4368 35.0853 46.581 54.0017
threshold=1.5000000000000002 4.6272771358489999 1.0000000180025095e-35 3.1528643369674687 2.0138567686080937 7.2690448760986337 0.76394006609916698 18.947114944458011 0.88095670938491832 2.2804875373840336 33.372077941894538 26.647733688354496 4.9054827690124521 4.5750768184661874
decision_type=2 2 2 2 2 2 2 2 2 2 2 2 2 2
left_child=1 2 4 6 -1 -3 7 -2 -4 -5 11 12 13 -11
right_child=3 5 8 9 -6 -7 -8 -9 -10 10 -12 -13 -14 -15
leaf_value=-0.0018895549639796009 0.0025026741670636874 0.0037174903631583011 -0.0071905970206418354 0.018938040031421494 0.00086956885331759728 0.013228757468672789 0.0029157569573452103 -0.010114658086906422 -0.0030287800780535558 0.007795128116467551 0.017020569333303492 0.00017101578670825987 0.015029386498775955 -0.0081478473943432956
leaf_weight=35406 1211 10292 4385 544 40536 1031 22273 967 41104 4020 733 1627 1875 612
leaf_count=35406 1211 10292 4385 544 40536 1031 22273 967 41104 4020 733 1627 1875 612
internal_value=-3.59293e-10 -0.00102279 -0.00154556 0.00400978 -0.000416802 0.00458353 0.00237996 -0.00309924 -0.00342997 0.00824425 0.00758818 0.00673817 0.00838021 0.00568867
internal_weight=166616 132754 121431 33862 75942 11323 24451 2178 45489 9411 8867 8134 6507 4632
internal_count=166616 132754 121431 33862 75942 11323 24451 2178 45489 9411 8867 8134 6507 4632
is_linear=0
shrinkage=0.05


Tree=39
num_leaves=15
num_cat=0
split_feature=2 0 2 0 0 0 1 1 0 1 1 1 1 1
split_gain=246.678 140.456 93.2421 85.2294 52.5032 30.6042 29.9903 38.6431 43.0498 34.9469 45.9277 31.3161 65.951 39.1448
threshold=1.5000000000000002 4.6272771358489999 1.0000000180025095e-35 3.6429398059844975 2.1938685178756718 7.2690448760986337 16.364654541015629 17.636317253112797 1.0076549649238589 13.316296577453615 14.457938194274904 31.803257942199711 33.812385559082038 35.236125946044929
decision_type=2 2 2 2 2 2 2 2 2 2 2 2 2 2
left_child=1 2 4 6 -1 -3 9 -8 -9 -2 -11 -10 -13 -14
right_child=3 5 -4 -5 -6 -7 7 8 11 10 -12 12 13 -15
leaf_value=-0.0016398081973560989 0.0030315601995955874 0.0035316158567999648 -0.0032584680059941553 0.0089108338220595593 0.00099359791441310376 0.012567320498199745 -0.009341588828481507 -0.0051088380810628796 0.0013354597782344146 0.017940744992918981 0.0041628997474095052 0.015475888334384716 -0.0062601152963722515 0.011112331845013812
leaf_weight=40072 10695 10292 45489 6593 35870 1031 854 2007 8433 994 1545 1330 906 505
leaf_count=40072 10695 10292 45489 6593 35870 1031 854 2007 8433 994 1545 1330 906 505
internal_value=1.57239e-10 -0.000971648 -0.00146828 0.00380929 -0.000395961 0.00435435 0.00257586 0.000965712 0.00163352 0.00428346 0.00955683 0.00284454 0.00748741 -4.24783e-05
internal_weight=166616 132754 121431 33862 75942 11323 27269 14035 13181 13234 2539 11174 2741 1411
internal_count=166616 132754 121431 33862 75942 11323 27269 14035 13181 13234 2539 11174 2741 1411
is_linear=0
shrinkage=0.05


Tree=40
num_leaves=15
num_cat=0
split_feature=2 0 0 2 2 0 0 0 1 0 0 1 1 1
split_gain=222.627 130.24 78.6272 58.8324 49.8877 39.2948 31.3884 44.2683 38.0127 51.03 34.1417 76.7957 52.8045 86.1158
threshold=1.5000000000000002 2.9310567378997807 2.3352900743484502 1.0000000180025095e-35 1.0000000180025095e-35 4.437899351119996 4.9054827690124521 4.6272771358489999 26.78098297119141 5.2105743885040292 3.9844847917556767 12.45479202270508 7.2261574268341073 5.5677895545959482
decision_type=2 2 2 2 2 2 2 2 2 2 2 2 2 2
left_child=1 4 -2 5 -1 -3 7 10 9 -8 12 -12 13 -4
right_child=2 3 6 -5 -6 -7 8 -9 -10 -11 11 -13 -14 -15
leaf_value=-0.0010993591603057223 0.0013644516963820686 0.0014962666419442248 0.0054277069852170894 -0.0010184723598057363 -0.0035382198522786071 0.0056422570676693869 0.028218277494477875 -0.0065495970911833628 0.00034157351741102355 0.0098641496982975006 -0.0043680294002923703 0.018572484969812179 0.002898992666650866 0.026252885300771529
leaf_weight=56260 18055 18360 1776 16410 33426 8298 510 755 613 1471 504 1321 8168 689
leaf_count=56260 18055 18360 1776 16410 33426 8298 510 755 613 1471 504 1321 8168 689
internal_value=-1.59027e-10 -0.000923066 0.00361883 0.0013369 -0.00200832 0.00278681 0.00619381 0.00520659 0.0112224 0.0145893 0.00591905 0.0122371 0.00483465 0.0112486
internal_weight=166616 132754 33862 43068 89686 26658 15807 13213 2594 1981 12458 1825 10633 2465
internal_count=166616 132754 33862 43068 89686 26658 15807 13213 2594 1981 12458 1825 10633 2465
is_linear=0
shrinkage=0.05


Tree=41
num_leaves=15
num_cat=0
split_feature=2 0 0 2 2 0 1 1 1 0 0 0 1 1
split_gain=200.921 117.541 70.961 53.0962 45.0237 35.6655 29.4262 40.5547 56.606 40.8019 31.5208 29.9036 27.8359 47.3247
threshold=1.5000000000000002 2.9310567378997807 2.3352900743484502 1.0000000180025095e-35 1.0000000180025095e-35 5.2105743885040292 35.062276840209968 26.647733688354496 25.423508644104007 2.4189981222152714 2.7223693132400517 2.5803891420364384 30.980435371398929 33.812385559082038
decision_type=2 2 2 2 2 2 2 2 2 2 2 2 2 2
left_child=1 4 -2 5 -1 -3 7 8 9 -4 11 -11 -9 -14
right_child=2 3 6 -5 -6 -7 -8 12 -10 10 -12 -13 13 -15
leaf_value=-0.0010443911649262909 0.001296228812771484 0.0018357751544614599 0.017369784367670799 -0.00096754839935548275 -0.0033613088814729939 0.0067681323038016085 0.017365885334839296 -0.003962684016971087 0.021543151776553807 0.0048572113526405645 0.0065344216180294222 -0.0080209443120488385 0.0099738914117148761 -0.0076479634661472092
leaf_weight=56260 18055 22271 745 16410 33426 4387 539 1650 624 1048 8541 791 1336 533
leaf_count=56260 18055 22271 745 16410 33426 4387 539 1650 624 1048 8541 791 1336 533
internal_value=-1.86855e-10 -0.000876913 0.00343788 0.00127006 -0.00190791 0.00264747 0.00588412 0.00547878 0.00688907 0.00606713 0.0052559 -0.000682006 0.000770198 0.0049485
internal_weight=166616 132754 33862 43068 89686 26658 15807 15268 11749 11125 10380 1839 3519 1869
internal_count=166616 132754 33862 43068 89686 26658 15807 15268 11749 11125 10380 1839 3519 1869
is_linear=0
shrinkage=0.05


Tree=42
num_leaves=15
num_cat=0
split_feature=2 0 2 0 0 0 0 1 1 1 0 0 0 1
split_gain=181.331 108.612 70.5682 65.1603 43.6289 25.957 25.9381 25.1362 66.12 41.5615 32.3289 26.9179 24.0467 22.2664
threshold=1.5000000000000002 4.7355475425720224 1.0000000180025095e-35 3.6429398059844975 1.7026932239532473 0.74379581212997448 7.2690448760986337 16.364654541015629 19.274257659912113 5.3343372344970712 1.7857054471969607 2.5211784839630131 0.88095670938491832 19.274257659912113
decision_type=2 2 2 2 2 2 2 2 2 2 2 2 2 2
left_child=1 2 4 5 -1 13 -3 9 -9 10 -7 -12 -4 -2
right_child=3 6 12 -5 -6 7 -8 8 -10 -11 11 -13 -14 -15
leaf_value=-0.0019369541472297417 0.0012345219787477228 0.0032358020069292222 -0.006323167503627704 0.0077266438738133993 0.00056178446648257605 -0.0058317904563053797 0.01158932820441261 -0.0075962783812257989 0.0025577516882605783 0.0062669745485683589 0.0083374032077062135 -0.0020333294535888626 -0.002429647786935895 -0.0093590867571359451
leaf_weight=27013 1172 9417 4385 6593 49445 1472 1031 1874 11096 8281 1341 1173 41463 860
leaf_count=27013 1172 9417 4385 6593 49445 1472 1031 1874 11096 8281 1341 1173 41463 860
internal_value=2.27727e-10 -0.000833067 -0.00125107 0.00326599 -0.000321033 0.00218751 0.00406012 0.00262524 0.00109062 0.0042478 5.29269e-05 0.00349855 -0.00280203 -0.00324899
internal_weight=166616 132754 122306 33862 76458 27269 10448 25237 12970 12267 3986 2514 45848 2032
internal_count=166616 132754 122306 33862 76458 27269 10448 25237 12970 12267 3986 2514 45848 2032
is_linear=0
shrinkage=0.05


Tree=43
num_leaves=15
num_cat=0
split_feature=2 0 0 0 0 0 0 2 1 2 1 1 1 0
split_gain=163.651 99.5499 59.8942 46.2265 45.3265 53.3382 37.7921 35.2042 34.8054 32.1466 30.7574 32.9966 43.6486 27.9513
threshold=1.5000000000000002 3.2890503406524663 2.4052219390869145 1.1569512486457827 2.5340274572372441 2.6424452066421513 7.2690448760986337 1.0000000180025095e-35 11.874605655670168 1.0000000180025095e-35 1.2709196209907534 23.214643478393558 26.052094459533695 6.3156888484954843
decision_type=2 2 2 2 2 2 2 2 2 2 2 2 2 2
left_child=1 3 -2 -1 8 -6 9 -5 -4 -3 -11 -12 -13 -7
right_child=2 6 4 7 5 13 -8 -9 -10 10 11 12 -14 -15
leaf_value=-0.0036715540749419351 0.0012259882455076547 0.0025066975251992504 0.0049730237761298115 -0.0002040338400941563 -0.0075063807647150595 0.0048830013048170428 0.01100985950435341 -0.0023843239656155045 0.02141960856742868 0.0112685342121312 -0.0034448385027721672 0.011225832978015392 -0.00061716731109252453 0.015690996288506991
leaf_weight=20876 18849 20060 565 49139 852 12220 1031 29707 747 508 6994 1006 3433 629
leaf_count=20876 18849 20060 565 49139 852 12220 1031 29707 747 508 6994 1006 3433 629
internal_value=1.55334e-10 -0.000791414 0.00310269 -0.00157944 0.00545891 0.00460875 0.00158759 -0.00102551 0.014337 0.00128402 -0.00076998 -0.00130488 0.00206678 0.00541209
internal_weight=166616 132754 33862 99722 15013 13701 33032 78846 1312 32001 11941 11433 4439 12849
internal_count=166616 132754 33862 99722 15013 13701 33032 78846 1312 32001 11941 11433 4439 12849
is_linear=0
shrinkage=0.05


Tree=44
num_leaves=15
num_cat=0
split_feature=2 0 0 2 1 0 0 0 1 1 1 0 1 0
split_gain=147.695 92.4412 55.1939 51.2224 50.5198 71.8194 54.1765 61.1964 51.3819 45.7415 39.8493 37.1898 33.9796 34.1006
threshold=1.5000000000000002 4.0656988620758066 3.8390399217605595 1.0000000180025095e-35 11.569818973541262 4.8446490764617929 4.5304203033447275 5.6820471286773691 30.226331710815433 25.719968795776371 16.364654541015629 3.6429398059844975 35.062276840209968 1.5029856562614443
decision_type=2 2 2 2 2 2 2 2 2 2 2 2 2 2
left_child=1 3 10 12 5 -4 8 9 -6 -8 11 -2 13 -1
right_child=2 -3 4 -5 6 -7 7 -9 -10 -11 -12 -13 -14 -15
leaf_value=-0.0019613915715873068 0.0034649054201035898 0.0025634868845465092 -0.012512827420332393 -0.0026428954792911395 0.0112754636976204 0.0091146726637285468 0.007559904533073954 0.018409373828454326 0.03062000278168573 -0.0086665241591652904 0.00021992168295839579 0.0171857752167342 -0.0073486392056614268 0.00044112420451128452
leaf_weight=21191 13234 18151 671 42925 1010 897 1081 705 520 726 14505 513 1746 48741
leaf_count=21191 13234 18151 671 42925 1010 897 1081 705 520 726 14505 513 1746 48741
internal_value=-4.92352e-11 -0.000751843 0.00294756 -0.00127693 0.0074776 -0.000140463 0.0104329 0.00591519 0.0178501 0.0010406 0.00204803 0.00397693 -0.00045891 -0.000286893
internal_weight=166616 132754 33862 114603 5610 1568 4042 2512 1530 1807 28252 13747 71678 69932
internal_count=166616 132754 33862 114603 5610 1568 4042 2512 1530 1807 28252 13747 71678 69932
is_linear=0
shrinkage=0.05


Tree=45
num_leaves=15
num_cat=0
split_feature=2 0 2 0 0 0 0 1 1 1 1 1 0 0
split_gain=133.295 85.4297 53.2757 50.9534 33.7098 25.8236 27.9684 28.5438 25.9306 25.5489 36.3568 49.7258 38.4466 26.0903
threshold=1.5000000000000002 4.7355475425720224 1.0000000180025095e-35 2.3352900743484502 2.1938685178756718 2.319512248039246 2.4568327665328984 8.4310340881347674 6.8287503719329843 35.062276840209968 26.647733688354496 25.423508644104007 2.4189981222152714 2.7223693132400517
decision_type=2 2 2 2 2 2 2 2 2 2 2 2 2 2
left_child=1 2 4 -2 -1 8 7 -7 -6 10 11 12 -5 -14
right_child=3 -3 -4 9 5 6 -8 -9 -10 -11 -12 -13 13 -15
leaf_value=-0.0012773016230072133 0.00098538989877950886 0.003625430118038168 -0.0024325711005537161 0.01603188323235177 0.015010150361189739 0.0043794273366286563 0.00089840409108530119 -0.0066384528047832517 0.0030514305206994848 0.015571683835551828 3.7136467092446344e-05 0.019565344094716681 -0.0011294054063700459 0.0054360228139409654
leaf_weight=40072 18055 10448 45848 745 556 773 30149 2454 2454 539 3519 624 1839 8541
leaf_count=40072 18055 10448 45848 745 556 773 30149 2454 2454 539 3519 624 1839 8541
internal_value=-1.55572e-10 -0.000714251 -0.00108497 0.00280018 -0.00027688 0.000824888 0.000424872 -0.00399921 0.00526042 0.00487306 0.00449537 0.00583068 0.0050603 0.00427284
internal_weight=166616 132754 122306 33862 76458 36386 33376 3227 3010 15807 15268 11749 11125 10380
internal_count=166616 132754 122306 33862 76458 36386 33376 3227 3010 15807 15268 11749 11125 10380
is_linear=0
shrinkage=0.05


Tree=46
num_leaves=15
num_cat=0
split_feature=2 0 0 0 0 0 0 2 1 1 1 2 0 0
split_gain=120.299 79.7618 46.7764 46.0455 43.092 44.9737 32.9569 26.5829 25.4341 36.6924 26.1532 23.427 23.2821 40.588
threshold=1.5000000000000002 2.0012447834014897 2.4052219390869145 4.7355475425720224 2.5340274572372441 2.6424452066421513 2.4823607206344609 1.0000000180025095e-35 22.919562339782718 21.701152801513675 1.2709196209907534 1.0000000180025095e-35 4.9054827690124521 4.5304203033447275
decision_type=2 2 2 2 2 2 2 2 2 2 2 2 2 2
left_child=1 11 -2 7 6 -6 -4 -3 9 10 -9 -1 13 -7
right_child=2 3 4 -5 5 12 -8 8 -10 -11 -12 -13 -14 -15
leaf_value=-0.0013497212028051409 0.0010016660749538428 0.00066063110264939697 0.0067294480527683234 0.0034441591505430837 -0.0072111906398507498 0.0046158435849144855 0.022814772860403856 0.006406923361259316 0.00066882996978373716 -0.012189636331822065 -0.0025105925337294702 -0.0034881952440463646 0.0088829984153231713 -0.0059781902557645115
leaf_weight=35129 18849 41329 768 10448 852 9253 544 872 9486 938 14397 20155 2594 1002
leaf_count=35129 18849 41329 768 10448 852 9253 544 872 9486 938 14397 20155 2594 1002
internal_value=1.13751e-10 -0.000678538 0.00266017 0.000356787 0.00474244 0.0039135 0.013399 -0.000124501 -0.00138744 -0.00259098 -0.00200132 -0.00212935 0.00465116 0.00358072
internal_weight=166616 132754 33862 77470 15013 13701 1312 67022 25693 16207 15269 55284 12849 10255
internal_count=166616 132754 33862 77470 15013 13701 1312 67022 25693 16207 15269 55284 12849 10255
is_linear=0
shrinkage=0.05


Tree=47
num_leaves=15
num_cat=0
split_feature=0 2 0 1 0 0 1 2 1 1 1 0 0 0
split_gain=110.955 74.1588 71.8726 56.892 42.1385 40.8824 65.8497 55.0605 39.4918 33.3854 30.3645 29.7231 34.5486 28.9969
threshold=3.8044918775558476 1.5000000000000002 7.2690448760986337 17.781908035278324 1.1569512486457827 4.1703901290893564 20.746000289916996 1.5000000000000002 27.216913223266605 16.364654541015629 17.636317253112797 1.0076549649238589 3.4350713491439824 5.5627741813659677
decision_type=2 2 2 2 2 2 2 2 2 2 2 2 2 2
left_child=1 4 3 -2 -1 6 -5 8 -8 -3 -11 -12 -13 -7
right_child=2 9 -4 5 -6 13 7 -9 -10 10 11 12 -14 -15
leaf_value=-0.003180678849274296 -1.1285411716708868e-05 0.0034956700075623182 0.014683142824961921 0.024706443297883525 -0.00068734016883049433 0.0014709104691321652 0.0098940739616880137 0.018461437768748274 -0.0039050056769492783 -0.0090984605825549774 -0.0049983146839404384 0.0023327261189152889 -0.0084288812533704644 0.0076832478929902684
leaf_weight=20876 13016 13622 1235 581 90005 7500 928 690 1175 854 2007 10820 801 2506
leaf_count=20876 13016 13622 1235 581 90005 7500 928 690 1175 854 2007 10820 801 2506
internal_value=-2.0469e-10 -0.000575307 0.00289381 0.00234222 -0.00115677 0.0046317 0.00939127 0.00620541 0.00218417 0.00171879 4.74285e-05 0.000620557 0.00159096 0.00302679
internal_weight=166616 138985 27631 26396 110881 13380 3374 2793 2103 28104 14482 13628 11621 10006
internal_count=166616 138985 27631 26396 110881 13380 3374 2793 2103 28104 14482 13628 11621 10006
is_linear=0
shrinkage=0.05


Tree=48
num_leaves=15
num_cat=0
split_feature=0 0 2 0 2 0 2 1 1 1 1 1 1 1
split_gain=101.51 72.4968 53.7482 41.2214 38.0899 36.0857 31.6166 29.143 28.5266 36.0828 45.9243 28.7327 46.6096 48.1596
threshold=3.1528643369674687 7.2690448760986337 1.5000000000000002 3.1148912906646733 1.5000000000000002 1.1569512486457827 1.0000000180025095e-35 2.2804875373840336 11.874605655670168 7.2261574268341073 5.3343372344970712 21.701152801513675 18.821444511413578 14.457938194274904
decision_type=2 2 2 2 2 2 2 2 2 2 2 2 2 2
left_child=2 4 3 5 6 -1 -2 -6 9 10 -9 12 13 -10
right_child=1 -3 -4 -5 7 -7 -8 8 11 -11 -12 -13 -14 -15
leaf_value=-0.0030216449184632664 0.0020815235425147485 0.013948985659649317 0.0013310713810974247 -0.011104559341165906 0.015760696154200775 -0.0006686187937521693 -0.00099820581215762203 -0.0031812831228507643 0.014154130401315393 -0.0073166778831538831 0.015548301797028034 0.0028227611922142719 0.020410658810025822 -0.0022819136421665981
leaf_weight=20876 22222 1235 24451 1059 544 74232 13334 765 838 1126 572 3681 729 952
leaf_count=20876 22222 1235 24451 1059 544 74232 13334 765 838 1126 572 3681 729 952
internal_value=-8.58635e-11 0.00199849 -0.000762129 -0.00129434 0.00166878 -0.0011851 0.000926582 0.00453502 0.00383009 -0.000722141 0.00483167 0.00563851 0.00975314 0.00541273
internal_weight=166616 45998 120618 96167 44763 95108 35556 9207 8663 2463 1337 6200 2519 1790
internal_count=166616 45998 120618 96167 44763 95108 35556 9207 8663 2463 1337 6200 2519 1790
is_linear=0
shrinkage=0.05


Tree=49
num_leaves=15
num_cat=0
split_feature=0 2 0 1 0 1 2 1 0 1 1 0 0 0
split_gain=92.3229 60.2679 58.2328 50.9116 37.085 59.2121 48.754 35.5375 34.1351 30.2645 27.1785 26.5369 32.3763 26.2103
threshold=3.8044918775558476 1.5000000000000002 7.2690448760986337 17.781908035278324 4.1703901290893564 20.746000289916996 1.5000000000000002 27.216913223266605 1.1569512486457827 16.364654541015629 17.636317253112797 1.0076549649238589 3.4350713491439824 3.7782702445983891
decision_type=2 2 2 2 2 2 2 2 2 2 2 2 2 2
left_child=1 8 3 -2 5 -5 7 -7 -1 -3 -11 -12 -13 -10
right_child=2 9 -4 4 -6 6 -8 -9 13 10 11 12 -14 -15
leaf_value=-0.0028705621715317425 -8.3193160459098998e-05 0.0032351151505093968 0.013251538065937067 0.023364918908543517 0.0027804290756747777 0.0093508815681882986 0.017353895357877448 -0.003739130477956001 -0.00055919361841626778 -0.0087007845123789219 -0.004814952644591434 0.0021292138924831248 -0.0082885761566654313 -0.011448845257915612
leaf_weight=20876 13016 13622 1235 581 10006 928 690 1175 89449 854 2007 10820 801 556
leaf_count=20876 13016 13622 1235 581 10006 928 690 1175 89449 854 2007 10820 801 556
internal_value=3.46108e-11 -0.000524784 0.00263968 0.00214318 0.00430899 0.00884213 0.0058211 0.00203716 -0.00104897 0.00154332 -4.79999e-05 0.000494228 0.00141115 -0.000626464
internal_weight=166616 138985 27631 26396 13380 3374 2793 2103 110881 28104 14482 13628 11621 90005
internal_count=166616 138985 27631 26396 13380 3374 2793 2103 110881 28104 14482 13628 11621 90005
is_linear=0
shrinkage=0.05


Tree=50
num_leaves=15
num_cat=0
split_feature=0 0 0 2 2 2 2 1 1 0 1 1 1 1
split_gain=85.4605 58.7202 49.7768 44.6266 32.8684 28.4199 28.0105 27.562 26.5023 25.7465 25.26 32.6205 41.3765 26.7488
threshold=3.1528643369674687 7.2690448760986337 3.1318863630294804 1.5000000000000002 1.5000000000000002 1.0000000180025095e-35 1.0000000180025095e-35 35.062276840209968 2.2804875373840336 3.1893820762634282 11.874605655670168 7.2261574268341073 5.3343372344970712 21.701152801513675
decision_type=2 2 2 2 2 2 2 2 2 2 2 2 2 2
left_child=2 4 3 6 5 9 7 -1 -6 -2 11 12 -10 -12
right_child=1 -3 -4 -5 8 -7 -8 -9 10 -11 13 -13 -14 -15
leaf_value=-0.00027634880682992925 0.011478336750592157 0.012588960744651706 -0.014445419183626544 0.0012870219681592209 0.014904537233044669 -0.00097735904663403357 -0.0022149420586804322 -0.0071857762799875163 -0.0030816059041573526 0.0016387745392124186 0.0091990567746551132 -0.0070265484142907515 0.014696438849245855 0.0025122163828735105
leaf_weight=58254 686 1235 655 24344 544 13334 35885 1480 765 21536 2519 1126 572 3681
leaf_count=58254 686 1235 655 24344 544 13334 35885 1480 765 21536 2519 1126 572 3681
internal_value=-2.75502e-11 0.00183371 -0.000699291 -0.000624237 0.00153698 0.000847527 -0.00111083 -0.00044754 0.00419952 0.00194252 0.00352729 -0.000756378 0.00452426 0.00522901
internal_weight=166616 45998 120618 119963 44763 35556 95619 59734 9207 22222 8663 2463 1337 6200
internal_count=166616 45998 120618 119963 44763 35556 95619 59734 9207 22222 8663 2463 1337 6200
is_linear=0
shrinkage=0.05


Tree=51
num_leaves=15
num_cat=0
split_feature=0 2 2 0 0 1 1 0 1 1 1 0 1 0
split_gain=79.9296 59.3866 41.6517 33.959 39.4703 30.3387 79.5545 64.2679 55.5385 51.6119 48.3062 46.1406 36.5734 33.2962
threshold=4.9729626178741464 1.5000000000000002 1.0000000180025095e-35 7.2690448760986337 5.0333361625671396 30.980435371398929 24.22816371917725 3.8390399217605595 22.443345069885257 33.812385559082038 21.701152801513675 3.880069494247437 32.520797729492195 2.4568327665328984
decision_type=2 2 2 2 2 2 2 2 2 2 2 2 2 2
left_child=1 2 -1 4 -2 6 8 9 10 12 -3 13 -7 -8
right_child=3 5 -4 -5 -6 7 11 -9 -10 -11 -12 -13 -14 -15
leaf_value=-6.9796897046928215e-05 0.015165594937192238 0.0020939478783078853 -0.001959224668387096 0.01195951202326277 0.0022933126019590885 0.002402467444587547 -0.0058204129673427932 0.019930104299968374 0.011570626431928853 -0.0035034495996657195 -0.011975317071044139 -0.018659280274743933 0.015116341501983391 0.003221726681506205
leaf_weight=77725 638 19314 46690 1235 8945 1304 3224 652 1518 1734 630 520 999 1488
leaf_count=77725 638 19314 46690 1235 8945 1304 3224 652 1518 1734 630 520 999 1488
internal_value=9.78432e-11 -0.000288574 -0.000778854 0.00415597 0.0031503 0.0016551 0.00100353 0.00536436 0.00235124 0.00301191 0.00164952 -0.00452483 0.00791752 -0.002965
internal_weight=166616 155798 124415 10818 9583 31383 26694 4689 21462 4037 19944 5232 2303 4712
internal_count=166616 155798 124415 10818 9583 31383 26694 4689 21462 4037 19944 5232 2303 4712
is_linear=0
shrinkage=0.05


Tree=52
num_leaves=15
num_cat=0
split_feature=0 0 0 0 2 0 1 1 1 1 1 1 1 1
split_gain=73.3859 49.0682 44.8624 36.5551 34.1282 30.1074 24.8274 53.9659 30.5461 18.1225 33.3194 27.5908 20.5295 17.3785
threshold=3.1528643369674687 6.8048992156982431 3.1318863630294804 1.1279785037040713 1.5000000000000002 3.1672945022583012 34.944898605346687 35.350776672363288 34.602661132812507 30.980435371398929 27.072099685668949 33.080881118774421 32.250665664672859 1.3895995616912844
decision_type=2 2 2 2 2 2 2 2 2 2 2 2 2 2
left_child=2 5 3 -1 -5 -2 8 -8 -7 10 13 12 -11 -6
right_child=1 -3 -4 4 9 6 7 -9 -10 11 -12 -13 -14 -15
leaf_value=-0.0022758725475795659 0.012061366002236344 0.0096366586430560175 -0.013697946369363606 -0.00060592844889993474 -0.0051581325513209934 0.0011388394545025716 0.018907381912143948 4.5485296324501194e-05 -0.0098436838273729538 0.0054500638220425961 -0.0052385475634508984 0.0009834176195435793 0.018160092483366412 0.0023362325770434566
leaf_weight=25046 648 1868 655 75711 820 41238 617 984 643 756 1836 1593 548 13653
leaf_count=25046 648 1868 655 75711 820 41238 617 984 643 756 1836 1593 548 13653
internal_value=1.5287e-10 0.00169924 -0.000648009 -0.000576757 -0.000128406 0.00136325 0.00120382 0.00731456 0.000970225 0.00175401 0.00110669 0.00539819 0.0107914 0.00191162
internal_weight=166616 45998 120618 119963 94917 44130 43482 1601 41881 19206 16309 2897 1304 14473
internal_count=166616 45998 120618 119963 94917 44130 43482 1601 41881 19206 16309 2897 1304 14473
is_linear=0
shrinkage=0.05


Tree=53
num_leaves=15
num_cat=0
split_feature=0 2 2 0 0 1 1 0 1 1 1 0 1 0
split_gain=67.3692 50.3201 37.5603 30.1498 33.5501 25.4952 69.1889 58.2993 49.9075 44.2145 43.6305 42.4323 32.1798 29.4758
threshold=4.9729626178741464 1.5000000000000002 1.0000000180025095e-35 5.0333361625671396 7.2690448760986337 30.980435371398929 24.22816371917725 3.8390399217605595 22.443345069885257 33.812385559082038 21.701152801513675 3.880069494247437 32.520797729492195 2.4568327665328984
decision_type=2 2 2 2 2 2 2 2 2 2 2 2 2 2
left_child=1 2 -1 -2 -5 6 8 9 10 12 -3 13 -7 -8
right_child=3 5 -4 4 -6 7 11 -9 -10 -11 -12 -13 -14 -15
leaf_value=-4.2905166464800545e-05 0.014359408507246207 0.0019409546712702268 -0.0018371378696942693 0.002088114663088135 0.010879703595723414 0.0020512606423495317 -0.0054194729888428087 0.018797434133940315 0.010923303808966021 -0.0033464067669815227 -0.011430068109036675 -0.017783258842805832 0.013977046439669343 0.0030881085971877936
leaf_weight=77725 638 19314 46690 8945 1235 1304 3224 652 1518 1734 630 520 999 1488
leaf_count=77725 638 19314 46690 8945 1235 1304 3224 652 1518 1734 630 520 999 1488
internal_value=-1.02661e-10 -0.000264932 -0.000716238 0.00381549 0.00315468 0.00152423 0.000926937 0.00492454 0.00218378 0.00268398 0.00151858 -0.0042287 0.00722445 -0.00273287
internal_weight=166616 155798 124415 10818 10180 31383 26694 4689 21462 4037 19944 5232 2303 4712
internal_count=166616 155798 124415 10818 10180 31383 26694 4689 21462 4037 19944 5232 2303 4712
is_linear=0
shrinkage=0.05


Tree=54
num_leaves=15
num_cat=0
split_feature=0 2 0 2 0 0 0 1 0 0 0 0 0 0
split_gain=64.7674 55.1422 31.5965 27.8778 27.4659 53.698 40.9249 33.1611 55.6704 27.226 36.0152 30.1182 20.1901 19.6342
threshold=1.7857054471969607 1.5000000000000002 1.840832591056824 1.0000000180025095e-35 2.1320897340774541 2.1802504062652592 2.231975913047791 18.082341194152836 1.9300832748413088 4.437899351119996 4.5304203033447275 4.6272771358489999 1.9654922485351565 4.9729626178741464
decision_type=2 2 2 2 2 2 2 2 2 2 2 2 2 2
left_child=-1 3 -3 9 7 -6 -7 8 -4 -2 -11 -12 -9 -8
right_child=1 2 4 -5 5 6 13 12 -10 10 11 -13 -14 -15
leaf_value=-0.0013489977647094234 0.00037690033989978941 0.012305475917120261 0.015032963687872948 -0.0009900599801354723 0.01811156669527595 -0.011111926139243571 0.0025080488942293968 -0.015114750090673274 -0.0047472238385855422 0.014904490811604318 -0.0074725252494477401 0.0035217759668881594 -0.0024109134854565207 0.0073213468120553989
leaf_weight=58002 45586 870 584 32936 591 514 14577 559 910 638 684 6976 710 2479
leaf_count=58002 45586 870 584 32936 591 514 14577 559 910 638 684 6976 710 2479
internal_value=-2.23957e-10 0.000720391 0.00296898 0.000155938 0.00258078 0.00328737 0.00278873 -0.00206356 0.00298479 0.000856416 0.00349069 0.00254004 -0.00800701 0.00320764
internal_weight=166616 108614 21794 86820 20924 18161 17570 2763 1494 53884 8298 7660 1269 17056
internal_count=166616 108614 21794 86820 20924 18161 17570 2763 1494 53884 8298 7660 1269 17056
is_linear=0
shrinkage=0.05


Tree=55
num_leaves=15
num_cat=0
split_feature=0 0 0 2 0 0 0 1 1 2 1 1 1 1
split_gain=59.4734 43.7854 27.0781 38.5217 26.5636 24.6416 21.9107 22.5794 28.5215 20.6486 20.5227 43.3385 49.9684 28.3182
threshold=2.4568327665328984 6.8048992156982431 2.5340274572372441 1.5000000000000002 2.4317075014114384 1.1279785037040713 2.8248012065887456 28.716909408569339 33.812385559082038 1.5000000000000002 30.980435371398929 24.22816371917725 22.443345069885257 20.897996902465824
decision_type=2 2 2 2 2 2 2 2 2 2 2 2 2 2
left_child=4 2 3 -2 5 -1 7 -4 -9 -7 11 12 13 -11
right_child=1 -3 6 -5 -6 9 -8 8 -10 10 -12 -13 -14 -15
leaf_value=-0.0020763209400647821 0.0024242400548476189 0.0086185030938124661 -0.0024095799676761526 0.01477944376514421 -0.0078779238200099768 -0.00069154235265705575 0.0010440116971705395 0.0066679986807884591 -0.0052645279838080539 0.0019002933493878272 0.006179455346019466 -0.0054297551605471065 0.015210789427860392 -0.0096322916028365284
leaf_weight=25046 3164 1868 9503 788 1322 52552 55970 1650 719 8468 1984 2332 682 568
leaf_count=25046 3164 1868 9503 788 1322 52552 55970 1650 719 8468 1984 2332 682 568
internal_value=1.64467e-10 0.00106117 0.000864537 0.00488778 -0.000840931 -0.000739407 0.000630172 -0.00132086 0.00304643 -0.000236533 0.0014673 0.000691462 0.00216035 0.00117536
internal_weight=166616 73662 71794 3952 92954 91632 67842 11872 2369 66586 14034 12050 9718 9036
internal_count=166616 73662 71794 3952 92954 91632 67842 11872 2369 66586 14034 12050 9718 9036
is_linear=0
shrinkage=0.05


Tree=56
num_leaves=15
num_cat=0
split_feature=0 2 0 0 0 2 1 0 1 0 0 0 0 1
split_gain=53.8667 47.612 28.5368 25.2522 26.746 25.2057 24.0848 61.3875 41.9957 22.997 32.7702 26.9077 20.8038 18.5933
threshold=1.7857054471969607 1.5000000000000002 1.840832591056824 2.1585435867309575 2.2092199325561528 1.0000000180025095e-35 16.108174324035648 1.9300832748413088 30.494273185729984 4.437899351119996 4.5304203033447275 4.6272771358489999 2.319512248039246 35.062276840209968
decision_type=2 2 2 2 2 2 2 2 2 2 2 2 2 2
left_child=-1 5 -3 6 -5 9 7 -4 -8 -2 -11 -12 -6 -14
right_child=1 2 3 4 12 -7 8 -9 -10 10 11 -13 13 -15
leaf_value=-0.0012302491954683515 0.00035783830850836596 0.011619330455191788 0.016282431328885454 0.013674012422589844 -0.0031769613999184441 -0.00095721260108623063 -0.011995174995224392 -0.0048778841820133851 0.0054976372792590669 0.014107065787976811 -0.0071511001827206187 0.0032407170416962209 0.0029274052524061889 0.01234141947396278
leaf_weight=58002 45586 870 534 578 1368 32936 1036 957 513 638 684 6976 15395 543
leaf_count=58002 45586 870 534 578 1368 32936 1036 957 513 638 684 6976 15395 543
internal_value=1.47107e-10 0.000656977 0.0027464 0.00237747 0.00309362 0.000132479 -0.00183554 0.00270066 -0.00620188 0.000798542 0.00321959 0.00231278 0.00274025 0.00324814
internal_weight=166616 108614 21794 20924 17884 86820 3040 1491 1549 53884 8298 7660 17306 15938
internal_count=166616 108614 21794 20924 17884 86820 3040 1491 1549 53884 8298 7660 17306 15938
is_linear=0
shrinkage=0.05


Tree=57
num_leaves=15
num_cat=0
split_feature=0 0 0 0 2 1 1 1 1 1 0 1 0 0
split_gain=49.8966 33.9706 29.8352 27.0812 23.6541 19.7568 47.125 30.949 65.8388 51.939 40.8615 55.3678 61.8488 46.8015
threshold=3.2890503406524663 7.2690448760986337 3.2705168724060063 1.1279785037040713 1.5000000000000002 34.944898605346687 35.350776672363288 28.302341461181644 29.621117591857914 23.509568214416507 3.8390399217605595 31.53483867645264 5.6820471286773691 4.8446490764617929
decision_type=2 2 2 2 2 2 2 2 2 2 2 2 2 2
left_child=2 5 3 -1 -5 7 -7 9 -9 -2 -10 -12 13 -13
right_child=1 -3 -4 4 -6 6 -8 8 10 -11 11 12 -14 -15
leaf_value=-0.0019109926239527055 0.00077065590448030627 0.0096724048017539279 -0.011100312796506015 -0.00046083857504642658 0.0014551705882049708 0.017777009006633333 -0.00038103295228538218 -0.011915871580607794 -0.0054282557434914887 0.0060847736076848008 0.012819048833235697 0.00080006629287911841 0.014635528743467836 -0.01466986097570863
leaf_weight=25046 25804 1235 660 79279 20216 597 890 1339 2019 5595 1104 1570 552 710
leaf_count=25046 25804 1235 660 79279 20216 597 890 1339 2019 5595 1104 1570 552 710
internal_value=7.17905e-11 0.00150443 -0.000497648 -0.00044146 -7.15322e-05 0.00125338 0.00690905 0.00103602 -0.00189792 0.00171758 0.000354643 0.00332102 -0.000381598 -0.00401732
internal_weight=166616 41415 125201 124541 99495 40180 1487 38693 7294 31399 5955 3936 2832 2280
internal_count=166616 41415 125201 124541 99495 40180 1487 38693 7294 31399 5955 3936 2832 2280
is_linear=0
shrinkage=0.05


Tree=58
num_leaves=15
num_cat=0
split_feature=2 0 0 1 0 0 0 1 1 1 1 1 1 1
split_gain=45.8707 35.5095 26.1814 32.4606 56.7298 54.9828 44.7851 40.4966 28.4297 20.6012 30.8882 48.6941 38.9191 34.5733
threshold=1.5000000000000002 2.0012447834014897 3.9844847917556767 11.569818973541262 4.5304203033447275 4.8446490764617929 5.6820471286773691 25.719968795776371 24.22816371917725 16.364654541015629 30.980435371398929 33.812385559082038 35.062276840209968 28.428899765014652
decision_type=2 2 2 2 2 2 2 2 2 2 2 2 2 2
left_child=1 -1 9 5 8 -4 7 -6 -5 -2 13 -12 -13 -11
right_child=2 -3 3 4 6 -7 -8 -9 -10 10 11 12 -14 -15
leaf_value=-0.0013870209694570679 0.0024409088061960659 0.00027180116516511515 -0.012875231894002737 0.024512845203799653 0.0051975138366108665 0.0066009520150465658 0.01392178372050642 -0.010070309226372929 0.008836946604808547 -0.00039856863198457537 0.0080380175702330341 -0.0094749364421132486 0.005325347053679574 -0.0080407596188600012
leaf_weight=55284 13831 77470 608 574 1081 897 705 726 583 8878 2407 991 805 1776
leaf_count=55284 13831 77470 608 574 1081 897 705 726 583 8878 2407 991 805 1776
internal_value=-3.53109e-12 -0.000418998 0.00164266 0.00491642 0.00745289 -0.00126717 0.00323341 -0.000936653 0.0166139 0.00105222 -0.000240569 0.00338919 -0.00284118 -0.00167251
internal_weight=166616 132754 33862 5174 3669 1505 2512 1807 1157 28688 14857 4203 1796 10654
internal_count=166616 132754 33862 5174 3669 1505 2512 1807 1157 28688 14857 4203 1796 10654
is_linear=0
shrinkage=0.05


Tree=59
num_leaves=15
num_cat=0
split_feature=0 0 2 0 2 1 1 1 1 1 1 0 0 1
split_gain=43.8496 35.4331 28.0422 28.4266 23.227 22.5958 26.6308 22.7785 24.9246 21.8572 18.3606 18.0635 26.4683 20.9795
threshold=6.8048992156982431 1.7857054471969607 1.5000000000000002 1.840832591056824 1.0000000180025095e-35 22.919562339782718 21.701152801513675 1.2709196209907534 2.5924855470657353 35.062276840209968 0.6692619025707246 2.1585435867309575 2.2092199325561528 16.108174324035648
decision_type=2 2 2 2 2 2 2 2 2 2 2 2 2 2
left_child=1 -1 4 -4 9 6 7 10 -9 -3 -6 13 -13 -5
right_child=-2 2 3 11 5 -7 -8 8 -10 -11 -12 12 -14 -15
leaf_value=-0.0010811332295531252 0.0076175683085523485 0.00085698490320874942 0.010922471886586356 0.0023708232231706753 -0.00028532647277819162 0.00070580059497338645 -0.0095132310906302277 -0.0099144723066163145 -0.001589003960317172 -0.0056041972123277856 0.012345290985032033 0.012833771790348792 0.0019535112251520491 -0.0059380010065227008
leaf_weight=58002 1868 51569 870 1491 667 12070 1122 949 17056 1343 506 578 16976 1549
leaf_count=58002 1868 51569 870 1491 667 12070 1122 949 17056 1343 506 578 16976 1549
internal_value=2.59944e-10 -8.63718e-05 0.000454146 0.00206952 4.75845e-05 -0.00100739 -0.00202603 -0.00158799 -0.00202782 0.000692989 0.00516318 0.00169553 0.00231177 -0.00186285
internal_weight=166616 164748 106746 21464 85282 32370 20300 19178 18005 52912 1173 20594 17554 3040
internal_count=166616 164748 106746 21464 85282 32370 20300 19178 18005 52912 1173 20594 17554 3040
is_linear=0
shrinkage=0.05


Tree=60
num_leaves=15
num_cat=0
split_feature=0 0 2 2 0 0 0 1 1 1 1 1 0 0
split_gain=40.4841 28.695 28.6854 28.5043 22.9633 20.9594 34.1191 40.8201 20.0562 19.9061 29.1003 40.0418 37.3534 23.0943
threshold=4.9729626178741464 5.0333361625671396 1.5000000000000002 1.0000000180025095e-35 7.2690448760986337 4.6272771358489999 4.1395442485809335 16.108174324035648 35.062276840209968 32.660642623901374 28.194785118103031 23.214643478393558 5.3516390323638925 5.5627741813659677
decision_type=2 2 2 2 2 2 2 2 2 2 2 2 2 2
left_child=2 -2 3 8 9 6 -4 -8 -1 10 11 12 -3 -14
right_child=1 4 5 -5 -6 -7 7 -9 -10 -11 -12 -13 13 -15
leaf_value=0.00016824129038314599 0.013244140521567725 0.0059525766532770542 0.0010070141608066955 -0.0015225861206711374 0.008704105260921453 -0.0065068686820952031 -0.0011277982750706537 0.016641089946050871 -0.0050076501852618707 0.0081978077058232467 -0.007225563753731983 0.009714160695346398 -0.010796116419197595 -0.00093401467735333395
leaf_weight=75806 638 1780 29185 46690 1235 870 556 772 1919 969 1032 1292 732 3140
leaf_count=75806 638 1780 29185 46690 1235 870 556 772 1919 969 1032 1292 732 3140
internal_value=8.99363e-11 0.00295775 -0.000205374 -0.00054612 0.00231308 0.00114548 0.00136367 0.00920171 4.04505e-05 0.0014307 0.000608568 0.00177286 -4.24588e-05 -0.00279844
internal_weight=166616 10818 155798 124415 10180 31383 30513 1328 77725 8945 7976 6944 5652 3872
internal_count=166616 10818 155798 124415 10180 31383 30513 1328 77725 8945 7976 6944 5652 3872
is_linear=0
shrinkage=0.05


Tree=61
num_leaves=15
num_cat=0
split_feature=0 0 0 1 1 1 0 0 0 0 0 1 2 0
split_gain=38.3514 28.1858 26.3647 35.2411 35.3806 28.0175 25.9422 25.177 20.5937 17.6488 17.5964 16.605 16.3747 20.1777
threshold=2.4568327665328984 6.8048992156982431 2.5649137496948247 20.124761581420902 23.509568214416507 29.441926002502445 2.6424452066421513 2.4317075014114384 2.4823607206344609 2.4455107450485234 1.1279785037040713 34.602661132812507 1.0000000180025095e-35 2.5211784839630131
decision_type=2 2 2 2 2 2 2 2 2 2 2 2 2 2
left_child=7 2 3 8 -5 -6 -4 10 -2 -9 11 -1 -10 -14
right_child=1 -3 6 4 5 -7 -8 9 12 -11 -12 -13 13 -15
leaf_value=-0.0014477819819306615 -0.0066319598345018112 0.0069155839809843635 -0.0038930886077451765 0.020445438511596734 -0.00060238998494918292 0.012262839403582321 0.00065042339107960719 -0.013320786964956656 -0.0017651826751475435 -0.0017664910066552562 -0.00015150208036877598 -0.0081201577478462895 0.013225133869513218 0.00071996631288140486
leaf_weight=24076 741 1868 3306 511 901 798 63215 659 1029 663 66586 970 617 676
leaf_count=24076 741 1868 3306 511 901 798 63215 659 1029 663 66586 970 617 676
internal_value=-9.55179e-11 0.000852147 0.000694383 0.00409758 0.00890978 0.00544025 0.000424617 -0.000675289 0.000625514 -0.00752616 -0.00057645 -0.00170619 0.00294153 0.00668724
internal_weight=166616 73662 71794 5273 2210 1699 66521 92954 3063 1322 91632 25046 2322 1293
internal_count=166616 73662 71794 5273 2210 1699 66521 92954 3063 1322 91632 25046 2322 1293
is_linear=0
shrinkage=0.05


Tree=62
num_leaves=15
num_cat=0
split_feature=2 2 1 0 0 1 1 0 0 0 0 0 1 0
split_gain=35.3487 28.5466 23.6723 25.7006 28.8655 22.6039 35.4059 21.8501 19.0007 24.3721 17.7675 28.068 23.0321 17.3891
threshold=1.5000000000000002 1.0000000180025095e-35 35.062276840209968 4.437899351119996 4.5304203033447275 35.236125946044929 34.729074478149421 4.6272771358489999 2.1585435867309575 2.2092199325561528 1.9300832748413088 1.7857054471969607 16.219949722290043 4.2210822105407724
decision_type=2 2 2 2 2 2 2 2 2 2 2 2 2 2
left_child=1 2 3 13 -5 6 8 -6 10 -10 11 -2 -13 -1
right_child=5 -3 -4 4 7 -7 -8 -9 9 -11 -12 12 -14 -15
leaf_value=0.0001576653606116242 -7.7796347098727837e-05 -0.0013135652760308284 -0.0050975703547802911 0.013216501835231499 -0.006528469819581168 0.0093506577889638717 -0.011612610481891106 0.0029815615852848698 0.012863161371967434 0.0022389418247972734 -0.0042606723943067939 0.011843756410374162 0.00036781019500693691 -0.0049608270816939096
leaf_weight=71076 11595 49836 2056 638 663 880 528 6786 558 16556 1978 973 794 1699
leaf_count=71076 11595 49836 2056 638 663 880 528 6786 558 16556 1978 973 794 1699
internal_value=4.1232e-11 -0.000367816 0.000200605 0.000335317 0.00300935 0.001442 0.00123099 0.00213512 0.00143994 0.00258534 0.000162083 0.000816791 0.00668705 3.81694e-05
internal_weight=166616 132754 82918 80862 8087 33862 32982 7449 32454 17114 15340 13362 1767 72775
internal_count=166616 132754 82918 80862 8087 33862 32982 7449 32454 17114 15340 13362 1767 72775
is_linear=0
shrinkage=0.05


Tree=63
num_leaves=15
num_cat=0
split_feature=0 0 1 0 1 1 1 1 2 1 0 0 1 1
split_gain=34.1281 23.6574 17.3832 15.4801 14.6158 14.2111 25.4049 14.2341 21.6589 28.7236 15.9208 24.9833 26.7902 35.4667
threshold=2.8742823600769047 7.2690448760986337 17.148838996887211 1.1279785037040713 34.602661132812507 35.741970062255866 35.498208999633796 31.803257942199711 1.5000000000000002 32.930381774902351 2.5649137496948247 2.4568327665328984 20.124761581420902 23.509568214416507
decision_type=2 2 2 2 2 2 2 2 2 2 2 2 2 2
left_child=3 -2 -3 4 -1 6 7 10 -9 -10 11 -5 -13 -14
right_child=1 2 -4 5 -6 -7 -8 8 9 -11 -12 12 13 -15
leaf_value=-0.0013593047028084069 0.00085282612547852828 0.01309689641661383 0.0011432126807083283 -0.00036380998534235988 -0.0076192863101197279 0.0075843707696624007 -0.010043615619538399 0.00048531176643381262 0.015938582995403985 0.0023097455190343296 -0.0021433524736139387 0.0005905116485918888 0.019432463222083047 0.0037130926047061492
leaf_weight=24076 54633 693 542 60003 970 584 656 6896 569 1206 11009 3063 511 1205
leaf_count=24076 54633 693 542 60003 970 584 656 6896 569 1206 11009 3063 511 1205
internal_value=8.66922e-11 0.00100752 0.00785083 -0.000508255 -0.00160175 -0.000188687 -0.000242019 -0.000165892 0.00175312 0.00667865 -0.00038544 -8.67014e-05 0.00339255 0.00839409
internal_weight=166616 55868 1235 110748 25046 85702 85118 84462 8671 1775 75791 64782 4779 1716
internal_count=166616 55868 1235 110748 25046 85702 85118 84462 8671 1775 75791 64782 4779 1716
is_linear=0
shrinkage=0.05


Tree=64
num_leaves=15
num_cat=0
split_feature=2 2 0 1 1 1 0 0 1 1 0 0 0 1
split_gain=31.3985 25.7337 20.9293 31.7285 51.1962 44.0882 39.95 40.9698 38.3866 44.3325 28.3934 27.953 25.7806 27.764
threshold=1.5000000000000002 1.0000000180025095e-35 3.6685184240341191 27.872859001159672 17.781908035278324 29.621117591857914 4.1703901290893564 3.9529410600662236 15.869606018066408 14.758401870727541 3.7782702445983891 4.9729626178741464 4.0269718170166025 9.6725158691406268
decision_type=2 2 2 2 2 2 2 2 2 2 2 2 2 2
left_child=1 2 -1 4 8 -5 7 -6 9 10 -4 -8 -12 -14
right_child=-2 -3 3 5 6 -7 11 -9 -10 -11 12 -13 13 -15
leaf_value=-0.0001875086687408579 0.0013590433657009035 -0.0012446017542737939 0.010816381835532421 -0.014264236699666952 0.0071045054414545202 0.00031632780655182244 -0.00086228786207177008 0.023719663349390033 -0.0094227102052170872 0.015423876332446844 -0.0075323307992954218 0.0090395641409650573 0.0037984279739152593 -0.0045605829783636901
leaf_weight=67441 33862 49836 618 637 913 2786 1494 625 851 552 1052 1363 3131 1455
leaf_count=67441 33862 49836 618 637 913 2786 1494 625 851 552 1052 1363 3131 1455
internal_value=1.0673e-10 -0.000346656 0.000193035 0.00185125 0.00305765 -0.00239703 0.00735924 0.0138564 0.000589241 0.00184073 0.000642222 0.00386163 -0.000473001 0.00114636
internal_weight=166616 132754 82918 15477 12054 3423 4395 1538 7659 6808 6256 2857 5638 4586
internal_count=166616 132754 82918 15477 12054 3423 4395 1538 7659 6808 6256 2857 5638 4586
is_linear=0
shrinkage=0.05


Tree=65
num_leaves=15
num_cat=0
split_feature=0 0 0 0 1 1 1 0 0 0 1 0 1 2
split_gain=29.7537 22.8188 22.3543 22.2933 29.3141 28.503 25.5051 21.844 18.6173 15.8769 15.2051 38.7286 36.0899 14.6242
threshold=2.4568327665328984 2.4317075014114384 6.8048992156982431 2.5649137496948247 20.124761581420902 23.509568214416507 29.441926002502445 2.6424452066421513 2.4823607206344609 2.4455107450485234 10.401924610137941 2.5211784839630131 15.979670047760012 1.5000000000000002
decision_type=2 2 2 2 2 2 2 2 2 2 2 2 2 2
left_child=1 -1 3 4 8 -6 -7 13 -2 -3 11 -10 -12 -5
right_child=2 9 -4 7 5 6 -8 -9 10 -11 12 -13 -14 -15
leaf_value=-0.00050070199156300314 -0.0063276114296695971 -0.012612994250379312 0.0061504645988283329 -0.0019627524672124405 0.018482333160718126 -0.0007510540206874251 0.011523798720579698 0.00056921778300051014 0.00677823865700556 -0.0016540339306491355 0.015699860563287545 -0.011065817082093823 -0.0025595643630367706 -0.010354567182271981
leaf_weight=91632 741 659 1868 2661 511 901 798 63215 696 663 574 540 512 645
leaf_count=91632 741 659 1868 2661 511 901 798 63215 696 663 574 540 512 645
internal_value=1.0233e-10 -0.000594799 0.000750576 0.000610077 0.00373949 0.0081284 0.0050143 0.000362014 0.000572829 -0.00711693 0.00277491 -0.00101771 0.00709137 -0.00359999
internal_weight=166616 92954 73662 71794 5273 2210 1699 66521 3063 1322 2322 1236 1086 3306
internal_count=166616 92954 73662 71794 5273 2210 1699 66521 3063 1322 2322 1236 1086 3306
is_linear=0
shrinkage=0.05


Tree=66
num_leaves=15
num_cat=0
split_feature=2 2 1 1 1 0 0 0 1 1 1 0 0 0
split_gain=28.6616 23.2244 20.8712 20.5832 31.8776 19.3841 26.9816 18.8749 17.2507 54.2293 26.0732 39.1496 42.9818 24.9743
threshold=1.5000000000000002 1.0000000180025095e-35 35.062276840209968 35.236125946044929 34.729074478149421 4.437899351119996 4.5304203033447275 4.6272771358489999 30.980435371398929 28.428899765014652 31.53483867645264 2.9310567378997807 1.7321562767028811 4.8446490764617929
decision_type=2 2 2 2 2 2 2 2 2 2 2 2 2 2
left_child=1 2 5 4 8 -1 -7 -8 9 13 -10 12 -12 -2
right_child=3 -3 -4 -5 -6 6 7 -9 10 -11 11 -13 -14 -15
leaf_value=4.9929268235850689e-05 0.0010150789674810744 -0.0011842473121652596 -0.0047933461065295408 0.0088453483530743556 -0.011089756827674468 0.01249873466135753 -0.0062671187765008553 0.0025717707246649302 0.014208615905076927 -0.0070377333933966894 -0.00092717591549985672 -0.0055876376985686885 0.013709394389174802 0.0064517677181326009
leaf_weight=72775 24573 49836 2056 880 528 638 663 6786 587 2007 968 967 1041 2311
leaf_count=72775 24573 49836 2056 880 528 638 663 6786 587 2007 968 967 1041 2311
internal_value=1.67981e-11 -0.000331203 0.0001815 0.00129846 0.0010971 0.000307991 0.00263029 0.00178506 0.00129537 0.000890549 0.00457794 0.00267834 0.00665703 0.00148243
internal_weight=166616 132754 82918 33862 32982 80862 8087 7449 32454 28891 3563 2976 2009 26884
internal_count=166616 132754 82918 33862 32982 80862 8087 7449 32454 28891 3563 2976 2009 26884
is_linear=0
shrinkage=0.05


Tree=67
num_leaves=15
num_cat=0
split_feature=0 2 1 1 1 1 1 0 0 0 0 1 0 0
split_gain=26.9482 23.1921 23.5799 44.1962 44.0641 76.5729 33.7585 40.376 46.8596 43.4869 37.3055 36.7272 33.6429 32.595
threshold=1.7857054471969607 1.5000000000000002 7.3457732200622567 5.8423292636871347 12.326219081878664 14.457938194274904 15.475969791412355 3.8390399217605595 4.4028115272521982 5.3516390323638925 3.4350713491439824 25.719968795776371 2.7384840250015263 3.2890503406524663
decision_type=2 2 2 2 2 2 2 2 2 2 2 2 2 2
left_child=-1 -2 3 -3 -4 -6 -7 10 -9 11 13 -10 -5 -8
right_child=1 2 4 12 5 6 7 8 9 -11 -12 -13 -14 -15
leaf_value=-0.0008701581982237085 9.8618344784164472e-05 0.0023272859905304612 -0.0046921904293583949 0.003809402775787658 0.012919721627726087 -0.010445464195094609 -9.3630877785115627e-05 0.014069837638619765 0.005249896991744404 0.010551745812135692 -0.010322392917740737 -0.011831835202971491 0.02085321872346918 0.012937486945408675
leaf_weight=58002 86820 3816 2806 514 1482 623 7228 1201 573 836 840 698 663 514
leaf_count=58002 86820 3816 2806 514 1482 623 7228 1201 573 836 840 698 663 514
internal_value=-9.04057e-11 0.000464681 0.00192295 0.00493984 0.00102638 0.00217295 0.000900142 0.00149462 0.00618764 0.00169475 -0.000314345 -0.00413094 0.0134101 0.00077152
internal_weight=166616 108614 21794 4993 16801 13995 12513 11890 3308 2107 8582 1271 1177 7742
internal_count=166616 108614 21794 4993 16801 13995 12513 11890 3308 2107 8582 1271 1177 7742
is_linear=0
shrinkage=0.05


Tree=68
num_leaves=15
num_cat=0
split_feature=0 0 2 1 1 1 1 0 0 0 2 1 1 1
split_gain=24.3706 22.0242 16.3908 39.6505 20.6034 22.0907 58.348 21.4537 38.459 17.2095 16.9453 15.0562 27.4796 35.3366
threshold=6.8048992156982431 1.1279785037040713 1.5000000000000002 35.236125946044929 33.812385559082038 30.980435371398929 28.428899765014652 1.8307859897613528 2.7223693132400517 3.8390399217605595 1.0000000180025095e-35 1.3895995616912844 2.5924855470657353 4.1772935390472421
decision_type=2 2 2 2 2 2 2 2 2 2 2 2 2 2
left_child=1 -1 10 4 5 6 11 -7 -9 -10 -3 -4 -13 -14
right_child=-2 2 3 -5 -6 7 -8 8 9 -11 -12 12 13 -15
leaf_value=-0.0014297339863403485 0.0056789251693775697 0.00038581344782437501 -0.0043545730374326581 0.012473955406812226 -0.0057860778545839797 -0.0027538970606434472 -0.0082034371869133173 0.016547324915278567 -0.0041620649187782584 0.0086592516869203693 -0.00088777149771596055 0.0095936944639813428 -0.0074066881414414643 0.0018159790385351158
leaf_weight=25046 1868 69448 1069 766 1093 566 1688 810 541 507 41860 1055 1098 19201
leaf_count=25046 1868 69448 1069 766 1093 566 1688 810 541 507 41860 1055 1098 19201
internal_value=4.17189e-11 -6.43906e-05 0.00018039 0.0012527 0.00094158 0.0012187 0.00076127 0.00576864 0.00836485 0.00204061 -9.31482e-05 0.00143613 0.00172602 0.00131711
internal_weight=166616 164748 139702 28394 27628 26535 24111 2424 1858 1048 111308 22423 21354 20299
internal_count=166616 164748 139702 28394 27628 26535 24111 2424 1858 1048 111308 22423 21354 20299
is_linear=0
shrinkage=0.05


Tree=69
num_leaves=15
num_cat=0
split_feature=0 0 1 0 1 0 0 1 0 1 1 1 1 1
split_gain=23.1928 16.9104 15.8821 11.7039 12.8349 11.3932 42.5783 39.2842 28.9955 22.2149 29.6621 19.1371 43.3806 24.2002
threshold=2.9418302774429326 7.2690448760986337 17.148838996887211 1.1279785037040713 34.602661132812507 3.0927362442016606 3.1528643369674687 4.8284006118774423 3.1672945022583012 32.250665664672859 22.32263278961182 34.944898605346687 35.350776672363288 34.602661132812507
decision_type=2 2 2 2 2 2 2 2 2 2 2 2 2 2
left_child=3 5 -3 4 -1 7 -7 -2 -8 10 -9 13 -13 -10
right_child=1 2 -4 -5 -6 6 8 9 11 -11 -12 12 -14 -15
leaf_value=-0.0011310565367701256 0.012891012845652586 0.011657877199195223 0.00023196404971649728 -0.00013371879081271044 -0.0069972653333673779 -0.0067093985057494884 0.011292054725417087 -0.00075339743812501689 0.00058479896681975509 -0.0070081804047843355 0.0085474213926441979 0.016398300192767161 -0.00051284756149899788 -0.0091227990340875705
leaf_weight=24076 833 693 542 88335 970 1975 648 2370 41862 716 1343 617 984 652
leaf_count=24076 833 693 542 88335 970 1975 648 2370 41862 716 1343 617 984 652
internal_value=-5.89444e-12 0.000860913 0.00664343 -0.000404219 -0.00135825 0.000723578 0.000475247 0.0029293 0.000792242 0.00105572 0.00261073 0.000638012 0.00600444 0.000435922
internal_weight=166616 53235 1235 113381 25046 52000 46738 5262 44763 4429 3713 44115 1601 42514
internal_count=166616 53235 1235 113381 25046 52000 46738 5262 44763 4429 3713 44115 1601 42514
is_linear=0
shrinkage=0.05


Tree=70
num_leaves=15
num_cat=0
split_feature=2 2 1 1 1 0 0 1 1 1 0 0 1 1
split_gain=22.2214 19.1853 18.6851 16.297 27.3403 15.7593 28.7365 21.4643 46.6974 44.1851 37.2479 36.9752 34.5324 39.235
threshold=1.5000000000000002 1.0000000180025095e-35 35.062276840209968 35.236125946044929 34.729074478149421 3.6685184240341191 3.6178206205368046 27.872859001159672 17.781908035278324 29.621117591857914 4.1703901290893564 3.9529410600662236 15.869606018066408 14.758401870727541
decision_type=2 2 2 2 2 2 2 2 2 2 2 2 2 2
left_child=1 2 5 4 -2 6 -1 8 12 -9 11 -10 13 -7
right_child=3 -3 -4 -5 -6 7 -8 9 10 -11 -12 -13 -14 -15
leaf_value=5.8183584133723035e-05 0.0011477594550068006 -0.0010669528273342325 -0.0045327441805361225 0.0078586092637851837 -0.010322130355758198 0.00039936093379651252 -0.011139800643168107 -0.013713043644363454 0.0066648605709073317 0.0011049137635335321 0.0034283145012853605 0.022449262068867687 -0.0091561725908139626 0.014305240865223166
leaf_weight=65200 32454 49836 2056 880 528 6256 578 637 913 2393 2857 625 851 552
leaf_count=65200 32454 49836 2056 880 528 6256 578 637 913 2393 2857 625 851 552
internal_value=8.38106e-12 -0.000291629 0.000174362 0.00114331 0.000964141 0.000294046 -4.02146e-05 0.00175168 0.00269732 -0.00201028 0.00680557 0.0130792 0.000339861 0.00152686
internal_weight=166616 132754 82918 33862 32982 80862 65778 15084 12054 3030 4395 1538 7659 6808
internal_count=166616 132754 82918 33862 32982 80862 65778 15084 12054 3030 4395 1538 7659 6808
is_linear=0
shrinkage=0.05


Tree=71
num_leaves=15
num_cat=0
split_feature=0 0 0 2 0 1 0 1 1 1 1 1 1 0
split_gain=21.0616 18.5201 25.6228 20.7094 53.9699 20.9436 31.2695 29.5129 63.8409 25.388 46.4851 21.4739 21.3247 33.8598
threshold=4.8446490764617929 4.5304203033447275 4.437899351119996 1.5000000000000002 4.2210822105407724 35.236125946044929 4.0656988620758066 33.812385559082038 32.520797729492195 24.22816371917725 23.351881027221683 16.364654541015629 19.274257659912113 1.3995277285575869
decision_type=2 2 2 2 2 2 2 2 2 2 2 2 2 2
left_child=1 2 3 -1 5 6 7 8 9 10 11 -5 -13 -14
right_child=-2 -3 -4 4 -6 -7 -8 -9 -10 -11 -12 12 13 -15
leaf_value=-0.00042603733016322574 0.0020088663810930475 -0.0035762299489806751 0.0069550838217243456 0.0020009109658938838 0.015440474532024127 0.0088843020855787908 -0.011819523979937381 -0.0072764721356028891 0.013088073745580778 -0.0022329714562515793 0.013885210982471044 -0.0054933556916733767 -0.0076430257539503001 0.0041756914249117148
leaf_weight=119255 12100 3862 1287 13885 637 767 505 1105 1060 6165 723 2208 833 2224
leaf_count=119255 12100 3862 1287 13885 637 767 505 1105 1060 6165 723 2208 833 2224
internal_value=-7.06531e-11 -0.000157312 -6.96689e-05 -0.000130197 0.00104145 0.00073026 0.000512406 0.00073322 0.00105984 0.000570173 0.00143976 0.000969891 -0.00174914 0.000955217
internal_weight=166616 154516 150654 149367 30112 29475 28708 28203 27098 26038 19873 19150 5265 3057
internal_count=166616 154516 150654 149367 30112 29475 28708 28203 27098 26038 19873 19150 5265 3057
is_linear=0
shrinkage=0.05


Tree=72
num_leaves=15
num_cat=0
split_feature=0 0 1 1 1 0 0 0 1 0 1 0 0 1
split_gain=19.8087 16.3936 14.3284 13.8405 24.9396 21.9911 25.9331 49.5207 35.5844 45.991 37.7596 37.6473 33.1741 24.4989
threshold=2.0012447834014897 7.2690448760986337 17.148838996887211 17.636317253112797 16.763699531555179 2.0369684696197514 3.8044918775558476 3.5336508750915532 23.785320281982425 3.6685184240341191 26.78098297119141 3.6429398059844975 3.912905335426331 19.848464965820316
decision_type=2 2 2 2 2 2 2 2 2 2 2 2 2 2
left_child=-1 3 -3 4 -2 -5 7 -7 9 -9 -10 -12 -8 -14
right_child=1 2 -4 5 -6 6 12 8 10 -11 11 -13 13 -15
leaf_value=-0.00064113340085676109 4.1222464211705716e-05 0.010950228054439959 9.7580350646783511e-05 0.0083005518409947528 -0.0052968858545241158 0.00073906789111773965 0.011089379052303869 -0.021577308182151186 0.0088676724629554414 -0.0018029519241019834 0.0040408685419224145 -0.011411883311827025 0.0082757351877986406 0.0011697868318878517
leaf_weight=69919 44948 693 542 1006 2300 30266 1080 647 599 539 623 1073 1363 11018
leaf_count=69919 44948 693 542 1006 2300 30266 1080 647 599 539 623 1073 1363 11018
internal_value=5.11443e-11 0.000463586 0.00618737 0.000389537 -0.000218633 0.000985523 0.00082964 8.95062e-05 -0.00555819 -0.0125905 -0.00192408 -0.00573555 0.00268517 0.00195207
internal_weight=166616 96697 1235 95462 47248 48214 47208 33747 3481 1186 2295 1696 13461 12381
internal_count=166616 96697 1235 95462 47248 48214 47208 33747 3481 1186 2295 1696 13461 12381
is_linear=0
shrinkage=0.05


Tree=73
num_leaves=15
num_cat=0
split_feature=0 1 1 0 1 1 1 1 0 0 1 1 1 1
split_gain=18.2283 14.8222 26.163 17.3523 17.0069 14.5847 22.2329 18.667 14.8261 11.6922 11.0394 36.1969 97.3561 27.5314
threshold=2.8248012065887456 0.4011408537626267 0.96909725666046154 7.2690448760986337 17.148838996887211 34.944898605346687 35.350776672363288 34.602661132812507 2.8407365083694462 2.8105616569519047 18.239912033081058 12.729347705841066 12.326219081878664 20.409547805786136
decision_type=2 2 2 2 2 2 2 2 2 2 2 2 2 2
left_child=9 -2 -3 5 -5 7 -7 8 -4 -1 11 12 -10 -12
right_child=1 2 3 4 -6 6 -8 -9 10 -11 13 -13 -14 -15
leaf_value=-0.00034100086710877518 -0.0062993517413755451 0.0099990779973434876 0.0082498622213476643 0.012070031011895781 9.2702098122052158e-05 0.011968567655368269 0.00081524449771491053 -0.0068859987779159764 0.00017689187158997447 -0.0070415211768948861 0.0056323862693149944 -0.0030376155660292695 0.017975840601377979 0.00056435440813869004
leaf_weight=108123 743 764 613 654 542 696 1248 865 17764 655 3054 8226 803 21866
leaf_count=108123 743 764 613 654 542 696 1248 865 17764 655 3054 8226 803 21866
internal_value=-1.41172e-10 0.000717214 0.000808523 0.000683874 0.00664218 0.000554626 0.00480841 0.00039916 0.000519591 -0.000381348 0.000427957 -0.000276584 0.000946675 0.00118545
internal_weight=166616 57838 57095 56331 1196 55135 1944 53191 52326 108778 51713 26793 18567 24920
internal_count=166616 57838 57095 56331 1196 55135 1944 53191 52326 108778 51713 26793 18567 24920
is_linear=0
shrinkage=0.05


Tree=74
num_leaves=15
num_cat=0
split_feature=2 2 1 1 1 0 0 0 1 1 0 1 1 1
split_gain=18.1145 17.4902 17.2966 14.5339 29.7216 14.2909 24.5664 23.6974 34.3806 23.4946 50.0234 16.6216 13.9611 46.207
threshold=1.5000000000000002 1.0000000180025095e-35 35.062276840209968 22.919562339782718 21.701152801513675 4.9054827690124521 4.6272771358489999 4.1395442485809335 16.108174324035648 26.78098297119141 5.2105743885040292 15.750996589660646 8.2805285453796404 5.3343372344970712
decision_type=2 2 2 2 2 2 2 2 2 2 2 2 2 2
left_child=1 2 -1 4 -3 6 7 12 -9 10 -7 -12 13 -2
right_child=5 3 -4 -5 -6 9 -8 8 -10 -11 11 -13 -14 -15
leaf_value=0.00029677584401848156 -0.00050547355087833057 -0.0012891089549397106 -0.0043472108227320394 0.00012280592845328116 -0.0081407842505556039 0.020739351802815997 -0.0081732236997329247 -0.0019907421090727228 0.014316473543581221 -0.0039557508996658965 -0.0012467974668366778 0.0099738567940890789 3.283110494116282e-05 0.00777617933867114
leaf_weight=80862 4539 29978 2056 18187 1671 510 755 556 772 613 971 500 21968 2678
leaf_count=80862 4539 29978 2056 18187 1671 510 755 556 772 613 971 500 21968 2678
internal_value=-2.21247e-11 -0.000263304 0.000181625 -0.00100359 -0.00165086 0.00103227 0.000736414 0.00095687 0.00748905 0.00459849 0.00724551 0.00256716 0.000659637 0.00256759
internal_weight=166616 132754 82918 49836 31649 33862 31268 30513 1328 2594 1981 1471 29185 7217
internal_count=166616 132754 82918 49836 31649 33862 31268 30513 1328 2594 1981 1471 29185 7217
is_linear=0
shrinkage=0.05


Tree=75
num_leaves=15
num_cat=0
split_feature=0 2 1 1 1 1 0 0 1 1 1 1 1 1
split_gain=17.3669 15.2968 29.3913 14.339 31.7237 35.2661 43.403 32.7408 28.6332 25.5522 27.8864 42.5237 47.1383 14.0624
threshold=1.1279785037040713 1.5000000000000002 35.236125946044929 26.647733688354496 30.980435371398929 31.53483867645264 2.9310567378997807 1.7321562767028811 33.080881118774421 25.423508644104007 24.22816371917725 22.32263278961182 21.557135581970218 19.274257659912113
decision_type=2 2 2 2 2 2 2 2 2 2 2 2 2 2
left_child=-1 -2 3 9 -5 -6 7 -7 -9 10 11 12 13 -3
right_child=1 2 -4 4 5 6 -8 8 -10 -11 -12 -13 -14 -15
leaf_value=-0.0012136365885304242 -4.7507322077929659e-05 0.00092440544240303456 0.010868847889553062 -0.0047681795531261343 0.013990530295018629 -0.004758646411881332 -0.007838186800049397 0.017407006424640849 0.0023360928384798959 0.0095979806572290445 -0.0075990059342160264 0.0098141904188472628 -0.014012782120304419 0.0056673362575546064
leaf_weight=25046 112846 15830 772 3076 536 620 1099 583 686 956 856 1465 511 1734
leaf_count=25046 112846 15830 772 3076 536 620 1099 583 686 956 856 1465 511 1734
internal_value=-3.267e-11 0.000214712 0.00124487 0.000979071 -0.00105783 0.00218083 6.23549e-05 0.00465881 0.00925992 0.00160869 0.00123421 0.00162117 0.000957121 0.00139265
internal_weight=166616 141570 28724 27952 6600 3524 2988 1889 1269 21352 20396 19540 18075 17564
internal_count=166616 141570 28724 27952 6600 3524 2988 1889 1269 21352 20396 19540 18075 17564
is_linear=0
shrinkage=0.05


Tree=76
num_leaves=15
num_cat=0
split_feature=0 0 1 0 0 1 0 1 1 0 1 1 1 0
split_gain=16.1281 11.6483 11.7586 11.0307 36.709 35.356 26.582 19.8221 26.3116 16.5656 15.4879 37.2602 19.7279 15.1198
threshold=2.9418302774429326 7.2690448760986337 17.148838996887211 3.0927362442016606 3.1528643369674687 4.8284006118774423 3.1672945022583012 32.250665664672859 22.32263278961182 3.1318863630294804 34.944898605346687 35.498208999633796 34.602661132812507 2.9964044094085698
decision_type=2 2 2 2 2 2 2 2 2 2 2 2 2 2
left_child=-1 3 -3 5 9 -2 -6 8 13 -5 12 -12 -8 -7
right_child=1 2 -4 4 6 7 10 -9 -10 -11 11 -13 -14 -15
leaf_value=-0.00033707907426936616 0.012224823261509423 0.0098318178257792398 4.2530855789395714e-07 -0.0030858140807090836 0.010707250172502281 0.0042404577549960886 0.00045886683773303138 -0.006620396236406494 0.0080570812102709576 -0.01281215876163133 0.012612416327048565 -0.0026598685593155081 -0.0083059363215704628 -0.0039292246903418829
leaf_weight=113381 833 693 542 1320 648 936 41862 716 1343 655 838 763 652 1434
leaf_count=113381 833 693 542 1320 648 936 41862 716 1343 655 838 763 652 1434
internal_value=5.95841e-11 0.000717918 0.00551715 0.000603936 0.000359587 0.00277429 0.000653925 0.000996843 0.00246572 -0.00631151 0.000506253 0.00533399 0.000324449 -0.000702717
internal_weight=166616 53235 1235 52000 46738 5262 44763 4429 3713 1975 44115 1601 42514 2370
internal_count=166616 53235 1235 52000 46738 5262 44763 4429 3713 1975 44115 1601 42514 2370
is_linear=0
shrinkage=0.05


Tree=77
num_leaves=15
num_cat=0
split_feature=0 0 0 2 0 0 1 0 1 1 1 1 1 0
split_gain=15.2322 21.4251 12.5857 13.9102 11.4096 11.0852 10.1065 26.8531 13.3109 45.8638 41.8317 24.7713 20.2315 17.4445
threshold=1.7857054471969607 1.7951956391334536 6.8048992156982431 1.0000000180025095e-35 6.5171666145324716 6.3156888484954843 35.498208999633796 2.7860658168792729 29.441926002502445 27.872859001159672 29.749985694885257 27.472515106201175 29.011299133300785 5.3516390323638925
decision_type=2 2 2 2 2 2 2 2 2 2 2 2 2 2
left_child=-1 -2 4 -4 5 6 8 -8 9 11 -10 -3 -11 -12
right_child=1 2 3 -5 -6 -7 7 -9 10 12 13 -13 -14 -15
leaf_value=-0.00065420673051437637 0.0093581018938183238 0.00018415092557146241 0.00022052436369498081 0.0088570206472468275 -0.0065181442291642995 0.006891346065048278 -0.012337593632077593 0.0013181711851696794 0.012491107501134456 -0.0070256687339457008 0.00062934731542571955 0.0070568095314171827 0.00042493196841756259 0.0081283391309342132
leaf_weight=58002 656 79843 972 896 624 627 576 960 830 3199 16009 1333 1274 815
leaf_count=58002 656 79843 972 896 624 627 576 960 830 3199 16009 1333 1274 815
internal_value=-1.56504e-10 0.000349359 0.000294618 0.00436308 0.000222982 0.000262866 0.000223224 -0.00380274 0.000283085 2.54076e-05 0.00153322 0.000297008 -0.00490359 0.000992619
internal_weight=166616 108614 107958 1868 106090 105466 104839 1536 103303 85649 17654 81176 4473 16824
internal_count=166616 108614 107958 1868 106090 105466 104839 1536 103303 85649 17654 81176 4473 16824
is_linear=0
shrinkage=0.05


Tree=78
num_leaves=15
num_cat=0
split_feature=2 2 1 1 1 1 1 1 1 1 0 1 0 0
split_gain=14.8176 15.7529 15.3082 13.0833 26.824 12.9091 22.9516 44.6423 14.3275 17.8202 23.7043 18.4006 18.2449 22.5852
threshold=1.5000000000000002 1.0000000180025095e-35 35.062276840209968 22.919562339782718 21.701152801513675 0.4011408537626267 1.671456038951874 2.5924855470657353 3.1100786924362187 4.1772935390472421 1.8307859897613528 5.1921992301940927 1.4645501375198366 1.3854345083236697
decision_type=2 2 2 2 2 2 2 2 2 2 2 2 2 2
left_child=1 2 5 4 -3 -1 -7 -8 -9 10 -10 -11 13 -13
right_child=-2 3 -4 -5 -6 6 7 8 9 11 -12 12 -14 -15
leaf_value=-0.0053820185352003932 0.00093361530754918279 -0.0012111523040492715 -0.004076460535422417 0.000128008753490214 -0.0077202669807995674 0.004641382956419718 -0.0071435832675161865 0.005547834785368147 0.003198610128096815 0.0045820836172043109 -0.0073091962733294715 -0.0005311650949058732 0.00076010666805507218 -0.0066806688724360798
leaf_weight=990 33862 29978 2056 18187 1671 3016 2018 1324 795 2589 1652 15521 51305 1652
leaf_count=990 33862 29978 2056 18187 1671 3016 2018 1324 795 2589 1652 15521 51305 1652
internal_value=-5.79859e-11 -0.00023814 0.000184113 -0.000940693 -0.00155482 0.000292443 0.000362777 0.000194875 0.000392756 0.000299912 -0.00389534 0.000444364 0.000287926 -0.00112273
internal_weight=166616 132754 82918 49836 31649 80862 79872 76856 74838 73514 2447 71067 68478 17173
internal_count=166616 132754 82918 49836 31649 80862 79872 76856 74838 73514 2447 71067 68478 17173
is_linear=0
shrinkage=0.05


Tree=79
num_leaves=15
num_cat=0
split_feature=0 2 1 1 1 1 0 0 1 0 0 0 0 0
split_gain=14.0344 12.4669 26.3866 12.9466 28.531 31.7996 39.361 29.1787 25.9164 23.0689 37.2959 30.0208 25.4537 28.346
threshold=1.1279785037040713 1.5000000000000002 35.236125946044929 26.647733688354496 30.980435371398929 31.53483867645264 2.9310567378997807 1.7321562767028811 33.080881118774421 4.8446490764617929 5.2105743885040292 4.5750768184661874 4.2210822105407724 3.7441027164459233
decision_type=2 2 2 2 2 2 2 2 2 2 2 2 2 2
left_child=-1 -2 3 9 -5 -6 7 -7 -9 11 -11 12 13 -3
right_child=1 2 -4 4 5 6 -8 8 -10 10 -12 -13 -14 -15
leaf_value=-0.0010910001272758213 -4.3709361800651509e-05 0.0013752637370084563 0.010241802760588073 -0.0045829993705216784 0.013221318231459389 -0.0045178316389360733 -0.0075282791629433634 0.01646714884664793 0.0021290466717495951 0.016743145139275106 0.0021221933647405222 -0.010396262804623432 0.01066116016224134 -0.0075434127000180333
leaf_weight=25046 112846 17058 772 3076 536 620 1099 583 686 620 1471 568 695 940
leaf_count=25046 112846 17058 772 3076 536 620 1099 583 686 620 1471 568 695 940
internal_value=-1.07182e-10 0.000193015 0.00112302 0.000871169 -0.00106431 0.00200706 -4.6053e-06 0.00437259 0.00871621 0.00146943 0.00645743 0.000927931 0.00127202 0.000909459
internal_weight=166616 141570 28724 27952 6600 3524 2988 1889 1269 21352 2091 19261 18693 17998
internal_count=166616 141570 28724 27952 6600 3524 2988 1889 1269 21352 2091 19261 18693 17998
is_linear=0
shrinkage=0.05


Tree=80
num_leaves=15
num_cat=0
split_feature=0 0 1 1 1 1 1 0 0 0 0 2 0 0
split_gain=13.4598 29.7116 12.0678 65.6113 40.2842 35.9482 42.4075 24.7676 25.8658 28.8525 17.7308 34.5607 32.9121 20.0616
threshold=3.2890503406524663 3.2705168724060063 28.302341461181644 29.169745445251468 25.0081901550293 25.909067153930668 27.072099685668949 3.8390399217605595 3.6429398059844975 3.4131884574890141 4.5304203033447275 1.5000000000000002 4.2210822105407724 5.6820471286773691
decision_type=2 2 2 2 2 2 2 2 2 2 2 2 2 2
left_child=1 -1 4 -4 -2 -6 -7 8 9 -5 11 12 -9 -12
right_child=2 -3 3 7 5 6 -8 10 -10 -11 13 -13 -14 -15
leaf_value=-0.00020239551804328615 0.00058778426192693624 -0.010839136567982761 -0.013884547796960063 -0.0073565664680734768 0.013946912676084411 -0.0043091166611453954 0.008292811488497696 -0.0043682930355865837 -0.01023636171906089 0.0051786697817036674 -0.002816332213517991 0.01651019371367643 0.009906637189996164 0.0057777521768313592
leaf_weight=124541 28725 660 871 775 1048 1141 1609 868 896 1126 1993 578 755 1030
leaf_count=124541 28725 660 871 775 1048 1141 1609 868 896 1126 1993 578 755 1030
internal_value=5.93952e-11 -0.000258467 0.000781369 -0.000850936 0.00122765 0.00606709 0.00306416 0.000564384 -0.00323273 6.83026e-05 0.00259741 0.00601123 0.00227223 0.000111854
internal_weight=166616 125201 41415 8892 32523 3798 2750 8021 2797 1901 5224 2201 1623 3023
internal_count=166616 125201 41415 8892 32523 3798 2750 8021 2797 1901 5224 2201 1623 3023
is_linear=0
shrinkage=0.05


Tree=81
num_leaves=15
num_cat=0
split_feature=0 0 0 1 1 1 1 0 1 0 0 1 1 1
split_gain=12.4819 16.7245 20.0262 17.1261 16.0185 14.4172 54.1161 48.4879 38.3548 70.5068 28.6642 27.8382 31.3708 24.0711
threshold=4.8446490764617929 4.5304203033447275 4.437899351119996 35.858039855957038 7.65584421157837 27.330609321594242 25.423508644104007 5.3516390323638925 32.660642623901374 5.6820471286773691 5.5627741813659677 31.263106346130375 28.716909408569339 18.694790840148929
decision_type=2 2 2 2 2 2 2 2 2 2 2 2 2 2
left_child=1 2 3 -1 -3 6 7 13 11 -10 -9 12 -7 -2
right_child=5 4 -4 -5 -6 8 -8 10 9 -11 -12 -13 -14 -15
leaf_value=-0.00012339734593858173 0.0040974479813146942 0.0020739278390437934 0.0061725412852188001 0.0088468865801890686 -0.0052747871607660615 -0.010441204418335655 0.015251438662050646 -0.010213066773082383 -0.0065809959618561877 0.017521677108347369 7.9350455812353018e-06 -0.014765799441076338 0.00664487279396742 0.015045812154640327
leaf_weight=148833 2503 1001 1287 534 2861 513 765 810 617 597 4479 624 564 628
leaf_count=148833 2503 1001 1287 534 2861 513 765 810 617 597 4479 624 564 628
internal_value=2.84049e-11 -0.000121104 -3.78171e-05 -9.13278e-05 -0.00337006 0.00154648 0.00251878 0.00136195 -0.00151716 0.0052718 -0.00155739 -0.00636243 -0.00149362 0.00629341
internal_weight=166616 154516 150654 149367 3862 12100 9185 8420 2915 1214 5289 1701 1077 3131
internal_count=166616 154516 150654 149367 3862 12100 9185 8420 2915 1214 5289 1701 1077 3131
is_linear=0
shrinkage=0.05


Tree=82
num_leaves=15
num_cat=0
split_feature=0 1 0 2 1 0 0 1 1 1 0 1 1 0
split_gain=12.3236 11.589 11.0546 12.5093 10.7166 10.6071 9.51137 10.6296 17.6862 12.8711 26.7838 12.1152 31.3576 21.7354
threshold=1.1279785037040713 0.6692619025707246 6.8048992156982431 1.0000000180025095e-35 35.062276840209968 6.5171666145324716 6.3156888484954843 0.4011408537626267 0.11678899824619295 0.96909725666046154 2.9418302774429326 4.4229860305786142 3.1100786924362187 2.4687794446945195
decision_type=2 2 2 2 2 2 2 2 2 2 2 2 2 2
left_child=1 -1 5 -4 -3 6 7 8 -2 10 -9 12 -11 -14
right_child=2 4 3 -5 -6 -7 -8 9 -10 11 -12 -13 13 -15
leaf_value=0.0063786537807190282 0.0038081390276522085 -0.0010108994485875209 7.3376221681941192e-05 0.0082634446077073723 -0.0076902074255533028 -0.0063745745487558923 0.0063033201429330823 0.00052089756718765544 -0.0074297145263647005 0.00054445574439712782 0.012830506867267253 0.00027365725309136851 -0.00086985332891345026 -0.0075594716909339055
leaf_weight=518 511 23912 972 896 616 624 627 1570 1112 8341 615 121410 2239 2653
leaf_count=518 511 23912 972 896 616 624 627 1570 1112 8341 615 121410 2239 2653
internal_value=1.43614e-11 -0.00102234 0.000180869 0.0040018 -0.00117864 0.000129778 0.000158961 0.000131135 -0.00389149 0.00017885 0.00398562 0.000117074 -0.00131955 -0.00449773
internal_weight=166616 25046 141570 1868 24528 139702 139078 138451 1623 136828 2185 134643 13233 4892
internal_count=166616 25046 141570 1868 24528 139702 139078 138451 1623 136828 2185 134643 13233 4892
is_linear=0
shrinkage=0.05


Tree=83
num_leaves=15
num_cat=0
split_feature=2 2 1 1 1 1 1 1 1 1 1 0 0 1
split_gain=11.8248 14.4024 14.0875 11.7236 24.399 11.1077 19.8029 40.373 12.8347 14.7578 22.3734 14.938 20.9308 20.3297
threshold=1.5000000000000002 1.0000000180025095e-35 35.062276840209968 22.919562339782718 21.701152801513675 0.4011408537626267 1.671456038951874 2.5924855470657353 3.1100786924362187 4.28786325454712 5.1921992301940927 1.4645501375198366 1.3854345083236697 29.169745445251468
decision_type=2 2 2 2 2 2 2 2 2 2 2 2 2 2
left_child=1 2 5 4 -3 -1 -7 -8 -9 -10 -11 12 13 -12
right_child=-2 3 -4 -5 -6 6 7 8 9 10 11 -13 -14 -15
leaf_value=-0.0049687455775159779 0.00083401918525581673 -0.0011380737024678834 -0.0038961670960749027 0.00012714857118898722 -0.0073460024093204741 0.0043344739647285732 -0.0067745262158829707 0.0052715214494098083 -0.0032523370903224389 0.005373092482792375 0.00047158382266404038 0.00071233626861892543 -0.0063418431879533116 -0.0040869578758326898
leaf_weight=990 33862 29978 2056 18187 1671 3016 2018 1324 2805 2231 12479 51305 1652 3042
leaf_count=990 33862 29978 2056 18187 1671 3016 2018 1324 2805 2231 12479 51305 1652 3042
internal_value=-1.1218e-10 -0.000212736 0.000191012 -0.000884499 -0.00146584 0.000294933 0.000360175 0.000204215 0.000392396 0.000304522 0.000445621 0.000285085 -0.000991344 -0.000421856
internal_weight=166616 132754 82918 49836 31649 80862 79872 76856 74838 73514 70709 68478 17173 15521
internal_count=166616 132754 82918 49836 31649 80862 79872 76856 74838 73514 70709 68478 17173 15521
is_linear=0
shrinkage=0.05


Tree=84
num_leaves=15
num_cat=0
split_feature=0 0 0 2 1 0 0 1 1 0 2 1 1 1
split_gain=11.3421 21.3152 21.2507 25.8246 17.3179 14.4305 11.9685 19.5767 27.5836 19.1553 17.913 16.6693 22.6374 11.6402
threshold=2.4568327665328984 2.4317075014114384 2.5340274572372441 1.5000000000000002 6.4458811283111581 2.4455107450485234 2.8248012065887456 23.057459831237797 18.552156448364261 2.6424452066421513 1.5000000000000002 25.0081901550293 29.011299133300785 0.4011408537626267
decision_type=2 2 2 2 2 2 2 2 2 2 2 2 2 2
left_child=1 -1 3 4 -2 -3 7 8 -4 -10 11 -9 -13 -8
right_child=2 5 6 -5 -6 -7 13 10 9 -11 -12 12 -14 -15
leaf_value=-0.00027629272097793152 -0.0060780090785549599 -0.011910552886485692 -0.0013329896495791786 0.012129217136277804 0.0037042847709615676 -0.0014627173908200921 -0.0056599322114826694 0.0099163315055527911 -0.0026474037297486049 -0.014805471520829359 -0.0057165883888874299 -0.004481439435012345 0.0047221593159204088 0.00063894783992906592
leaf_weight=91632 547 659 6301 788 2617 663 743 696 591 717 711 1066 1790 57095
leaf_count=91632 547 659 6301 788 2617 663 743 696 591 717 711 1066 1790 57095
internal_value=-6.76159e-11 -0.000367236 0.000463415 0.00403018 0.0020131 -0.00667083 0.000261208 -0.00118485 -0.0027046 -0.00931203 0.00152773 0.00297782 0.00128692 0.000558031
internal_weight=166616 92954 73662 3952 3164 1322 69710 11872 7609 1308 4263 3552 2856 57838
internal_count=166616 92954 73662 3952 3164 1322 69710 11872 7609 1308 4263 3552 2856 57838
is_linear=0
shrinkage=0.05


Tree=85
num_leaves=15
num_cat=0
split_feature=1 1 1 0 0 1 1 1 0 1 0 2 0 1
split_gain=10.7432 19.1983 17.9414 21.8142 14.118 15.187 12.359 19.9526 22.3611 20.7135 35.4578 18.9356 55.6969 38.9635
threshold=0.11678899824619295 0.4011408537626267 0.96909725666046154 2.9418302774429326 7.2690448760986337 17.148838996887211 4.28786325454712 3.1100786924362187 2.1938685178756718 2.5924855470657353 3.0241129398345952 1.5000000000000002 2.4823607206344609 1.671456038951874
decision_type=2 2 2 2 2 2 2 2 2 2 2 2 2 2
left_child=-1 -2 3 -3 6 -6 7 9 -9 11 -11 13 -13 -4
right_child=1 2 4 -5 5 -7 -8 8 -10 10 -12 12 -14 -15
leaf_value=0.0063665243057590545 -0.0060381469740366164 0.0014745202039127348 0.0017798638499951103 0.011953773280796429 0.010497746452979677 -0.00082059233858356633 5.7563859082677552e-05 -0.00061715355999883339 -0.0071474601795719784 -0.00022664410692638132 0.012228549000176864 -0.0054566904577727773 0.013004960683107995 -0.0065859539666033237
leaf_weight=660 1317 1970 2498 664 654 542 145615 2579 2666 1839 829 869 771 3143
leaf_count=660 1317 1970 2498 664 654 542 145615 2579 2666 1839 829 869 771 3143
internal_value=6.72677e-11 -2.53193e-05 2.27792e-05 0.00411621 -4.3775e-05 0.00536853 -8.40284e-05 -0.00144101 -0.00393647 -0.000125432 0.00364343 -0.00150647 0.00322254 -0.00288132
internal_weight=166616 165956 164639 2634 162005 1196 160809 15194 5245 9949 2668 7281 1640 5641
internal_count=166616 165956 164639 2634 162005 1196 160809 15194 5245 9949 2668 7281 1640 5641
is_linear=0
shrinkage=0.05


Tree=86
num_leaves=15
num_cat=0
split_feature=0 1 1 2 1 1 1 1 0 0 1 1 1 1
split_gain=10.3541 10.6021 9.52656 9.46699 23.45 11.6326 25.4242 28.1025 36.8979 26.4874 23.2417 21.5892 24.9951 38.2399
threshold=1.1279785037040713 0.6692619025707246 35.062276840209968 1.5000000000000002 35.236125946044929 26.647733688354496 30.980435371398929 31.53483867645264 2.9310567378997807 1.7321562767028811 33.080881118774421 25.423508644104007 24.22816371917725 22.32263278961182
decision_type=2 2 2 2 2 2 2 2 2 2 2 2 2 2
left_child=1 -1 -3 -2 5 11 -7 -8 9 -9 -11 12 13 -5
right_child=3 2 -4 4 -6 6 7 8 -10 10 -12 -13 -14 -15
leaf_value=0.0061417620758522432 -4.0498984431976939e-05 -0.00092843350044997854 -0.0072259726849469271 0.00069830331716616936 0.0095726162319914859 -0.0044174410194014434 0.012345714773809011 -0.0043200968662577294 -0.0073720960956646488 0.015628933960349835 0.002050850327390059 0.008649533559852202 -0.007401102871218453 0.0090974063327084638
leaf_weight=518 112846 23912 616 18075 772 3076 536 620 1099 583 686 956 856 1465
leaf_count=518 112846 23912 616 18075 772 3076 536 620 1099 583 686 956 856 1465
internal_value=-8.92181e-12 -0.000937094 -0.00108659 0.000165787 0.000976209 0.000738786 -0.00109585 0.00180348 -8.76311e-05 0.00415039 0.00828885 0.00130588 0.000961668 0.00132802
internal_weight=166616 25046 24528 141570 28724 27952 6600 3524 2988 1889 1269 21352 20396 19540
internal_count=166616 25046 24528 141570 28724 27952 6600 3524 2988 1889 1269 21352 20396 19540
is_linear=0
shrinkage=0.05


Tree=87
num_leaves=15
num_cat=0
split_feature=0 0 1 1 0 0 0 2 1 0 1 1 0 0
split_gain=9.71587 25.6691 15.2859 42.514 25.7955 39.9097 27.4202 27.4161 14.4162 14.6613 11.065 10.3056 10.0741 17.5968
threshold=4.9729626178741464 5.0333361625671396 32.660642623901374 30.354310989379886 5.3516390323638925 5.2105743885040292 6.8048992156982431 1.0000000180025095e-35 23.214643478393558 5.5627741813659677 26.487418174743656 11.19999408721924 4.5304203033447275 4.437899351119996
decision_type=2 2 2 2 2 2 2 2 2 2 2 2 2 2
left_child=12 -2 3 4 5 11 8 -7 9 -6 -10 -3 13 -1
right_child=1 2 -4 -5 6 7 -8 -9 10 -11 -12 -13 -14 -15
leaf_value=-7.6477175580078017e-05 0.011177905857545502 -0.0059226475234761423 0.0067160911245209972 -0.012136126371195257 -0.010392540897582429 0.020710398120902269 0.0048308848278952547 0.0049458219494832598 0.0075592015299674083 -0.0024254540850960019 -0.0024324615657309884 0.0037727498233954683 -0.002276477979040418 0.0057951765561877252
leaf_weight=149367 638 535 998 649 732 530 1755 575 541 2735 568 562 5144 1287
leaf_count=149367 638 535 998 649 732 530 1755 575 541 2735 568 562 5144 1287
internal_value=2.13396e-11 0.00144897 0.000839241 0.000200481 0.00113877 0.00580019 -0.000482525 0.0125071 -0.00252034 -0.00410757 0.00244174 -0.000955634 -0.000100611 -2.63171e-05
internal_weight=166616 10818 10180 9182 8533 2202 6331 1105 4576 3467 1109 1097 155798 150654
internal_count=166616 10818 10180 9182 8533 2202 6331 1105 4576 3467 1109 1097 155798 150654
is_linear=0
shrinkage=0.05


Tree=88
num_leaves=15
num_cat=0
split_feature=1 1 1 0 0 1 1 1 0 1 0 2 2 0
split_gain=9.5715 17.4765 15.9204 19.6301 11.6492 13.5871 11.0915 18.0816 20.3632 18.7448 32.0617 18.0573 16.9593 50.3254
threshold=0.11678899824619295 0.4011408537626267 0.96909725666046154 2.9418302774429326 7.2690448760986337 17.148838996887211 4.28786325454712 3.1100786924362187 2.1938685178756718 2.5924855470657353 3.0241129398345952 1.0000000180025095e-35 1.5000000000000002 2.4823607206344609
decision_type=2 2 2 2 2 2 2 2 2 2 2 2 2 2
left_child=-1 -2 3 -3 6 -6 7 9 -9 12 11 -11 -4 -14
right_child=1 2 4 -5 5 -7 -8 8 -10 10 -12 -13 13 -15
leaf_value=0.0060093318851608228 -0.0057607506657119676 0.0013720377040187814 -0.0027253070847685881 0.011312847342398243 0.0097271828886387815 -0.00097841901147937421 5.6868817304276766e-05 -0.00057080217108806464 -0.0068025488452924752 0.0050926090328843451 0.011638512756940611 -0.004838750907860765 -0.0051988472682997257 0.012350003467449959
leaf_weight=660 1317 1970 5641 664 654 542 145615 2579 2666 858 829 981 869 771
leaf_count=660 1317 1970 5641 664 654 542 145615 2579 2666 858 829 981 869 771
internal_value=-1.94289e-11 -2.38989e-05 2.1992e-05 0.003878 -4.07018e-05 0.00487565 -7.72667e-05 -0.00136278 -0.00373836 -0.000110406 0.00347488 -0.000205196 -0.00142417 0.00305125
internal_weight=166616 165956 164639 2634 162005 1196 160809 15194 5245 9949 2668 1839 7281 1640
internal_count=166616 165956 164639 2634 162005 1196 160809 15194 5245 9949 2668 1839 7281 1640
is_linear=0
shrinkage=0.05


Tree=89
num_leaves=15
num_cat=0
split_feature=2 2 1 0 1 1 1 1 1 0 0 0 1 0
split_gain=9.23933 12.8552 12.7803 10.2982 27.9893 17.3813 10.3519 34.0593 32.8261 34.5435 21.1102 33.6745 19.162 26.0659
threshold=1.5000000000000002 1.0000000180025095e-35 35.062276840209968 5.2737994194030771 23.924122810363773 13.316296577453615 24.22816371917725 23.351881027221683 30.980435371398929 3.880069494247437 3.8390399217605595 2.7223693132400517 33.812385559082038 1.8307859897613528
decision_type=2 2 2 2 2 2 2 2 2 2 2 2 2 2
left_child=1 2 -1 6 5 -5 7 -2 9 -8 11 12 13 -10
right_child=3 -3 -4 4 -6 -7 8 -9 10 -11 -12 -13 -14 -15
leaf_value=0.00029238186046524271 0.00077413905056736244 -0.00082270312082354771 -0.0036995267551455735 0.0054346156317521543 0.01406304811988518 -0.0068457919264910743 -0.0019215708273411167 0.011533362729342904 0.0011936471580347721 -0.01389252585224139 0.0098934866436308101 -0.0071110172925798205 -0.0012626243833261048 0.013396128844354808
leaf_weight=80862 21193 49836 2056 680 530 500 4712 762 952 691 757 1010 1265 810
leaf_count=80862 21193 49836 2056 680 530 500 4712 762 952 691 757 1010 1265 810
internal_value=-4.10154e-11 -0.000188046 0.0001934 0.000737224 0.00451816 0.000231053 0.000536135 0.00114756 -0.000780322 -0.00345256 0.00223138 0.000794617 0.00343244 0.00680319
internal_weight=166616 132754 82918 33862 1710 1180 32152 21955 10197 5403 4794 4037 3027 1762
internal_count=166616 132754 82918 33862 1710 1180 32152 21955 10197 5403 4794 4037 3027 1762
is_linear=0
shrinkage=0.05


Tree=90
num_leaves=15
num_cat=0
split_feature=0 1 1 1 1 0 0 1 1 0 1 1 0 1
split_gain=9.11686 9.61654 8.71041 12.5874 19.9663 34.0782 19.1853 8.53051 8.68125 7.94068 7.82628 5.89642 5.9064 13.5561
threshold=1.1279785037040713 0.6692619025707246 35.858039855957038 35.498208999633796 34.944898605346687 3.4350713491439824 1.9062393307685854 34.602661132812507 32.660642623901374 7.2690448760986337 17.148838996887211 31.663324356079105 0.58572182059288036 2.9840962886810307
decision_type=2 2 2 2 2 2 2 2 2 2 2 2 2 2
left_child=1 -1 3 4 9 6 -6 8 11 -2 -11 12 -3 -14
right_child=2 7 -4 -5 5 -7 -8 -9 -10 10 -12 -13 13 -15
leaf_value=0.0058624826429203216 7.1649069721966215e-05 0.00069022421335262032 0.0067433014169335365 -0.0042079602262266955 0.008322926818614915 0.01388502375167959 -0.0035304105340967862 -0.0056169634519778579 0.003381304951022394 0.0076143503647220266 -0.0004965972923986514 -0.0055778340253460528 -0.0064025211501014395 -0.00094178433575720164
leaf_weight=518 135990 4575 500 1651 525 714 976 970 1162 693 521 697 1224 15900
leaf_count=518 135990 4575 500 1651 525 714 976 970 1162 693 521 697 1224 15900
internal_value=1.37137e-11 -0.000879328 0.000155567 0.000132218 0.000183614 0.0048929 0.000615494 -0.00102171 -0.000832497 0.000107589 0.00413346 -0.00105113 -0.000905723 -0.00133211
internal_weight=166616 25046 141570 141070 139419 2215 1501 24528 23558 137204 1214 22396 21699 17124
internal_count=166616 25046 141570 141070 139419 2215 1501 24528 23558 137204 1214 22396 21699 17124
is_linear=0
shrinkage=0.05


Tree=91
num_leaves=15
num_cat=0
split_feature=0 1 2 0 0 1 1 1 1 1 1 0 0 0
split_gain=8.66787 11.0532 10.583 13.1303 15.9369 15.3341 13.0889 14.0722 36.4096 18.6012 22.4746 18.5226 41.1311 22.8195
threshold=0.76394006609916698 31.53483867645264 1.5000000000000002 0.91449826955795299 0.99254509806633007 35.236125946044929 34.433378219604499 30.980435371398929 28.428899765014652 27.720938682556156 26.647733688354496 4.9054827690124521 5.2105743885040292 4.6272771358489999
decision_type=2 2 2 2 2 2 2 2 2 2 2 2 2 2
left_child=1 -1 -2 -4 -5 6 7 8 9 10 11 13 -13 -6
right_child=2 -3 3 4 5 -7 -8 -9 -10 -11 -12 12 -14 -15
leaf_value=-0.00081224233677862031 -0.00011413084832930307 -0.005942251281978111 0.0065302866820253396 -0.0063350841929043361 0.00097079317510207852 0.0077250713394807075 -0.0060383373442424388 0.0041557897756574281 -0.0064598885294154529 0.010524597200417212 -0.0068388181636423427 0.017982300244563935 0.0015042498579722363 -0.0090250390082863823
leaf_weight=9340 124409 1183 1006 779 19706 803 699 2951 1746 504 921 510 1471 588
leaf_count=9340 124409 1183 1006 779 19706 803 699 2951 1746 504 921 510 1471 588
internal_value=5.19117e-11 -0.00138896 9.36367e-05 0.000909448 0.000725128 0.000909077 0.000720967 0.00088735 0.000508305 0.00102166 0.000815179 0.00113165 0.00574645 0.000681173
internal_weight=166616 10523 156093 31684 30678 29899 29096 28397 25446 23700 23196 22275 1981 20294
internal_count=166616 10523 156093 31684 30678 29899 29096 28397 25446 23700 23196 22275 1981 20294
is_linear=0
shrinkage=0.05


Tree=92
num_leaves=15
num_cat=0
split_feature=1 1 1 0 1 1 1 0 2 0 2 1 1 0
split_gain=8.45376 16.0602 14.2087 17.6639 9.96553 14.5936 17.3817 28.7283 16.255 16.2088 15.0384 47.4673 36.102 12.1621
threshold=0.11678899824619295 0.4011408537626267 0.96909725666046154 2.9418302774429326 4.28786325454712 3.1100786924362187 2.5924855470657353 3.0241129398345952 1.0000000180025095e-35 2.1938685178756718 1.5000000000000002 1.8361614942550661 1.671456038951874 2.0265393257141118
decision_type=2 2 2 2 2 2 2 2 2 2 2 2 2 2
left_child=-1 -2 3 -3 5 6 10 8 -8 -7 12 -12 -4 -14
right_child=1 2 4 -5 -6 9 7 -9 -10 -11 11 -13 13 -15
leaf_value=0.0056475644039385249 -0.0055219484955615497 0.0012871990211220543 0.0018773825700097294 0.01071704544059663 8.8745602225596802e-05 -0.00053551732114696406 0.0048698211362311894 0.011054477764718209 -0.0045529001311728472 -0.0060696493067081449 -0.0046903360107191615 0.012452986134314633 -0.0026579187364678164 -0.0089146820715718025
leaf_weight=660 1317 1970 2498 664 146749 2579 858 829 981 2717 921 719 1384 1770
leaf_count=660 1317 1970 2498 664 146749 2579 858 829 981 2717 921 719 1384 1770
internal_value=2.77605e-11 -2.24601e-05 2.15321e-05 0.00366435 -3.76956e-05 -0.00125395 -0.000126293 0.00332686 -0.000156655 -0.00337469 -0.00138973 0.00282555 -0.00261285 -0.00616917
internal_weight=166616 165956 164639 2634 162005 15256 9960 2668 1839 5296 7292 1640 5652 3154
internal_count=166616 165956 164639 2634 162005 15256 9960 2668 1839 5296 7292 1640 5652 3154
is_linear=0
shrinkage=0.05


Tree=93
num_leaves=15
num_cat=0
split_feature=0 0 1 0 1 1 0 1 0 1 1 1 1 0
split_gain=8.45591 12.9357 27.5547 20.4165 29.5635 19.7368 16.6981 15.4803 14.8906 24.8147 18.5278 13.4394 12.3867 11.5745
threshold=2.0012447834014897 1.9300832748413088 24.22816371917725 1.8803244829177859 16.108174324035648 9.9472508430480975 1.840832591056824 12.326219081878664 1.7857054471969607 29.441926002502445 9.5227465629577654 28.886500358581547 24.717533111572269 2.0265393257141118
decision_type=2 2 2 2 2 2 2 2 2 2 2 2 2 2
left_child=1 3 7 6 5 -5 8 -3 -1 10 -10 -4 -6 -2
right_child=13 2 11 4 12 -7 -8 -9 9 -11 -12 -13 -14 -15
leaf_value=-0.00047259895200806609 0.0049618076776710299 -0.0038603072834807275 -0.015564683793609835 0.0041681388639054203 -0.007127309116986719 0.016981726720506293 -0.0049414174473910496 0.0037932369819096627 0.007041839131344001 0.011658262211705059 -0.0019887674031310453 -0.005130379896590047 0.0025925293070218295 0.00023865756605174053
leaf_weight=58002 1315 1409 502 689 505 533 1989 1244 824 659 1828 801 934 95382
leaf_count=58002 1315 1409 502 689 505 533 1989 1244 824 659 1828 801 934 95382
internal_value=2.05455e-12 -0.000418891 -0.00319598 -0.00025234 0.00403805 0.00975704 -0.000432693 -0.000271536 -0.00028643 0.00297487 0.000817122 -0.00915035 -0.000818533 0.000302889
internal_weight=166616 69919 3956 65963 2661 1222 63302 2653 61313 3311 2652 1303 1439 96697
internal_count=166616 69919 3956 65963 2661 1222 63302 2653 61313 3311 2652 1303 1439 96697
is_linear=0
shrinkage=0.05


Tree=94
num_leaves=15
num_cat=0
split_feature=0 0 1 1 1 0 0 0 2 1 2 0 0 1
split_gain=7.92961 19.9289 23.6317 27.3064 20.9795 19.2581 17.7173 16.8741 15.4 24.5793 14.1665 16.0601 13.0775 9.29597
threshold=2.4568327665328984 2.5649137496948247 20.124761581420902 23.509568214416507 29.441926002502445 2.4317075014114384 2.6424452066421513 2.4823607206344609 1.5000000000000002 21.557135581970218 1.0000000180025095e-35 2.5211784839630131 2.4455107450485234 27.872859001159672
decision_type=2 2 2 2 2 2 2 2 2 2 2 2 2 2
left_child=5 2 7 -4 -5 -1 8 -2 9 -3 -9 -12 -7 -11
right_child=1 6 3 4 -6 12 -8 10 -10 13 11 -13 -14 -15
leaf_value=-0.00022061750111534637 -0.0060633909294077583 -0.0055291507252115618 0.017424177938303139 -0.0009870206767932971 0.010145669434929179 -0.011286824172269413 0.00034049913203834772 -0.0017753624113817836 -0.010343035258237245 0.0091294247613233678 0.011919273615692482 0.00076280228914858326 -0.0013408108966967279 -0.00040317593726963102
leaf_weight=91632 741 1638 511 901 798 659 65083 1029 645 510 617 676 663 513
leaf_count=91632 741 1638 511 901 798 659 65083 1029 645 510 617 676 663 513
internal_value=-1.67372e-11 0.000387481 0.00334927 0.00728991 0.00424187 -0.000307062 0.000159117 0.000506048 -0.00341162 -0.00173152 0.0026025 0.0060865 -0.00629877 0.00434915
internal_weight=166616 73662 5273 2210 1699 92954 68389 3063 3306 2661 2322 1293 1322 1023
internal_count=166616 73662 5273 2210 1699 92954 68389 3063 3306 2661 2322 1293 1322 1023
is_linear=0
shrinkage=0.05


Tree=95
num_leaves=15
num_cat=0
split_feature=1 1 1 0 0 1 1 1 0 1 0 0 0 2
split_gain=7.67136 14.4142 12.8698 15.7754 9.4578 11.3089 8.88012 14.999 17.1038 15.3776 10.1513 17.3249 12.3387 19.8114
threshold=0.11678899824619295 0.4011408537626267 0.96909725666046154 2.9418302774429326 7.2690448760986337 17.148838996887211 4.28786325454712 3.1100786924362187 2.1938685178756718 2.9840962886810307 1.2418481707572939 1.4777359962463381 1.8307859897613528 1.5000000000000002
decision_type=2 2 2 2 2 2 2 2 2 2 2 2 2 2
left_child=-1 -2 3 -3 6 -6 7 9 -9 10 -4 -12 -13 -14
right_child=1 2 4 -5 5 -7 -8 8 -10 -11 11 12 13 -15
leaf_value=0.0053798781594995293 -0.0052314434595117539 0.0012407296681557994 -0.0040366875604518409 0.010152234966482362 0.0088199108965062636 -0.00094698070534728323 5.09876616750944e-05 -0.00047990276701040586 -0.0061911804772941757 0.0072250831550696787 0.0083778126800761517 -0.0054204288618527122 -0.0011942763206767406 0.0057244080885806509
leaf_weight=660 1317 1970 1751 664 654 542 145615 2579 2666 672 595 1081 4507 1343
leaf_count=660 1317 1970 1751 664 654 542 145615 2579 2666 672 595 1081 4507 1343
internal_value=4.65493e-11 -2.13955e-05 2.02813e-05 0.00348721 -3.60867e-05 0.00439378 -6.90333e-05 -0.00121928 -0.00338291 -7.86403e-05 -0.000607702 0.000190087 -0.000512799 0.000394064
internal_weight=166616 165956 164639 2634 162005 1196 160809 15194 5245 9949 9277 7526 6931 5850
internal_count=166616 165956 164639 2634 162005 1196 160809 15194 5245 9949 9277 7526 6931 5850
is_linear=0
shrinkage=0.05


Tree=96
num_leaves=15
num_cat=0
split_feature=0 1 2 0 0 1 1 1 1 1 1 1 0 1
split_gain=7.33674 10.0401 9.14391 12.1911 20.8824 15.2758 13.1685 11.5267 13.4084 31.3259 17.1528 17.4502 17.2054 29.5438
threshold=0.76394006609916698 31.53483867645264 1.5000000000000002 0.94482553005218517 1.0076549649238589 35.236125946044929 20.282283782958988 34.433378219604499 30.980435371398929 28.428899765014652 27.720938682556156 26.647733688354496 4.9729626178741464 16.638400077819828
decision_type=2 2 2 2 2 2 2 2 2 2 2 2 2 2
left_child=1 -1 -2 6 -5 7 -4 8 9 10 11 12 -6 -14
right_child=2 -3 3 4 5 -7 -8 -9 -10 -11 -12 -13 13 -15
leaf_value=-0.00072821345714736555 -0.00010697774976549671 -0.005617464316767953 0.0015794899532685096 -0.0083024974906575136 0.00056030114073119897 0.007670489408239816 0.011865568671404847 -0.0057023097160552498 0.0040022336792436492 -0.0060390677489995225 0.010034212273811656 -0.0060643819628970908 0.0012488935717226198 0.01454807122722571
leaf_weight=9340 124409 1183 803 639 20233 795 508 698 2933 1742 504 913 1301 615
leaf_count=9340 124409 1183 803 639 20233 795 508 698 2933 1742 504 913 1301 615
internal_value=3.84717e-11 -0.00127787 8.61472e-05 0.000844463 0.000640699 0.000832893 0.00556525 0.000645053 0.000801934 0.000431044 0.000909315 0.000709898 0.000989139 0.00551768
internal_weight=166616 10523 156093 31684 30373 29734 1311 28939 28241 25308 23566 23062 22149 1916
internal_count=166616 10523 156093 31684 30373 29734 1311 28939 28241 25308 23566 23062 22149 1916
is_linear=0
shrinkage=0.05


Tree=97
num_leaves=15
num_cat=0
split_feature=1 1 1 0 0 1 1 1 1 1 0 2 0 2
split_gain=6.93932 12.9807 11.6321 14.2155 8.31841 10.3811 8.00391 13.5353 15.8042 14.6642 25.5676 14.8744 13.3965 11.744
threshold=0.11678899824619295 0.4011408537626267 0.96909725666046154 2.9418302774429326 7.2690448760986337 17.148838996887211 4.28786325454712 3.1100786924362187 3.2494931221008305 2.5924855470657353 3.0241129398345952 1.0000000180025095e-35 2.2092199325561528 1.5000000000000002
decision_type=2 2 2 2 2 2 2 2 2 2 2 2 2 2
left_child=-1 -2 3 -3 6 -6 7 9 -9 13 11 -11 -10 -4
right_child=1 2 4 -5 5 -7 -8 8 12 10 -12 -13 -14 -15
leaf_value=0.0051167549825075903 -0.0049645406865120936 0.0011826898649436549 -0.0023185024353791282 0.0096421383830426963 0.0083607644191609348 -0.00099690596219083479 4.8659568842260415e-05 -0.010529364996130539 0.00053343284023345012 0.0046193263486965551 0.010387492638173434 -0.0043943678468435421 -0.0048644126393844241 0.002488484566565603
leaf_weight=660 1317 1970 5641 664 654 542 145615 647 2284 858 829 981 2314 1640
leaf_count=660 1317 1970 5641 664 654 542 145615 647 2284 858 829 981 2314 1640
internal_value=5.24855e-11 -2.03491e-05 1.92011e-05 0.00331522 -3.4388e-05 0.00412008 -6.52864e-05 -0.00115731 -0.00321266 -7.37581e-05 0.00309735 -0.000188958 -0.0021831 -0.00123576
internal_weight=166616 165956 164639 2634 162005 1196 160809 15194 5245 9949 2668 1839 4598 7281
internal_count=166616 165956 164639 2634 162005 1196 160809 15194 5245 9949 2668 1839 4598 7281
is_linear=0
shrinkage=0.05


Tree=98
num_leaves=15
num_cat=0
split_feature=0 0 1 0 1 1 0 1 0 1 1 1 1 0
split_gain=6.74907 11.7297 24.9593 18.3125 26.6492 17.7685 15.1307 13.8445 13.3099 22.3517 17.0831 12.1089 11.2164 10.6465
threshold=2.0012447834014897 1.9300832748413088 24.22816371917725 1.8803244829177859 16.108174324035648 9.9472508430480975 1.840832591056824 12.326219081878664 1.7857054471969607 29.441926002502445 7.0803611278533944 28.886500358581547 24.717533111572269 2.0265393257141118
decision_type=2 2 2 2 2 2 2 2 2 2 2 2 2 2
left_child=1 3 7 6 5 -5 8 -3 -1 10 -10 -4 -6 -2
right_child=13 2 11 4 12 -7 -8 -9 9 -11 -12 -13 -14 -15
leaf_value=-0.00042322598395997654 0.0047388421195938106 -0.0036292536530958992 -0.014774262942225336 0.0039745668162887776 -0.0067666815287700981 0.016132457862764522 -0.0046783499593404951 0.0036086424195486155 0.0079626442531501012 0.011077324448510926 -0.0014563824424501694 -0.0048699182643672546 0.0024826058818773235 0.00020899594907929911
leaf_weight=58002 1315 1409 502 689 505 533 1989 1244 632 659 2020 801 934 95382
leaf_count=58002 1315 1409 502 689 505 533 1989 1244 632 659 2020 801 934 95382
internal_value=-1.55912e-11 -0.000374233 -0.00301869 -0.000215637 0.00384767 0.00927748 -0.000386445 -0.000235382 -0.000247215 0.00283614 0.000788272 -0.00868571 -0.000763322 0.000270598
internal_weight=166616 69919 3956 65963 2661 1222 63302 2653 61313 3311 2652 1303 1439 96697
internal_count=166616 69919 3956 65963 2661 1222 63302 2653 61313 3311 2652 1303 1439 96697
is_linear=0
shrinkage=0.05


Tree=99
num_leaves=15
num_cat=0
split_feature=0 1 0 2 0 0 1 1 1 1 1 1 1 0
split_gain=6.37331 9.07977 8.41084 8.06479 11.1522 18.7031 13.8084 12.0966 10.4991 12.0589 28.2053 15.5934 15.645 15.4194
threshold=0.76394006609916698 31.53483867645264 0.58572182059288036 1.5000000000000002 0.94482553005218517 1.0076549649238589 35.236125946044929 11.569818973541262 34.433378219604499 30.980435371398929 28.428899765014652 27.720938682556156 26.647733688354496 4.9729626178741464
decision_type=2 2 2 2 2 2 2 2 2 2 2 2 2 2
left_child=1 2 -1 -2 7 -6 8 -5 9 10 11 12 13 -7
right_child=3 -3 -4 4 5 6 -8 -9 -10 -11 -12 -13 -14 -15
leaf_value=0.00083276760710950795 -0.00010107944926776742 -0.0053178630901511608 -0.002168096271534897 0.011297837894620487 -0.0078661139372368932 0.00052098189818993389 0.0072803496109005413 0.001456762871758681 -0.0054569668176565264 0.00378557703037598 -0.0057405337622072703 0.0095529096193670768 -0.005751769527229853 0.0052140105368771459
leaf_weight=4668 124409 1183 4672 513 639 20233 795 798 698 2933 1742 504 913 1916
leaf_count=4668 124409 1183 4672 513 639 20233 795 798 698 2933 1742 504 913 1916
internal_value=2.09961e-11 -0.00119101 -0.000668307 8.0292e-05 0.000792457 0.000597568 0.000779457 0.00530762 0.000600867 0.000750592 0.000398861 0.000852685 0.000662549 0.000926953
internal_weight=166616 10523 9340 156093 31684 30373 29734 1311 28939 28241 25308 23566 23062 22149
internal_count=166616 10523 9340 156093 31684 30373 29734 1311 28939 28241 25308 23566 23062 22149
is_linear=0
shrinkage=0.05


Tree=100
num_leaves=15
num_cat=0
split_feature=1 1 0 1 1 1 0 2 1 1 1 0 1 2
split_gain=6.2637 11.9219 7.02946 17.3234 22.7697 14.8969 27.7629 25.3341 16.8792 24.7067 27.5469 37.5875 18.2873 17.8454
threshold=0.11678899824619295 0.25816367566585546 2.0012447834014897 1.2709196209907534 0.6692619025707246 2.4243477582931523 2.494961261749268 1.5000000000000002 3.1100786924362187 4.28786325454712 4.6759095191955575 3.1148912906646733 4.9484026432037362 1.5000000000000002
decision_type=2 2 2 2 2 2 2 2 2 2 2 2 2 2
left_child=-1 -2 -3 4 -4 6 -5 -8 -7 13 11 -11 -12 -10
right_child=1 2 3 5 -6 8 7 -9 9 10 12 -13 -14 -15
leaf_value=0.0048612910847772254 -0.0067208737563257325 -0.00037579793301637351 -0.00097117651878140621 -0.011198364721731016 0.0085544439597815825 0.0050329513587191168 -0.0034934971804313104 0.0084508135661657824 -0.0025078257417318023 0.01569161231862037 -0.0070777089155372791 -0.0017425180545407358 0.00031509920152288925 -0.012722937768174503
leaf_weight=660 661 69404 1122 808 1423 1839 1740 596 2494 677 845 569 83262 516
leaf_count=660 661 69404 1122 808 1423 1839 1740 596 2494 677 845 569 83262 516
internal_value=4.99811e-11 -1.93331e-05 7.46577e-06 0.000284864 0.00435494 0.000173897 -0.00320938 -0.000446062 0.000291822 0.00019315 0.000350156 0.00773012 0.000240826 -0.00425899
internal_weight=166616 165956 165295 95891 2545 93346 3144 2336 90202 88363 85353 1246 84107 3010
internal_count=166616 165956 165295 95891 2545 93346 3144 2336 90202 88363 85353 1246 84107 3010
is_linear=0
shrinkage=0.05


Tree=101
num_leaves=15
num_cat=0
split_feature=1 1 0 0 1 0 0 0 0 1 1 0 1 1
split_gain=6.06025 15.7848 10.552 18.7246 10.0122 38.5442 12.1643 5.99076 18.7088 17.9895 16.0263 15.9846 15.8548 15.5061
threshold=35.858039855957038 35.498208999633796 1.5128298401832583 2.8407365083694462 34.944898605346687 3.4350713491439824 1.8307859897613528 1.8803244829177859 1.9300832748413088 16.108174324035648 9.9472508430480975 1.9654922485351565 22.600828170776371 12.155128479003908
decision_type=2 2 2 2 2 2 2 2 2 2 2 2 2 2
left_child=1 4 -3 -4 7 6 -6 -1 9 10 -9 12 13 -10
right_child=-2 2 3 -5 5 -7 -8 8 11 -11 -12 -13 -14 -15
leaf_value=-0.00040328975701221976 0.0049261549787170643 0.0016529089561987587 -0.012613747302195869 -0.0010197280428987877 0.0038554556062215654 0.012998570190319995 -0.0043586817739194907 0.003792436175448455 -0.0063340467918576214 0.0004431964048141428 0.015338883059113295 0.00020372632290759177 -0.010340797404097907 0.0049694697589015594
leaf_weight=61516 622 503 694 699 812 714 1013 689 635 1342 533 95554 709 581
leaf_count=61516 622 503 694 699 812 714 1013 689 635 1342 533 95554 709 581
internal_value=4.50027e-11 -1.84589e-05 -0.00455449 -0.00679593 3.39508e-05 0.00314938 -0.000703953 -1.501e-05 0.000223741 0.0044397 0.00882865 0.000112849 -0.00439817 -0.000933271
internal_weight=166616 165994 1896 1393 164098 2539 1825 161559 100043 2564 1222 97479 1925 1216
internal_count=166616 165994 1896 1393 164098 2539 1825 161559 100043 2564 1222 97479 1925 1216
is_linear=0
shrinkage=0.05


Tree=102
num_leaves=15
num_cat=0
split_feature=1 1 0 1 1 1 1 0 0 1 1 1 1 0
split_gain=5.6504 10.739 6.28159 7.77027 6.95613 11.5912 15.9943 26.7618 15.7689 6.89451 71.5374 29.6781 24.6664 32.6038
threshold=0.11678899824619295 0.25816367566585546 1.1279785037040713 35.062276840209968 35.858039855957038 35.498208999633796 34.944898605346687 3.4350713491439824 1.9062393307685854 27.872859001159672 29.011299133300785 27.720938682556156 30.226331710815433 1.5029856562614443
decision_type=2 2 2 2 2 2 2 2 2 2 2 2 2 2
left_child=-1 -2 3 -3 5 6 9 8 -8 11 -11 -4 13 -12
right_child=1 2 4 -5 -6 -7 7 -9 -10 10 12 -13 -14 -15
leaf_value=0.0046171697838739917 -0.0063787652520567138 -0.00058474244591915096 0.00021704450257504951 -0.0062712872062217111 0.006023728624731303 -0.0040490099123714641 0.0075770756687436784 0.012348641746831375 -0.0031691658118793162 -0.0064200673145797128 -0.0078368560025228028 0.011840243277180454 -0.0002749278619371001 0.0055246258381022846
leaf_weight=660 661 24233 107966 616 500 1651 525 714 976 4443 519 552 18805 3795
leaf_count=660 661 24233 107966 616 500 1651 525 714 976 4443 519 552 18805 3795
internal_value=1.19944e-10 -1.83622e-05 7.07252e-06 -0.00072571 0.000136723 0.00011569 0.000165409 0.00438004 0.000589513 9.6807e-05 -0.000609381 0.000276168 0.000507315 0.00391716
internal_weight=166616 165956 165295 24849 140446 139946 138295 2215 1501 136080 27562 108518 23119 4314
internal_count=166616 165956 165295 24849 140446 139946 138295 2215 1501 136080 27562 108518 23119 4314
is_linear=0
shrinkage=0.05


Tree=103
num_leaves=15
num_cat=0
split_feature=2 2 1 1 1 0 0 1 0 1 1 1 0 0
split_gain=5.51681 11.3753 12.0372 10.273 22.6434 9.53221 12.12 8.74855 14.5292 10.8588 8.697 10.7281 7.9948 24.987
threshold=1.5000000000000002 1.0000000180025095e-35 35.062276840209968 22.919562339782718 21.701152801513675 1.5259267091751101 2.4052219390869145 25.719968795776371 2.629001379013062 24.22816371917725 34.729074478149421 34.433378219604499 3.6685184240341191 3.6178206205368046
decision_type=2 2 2 2 2 2 2 2 2 2 2 2 2 2
left_child=1 2 10 4 -3 -4 -7 8 -5 -10 11 12 13 -1
right_child=-2 3 5 7 -6 6 -8 -9 9 -11 -12 -13 -14 -15
leaf_value=0.0001582272498341662 0.00056966948342298098 -0.00097074950760196038 0.0022492915987968446 -0.00042256280934254743 -0.0069511622515964627 -0.011516468221471258 -0.0022365914834096591 -0.00039308647368820374 0.001405807708555939 0.0090867317570176073 0.005078120021908372 -0.0062719014083594087 0.0013553728563881508 -0.010284547316986798
leaf_weight=63976 33862 29978 525 2316 1671 548 983 14021 859 991 945 625 14738 578
leaf_count=63976 33862 29978 525 2316 1671 548 983 14021 859 991 945 625 14738 578
internal_value=-1.27688e-10 -0.000145308 0.000213511 -0.000742317 -0.0012865 -0.00356455 -0.00555819 0.000204675 0.00221649 0.00552029 0.000309572 0.000253185 0.000304618 6.47253e-05
internal_weight=166616 132754 82918 49836 31649 2056 1531 18187 4166 1850 80862 79917 79292 64554
internal_count=166616 132754 82918 49836 31649 2056 1531 18187 4166 1850 80862 79917 79292 64554
is_linear=0
shrinkage=0.05


Tree=104
num_leaves=15
num_cat=0
split_feature=1 1 0 0 1 0 1 0 0 0 1 2 1 0
split_gain=5.24778 12.3642 9.23457 16.3659 8.85386 62.3443 35.5022 47.4488 32.1688 21.3396 15.3839 26.1472 15.6033 20.1107
threshold=35.858039855957038 35.498208999633796 1.5128298401832583 2.8407365083694462 32.520797729492195 5.5627741813659677 32.097225189208991 2.9113262891769414 4.8446490764617929 4.2545571327209482 33.812385559082038 1.5000000000000002 35.236125946044929 3.5083541870117192
decision_type=2 2 2 2 2 2 2 2 2 2 2 2 2 2
left_child=1 4 -3 -4 6 8 -1 -8 9 10 11 -6 13 -12
right_child=-2 2 3 -5 5 -7 7 -9 -10 -11 12 -13 -14 -15
leaf_value=4.5684553884886786e-06 0.0045840599786765709 0.0017752326091762566 -0.011567657056562496 -0.00072845305224217066 0.00078063201808377912 0.018513056334704309 -0.0011892244956530455 -0.017706540873067875 -0.011464623366815172 0.0091142814330747082 -0.0009755168023009575 0.0094566643553677856 0.004610015716197716 -0.010822264125271069
leaf_weight=148056 622 503 694 699 3977 503 1278 659 532 777 5548 1111 1085 572
leaf_count=148056 622 503 694 699 3977 503 1278 659 532 777 5548 1111 1085 572
internal_value=5.57286e-11 -1.7177e-05 -0.00403175 -0.0061286 2.92077e-05 0.00122687 -8.34176e-05 -0.00680869 0.000587628 0.0010782 0.000570267 0.0026751 -0.000916119 -0.00189583
internal_weight=166616 165994 1896 1393 164098 14105 149993 1937 13602 13070 12293 5088 7205 6120
internal_count=166616 165994 1896 1393 164098 14105 149993 1937 13602 13070 12293 5088 7205 6120
is_linear=0
shrinkage=0.05


Tree=105
num_leaves=15
num_cat=0
split_feature=1 1 1 0 2 1 1 1 0 0 0 1 1 0
split_gain=5.13355 9.96992 9.90208 12.4242 7.80847 7.01904 9.3735 12.8585 11.635 9.68989 19.9603 8.76355 21.7287 28.8266
threshold=0.11678899824619295 0.4011408537626267 0.96909725666046154 2.9418302774429326 1.0000000180025095e-35 4.28786325454712 3.1100786924362187 2.9840962886810307 2.1938685178756718 3.6429398059844975 4.5750768184661874 6.5611650943756112 6.2926983833312997 2.1585435867309575
decision_type=2 2 2 2 2 2 2 2 2 2 2 2 2 2
left_child=-1 4 3 -3 -2 6 7 -4 -8 -10 -11 12 -7 -14
right_child=1 2 5 -5 -6 11 8 -9 9 10 -12 -13 13 -15
leaf_value=0.0044009350985288621 -0.0079321550411137927 0.0010645625127602349 -0.00063251011559731089 0.0089730865223871838 -0.00021205344732771531 0.00060452488939472817 -0.00034719417477441868 0.0065297436488825564 -0.0074149422850190846 0.0055308692815496515 -0.0082245326985996379 -3.7573875582707142e-05 -0.00090020709685262692 0.013839735476196642
leaf_weight=660 706 1970 9288 664 611 9916 2579 672 1662 532 523 135486 591 756
leaf_count=660 706 1970 9288 664 611 9916 2579 672 1662 532 523 135486 591 756
internal_value=-7.4852e-12 -1.75023e-05 1.7159e-05 0.00305821 -0.00435054 -3.22846e-05 -0.00105302 -0.000149274 -0.00275265 -0.00503594 -0.00128816 7.38305e-05 0.00141395 0.00737254
internal_weight=166616 165956 164639 2634 1317 162005 15256 9960 5296 2717 1055 146749 11263 1347
internal_count=166616 165956 164639 2634 1317 162005 15256 9960 5296 2717 1055 146749 11263 1347
is_linear=0
shrinkage=0.05


Tree=106
num_leaves=15
num_cat=0
split_feature=0 1 0 1 1 2 1 1 2 0 0 1 1 1
split_gain=5.0163 8.28818 7.57494 7.31659 15.1893 7.55384 9.99597 6.51027 6.44671 10.5044 12.263 11.7181 17.5098 26.3068
threshold=0.76394006609916698 31.53483867645264 0.58572182059288036 5.5677895545959482 12.582199573516847 1.0000000180025095e-35 21.416264533996586 19.274257659912113 1.5000000000000002 0.91449826955795299 0.99254509806633007 1.3895995616912844 2.5924855470657353 4.1772935390472421
decision_type=2 2 2 2 2 2 2 2 2 2 2 2 2 2
left_child=1 2 3 -1 -5 6 -6 -7 -2 -10 -11 -12 -13 -14
right_child=8 -3 -4 4 5 7 -8 -9 9 10 11 12 13 -15
leaf_value=0.0048790373853703295 -9.0926180405073397e-05 -0.0049994902233400293 -0.0019805481902974314 -0.0051368212058293082 -0.00027711551962340472 0.0038413464665412902 0.008498054457818224 -0.0033242280743413927 0.0057354336067530556 -0.0056500946163213 -0.0042672304720148086 0.0072237389564726029 -0.0066055711053293071 0.00098747846454066979
leaf_weight=914 124409 1183 4672 1073 583 500 732 866 1006 779 1140 1055 1192 26512
leaf_count=914 124409 1183 4672 1073 583 500 732 866 1006 779 1140 1055 1192 26512
internal_value=-2.08406e-12 -0.00105664 -0.000557236 0.000867297 -0.000109457 0.00190261 0.00460762 -0.000701397 7.1233e-05 0.00070796 0.000543098 0.000704458 0.000901535 0.000660778
internal_weight=166616 10523 9340 4668 3754 2681 1315 1366 156093 31684 30678 29899 28759 27704
internal_count=166616 10523 9340 4668 3754 2681 1315 1366 156093 31684 30678 29899 28759 27704
is_linear=0
shrinkage=0.05


Tree=107
num_leaves=15
num_cat=0
split_feature=1 1 0 0 1 0 1 0 0 0 1 0 1 1
split_gain=4.78647 11.1109 8.45996 14.755 8.12985 56.1692 31.8943 42.9666 29.1251 19.2155 14.1777 14.7123 12.8182 20.6632
threshold=35.858039855957038 35.498208999633796 1.5128298401832583 2.8407365083694462 32.520797729492195 5.5627741813659677 32.097225189208991 2.9113262891769414 4.8446490764617929 4.2545571327209482 32.660642623901374 3.7782702445983891 33.812385559082038 33.683492660522468
decision_type=2 2 2 2 2 2 2 2 2 2 2 2 2 2
left_child=1 4 -3 -4 6 8 -1 -8 9 10 -6 12 13 -12
right_child=-2 2 3 -5 5 -7 7 -9 -10 -11 11 -13 -14 -15
leaf_value=3.0396070090072226e-06 0.0043779467816473586 0.0017360207189622504 -0.010993493322594366 -0.00070157272295522718 0.0083844292274527794 0.017583001599041654 -0.0011072866693692914 -0.016825097723269049 -0.010899459706099452 0.0086608980025405704 0.0014615496584602092 -0.0065521934829003581 -0.00070679669361367917 0.011880851202753576
leaf_weight=148056 622 503 694 699 552 503 1278 659 532 777 3703 758 6734 546
leaf_count=148056 622 503 694 699 552 503 1278 659 532 777 3703 758 6734 546
internal_value=-6.37263e-11 -1.64048e-05 -0.00382208 -0.00582906 2.75663e-05 0.00117521 -8.03559e-05 -0.00645475 0.000568456 0.00103525 0.000553253 0.000185072 0.00065005 0.00280044
internal_weight=166616 165994 1896 1393 164098 14105 149993 1937 13602 13070 12293 11741 10983 4249
internal_count=166616 165994 1896 1393 164098 14105 149993 1937 13602 13070 12293 11741 10983 4249
is_linear=0
shrinkage=0.05


Tree=108
num_leaves=15
num_cat=0
split_feature=1 1 0 1 0 1 1 1 1 0 0 1 1 1
split_gain=4.69018 8.90604 5.39786 7.43083 5.97141 12.8956 5.55921 7.67738 14.1049 23.375 14.1782 6.28889 64.4707 26.7767
threshold=0.11678899824619295 0.25816367566585546 1.1279785037040713 35.062276840209968 0.34555438160896307 20.547692298889164 35.858039855957038 35.498208999633796 34.944898605346687 3.4350713491439824 1.9062393307685854 27.872859001159672 29.011299133300785 27.720938682556156
decision_type=2 2 2 2 2 2 2 2 2 2 2 2 2 2
left_child=-1 -2 3 4 5 -3 7 8 11 10 -10 13 -13 -4
right_child=1 2 6 -5 -6 -7 -8 -9 9 -11 -12 12 -14 -15
leaf_value=0.0042065956816077239 -0.0058089492067627041 -0.001270073256184978 0.0001989991933712275 -0.0060959487101184089 -0.00072049751064911485 0.0089859823944300598 0.0053894223250448708 -0.0032816099300094939 0.007189345391023727 0.01155348006865474 -0.0030004735602844569 -0.0061068301663795652 0.0004695032961386677 0.011239437273015148
leaf_weight=660 661 775 107966 616 22951 507 500 1651 525 714 976 4443 23119 552
leaf_count=660 661 775 107966 616 22951 507 500 1651 525 714 976 4443 23119 552
internal_value=-6.88669e-13 -1.67295e-05 6.43312e-06 -0.00067285 -0.000534996 0.00278595 0.000126618 0.000107815 0.000148279 0.00410615 0.000563587 8.38559e-05 -0.000590603 0.000255159
internal_weight=166616 165956 165295 24849 24233 1282 140446 139946 138295 2215 1501 136080 27562 108518
internal_count=166616 165956 165295 24849 24233 1282 140446 139946 138295 2215 1501 136080 27562 108518
is_linear=0
shrinkage=0.05


Tree=109
num_leaves=15
num_cat=0
split_feature=0 2 0 0 0 0 0 0 0 2 0 1 1 2
split_gain=4.50464 11.1784 9.9779 7.01404 8.18817 5.93189 22.0219 10.7338 15.6383 14.5974 14.1343 13.4741 21.983 12.8512
threshold=6.8048992156982431 1.0000000180025095e-35 6.5171666145324716 6.3156888484954843 6.1032638549804696 4.9729626178741464 5.0333361625671396 4.5304203033447275 4.6272771358489999 1.5000000000000002 4.437899351119996 8.0925207138061541 15.475969791412355 1.0000000180025095e-35
decision_type=2 2 2 2 2 2 2 2 2 2 2 2 2 2
left_child=2 -2 3 4 5 7 -7 10 -9 11 -1 -10 -13 -12
right_child=1 -3 -4 -5 -6 6 -8 8 9 -11 13 12 -14 -15
leaf_value=-3.4512073736273324e-05 -0.0012720338719007808 0.0064700990828766543 -0.0063383212513051547 0.0052745494173105922 -0.0057222673441817288 0.010274840797937029 0.00053570665205634419 -0.0070773585312530517 0.0067585500189099451 -0.0064161573509931907 0.010267086913312864 -0.0091195744636838362 0.0020274432108414709 0.0002740242080806033
leaf_weight=149367 972 896 624 627 628 638 6433 1290 747 870 638 607 1630 649
leaf_count=149367 972 896 624 627 628 638 6433 1290 747 870 638 607 1630 649
internal_value=2.2506e-11 0.00244154 -2.76834e-05 -3.69035e-06 -2.3932e-05 -1.96007e-06 0.00141445 -6.62446e-05 -0.00231222 -0.000717247 1.0443e-05 0.000944299 -0.00099725 0.00522785
internal_weight=166616 1868 164748 164124 163497 162869 7071 155798 5144 3854 150654 2984 2237 1287
internal_count=166616 1868 164748 164124 163497 162869 7071 155798 5144 3854 150654 2984 2237 1287
is_linear=0
shrinkage=0.05


Tree=110
num_leaves=15
num_cat=0
split_feature=2 2 1 1 1 0 0 1 1 1 0 0 0 1
split_gain=4.4345 10.1684 10.6048 9.77251 20.3942 8.37791 9.76248 8.05814 52.1175 40.6199 24.0533 20.525 39.0442 21.5619
threshold=1.5000000000000002 1.0000000180025095e-35 35.062276840209968 22.919562339782718 21.701152801513675 1.5259267091751101 2.4052219390869145 14.457938194274904 12.326219081878664 11.569818973541262 1.5128298401832583 3.7441027164459233 4.8446490764617929 5.3343372344970712
decision_type=2 2 2 2 2 2 2 2 2 2 2 2 2 2
left_child=1 2 -1 4 -3 -4 -7 8 9 11 -10 13 -13 -2
right_child=7 3 5 -5 -6 6 -8 -9 10 -11 -12 12 -14 -15
leaf_value=0.00029913855603522232 -0.00084594879196365873 -0.00092583105347871213 0.0021132917659623281 0.00022890883014847356 -0.0066014623999559978 -0.010553697485775844 -0.0022251217229062518 -0.00014916326377197356 -0.00056570916258829489 -0.011682892991027431 0.011278860747528117 -0.012021318226828275 0.0030260017257028181 0.00390665947061464
leaf_weight=80862 4429 29978 525 18187 1671 548 983 19551 571 690 1719 830 897 5175
leaf_count=80862 4429 29978 525 18187 1671 548 983 19551 571 690 1719 830 897 5175
internal_value=-2.0036e-11 -0.000130277 0.000208974 -0.000694728 -0.00122549 -0.00333718 -0.00520622 0.000510742 0.00141227 9.53073e-05 0.00832548 0.000812539 -0.00420577 0.00171494
internal_weight=166616 132754 82918 49836 31649 2056 1531 33862 14311 12021 2290 11331 1727 9604
internal_count=166616 132754 82918 49836 31649 2056 1531 33862 14311 12021 2290 11331 1727 9604
is_linear=0
shrinkage=0.05


Tree=111
num_leaves=15
num_cat=0
split_feature=0 1 0 1 1 2 0 0 1 1 1 1 1 1
split_gain=4.36102 7.57 6.62747 6.79189 13.5252 5.47629 10.0869 15.5701 13.0401 12.6683 9.61026 15.0801 24.915 15.6028
threshold=0.76394006609916698 31.53483867645264 0.58572182059288036 5.5677895545959482 11.441238403320314 1.5000000000000002 0.94482553005218517 1.0076549649238589 35.236125946044929 20.282283782958988 33.812385559082038 30.980435371398929 28.428899765014652 27.720938682556156
decision_type=2 2 2 2 2 2 2 2 2 2 2 2 2 2
left_child=1 2 3 -1 -5 -2 9 -8 10 -7 11 12 13 -9
right_child=5 -3 -4 4 -6 6 7 8 -10 -11 -12 -13 -14 -15
leaf_value=0.0046897504307508997 -8.3038977836937344e-05 -0.0047533666480423934 -0.0018392601162067629 -0.0053613406085041126 0.0016008094996424679 0.0010380435554057843 -0.0072544170680553513 0.00051386332073628609 0.0069513268366971489 0.01112687163436272 -0.0040660408646952502 0.0043451546551298813 -0.0054926671122292213 0.0094069129313408811
leaf_weight=914 124409 1183 4672 926 2828 803 639 23062 795 508 1127 2504 1742 504
leaf_count=914 124409 1183 4672 926 2828 803 639 23062 795 508 1127 2504 1742 504
internal_value=7.65865e-11 -0.000985207 -0.000507934 0.000824533 -0.000116546 6.64178e-05 0.000653268 0.00046792 0.000633878 0.00494737 0.000460327 0.000643745 0.000277524 0.000704057
internal_weight=166616 10523 9340 4668 3754 156093 31684 30373 29734 1311 28939 27812 25308 23566
internal_count=166616 10523 9340 4668 3754 156093 31684 30373 29734 1311 28939 27812 25308 23566
is_linear=0
shrinkage=0.05


Tree=112
num_leaves=15
num_cat=0
split_feature=1 1 1 0 2 0 1 1 1 1 1 0 2 0
split_gain=4.21402 8.18632 9.17045 11.1058 7.12751 6.44333 9.74121 6.14093 9.68801 14.0086 12.2441 22.122 12.7647 11.7354
threshold=0.11678899824619295 0.4011408537626267 0.96909725666046154 2.9418302774429326 1.0000000180025095e-35 7.2690448760986337 17.148838996887211 4.28786325454712 3.1100786924362187 3.2494931221008305 2.5924855470657353 3.0241129398345952 1.0000000180025095e-35 3.7782702445983891
decision_type=2 2 2 2 2 2 2 2 2 2 2 2 2 2
left_child=-1 4 3 -3 -2 7 -7 8 10 -10 13 12 -12 -4
right_child=1 2 5 -5 -6 6 -8 -9 9 -11 11 -13 -14 -15
leaf_value=0.0039873521244435601 -0.0073641036238742954 0.0010571991935960929 -0.00031265602891234509 0.0085343353840219502 1.168974024379312e-05 0.0077322583407411398 -0.0013324432411811889 4.0582834159233297e-05 -0.0096431584398289569 -0.001785321912801978 0.0041960003266940304 0.0095797552166852675 -0.004154025268846331 -0.0059115670754380885
leaf_weight=660 706 1970 6178 664 611 654 542 145615 647 4598 858 829 981 1103
leaf_count=660 706 1970 6178 664 611 654 542 145615 647 4598 858 829 981 1103
internal_value=3.82034e-11 -1.58575e-05 1.55508e-05 0.0029421 -0.00394223 -3.20312e-05 0.00362434 -5.92251e-05 -0.00101576 -0.00275463 -9.90412e-05 0.00279861 -0.000258255 -0.00116084
internal_weight=166616 165956 164639 2634 1317 162005 1196 160809 15194 5245 9949 2668 1839 7281
internal_count=166616 165956 164639 2634 1317 162005 1196 160809 15194 5245 9949 2668 1839 7281
is_linear=0
shrinkage=0.05


Tree=113
num_leaves=15
num_cat=0
split_feature=1 1 0 0 1 0 0 2 0 0 0 1 2 0
split_gain=4.20002 9.00913 7.61584 12.7698 7.23601 27.2462 9.23039 4.53281 14.3822 13.4197 12.4202 11.6547 10.806 17.5851
threshold=35.858039855957038 35.498208999633796 1.5128298401832583 2.8407365083694462 34.944898605346687 3.4350713491439824 1.8307859897613528 1.0000000180025095e-35 6.8048992156982431 5.909513235092164 5.6820471286773691 34.729074478149421 1.5000000000000002 5.3516390323638925
decision_type=2 2 2 2 2 2 2 2 2 2 2 2 2 2
left_child=1 4 -3 -4 7 6 -6 -1 9 10 11 12 13 -9
right_child=-2 2 3 -5 5 -7 -8 8 -10 -11 -12 -13 -14 -15
leaf_value=0.00024842773174378656 0.0041009865467619283 0.0018312898414509435 -0.010150921063481561 -0.00057636785776606189 0.003404696406842453 0.010953573837709361 -0.0037506167185727256 -0.00064875960180594161 0.0060398158519476483 -0.0057886199438087213 0.0064191442237844292 -0.0068797437219883283 0.00044032755194919307 -0.009180808770987722
leaf_weight=80481 622 503 694 699 812 714 1013 45730 890 1119 687 674 31366 612
leaf_count=80481 622 503 694 699 812 714 1013 45730 890 1119 687 674 31366 612
internal_value=-4.52719e-11 -1.53669e-05 -0.00344224 -0.00534646 2.42274e-05 0.00267274 -0.000566992 -1.73957e-05 -0.000281262 -0.000351419 -0.000274471 -0.000333139 -0.000276357 -0.000761435
internal_weight=166616 165994 1896 1393 164098 2539 1825 161559 81078 80188 79069 78382 77708 46342
internal_count=166616 165994 1896 1393 164098 2539 1825 161559 81078 80188 79069 78382 77708 46342
is_linear=0
shrinkage=0.05


Tree=114
num_leaves=15
num_cat=0
split_feature=0 0 1 2 1 1 0 1 1 1 1 1 1 0
split_gain=3.96525 6.31538 10.1524 6.92493 6.19277 11.0489 8.14507 8.83474 5.6635 8.15122 5.40273 6.72771 6.60404 24.1735
threshold=0.86235636472702037 0.34555438160896307 20.547692298889164 1.0000000180025095e-35 32.097225189208991 26.322703361511234 0.80271449685096752 6.4458811283111581 20.124761581420902 14.146576404571535 35.858039855957038 35.498208999633796 34.944898605346687 3.4350713491439824
decision_type=2 2 2 2 2 2 2 2 2 2 2 2 2 2
left_child=1 2 -1 4 5 6 7 -3 9 -9 11 12 -2 -14
right_child=10 3 -4 -5 -6 -7 -8 8 -10 -11 -12 -13 13 -15
leaf_value=-0.0011204568802246028 4.8943165345416146e-05 0.0044782394759523897 0.0078485781298668102 -0.0023275409513026481 -0.0049997548636142499 0.0052357184027081276 -0.0054840774238109589 0.00015509351063839759 0.0021182750875476924 -0.0063602305392448585 0.0049710977278025611 -0.003019006111507684 -0.00055723239618408332 0.010405894972029187
leaf_weight=784 148065 982 528 6287 558 1019 700 1164 978 817 561 1759 1700 714
leaf_count=784 148065 982 528 6287 558 1019 700 1164 978 817 561 1759 1700 714
internal_value=1.93547e-11 -0.000811148 0.00248903 -0.0011574 2.57324e-05 0.000521178 -0.000513969 0.000368821 -0.000994967 -0.00253194 7.33489e-05 5.53006e-05 9.12372e-05 0.00268538
internal_weight=166616 13817 1312 12505 6218 5660 4641 3941 2959 1981 152799 152238 150479 2414
internal_count=166616 13817 1312 12505 6218 5660 4641 3941 2959 1981 152799 152238 150479 2414
is_linear=0
shrinkage=0.05


Tree=115
num_leaves=15
num_cat=0
split_feature=1 1 1 0 0 1 1 0 0 0 0 0 0 2
split_gain=3.84802 7.41952 8.25586 10.0249 7.03354 5.61449 7.91099 30.3986 23.3028 19.2098 21.1494 34.0976 9.31061 8.50059
threshold=0.11678899824619295 0.4011408537626267 0.96909725666046154 2.9418302774429326 2.8407365083694462 4.28786325454712 3.8322005271911626 5.2737994194030771 4.5750768184661874 3.6685184240341191 3.1148912906646733 2.9783781766891484 2.7223693132400517 1.0000000180025095e-35
decision_type=2 2 2 2 2 2 2 2 2 2 2 2 2 2
left_child=-1 4 3 -3 -2 6 7 8 9 10 11 12 -4 -11
right_child=1 2 5 -5 -6 -7 -8 -9 -10 13 -12 -13 -14 -15
leaf_value=0.0038102630847557024 -0.00089000645915375044 0.0010006999824997418 -0.000627854138572209 0.0081046664318720624 -0.0084163815496924397 6.4506890215437927e-05 -0.0038720554267314342 0.010964216049376032 -0.011471841049873654 0.0015897862892282227 -0.007354322996084542 0.012263374613549658 -0.0061555940666744996 0.0099485050970772385
leaf_weight=660 816 1970 8374 664 501 146749 2003 554 510 673 1248 501 838 555
leaf_count=660 816 1970 8374 664 501 146749 2003 554 510 673 1248 501 838 555
internal_value=-3.74929e-11 -1.51533e-05 1.47479e-05 0.00279153 -0.00375311 -3.03991e-05 -0.000943309 -0.000500672 -0.00100083 -0.000562715 -0.0012271 -0.000439832 -0.0011307 0.00536755
internal_weight=166616 165956 164639 2634 1317 162005 15256 13253 12699 12189 10961 9713 9212 1228
internal_count=166616 165956 164639 2634 1317 162005 15256 13253 12699 12189 10961 9713 9212 1228
is_linear=0
shrinkage=0.05


Tree=116
num_leaves=15
num_cat=0
split_feature=0 1 1 1 1 1 1 0 0 0 2 2 2 0
split_gain=3.75004 6.6758 5.92832 6.5261 16.2499 14.0248 14.0741 8.35927 8.08528 7.30468 5.52509 4.67509 4.61587 9.371
threshold=0.76394006609916698 31.53483867645264 27.720938682556156 5.6819291114807138 11.441238403320314 13.74965810775757 15.634005069732668 0.51723632216453563 0.68112841248512279 0.63615626096725475 1.0000000180025095e-35 1.0000000180025095e-35 1.5000000000000002 0.94482553005218517
decision_type=2 2 2 2 2 2 2 2 2 2 2 2 2 2
left_child=1 2 3 9 -5 -6 -7 11 10 -1 -9 -8 -2 -14
right_child=12 -3 -4 4 5 6 7 8 -10 -11 -12 -13 13 -15
leaf_value=0.004057684250334476 -7.562451534195259e-05 -0.0044522035152148318 0.0030760352189934063 -0.005796310184076385 0.0063432155549526222 -0.0090755938335134109 0.0060728666130278183 -0.0010945163641241785 0.0012833989699604217 -0.0028279676617336109 -0.0077628628255873708 0.00011830993674018166 0.0047392734685169661 0.00042171989380646247
leaf_weight=1175 124409 1183 1049 1729 710 506 638 574 1027 573 677 682 1311 30373
leaf_count=1175 124409 1183 1049 1729 710 506 638 574 1027 573 677 682 1311 30373
internal_value=1.18896e-11 -0.000913591 -0.000465392 -0.000913463 -0.00163853 -0.000145212 -0.00126772 -0.000169673 -0.00200424 0.00180055 -0.00470321 0.00299635 6.15897e-05 0.000600369
internal_weight=166616 10523 9340 8291 6543 4814 4104 3598 2278 1748 1251 1320 156093 31684
internal_count=166616 10523 9340 8291 6543 4814 4104 3598 2278 1748 1251 1320 156093 31684
is_linear=0
shrinkage=0.05


Tree=117
num_leaves=15
num_cat=0
split_feature=0 0 1 1 1 0 0 0 2 1 1 1 0 2
split_gain=3.57134 19.2615 21.3249 24.8431 18.6284 17.5059 14.9777 14.897 14.8808 23.184 13.2873 31.8339 30.9002 12.1853
threshold=2.4568327665328984 2.5649137496948247 20.124761581420902 23.509568214416507 29.441926002502445 2.4317075014114384 2.6424452066421513 2.4823607206344609 1.5000000000000002 21.557135581970218 10.401924610137941 15.979670047760012 2.5211784839630131 1.0000000180025095e-35
decision_type=2 2 2 2 2 2 2 2 2 2 2 2 2 2
left_child=5 2 7 -4 -5 -1 8 -2 9 -3 12 -12 -9 -7
right_child=1 6 3 4 -6 13 -8 10 -10 -11 11 -13 -14 -15
leaf_value=-0.00012365269192850462 -0.005701667862704248 -0.0052842721042833923 0.01658152519286029 -0.00091933198769336005 0.009571031829981801 -0.010389026448046422 0.00020230296581346958 0.0058589437353757925 -0.010061121127575406 0.0043095508293555509 0.014560774204610015 -0.0025882178877509434 -0.010079958074622685 -0.00076397568539561588
leaf_weight=91632 741 1638 511 901 798 708 65083 696 645 1023 574 512 540 614
leaf_count=91632 741 1638 511 901 798 708 65083 696 645 1023 574 512 540 614
internal_value=-5.15757e-11 0.00026004 0.00317181 0.00691517 0.00400787 -0.00020607 3.55334e-05 0.00047092 -0.00324755 -0.001596 0.00244073 0.0064758 -0.00110465 -0.00591869
internal_weight=166616 73662 5273 2210 1699 92954 68389 3063 3306 2661 2322 1086 1236 1322
internal_count=166616 73662 5273 2210 1699 92954 68389 3063 3306 2661 2322 1086 1236 1322
is_linear=0
shrinkage=0.05


Tree=118
num_leaves=15
num_cat=0
split_feature=1 1 1 0 0 0 1 1 2 1 2 0 0 0
split_gain=3.47415 6.81285 4.37201 12.2698 21.3741 18.6951 16.2083 14.6122 13.3428 7.65285 37.821 30.3924 13.8974 17.8362
threshold=0.11678899824619295 0.25816367566585546 1.3895995616912844 1.9764825701713564 2.3352900743484502 1.4777359962463381 0.6692619025707246 0.96909725666046154 1.0000000180025095e-35 2.5924855470657353 1.5000000000000002 2.4823607206344609 1.9886605739593508 1.2564005851745608
decision_type=2 2 2 2 2 2 2 2 2 2 2 2 2 2
left_child=-1 -2 3 5 -5 8 -6 -8 -3 10 12 -12 13 -4
right_child=1 2 9 4 6 -7 7 -9 -10 -11 11 -13 -14 -15
leaf_value=0.0036204345473511653 -0.0050804187012512278 0.0079449534315344846 -0.0062661159657625767 0.012087338135178788 -0.003804772766256655 -0.0069910919160715169 0.011099186563313332 0.00099928694051614852 -0.0022182793366942516 2.3160947865833778e-05 -0.001542960115513959 0.014439731042525035 -0.0067468862199001559 0.0037369327795320228
leaf_weight=660 661 591 828 582 925 896 551 1023 712 154713 637 558 2314 965
leaf_count=660 661 591 828 582 925 896 551 1023 712 154713 637 558 2314 965
internal_value=4.8319e-11 -1.43983e-05 5.8603e-06 0.00142147 0.00345775 -0.00143154 0.00144798 0.00453489 0.00239144 -4.08505e-05 -0.00190871 0.00592009 -0.00418663 -0.000882434
internal_weight=166616 165956 165295 5280 3081 2199 2499 1574 1303 160015 5302 1195 4107 1793
internal_count=166616 165956 165295 5280 3081 2199 2499 1574 1303 160015 5302 1195 4107 1793
is_linear=0
shrinkage=0.05


Tree=119
num_leaves=15
num_cat=0
split_feature=1 1 1 0 0 0 0 1 0 1 1 1 1 0
split_gain=3.40236 7.75996 13.6016 5.94268 19.4342 4.38708 16.1152 16.7265 15.1161 15.4083 14.6255 14.0344 13.6467 12.7503
threshold=35.858039855957038 35.350776672363288 35.236125946044929 1.5128298401832583 2.3066990375518803 1.8803244829177859 1.9300832748413088 16.108174324035648 1.9654922485351565 22.600828170776371 24.717533111572269 9.9472508430480975 12.155128479003908 1.840832591056824
decision_type=2 2 2 2 2 2 2 2 2 2 2 2 2 2
left_child=1 2 5 -3 -5 13 7 11 9 12 -9 -7 -8 -1
right_child=-2 3 -4 4 -6 6 8 10 -10 -11 -12 -13 -14 -15
leaf_value=-0.00020065060097207888 0.0036910766526050509 0.0015412661951946704 0.0073437984953347545 -0.011801886305445403 -0.00083008925031734693 0.0036356925337165807 -0.0058888654586837057 -0.0064579055568959459 0.00018932766666605007 -0.010023567752792222 0.0042901684846377601 0.014440789429809878 0.0047152635412172073 -0.0042787223296108269
leaf_weight=59944 622 609 633 577 1343 689 635 505 96390 727 848 533 581 1980
leaf_count=59944 622 609 633 577 1343 689 635 505 96390 727 848 533 581 1980
internal_value=-6.47295e-11 -1.3831e-05 2.86912e-05 -0.0027623 -0.00412734 2.54141e-07 0.000203562 0.00410825 0.000101312 -0.00426505 0.000278507 0.00834855 -0.000822254 -0.000331046
internal_weight=166616 165994 163465 2529 1920 162832 100908 2575 98333 1943 1353 1222 1216 61924
internal_count=166616 165994 163465 2529 1920 162832 100908 2575 98333 1943 1353 1222 1216 61924
is_linear=0
shrinkage=0.05


Tree=120
num_leaves=15
num_cat=0
split_feature=1 0 0 1 0 1 1 1 1 1 1 0 1 0
split_gain=3.29527 46.9335 30.0158 29.1649 39.264 10.106 7.87105 29.4464 11.0532 35.4306 26.2239 21.2479 33.6017 19.2608
threshold=32.520797729492195 5.6820471286773691 4.8446490764617929 32.097225189208991 2.9113262891769414 32.660642623901374 31.391610145568851 31.53483867645264 27.872859001159672 29.011299133300785 27.472515106201175 1.4885082840919497 30.226331710815433 1.1112225055694582
decision_type=2 2 2 2 2 2 2 2 2 2 2 2 2 2
left_child=3 2 5 6 -5 -2 8 -8 10 13 -1 -11 -13 -10
right_child=1 -3 -4 4 -6 -7 7 -9 9 11 -12 12 -14 -15
leaf_value=1.4637072072260483e-05 0.0069581050692747032 0.014315009185096136 -0.010348318600855985 -0.0010577005902975682 -0.016083033454261032 0.00033845108467541423 0.011912466042625313 4.2716749812910094e-05 0.0027543320534701016 -0.0033442613808238896 0.0058323043023568001 0.0050332161380981962 -0.001603690016675631 -0.0059153644934357725
leaf_weight=127207 600 607 653 1278 659 14763 655 2583 748 2804 1967 3850 3779 4463
leaf_count=127207 600 607 653 1278 659 14763 655 2583 748 2804 1967 3850 3779 4463
internal_value=-2.9805e-11 0.000667941 0.000150722 -7.40247e-05 -0.00616957 0.000596981 5.7227e-06 0.00244379 -4.87904e-05 -0.001304 0.000103226 0.00037767 0.00174565 -0.00467089
internal_weight=166616 16623 16016 149993 1937 15363 148056 3238 144818 15644 129174 10433 7629 5211
internal_count=166616 16623 16016 149993 1937 15363 148056 3238 144818 15644 129174 10433 7629 5211
is_linear=0
shrinkage=0.05


Tree=121
num_leaves=15
num_cat=0
split_feature=0 1 0 1 0 0 1 1 2 1 0 1 1 1
split_gain=3.25731 6.18376 5.67608 7.23811 5.43033 7.20802 7.14854 9.24343 4.90441 10.8908 10.0733 5.1363 4.05504 6.20375
threshold=0.76394006609916698 31.53483867645264 0.70222103595733654 14.758401870727541 0.68112841248512279 0.63615626096725475 5.5677895545959482 8.4310340881347674 1.0000000180025095e-35 21.416264533996586 0.48000827431678778 18.821444511413578 35.858039855957038 35.498208999633796
decision_type=2 2 2 2 2 2 2 2 2 2 2 2 2 2
left_child=1 2 4 -4 5 6 -1 -8 9 10 -9 -10 13 -2
right_child=12 -3 3 -5 -6 -7 7 8 11 -11 -12 -13 -14 -15
leaf_value=0.0039962149194104745 7.6138582835572592e-05 -0.0042571681163518591 -0.0066489044273775715 -0.0001590724221340896 0.0048646805187066398 -0.003842933015769131 -0.0062596310848650862 -0.0057532779233050646 0.0015944162576930151 0.0062355365247830103 0.0037499652051050728 -0.0034064939605535842 0.0042706600869948505 -0.0028779764359923611
leaf_weight=1169 153726 1183 762 985 570 1143 584 571 906 920 545 1185 569 1798
leaf_count=1169 153726 1183 762 985 570 1143 584 571 906 920 545 1185 569 1798
internal_value=-1.66316e-11 -0.000851457 -0.000420092 -0.00298978 0.000171144 -0.000209793 0.000496445 -0.000371997 0.000461146 0.00220791 -0.00111236 -0.00123967 5.74009e-05 4.19863e-05
internal_weight=166616 10523 9340 1747 7593 7023 5880 4711 4127 2036 1116 2091 156093 155524
internal_count=166616 10523 9340 1747 7593 7023 5880 4711 4127 2036 1116 2091 156093 155524
is_linear=0
shrinkage=0.05


Tree=122
num_leaves=15
num_cat=0
split_feature=0 0 1 0 0 1 1 1 1 2 0 0 1 1
split_gain=3.16991 14.9381 17.0501 12.5908 12.0287 61.741 69.3642 26.1533 23.4274 19.5924 32.0248 16.7321 27.9688 60.3998
threshold=4.8446490764617929 4.5304203033447275 7.65584421157837 4.437899351119996 5.2737994194030771 30.828601837158207 6.8287503719329843 4.0141291618347177 18.082341194152836 1.5000000000000002 5.1244020462036142 5.5627741813659677 32.660642623901374 28.302341461181644
decision_type=2 2 2 2 2 2 2 2 2 2 2 2 2 2
left_child=1 3 -3 -1 5 6 -2 -6 -9 10 -8 -10 13 -13
right_child=4 2 -4 -5 7 -7 9 8 11 -11 -12 12 -14 -15
leaf_value=-2.4745964627436706e-05 -0.0076667426554040312 0.0024849709689284075 -0.0050966795664964459 0.0049419737405779762 0.008628577137084795 -0.012526374206660421 0.0078610250195467173 -0.0041342102338535382 -0.004225250039375488 0.0020323295807071159 0.021946738906871537 0.0055048997326821083 0.012844543788197649 -0.01278478758311484
leaf_weight=149367 752 1001 2861 1287 747 543 1321 3547 977 637 581 1778 612 605
leaf_count=149367 752 1001 2861 1287 747 543 1321 3547 977 637 581 1778 612 605
internal_value=4.32255e-11 -6.10296e-05 -0.00313158 1.76835e-05 0.000779344 0.00309412 0.00567143 -0.000294313 -0.00118079 0.00962192 0.0121638 0.00145662 0.00331011 0.000861484
internal_weight=166616 154516 3862 150654 12100 3834 3291 8266 7519 2539 1902 3972 2995 2383
internal_count=166616 154516 3862 150654 12100 3834 3291 8266 7519 2539 1902 3972 2995 2383
is_linear=0
shrinkage=0.05


Tree=123
num_leaves=15
num_cat=0
split_feature=1 0 1 0 0 1 1 1 1 1 1 0 1 0
split_gain=3.12095 38.4289 25.8706 35.0196 24.8974 9.0743 7.5386 26.3537 9.8062 32.0225 23.397 19.3349 31.392 21.9098
threshold=32.520797729492195 5.6820471286773691 32.097225189208991 2.9113262891769414 4.8446490764617929 32.660642623901374 31.391610145568851 31.53483867645264 27.872859001159672 29.011299133300785 27.472515106201175 1.4885082840919497 30.828601837158207 1.8307859897613528
decision_type=2 2 2 2 2 2 2 2 2 2 2 2 2 2
left_child=2 4 6 -4 5 -2 8 -8 10 -10 -1 -11 13 -13
right_child=1 -3 3 -5 -6 -7 7 -9 9 11 -12 12 -14 -15
leaf_value=9.2259438198579146e-06 0.0066161299068480733 0.012998903335702701 -0.00098534576217345141 -0.015175343302540674 -0.0093800426884390331 0.00034347111302304489 0.011346746493728107 0.00011760281242770579 -0.0044334383377230939 -0.0031842512340310124 0.005504375448318821 0.010770101289857517 -0.0039217966909607148 0.002196186375644507
leaf_weight=127207 600 607 1278 659 653 14763 655 2583 5211 2804 1967 880 1888 4861
leaf_count=127207 600 607 1278 659 653 14763 655 2583 5211 2804 1967 880 1888 4861
internal_value=-3.12627e-11 0.000650034 -7.20401e-05 -0.00581302 0.000182016 0.000588449 3.0685e-06 0.00238909 -5.02809e-05 -0.00123257 9.29035e-05 0.00036618 0.00167112 0.00351043
internal_weight=166616 16623 149993 1937 16016 15363 148056 3238 144818 15644 129174 10433 7629 5741
internal_count=166616 16623 149993 1937 16016 15363 148056 3238 144818 15644 129174 10433 7629 5741
is_linear=0
shrinkage=0.05


Tree=124
num_leaves=15
num_cat=0
split_feature=0 1 0 1 2 1 1 1 1 2 1 1 1 0
split_gain=3.06802 9.02723 5.94237 6.38113 7.58539 10.4123 9.58661 5.21117 18.1519 11.1794 5.22666 4.75072 4.25936 9.71138
threshold=0.34555438160896307 20.547692298889164 0.76394006609916698 31.53483867645264 1.0000000180025095e-35 26.322703361511234 5.6819291114807138 18.821444511413578 11.304334163665773 1.5000000000000002 6.1371366977691659 25.0081901550293 20.746000289916996 0.65652063488960277
decision_type=2 2 2 2 2 2 2 2 2 2 2 2 2 2
left_child=1 -1 3 4 5 6 -2 8 10 11 -6 -9 13 -8
right_child=2 -3 -4 -5 7 -7 12 9 -10 -11 -12 -13 -14 -15
leaf_value=-0.00099527860174373713 0.0045619725169463192 0.0074621667662127453 5.3708572146486548e-05 -0.004904521008332571 -0.0015459310629670855 0.0065622722910296527 -0.000553000056081348 -0.0044933273931057442 0.0045640208401406803 -0.009778598520898742 -0.0074238453491057973 0.0022291622549295426 0.0013613137995672926 -0.0083052979081028929
leaf_weight=784 766 528 156093 1059 834 651 1224 554 960 617 692 500 751 603
leaf_count=784 766 528 156093 1059 834 651 1224 554 960 617 692 500 751 603
internal_value=-2.89201e-11 0.00240833 -1.91147e-05 -0.0012532 -0.000778873 0.000776944 -0.000349327 -0.00227406 -0.000822666 -0.00443334 -0.00421141 -0.00130429 -0.00180862 -0.00311164
internal_weight=166616 1312 165304 9211 8152 3995 3344 4157 2486 1671 1526 1054 2578 1827
internal_count=166616 1312 165304 9211 8152 3995 3344 4157 2486 1671 1526 1054 2578 1827
is_linear=0
shrinkage=0.05


Tree=125
num_leaves=15
num_cat=0
split_feature=2 0 1 1 1 0 0 1 0 0 1 1 1 1
split_gain=3.16589 8.42086 7.55926 24.3018 13.1288 14.8541 20.4012 12.5355 12.1849 16.2993 11.2252 11.1239 7.70998 7.33125
threshold=1.5000000000000002 8.0147294998168963 1.3895995616912844 2.5924855470657353 0.4011408537626267 2.0496375560760502 1.4777359962463381 0.6692619025707246 1.9886605739593508 1.2564005851745608 2.8227692842483525 0.11678899824619295 0.96909725666046154 2.1601448059082036
decision_type=2 2 2 2 2 2 2 2 2 2 2 2 2 2
left_child=1 2 4 8 11 6 -6 -7 9 -4 -5 -1 -9 -10
right_child=-2 -3 3 10 5 7 -8 12 13 -11 -12 -13 -14 -15
leaf_value=0.0041783444022778244 0.00043154590635216669 -0.0064603781764610464 -0.0060025975270115821 0.005187847432497816 0.005142022707997811 -0.00014640033495292735 -0.0059654330169000942 0.01339620465678828 -0.0042008128700837897 0.003559773843831967 -7.9316648590721872e-05 -0.004771539472499536 0.0058830137707293036 -0.010044614468713251
leaf_weight=505 33862 520 828 1020 886 536 775 560 1459 965 121865 1111 875 849
leaf_count=505 33862 520 828 1020 886 536 775 560 1459 965 121865 1111 875 849
internal_value=3.213e-11 -0.000110076 -8.51037e-05 -0.000161956 0.00177449 0.00344264 -4.0565e-05 0.006378 -0.00394826 -0.00085609 -3.55969e-05 -0.0019747 0.00881499 -0.00635046
internal_weight=166616 132754 132234 126986 5248 3632 1661 1971 4101 1793 122885 1616 1435 2308
internal_count=166616 132754 132234 126986 5248 3632 1661 1971 4101 1793 122885 1616 1435 2308
is_linear=0
shrinkage=0.05


Tree=126
num_leaves=15
num_cat=0
split_feature=0 0 1 1 1 1 0 0 0 1 0 1 1 0
split_gain=3.24604 6.53605 3.69056 5.61673 4.1975 10.3041 16.586 6.35539 5.12691 14.7611 5.01435 4.51932 7.4995 11.7
threshold=7.2690448760986337 8.0147294998168963 0.11678899824619295 0.25816367566585546 0.96909725666046154 0.52856698632240307 2.6424452066421513 2.1585435867309575 6.5171666145324716 20.124761581420902 1.4294409751892092 4.28786325454712 3.1100786924362187 1.2418481707572939
decision_type=2 2 2 2 2 2 2 2 2 2 2 2 2 2
left_child=2 -2 -1 -4 5 7 10 -5 11 -10 -7 12 13 -6
right_child=1 -3 3 4 8 6 -8 -9 9 -11 -12 -13 -14 -15
leaf_value=0.0037704508943716061 0.0061765922999550259 -0.0010983193318768428 -0.0046335818141743923 0.0021377639351914377 -0.0035981170928427405 0.0047295600411915543 0.010587700227639983 -0.0048645413607400732 -0.0082549066316070299 0.0027635514770575744 -0.0016186607169723253 5.9516496587309031e-05 -0.0023861542696862622 0.00078689449308606265
leaf_weight=640 620 615 661 594 1876 505 649 713 672 555 810 144459 5204 8043
leaf_count=640 620 615 661 594 1876 505 649 713 672 555 810 144459 5204 8043
internal_value=6.1296e-12 0.00255386 -1.90712e-05 -3.37931e-05 -1.52627e-05 0.00175792 0.00404721 -0.00168216 -5.13308e-05 -0.00327101 0.000819249 -2.65752e-05 -0.000848947 -4.24514e-05
internal_weight=166616 1235 165381 164741 164080 3271 1964 1307 160809 1227 1315 159582 15123 9919
internal_count=166616 1235 165381 164741 164080 3271 1964 1307 160809 1227 1315 159582 15123 9919
is_linear=0
shrinkage=0.05


Tree=127
num_leaves=15
num_cat=0
split_feature=0 0 2 0 0 0 0 0 1 1 0 1 0 0
split_gain=3.01032 8.91994 8.71469 5.50535 7.40831 4.68449 3.40181 4.94018 18.4835 19.8505 36.856 21.3229 15.1205 13.494
threshold=6.8048992156982431 6.5171666145324716 1.0000000180025095e-35 6.3156888484954843 6.1032638549804696 5.909513235092164 5.7894363403320321 4.8446490764617929 3.5656027793884282 31.53483867645264 5.3516390323638925 23.214643478393558 5.2737994194030771 4.5304203033447275
decision_type=2 2 2 2 2 2 2 2 2 2 2 2 2 2
left_child=1 3 -2 4 5 6 7 13 -9 10 -10 -12 -11 -1
right_child=2 -3 -4 -5 -6 -7 -8 8 9 12 11 -13 -14 -15
leaf_value=1.6290017207063179e-05 -0.0012829989835034497 -0.0059893357607786763 0.0055529275193683661 0.0046763023063748415 -0.0054380614579110972 0.0043096338457980204 -0.0036632604576330983 -0.0073925201358366098 0.0063952844100472091 -0.010440859748511623 -0.0057035770325283095 0.0055313562086927214 0.0013003695119793218 -0.0029768788452348943
leaf_weight=150654 972 624 896 627 628 629 636 564 3456 505 1348 615 600 3862
leaf_count=150654 972 624 896 627 628 629 636 564 3456 505 1348 615 600 3862
internal_value=-6.60299e-11 -2.26307e-05 0.0019959 5.47541e-08 -1.78783e-05 3.02112e-06 -1.36755e-05 6.87616e-07 0.00129143 0.00204216 0.00328759 -0.00218372 -0.00406553 -5.85218e-05
internal_weight=166616 164748 1868 164124 163497 162869 162240 161604 7088 6524 5419 1963 1105 154516
internal_count=166616 164748 1868 164124 163497 162869 162240 161604 7088 6524 5419 1963 1105 154516
is_linear=0
shrinkage=0.05


Tree=128
num_leaves=15
num_cat=0
split_feature=0 0 0 1 0 0 1 1 1 1 1 1 0 1
split_gain=2.9834 28.8805 13.7146 24.3992 14.0107 18.9744 33.9283 20.092 10.9404 14.2183 16.9592 15.6661 35.965 22.868
threshold=3.2890503406524663 3.2705168724060063 3.3456791639328007 27.216913223266605 3.3929694890975957 3.4608594179153447 27.072099685668949 9.1322388648986834 35.498208999633796 34.944898605346687 34.433378219604499 33.241079330444343 4.311509609222413 31.803257942199711
decision_type=2 2 2 2 2 2 2 2 2 2 2 2 2 2
left_child=1 -1 3 -2 -4 6 7 -6 9 10 11 13 -13 -7
right_child=2 -3 4 -5 5 8 -8 -9 -10 -11 -12 12 -14 -15
leaf_value=-6.6404296253952397e-05 0.0077839223291360383 -0.010553334639831024 -0.0048956221643040657 -0.0048449186243599875 0.0078694321872759439 0.00027828962396025768 0.014460056759030795 -0.0047137263642607029 -0.0067612311282883517 0.0073410501400462168 -0.0083464361744571957 -0.0026877149844826281 0.014994636705268089 -0.0061322372139165906
leaf_weight=124541 1446 660 1322 520 541 31714 651 767 575 682 591 590 561 1455
leaf_count=124541 1446 660 1322 520 541 31714 651 767 575 682 591 590 561 1455
internal_value=6.40907e-11 -0.000121686 0.000367868 0.00444364 0.000164746 0.000340207 0.00513294 0.000490776 8.06142e-05 0.000191143 5.14671e-05 0.000196081 0.0059307 -2.91622e-06
internal_weight=166616 125201 41415 1966 39449 38127 1959 1308 36168 35593 34911 34320 1151 33169
internal_count=166616 125201 41415 1966 39449 38127 1959 1308 36168 35593 34911 34320 1151 33169
is_linear=0
shrinkage=0.05


Tree=129
num_leaves=15
num_cat=0
split_feature=1 0 1 0 0 0 1 2 1 1 1 1 1 1
split_gain=3.00721 33.6715 22.9753 31.2605 21.5455 15.7008 11.8767 21.3937 14.228 7.00892 23.4756 9.27277 28.8969 21.8476
threshold=32.520797729492195 5.6820471286773691 32.097225189208991 2.9113262891769414 4.5750768184661874 4.2545571327209482 33.812385559082038 1.5000000000000002 35.858039855957038 31.391610145568851 31.53483867645264 27.872859001159672 29.011299133300785 27.720938682556156
decision_type=2 2 2 2 2 2 2 2 2 2 2 2 2 2
left_child=2 4 9 -4 5 6 7 -2 -8 11 -11 13 -13 -1
right_child=1 -3 3 -5 -6 -7 8 -9 -10 10 -12 12 -14 -15
leaf_value=4.1545503081651129e-05 0.00057562493389204936 0.012197322523930222 -0.0009197010676171019 -0.01432648898252146 -0.0070345733829050676 0.0087897667065393054 -0.0011845825107405234 0.0084234909410148343 0.007279275772746072 0.010755122859059399 0.00015687081379440234 -0.0042416987942009484 0.00031766300579230992 0.0092174050769557245
leaf_weight=128522 3977 607 1278 659 967 572 8863 1111 526 655 2583 5211 10433 652
leaf_count=128522 3977 607 1278 659 967 572 8863 1111 526 655 2583 5211 10433 652
internal_value=3.29448e-11 0.000638079 -7.07152e-05 -0.00548092 0.000199989 0.000664858 0.000343835 0.00228926 -0.000710412 6.58384e-08 0.00230074 -5.13752e-05 -0.00120106 8.78602e-05
internal_weight=166616 16623 149993 1937 16016 15049 14477 5088 9389 148056 3238 144818 15644 129174
internal_count=166616 16623 149993 1937 16016 15049 14477 5088 9389 148056 3238 144818 15644 129174
is_linear=0
shrinkage=0.05


Tree=130
num_leaves=15
num_cat=0
split_feature=0 0 0 1 1 1 1 1 1 1 1 1 1 1
split_gain=2.84017 12.8567 10.2435 7.23611 43.6216 42.2645 35.1121 18.6762 27.3258 21.2288 108.407 29.5895 50.8395 25.6165
threshold=2.8248012065887456 2.8407365083694462 2.8105616569519047 7.2261574268341073 8.4310340881347674 8.976417541503908 6.8287503719329843 18.239912033081058 19.975490570068363 12.729347705841066 12.326219081878664 14.758401870727541 15.07320022583008 14.146576404571535
decision_type=2 2 2 2 2 2 2 2 2 2 2 2 2 2
left_child=2 -2 -1 6 -5 -6 -3 9 -9 10 -7 13 -13 -11
right_child=1 3 -4 4 5 7 -8 8 -10 11 -12 12 -14 -15
leaf_value=-0.0001127642621066805 0.0072700307308231271 0.00062694306053442093 -0.0063844639574042496 -0.0081230723086003834 0.010433533418211707 -0.0018611332694565671 0.012248716275545135 0.0057942976028183893 0.00024986652485131747 -0.0046171361180505034 0.017716782942934092 0.013771692552301497 -0.0024940254585980107 -0.015717545520329942
leaf_weight=108123 651 11185 655 1627 989 5255 690 2432 25771 2354 817 533 4867 667
leaf_count=108123 651 11185 655 1627 989 5255 690 2432 25771 2354 817 533 4867 667
internal_value=7.94304e-12 0.000283105 -0.000150529 0.000203568 -8.43601e-05 0.000215033 0.00130223 -2.1666e-05 0.000727974 -0.00148045 0.000773115 -0.00310539 -0.000888539 -0.00706797
internal_weight=166616 57838 108778 57187 45312 43685 11875 42696 28203 14493 6072 8421 5400 3021
internal_count=166616 57838 108778 57187 45312 43685 11875 42696 28203 14493 6072 8421 5400 3021
is_linear=0
shrinkage=0.05


Tree=131
num_leaves=15
num_cat=0
split_feature=0 1 0 1 2 1 1 1 1 2 1 1 1 0
split_gain=2.80303 8.13137 5.2008 5.83912 6.90908 9.40598 8.90499 4.7375 16.229 10.1322 4.83461 4.30477 3.84407 8.76452
threshold=0.34555438160896307 20.547692298889164 0.76394006609916698 31.53483867645264 1.0000000180025095e-35 26.322703361511234 5.6819291114807138 18.821444511413578 11.304334163665773 1.5000000000000002 6.1371366977691659 25.0081901550293 20.746000289916996 0.65652063488960277
decision_type=2 2 2 2 2 2 2 2 2 2 2 2 2 2
left_child=1 -1 3 4 5 6 -2 8 10 11 -6 -9 13 -8
right_child=2 -3 -4 -5 7 -7 12 9 -10 -11 -12 -13 -14 -15
leaf_value=-0.00092833367727544855 0.004428808266593645 0.0070984925736080522 4.9857411708495211e-05 -0.0046655971602632598 -0.0014028358016368583 0.0062644415278954816 -0.00051829325510006333 -0.0042616042715332573 0.0043312225382154184 -0.0092936049162665301 -0.0070560058783416804 0.0021375895380973818 0.0013003045328447568 -0.0078829761365950598
leaf_weight=784 766 528 156093 1059 834 651 1224 554 960 617 692 500 751 603
leaf_count=784 766 528 156093 1059 834 651 1224 554 960 617 692 500 751 603
internal_value=1.22737e-11 0.00230197 -1.82705e-05 -0.00117279 -0.000719052 0.000765788 -0.000304674 -0.00214603 -0.000762167 -0.00420484 -0.0039664 -0.00122593 -0.00171113 -0.002949
internal_weight=166616 1312 165304 9211 8152 3995 3344 4157 2486 1671 1526 1054 2578 1827
internal_count=166616 1312 165304 9211 8152 3995 3344 4157 2486 1671 1526 1054 2578 1827
is_linear=0
shrinkage=0.05


Tree=132
num_leaves=15
num_cat=0
split_feature=2 0 1 1 1 0 0 0 1 1 0 0 1 1
split_gain=2.86095 7.82708 7.35529 46.0181 37.0396 21.8002 19.2027 36.0226 20.2351 30.3348 31.7206 29.6548 26.0834 20.9196
threshold=1.5000000000000002 8.0147294998168963 14.457938194274904 12.326219081878664 11.569818973541262 1.5128298401832583 3.7441027164459233 4.8446490764617929 5.3343372344970712 6.5611650943756112 1.5361817479133608 2.1585435867309575 4.4229860305786142 7.65584421157837
decision_type=2 2 2 2 2 2 2 2 2 2 2 2 2 2
left_child=1 -1 3 4 6 -5 8 -8 12 11 -11 -10 -2 -12
right_child=2 -3 -4 5 -6 -7 7 -9 9 10 13 -13 -14 -15
leaf_value=-8.0564821969647033e-05 0.0008448088429057303 -0.0062269604520854326 -0.00022023296643323238 -0.00069688949962317846 -0.011213099687981109 0.010579299809028671 -0.011642059681580139 0.0028112780423331365 0.0026217930196815301 0.0077906548163538805 0.0057525536223534887 0.019356507421990472 -0.0093805694617777463 -0.0041408059898859415
leaf_weight=132234 3678 520 19551 571 690 1719 830 897 513 1429 736 547 751 1950
leaf_count=132234 3678 520 19551 571 690 1719 830 897 513 1429 736 547 751 1950
internal_value=-7.41124e-13 -0.00010464 0.000410236 0.00127155 3.40496e-05 0.00776764 0.000718944 -0.00413503 0.00159179 0.003715 0.00177209 0.0112575 -0.00088905 -0.00142989
internal_weight=166616 132754 33862 14311 12021 2290 11331 1727 9604 5175 4115 1060 4429 2686
internal_count=166616 132754 33862 14311 12021 2290 11331 1727 9604 5175 4115 1060 4429 2686
is_linear=0
shrinkage=0.05


Tree=133
num_leaves=15
num_cat=0
split_feature=1 0 1 0 0 1 0 0 1 1 1 1 1 1
split_gain=2.80541 30.3319 20.6011 28.3754 19.7029 7.96682 6.79451 11.5792 12.138 11.8444 13.3986 18.2607 6.90146 7.36844
threshold=32.520797729492195 5.6820471286773691 32.097225189208991 2.9113262891769414 4.8446490764617929 32.660642623901374 4.2545571327209482 3.5083541870117192 34.836019515991218 35.858039855957038 33.812385559082038 33.683492660522468 34.046136856079109 35.350776672363288
decision_type=2 2 2 2 2 2 2 2 2 2 2 2 2 2
left_child=2 4 -1 -4 5 -2 7 9 -9 10 11 -7 -12 -14
right_child=1 -3 3 -5 -6 6 -8 8 -10 -11 12 -13 13 -15
leaf_value=-1.2770207980933359e-06 0.0062099452128944301 0.011587337605023061 -0.00084570762956389604 -0.013618854647544702 -0.0083057708193934529 0.0012812477263179482 0.0047050893847966182 -0.0075837338395224876 0.0017935252401733053 0.0080825485155786251 -0.0048047731081309955 0.011203576648068207 0.00063252507127821444 -0.0030121337370524782
leaf_weight=148056 600 607 1278 659 653 3479 838 932 548 503 1009 535 5000 1919
leaf_count=148056 600 607 1278 659 653 3479 838 932 548 503 1009 535 5000 1919
internal_value=1.50502e-12 0.000616297 -6.83013e-05 -0.00519135 0.000200499 0.000562056 0.000332514 6.9374e-05 -0.00411161 0.000566591 0.000250017 0.00260373 -0.000941685 -0.000378329
internal_weight=166616 16623 149993 1937 16016 15363 14763 13925 1480 12445 11942 4014 7928 6919
internal_count=166616 16623 149993 1937 16016 15363 14763 13925 1480 12445 11942 4014 7928 6919
is_linear=0
shrinkage=0.05


Tree=134
num_leaves=15
num_cat=0
split_feature=0 0 1 0 0 0 0 0 1 1 0 1 2 0
split_gain=2.7487 8.65288 8.11974 4.45925 6.81106 4.0191 3.50287 4.55562 17.0412 15.9964 33.8084 19.4394 13.9685 12.146
threshold=6.8048992156982431 6.5171666145324716 9.8439726829528826 6.3156888484954843 6.1032638549804696 5.909513235092164 5.7894363403320321 4.8446490764617929 3.5656027793884282 31.53483867645264 5.3516390323638925 23.214643478393558 1.0000000180025095e-35 4.5304203033447275
decision_type=2 2 2 2 2 2 2 2 2 2 2 2 2 2
left_child=1 3 -2 4 5 6 7 13 -9 10 -10 -12 -11 -1
right_child=2 -3 -4 -5 -6 -7 -8 8 9 12 11 -13 -14 -15
leaf_value=1.784597375024782e-05 0.0065560812541097403 -0.0058983326999273583 -0.00043032689329854128 0.0042093033800646145 -0.0052125298514221442 0.0039936608466096162 -0.0037142481162130789 -0.0070950394249455154 0.0060585017942112584 -0.009044551296247455 -0.0055189598373307372 0.0052082998782578037 0.0022004124072155682 -0.0028218772164668943
leaf_weight=150654 625 624 1243 627 628 629 636 564 3456 562 1348 615 543 3862
leaf_count=150654 625 624 1243 627 628 629 636 564 3456 562 1348 615 543 3862
internal_value=2.10928e-12 -2.16249e-05 0.0019072 7.18393e-07 -1.54212e-05 4.61807e-06 -1.08473e-05 3.72757e-06 0.00124322 0.00196406 0.00308207 -0.00215815 -0.00351875 -5.31306e-05
internal_weight=166616 164748 1868 164124 163497 162869 162240 161604 7088 6524 5419 1963 1105 154516
internal_count=166616 164748 1868 164124 163497 162869 162240 161604 7088 6524 5419 1963 1105 154516
is_linear=0
shrinkage=0.05


Tree=135
num_leaves=15
num_cat=0
split_feature=0 1 1 1 1 1 1 1 1 1 1 1 1 1
split_gain=2.77891 7.95282 38.7747 40.0644 30.0557 17.5125 26.7996 16.7547 16.5293 54.7136 28.547 14.9902 26.3133 20.4497
threshold=2.8742823600769047 7.2261574268341073 8.4310340881347674 8.976417541503908 6.8287503719329843 18.239912033081058 19.975490570068363 16.763699531555179 14.758401870727541 14.021070480346681 15.07320022583008 4.4229860305786142 3.8322005271911626 4.6759095191955575
decision_type=2 2 2 2 2 2 2 2 2 2 2 2 2 2
left_child=-1 4 -3 -4 11 7 -7 8 9 -5 -10 12 -2 -13
right_child=1 2 3 5 -6 6 -8 -9 10 -11 -12 13 -14 -15
leaf_value=-0.00014503160280039768 0.00063453798299272662 -0.0076108445083207955 0.010268240377638229 -0.00052740633154931525 0.011572180083156497 0.0058252028563802044 0.00028783357313220547 -0.0056088906908486075 0.013262221895953413 -0.013838077055600782 0.0003446706272149526 0.012645717905055124 -0.0082745910739076885 0.0018795913024090465
leaf_weight=110748 5835 1620 979 7956 690 2393 25145 2023 506 855 2764 502 966 3634
leaf_count=110748 5835 1620 979 7956 690 2393 25145 2023 506 855 2764 502 966 3634
internal_value=-2.47749e-11 0.000287498 -1.83248e-05 0.000270263 0.00145116 3.52109e-05 0.00076902 -0.00139755 -0.000692347 -0.00181904 0.00234353 0.000812641 -0.000630896 0.00318631
internal_weight=166616 55868 44241 42621 11627 41642 27538 14104 12081 8811 3270 10937 6801 4136
internal_count=166616 55868 44241 42621 11627 41642 27538 14104 12081 8811 3270 10937 6801 4136
is_linear=0
shrinkage=0.05


Tree=136
num_leaves=15
num_cat=0
split_feature=2 1 0 0 1 0 1 0 0 1 1 1 0 0
split_gain=2.63071 10.0009 9.72781 13.4238 8.25675 33.2547 14.2556 14.0661 18.4106 23.222 14.8475 8.3782 7.90228 7.34228
threshold=1.0000000180025095e-35 35.062276840209968 6.8048992156982431 5.909513235092164 33.372077941894538 3.8390399217605595 33.812385559082038 2.3925421237945561 1.0556539297103884 34.309642791748054 35.350776672363288 34.729074478149421 1.5259267091751101 0.34555438160896307
decision_type=2 2 2 2 2 2 2 2 2 2 2 2 2 2
left_child=1 -1 3 4 13 6 -6 8 -8 -10 -11 -7 -3 -2
right_child=2 12 -4 -5 5 11 7 -9 9 10 -12 -13 -14 -15
leaf_value=0.00028716905367679526 0.0050023827649501862 0.0020494011895997185 0.0049841189141001715 -0.005685690859413197 0.0058959543016277446 0.014158493996642174 -0.0062679323203423442 -0.0049165584359622781 -0.0057391793545567516 0.0099505737039422958 4.3823836105210447e-05 0.0054563468279617841 -0.005059303739792494 -0.00037181877625975423
leaf_weight=80862 641 525 896 1122 833 504 680 1638 546 998 609 613 1531 74618
leaf_count=80862 641 525 896 1122 833 504 680 1638 546 998 609 613 1531 74618
internal_value=-6.54932e-11 0.000199609 -0.000197749 -0.000253822 -0.000179207 0.00154185 -0.00010943 -0.0012283 0.000904192 0.00316942 0.00619624 0.00938283 -0.00324409 -0.000326045
internal_weight=166616 82918 83698 82802 81680 6421 5304 4471 2833 2153 1607 1117 2056 75259
internal_count=166616 82918 83698 82802 81680 6421 5304 4471 2833 2153 1607 1117 2056 75259
is_linear=0
shrinkage=0.05


Tree=137
num_leaves=15
num_cat=0
split_feature=2 0 1 1 1 1 1 1 0 1 1 1 0 1
split_gain=2.74751 7.63263 7.10637 12.6696 10.5664 19.705 22.3716 14.6336 12.2063 25.2223 19.855 32.5245 11.673 55.4566
threshold=1.5000000000000002 8.0147294998168963 35.062276840209968 33.812385559082038 30.980435371398929 28.428899765014652 27.872859001159672 26.647733688354496 4.9729626178741464 16.638400077819828 24.22816371917725 23.351881027221683 4.2210822105407724 11.569818973541262
decision_type=2 2 2 2 2 2 2 2 2 2 2 2 2 2
left_child=1 -1 3 4 5 6 7 8 10 -10 11 12 -2 -14
right_child=2 -3 -4 -5 -6 -7 -8 -9 9 -11 -12 -13 13 -15
leaf_value=-7.8770168573406813e-05 1.9977352011430433e-05 -0.0061483354110700578 0.0045436245859345765 -0.0048731477517175836 0.0033878985909765627 -0.0046013962335595248 0.010875864760027963 -0.0052333148424637266 0.00047471308329076055 0.01276279421701149 -0.0046838945043358258 0.010842147238095465 -0.0077555450096951977 0.013533128438882014
leaf_weight=132234 19428 520 1005 1153 2813 2007 513 1130 1301 615 1863 762 512 760
leaf_count=132234 19428 520 1005 1153 2813 2007 513 1130 1301 615 1863 762 512 760
internal_value=1.96497e-11 -0.000102545 0.000402021 0.000275341 0.00046258 0.000177753 0.000534536 0.000333364 0.000582576 0.00441896 0.000267442 0.00069724 0.00032379 0.0049641
internal_weight=166616 132754 33862 32857 31704 28891 26884 26371 25241 1916 23325 21462 20700 1272
internal_count=166616 132754 33862 32857 31704 28891 26884 26371 25241 1916 23325 21462 20700 1272
is_linear=0
shrinkage=0.05


Tree=138
num_leaves=15
num_cat=0
split_feature=2 1 0 0 1 0 1 0 0 1 0 1 1 0
split_gain=2.50596 9.0205 8.64448 12.3595 7.4903 29.7895 12.6023 12.7336 12.7124 15.9356 11.4393 18.2188 7.69845 7.12553
threshold=1.0000000180025095e-35 35.062276840209968 6.8048992156982431 5.909513235092164 33.372077941894538 3.8390399217605595 33.812385559082038 2.9113262891769414 1.0556539297103884 34.309642791748054 1.6127294301986697 35.350776672363288 34.729074478149421 1.5259267091751101
decision_type=2 2 2 2 2 2 2 2 2 2 2 2 2 2
left_child=1 -1 3 4 -2 6 -6 8 -8 -10 -11 -12 -7 -3
right_child=2 13 -4 -5 5 12 7 -9 9 10 11 -13 -14 -15
leaf_value=0.00027797651556896852 -0.00031412314842882145 0.0019508699263845173 0.0046918147164400842 -0.0054579440862896613 0.005548496276256489 0.013464020640544951 -0.0059478955650154285 -0.0064211101698068282 -0.0047528714824149765 0.0096097605968596522 0.0058732415636644723 -0.0052617567775162495 0.0051223578174609159 -0.004799426824783945
leaf_weight=80862 75259 525 896 1122 833 504 680 912 726 610 940 603 613 1531
leaf_count=80862 75259 525 896 1122 833 504 680 912 726 610 940 603 613 1531
internal_value=2.77458e-11 0.000194819 -0.000193004 -0.000245862 -0.000174266 0.00146496 -9.79161e-05 -0.00114991 0.000200845 0.00165314 0.00381327 0.00152172 0.00888619 -0.00307574
internal_weight=166616 82918 83698 82802 81680 6421 5304 4471 3559 2879 2153 1543 1117 2056
internal_count=166616 82918 83698 82802 81680 6421 5304 4471 3559 2879 2153 1543 1117 2056
is_linear=0
shrinkage=0.05


Tree=139
num_leaves=15
num_cat=0
split_feature=2 1 1 1 0 1 0 0 0 0 0 1 0 0
split_gain=2.61642 7.33307 41.5423 33.6178 19.7313 17.0855 25.0973 23.0066 43.2546 35.7357 29.0613 27.6338 25.5983 16.4887
threshold=1.5000000000000002 14.457938194274904 12.326219081878664 11.569818973541262 1.5128298401832583 15.750996589660646 2.2659215927124028 3.8390399217605595 4.4028115272521982 3.4350713491439824 5.3516390323638925 25.719968795776371 3.1893820762634282 3.7441027164459233
decision_type=2 2 2 2 2 2 2 2 2 2 2 2 2 2
left_child=-1 2 3 13 -4 6 -3 9 -9 12 11 -10 -7 -2
right_child=1 5 4 -5 -6 7 -8 8 10 -11 -12 -13 -14 -15
leaf_value=-0.00010006854813716259 0.0015378503154068735 0.00043633393421504941 -0.00062844148346087559 -0.010638503362762107 0.010099343126916033 -0.0006258487685494407 -0.013721420986455457 0.011546935168207833 0.0032925480177925996 -0.01074709450197322 0.0069700130393975995 -0.011818602117029337 0.0081598904412092301 -0.0037688532919848208
leaf_weight=132754 9604 705 571 690 1719 13344 563 1192 534 831 800 698 884 1727
leaf_count=132754 9604 705 571 690 1719 13344 563 1192 534 831 800 698 884 1727
internal_value=-7.45568e-12 0.000392313 0.00125233 7.65442e-05 0.00742442 -0.000237204 -0.0058498 0.000152052 0.00398536 -0.000668625 -0.000450371 -0.0052688 -7.99819e-05 0.000729036
internal_weight=166616 33862 14311 12021 2290 19551 1268 18283 3224 15059 2032 1232 14228 11331
internal_count=166616 33862 14311 12021 2290 19551 1268 18283 3224 15059 2032 1232 14228 11331
is_linear=0
shrinkage=0.05


Tree=140
num_leaves=15
num_cat=0
split_feature=0 0 0 1 0 1 0 1 0 1 1 1 1 1
split_gain=2.46708 9.99164 9.12524 19.4271 12.6635 19.2154 12.7092 12.4371 10.6712 19.627 15.5289 10.4734 10.3162 9.41012
threshold=2.0012447834014897 2.0265393257141118 1.9300832748413088 24.22816371917725 1.8803244829177859 16.108174324035648 1.840832591056824 9.9472508430480975 1.7857054471969607 29.441926002502445 9.5227465629577654 12.326219081878664 28.886500358581547 24.717533111572269
decision_type=2 2 2 2 2 2 2 2 2 2 2 2 2 2
left_child=2 -2 4 11 6 7 8 -6 -1 10 -10 -4 -5 -7
right_child=1 -3 3 12 5 13 -8 -9 9 -11 -12 -13 -14 -15
leaf_value=-0.00025841420912603707 0.0044922516477991876 0.0001039263737109133 -0.0030550675205894421 -0.013178239489694042 0.0034667020244591468 -0.0061215912008492079 -0.0041619144398822088 0.013638375352851445 0.0064397699495741326 0.010382601103783558 -0.0018277570414224422 0.0032402324765752944 -0.0040363765962319574 0.002350268490628461
leaf_weight=58002 1315 95382 1409 502 689 505 1989 533 824 659 1828 1244 801 934
leaf_count=58002 1315 95382 1409 502 689 505 1989 533 824 659 1828 1244 801 934
internal_value=-2.17968e-11 0.000163604 -0.000226262 -0.00255873 -8.63767e-05 0.00329258 -0.000228417 0.00790328 -0.000100813 0.00266003 0.000741037 -0.000103182 -0.00755841 -0.00062283
internal_weight=166616 96697 69919 3956 65963 2661 63302 1222 61313 3311 2652 2653 1303 1439
internal_count=166616 96697 69919 3956 65963 2661 63302 1222 61313 3311 2652 2653 1303 1439
is_linear=0
shrinkage=0.05


Tree=141
num_leaves=15
num_cat=0
split_feature=1 1 1 2 0 0 0 0 1 0 0 0 0 0
split_gain=2.46689 5.06634 3.09396 11.0321 11.057 17.683 17.0908 6.4963 5.89635 8.90066 18.7849 21.6111 10.0746 26.8003
threshold=0.11678899824619295 0.25816367566585546 1.3895995616912844 1.5000000000000002 1.9764825701713564 1.4777359962463381 3.0927362442016606 2.6731919050216679 4.28786325454712 3.9529410600662236 4.5750768184661874 5.2737994194030771 3.1672945022583012 2.9783781766891484
decision_type=2 2 2 2 2 2 2 2 2 2 2 2 2 2
left_child=-1 -2 3 4 5 -3 7 -6 9 12 -11 -12 13 -4
right_child=1 2 8 -5 6 -7 -8 -9 -10 10 11 -13 -14 -15
leaf_value=0.0030507822267033836 -0.0043808107679983131 0.0036810166405666501 -0.0016032762588861699 -0.0032361815319496487 0.0052740630358457568 -0.0064396017785877634 -0.00032432698119575718 0.012210230314976549 5.7298852967572102e-05 0.0082951948308151845 -0.0094446235687176416 0.0042449434788773841 -0.0052014249273819617 0.009819131278645192
leaf_weight=660 661 1013 9168 1109 800 752 1022 584 146749 748 520 647 1639 544
leaf_count=660 661 1013 9168 1109 800 752 1022 584 146749 748 520 647 1639 544
internal_value=-5.03487e-11 -1.21329e-05 5.33707e-06 0.0011962 0.00237469 -0.000630998 0.00457962 0.00820089 -3.39577e-05 -0.00104344 0.0021097 -0.00185495 -0.0015754 -0.000963471
internal_weight=166616 165956 165295 5280 4171 1765 2406 1384 160015 13266 1915 1167 11351 9712
internal_count=166616 165956 165295 5280 4171 1765 2406 1384 160015 13266 1915 1167 11351 9712
is_linear=0
shrinkage=0.05


Tree=142
num_leaves=15
num_cat=0
split_feature=2 0 1 1 1 0 1 0 0 0 0 0 1 0
split_gain=2.44271 7.15295 6.83285 37.0215 30.5411 17.68 15.5079 22.5872 20.6967 39.0373 32.2994 26.2279 24.9395 23.058
threshold=1.5000000000000002 8.0147294998168963 14.457938194274904 12.326219081878664 11.569818973541262 1.5128298401832583 15.750996589660646 2.2659215927124028 3.8390399217605595 4.4028115272521982 3.4350713491439824 5.3516390323638925 25.719968795776371 3.1893820762634282
decision_type=2 2 2 2 2 2 2 2 2 2 2 2 2 2
left_child=1 -1 3 4 -2 -5 7 -4 10 -10 13 12 -11 -8
right_child=2 -3 6 5 -6 -7 8 -9 9 11 -12 -13 -14 -15
leaf_value=-7.3674182337658942e-05 0.00072118181202243778 -0.0059494232434260013 0.00038770520405724963 -0.00058696338818808164 -0.010113689157086006 0.0095678806683027473 -0.00059458793937499418 -0.013043410820823635 0.010961527109572714 0.003119858999628476 -0.010217800851553795 0.0066134512660210023 -0.011235733018563607 0.0077438351388481284
leaf_weight=132234 11331 520 705 571 690 1719 13344 563 1192 534 831 800 698 884
leaf_count=132234 11331 520 705 571 690 1719 13344 563 1192 534 831 800 698 884
internal_value=-1.79511e-11 -9.66896e-05 0.000379066 0.00120923 9.92651e-05 0.00703582 -0.0002286 -0.0055758 0.000142249 0.00377803 -0.000636139 -0.000435913 -0.00501342 -7.65133e-05
internal_weight=166616 132754 33862 14311 12021 2290 19551 1268 18283 3224 15059 2032 1232 14228
internal_count=166616 132754 33862 14311 12021 2290 19551 1268 18283 3224 15059 2032 1232 14228
is_linear=0
shrinkage=0.05


Tree=143
num_leaves=15
num_cat=0
split_feature=2 1 0 0 1 0 0 0 0 0 0 0 1 1
split_gain=2.43413 8.20908 7.65547 11.9334 6.69758 26.7445 8.44458 14.7382 14.252 7.61527 6.69869 7.6753 9.63669 8.38983
threshold=1.0000000180025095e-35 35.062276840209968 6.8048992156982431 5.909513235092164 33.372077941894538 4.1395442485809335 1.2418481707572939 0.94482553005218517 1.5500205159187319 1.840832591056824 0.34555438160896307 0.65652063488960277 20.124761581420902 9.2546305656433123
decision_type=2 2 2 2 2 2 2 2 2 2 2 2 2 2
left_child=1 -1 3 4 10 6 7 -6 -8 -10 -2 12 13 -12
right_child=2 -3 -4 -5 5 -7 8 -9 9 -11 11 -13 -14 -15
leaf_value=0.00027133576330275422 0.0047876829429647294 -0.0029279852132874651 0.0044066812648712326 -0.005361412149736137 -0.00130493008679182 0.0098915472178912681 -0.0080867440018751856 0.010320768497650071 0.0057062336719400598 -0.00060860830262458301 -0.0041942978350717405 -0.00024623419218497677 -0.0067327177209349776 0.0027951108200209482
leaf_weight=80862 641 2056 896 1122 587 807 584 509 556 3378 843 71860 1040 875
leaf_count=80862 641 2056 896 1122 587 807 584 509 556 3378 843 71860 1040 875
internal_value=-3.35364e-12 0.000192007 -0.000190217 -0.00023996 -0.000169609 0.00138045 0.000157001 0.00409423 -0.000798112 0.000283881 -0.000301859 -0.00034558 -0.00293405 -0.0006345
internal_weight=166616 82918 83698 82802 81680 6421 5614 1096 4518 3934 75259 74618 2758 1718
internal_count=166616 82918 83698 82802 81680 6421 5614 1096 4518 3934 75259 74618 2758 1718
is_linear=0
shrinkage=0.05


Tree=144
num_leaves=15
num_cat=0
split_feature=2 2 1 1 1 0 1 0 1 0 0 0 1 0
split_gain=2.33818 6.77934 8.08351 18.7938 7.65473 11.63 9.6188 9.28288 7.40869 6.4977 6.74516 6.4392 7.98731 15.2927
threshold=1.5000000000000002 1.0000000180025095e-35 22.919562339782718 22.443345069885257 25.719968795776371 2.629001379013062 24.22816371917725 5.2737994194030771 35.062276840209968 1.5259267091751101 2.4052219390869145 4.437899351119996 34.433378219604499 3.880069494247437
decision_type=2 2 2 2 2 2 2 2 2 2 2 2 2 2
left_child=1 8 3 -3 5 -4 -7 11 -1 -10 -11 12 13 -6
right_child=-2 2 4 -5 7 6 -8 -9 9 10 -12 -13 -14 -15
leaf_value=0.00025776903117626787 0.00037086697421599978 -0.00086626061531422025 -0.00019470861307079929 -0.0096719976249346855 -0.00034449826912818756 0.0012498109457240256 0.0084788892820372233 -0.0056864098715285463 0.002018468697865804 -0.0088725176714632634 -0.0019496410302552543 0.0043739812016635763 0.0026429166408845611 -0.0087878969558752833
leaf_weight=80862 33862 31031 2316 618 9897 859 991 750 525 548 983 802 2005 567
leaf_count=80862 33862 31031 2316 618 9897 859 991 750 525 548 983 802 2005 567
internal_value=3.97204e-11 -9.45982e-05 -0.000555483 -0.00103821 0.000284553 0.0021664 0.00512225 -0.000274593 0.000182406 -0.00278159 -0.00442759 3.12519e-05 -0.00024807 -0.00080201
internal_weight=166616 132754 49836 31649 18187 4166 1850 14021 82918 2056 1531 13271 12469 10464
internal_count=166616 132754 49836 31649 18187 4166 1850 14021 82918 2056 1531 13271 12469 10464
is_linear=0
shrinkage=0.05


Tree=145
num_leaves=15
num_cat=0
split_feature=1 1 1 2 0 1 0 1 1 2 0 0 0 0
split_gain=2.28149 4.56629 2.78875 10.1365 9.95912 16.1276 16.0044 7.11179 5.45565 19.6412 20.5655 13.0836 17.6478 10.574
threshold=0.11678899824619295 0.25816367566585546 1.3895995616912844 1.5000000000000002 1.9764825701713564 0.6692619025707246 1.4777359962463381 0.96909725666046154 2.4243477582931523 1.5000000000000002 2.494961261749268 1.9418289661407473 1.2564005851745608 3.3708368539810185
decision_type=2 2 2 2 2 2 2 2 2 2 2 2 2 2
left_child=-1 -2 3 4 6 -6 -3 -7 9 11 -11 12 -4 -13
right_child=1 2 8 -5 5 7 -8 -9 -10 10 -12 13 -14 -15
leaf_value=0.0029338985388026092 -0.0041591499964516391 0.0035148472667681854 -0.0053708210167468795 -0.003113146190849831 -0.0010717675339755252 0.011859222842784196 -0.0061134337189983822 0.0048189956720859368 1.8046716823155815e-05 -0.0021881108828718204 0.011549149079205347 -0.0088152193066823054 0.0055492307215320828 -0.0013660962437839811
leaf_weight=660 661 1013 745 1109 872 572 752 962 155378 593 504 1312 735 748
leaf_count=660 661 1013 745 1109 872 572 752 962 155378 593 504 1312 735 748
internal_value=7.50769e-12 -1.1668e-05 4.91743e-06 0.00113552 0.00226517 0.00435776 -0.0005874 0.00744417 -3.23888e-05 -0.0017224 0.00412326 -0.00353389 5.23128e-05 -0.00611039
internal_weight=166616 165956 165295 5280 4171 2406 1765 1534 160015 4637 1097 3540 1480 2060
internal_count=166616 165956 165295 5280 4171 2406 1765 1534 160015 4637 1097 3540 1480 2060
is_linear=0
shrinkage=0.05


Tree=146
num_leaves=15
num_cat=0
split_feature=1 1 1 0 0 1 0 1 1 0 1 0 0 2
split_gain=2.24494 34.4392 34.1763 31.0952 22.8277 10.4344 11.1013 7.78675 32.985 25.3775 7.65855 29.1385 20.0564 10.9667
threshold=29.441926002502445 28.302341461181644 29.749985694885257 3.6685184240341191 2.4052219390869145 29.011299133300785 1.9418289661407473 30.064248085021976 30.226331710815433 2.5340274572372441 27.072099685668949 3.3079193830490117 1.6533190011978152 1.0000000180025095e-35
decision_type=2 2 2 2 2 2 2 2 2 2 2 2 2 2
left_child=1 10 4 5 -2 -3 -7 9 -9 -4 -1 12 -12 -13
right_child=2 3 7 -5 -6 6 -8 8 -10 -11 11 13 -14 -15
leaf_value=-1.1013901679653134e-05 0.0027152227540134764 -0.0042126104320189834 -0.010694913700747819 -0.012584428186986199 0.016109695709353195 -0.0034905815760346605 0.0048333360886559642 0.01128769346353848 -5.9425285769635882e-05 0.0033153688156744468 0.0038534529865236729 0.011892631661582304 -0.0031166147160185884 0.0036029712002609683
leaf_weight=125245 764 2710 653 890 545 764 842 656 27017 640 1727 770 2565 828
leaf_count=125245 764 2710 653 890 545 764 842 656 27017 640 1727 770 2565 828
internal_value=1.19522e-11 -8.64854e-05 0.00038948 -0.00407481 0.00829199 -0.00232004 0.000873515 3.23583e-05 0.000209563 -0.0037602 7.18492e-05 0.00183385 -0.000312023 0.00759736
internal_weight=166616 136341 30275 5206 1309 4316 1606 28966 27673 1293 131135 5890 4292 1598
internal_count=166616 136341 30275 5206 1309 4316 1606 28966 27673 1293 131135 5890 4292 1598
is_linear=0
shrinkage=0.05


Tree=147
num_leaves=15
num_cat=0
split_feature=1 0 0 1 0 0 1 2 1 0 1 0 0 1
split_gain=2.22698 27.2186 19.223 18.8392 25.8877 11.9428 9.61707 19.7436 19.6851 14.2347 10.7217 21.7702 13.3455 12.4774
threshold=32.520797729492195 5.6820471286773691 4.5750768184661874 32.097225189208991 2.9113262891769414 4.2545571327209482 33.080881118774421 1.5000000000000002 33.241079330444343 2.4687794446945195 33.552558898925788 2.2203613519668584 3.591394424438477 35.858039855957038
decision_type=2 2 2 2 2 2 2 2 2 2 2 2 2 2
left_child=3 2 5 -1 -5 6 7 9 -8 -2 11 -10 13 -12
right_child=1 -3 -4 4 -6 -7 8 -9 10 -11 12 -13 -14 -15
leaf_value=3.2400336775360893e-06 -0.0032041832612882746 0.010941862395183603 -0.0066782962610066748 -0.00080915589340276007 -0.013009544274994428 0.0076804567424749786 -0.0097096987423442669 0.011051055214997878 -0.0021511237323284149 0.0063636203379004823 -0.00018445728820918955 0.011490126157187369 -0.0060030087738723913 0.0079053732031441597
leaf_weight=148056 1010 607 967 1278 659 572 525 604 580 632 9093 590 940 503
leaf_count=148056 1010 607 967 1278 659 572 525 604 580 632 9093 590 940 503
internal_value=-5.84987e-11 0.000549099 0.000155218 -6.08541e-05 -0.00495993 0.000594317 0.000314337 0.00332165 -0.000237901 0.000478431 0.000186898 0.0047278 -0.000317359 0.000239593
internal_weight=166616 16623 16016 149993 1937 15049 14477 2246 12231 1642 11706 1170 10536 9596
internal_count=166616 16623 16016 149993 1937 15049 14477 2246 12231 1642 11706 1170 10536 9596
is_linear=0
shrinkage=0.05


Tree=148
num_leaves=15
num_cat=0
split_feature=0 1 0 1 2 1 1 1 1 2 1 1 1 0
split_gain=2.08249 7.44682 3.91827 4.91755 5.4273 8.53238 8.11577 3.75987 14.5511 9.1007 4.90781 3.88976 3.46928 7.90998
threshold=0.34555438160896307 20.547692298889164 0.76394006609916698 31.53483867645264 1.0000000180025095e-35 26.322703361511234 5.6819291114807138 18.821444511413578 11.304334163665773 1.5000000000000002 6.4458811283111581 25.0081901550293 20.746000289916996 0.65652063488960277
decision_type=2 2 2 2 2 2 2 2 2 2 2 2 2 2
left_child=1 -1 3 4 5 6 -2 8 10 11 -6 -9 13 -8
right_child=2 -3 -4 -5 7 -7 12 9 -10 -11 -12 -13 -14 -15
leaf_value=-0.0011071787823979952 0.0042138771817827351 0.0065743442765916846 4.33859317565335e-05 -0.0042232021830124712 -0.0011853903790728915 0.005951639849652527 -0.00051447181578944713 -0.003762749125273219 0.0041895548580214385 -0.0085230876164845946 -0.0069068280006463444 0.0023201691031455997 0.0012131959676107617 -0.0075109204941523414
leaf_weight=784 766 528 156093 1059 864 651 1224 554 960 617 662 500 751 603
leaf_count=784 766 528 156093 1059 864 651 1224 554 960 617 662 500 751 603
internal_value=3.32357e-11 0.00198417 -1.57481e-05 -0.00101785 -0.000601458 0.000714558 -0.000304982 -0.00186619 -0.000633357 -0.00370031 -0.00366743 -0.000877114 -0.00164767 -0.00282364
internal_weight=166616 1312 165304 9211 8152 3995 3344 4157 2486 1671 1526 1054 2578 1827
internal_count=166616 1312 165304 9211 8152 3995 3344 4157 2486 1671 1526 1054 2578 1827
is_linear=0
shrinkage=0.05


Tree=149
num_leaves=15
num_cat=0
split_feature=1 1 2 1 0 0 1 1 1 1 0 1 2 0
split_gain=2.05607 4.17843 6.48166 4.8412 8.01163 6.1205 5.69413 3.71441 7.05056 19.395 24.2639 11.502 7.97445 35.5574
threshold=0.11678899824619295 0.4011408537626267 1.0000000180025095e-35 0.96909725666046154 2.9418302774429326 2.1802504062652592 0.6692619025707246 4.28786325454712 6.5611650943756112 6.2926983833312997 2.1585435867309575 6.8287503719329843 1.5000000000000002 2.1585435867309575
decision_type=2 2 2 2 2 2 2 2 2 2 2 2 2 2
left_child=-1 2 -2 4 5 6 -3 -5 9 12 -11 -10 -9 -14
right_child=1 3 -4 7 -6 -7 -8 8 11 10 -12 -13 13 -15
leaf_value=0.00278519020839171 -0.0060793714740289845 0.00567805679338808 0.00095431322808058885 -0.0007657466236195388 0.0068874812294330724 -0.0037566543901211592 -0.00073643040532867118 -0.00026428558033190754 -0.0046922595063302111 -0.00070430743311060678 0.012818880991211959 -2.6223550296165338e-07 -0.0046990274496633436 0.0083150946464071382
leaf_weight=660 706 666 611 15256 664 584 720 7723 1319 591 756 134167 870 1323
leaf_count=660 706 666 611 15256 664 584 720 7723 1319 591 756 134167 870 1323
internal_value=-3.01876e-11 -1.10766e-05 -0.00281621 1.13626e-05 0.00213772 0.000536787 0.00234586 -2.32094e-05 5.39847e-05 0.00125601 0.00688554 -4.59403e-05 0.000491291 0.00315217
internal_weight=166616 165956 1317 164639 2634 1970 1386 162005 146749 11263 1347 135486 9916 2193
internal_count=166616 165956 1317 164639 2634 1970 1386 162005 146749 11263 1347 135486 9916 2193
is_linear=0
shrinkage=0.05


end of trees

feature_importances:
Column_0=1017
Column_1=835
Column_2=248

parameters:
[boosting: gbdt]
[objective: regression]
[metric: l2]
[tree_learner: serial]
[device_type: cpu]
[data_sample_strategy: bagging]
[data: ]
[valid: ]
[num_iterations: 150]
[learning_rate: 0.05]
[num_leaves: 15]
[num_threads: 1]
[seed: 0]
[deterministic: 1]
[force_col_wise: 1]
[force_row_wise: 0]
[histogram_pool_size: -1]
[max_depth: -1]
[min_data_in_leaf: 500]
[min_sum_hessian_in_leaf: 0.001]
[bagging_fraction: 1]
[pos_bagging_fraction: 1]
[neg_bagging_fraction: 1]
[bagging_freq: 0]
[bagging_seed: 7719]
[bagging_by_query: 0]
[feature_fraction: 1]
[feature_fraction_bynode: 1]
[feature_fraction_seed: 2437]
[extra_trees: 0]
[extra_seed: 11797]
[early_stopping_round: 0]
[early_stopping_min_delta: 0]
[first_metric_only: 0]
[max_delta_step: 0]
[lambda_l1: 0]
[lambda_l2: 0]
[linear_lambda: 0]
[min_gain_to_split: 0]
[drop_rate: 0.1]
[max_drop: 50]
[skip_drop: 0.5]
[xgboost_dart_mode: 0]
[uniform_drop: 0]
[drop_seed: 21238]
[top_rate: 0.2]
[other_rate: 0.1]
[min_data_per_group: 100]
[max_cat_threshold: 32]
[cat_l2: 10]
[cat_smooth: 10]
[max_cat_to_onehot: 4]
[top_k: 20]
[monotone_constraints: ]
[monotone_constraints_method: basic]
[monotone_penalty: 0]
[feature_contri: ]
[forcedsplits_filename: ]
[refit_decay_rate: 0.9]
[cegb_tradeoff: 1]
[cegb_penalty_split: 0]
[cegb_penalty_feature_lazy: ]
[cegb_penalty_feature_coupled: ]
[path_smooth: 0]
[interaction_constraints: ]
[verbosity: -1]
[saved_feature_importance_type: 0]
[use_quantized_grad: 0]
[num_grad_quant_bins: 4]
[quant_train_renew_leaf: 0]
[stochastic_rounding: 1]
[linear_tree: 0]
[max_bin: 255]
[max_bin_by_feature: ]
[min_data_in_bin: 3]
[bin_construct_sample_cnt: 200000]
[data_random_seed: 38]
[is_enable_sparse: 1]
[enable_bundle: 1]
[use_missing: 1]
[zero_as_missing: 0]
[feature_pre_filter: 1]
[pre_partition: 0]
[two_round: 0]
[header: 0]
[label_column: ]
[weight_column: ]
[group_column: ]
[ignore_column: ]
[categorical_feature: ]
[forcedbins_filename: ]
[precise_float_parser: 0]
[parser_config_file: ]
[objective_seed: 8855]
[num_class: 1]
[is_unbalance: 0]
[scale_pos_weight: 1]
[sigmoid: 1]
[boost_from_average: 1]
[reg_sqrt: 0]
[alpha: 0.9]
[fair_c: 1]
[poisson_max_delta_step: 0.7]
[tweedie_variance_power: 1.5]
[lambdarank_truncation_level: 30]
[lambdarank_norm: 1]
[label_gain: ]
[lambdarank_position_bias_regularization: 0]
[eval_at: ]
[multi_error_top_k: 1]
[auc_mu_weights: ]
[num_machines: 1]
[local_listen_port: 12400]
[time_out: 120]
[machine_list_filename: ]
[machines: ]
[gpu_platform_id: -1]
[gpu_device_id: -1]
[gpu_device_id_list: ]
[gpu_use_dp: 0]
[num_gpu: 1]

end of parameters

pandas_categorical:null
