tree
version=v4
num_class=1
num_tree_per_iteration=1
label_index=0
max_feature_idx=3
objective=regression
feature_names=Column_0 Column_1 Column_2 Column_3
feature_infos=[0.048494871705770493:14.344818115234375] [0.0024536035489290953:35.997413635253906] [0:2] [0:10]
tree_sizes=1514 1600 1593 1601 1594 1604 1594 1601 1609 1597 1602 1604 1585 1601 1617 1587 1583 1592 1599 1598 1597 1604 1577 1584 1604 1614 1583 1606 1596 1593 1609 1606 1578 1592 1580 1570 1587 1595 1579 1583 1580 1604 1569 1599 1570 1568 1604 1592 1578 1597 1594 1582 1590 1605 1601 1593 1574 1583 1581 1596 1583 1570 1583 1569 1582 1577 1584 1570 1563 1592 1585 1603 1591 1575 1573 1564 1598 1580 1556 1592 1583 1595 1595 1565 1593 1584 1596 1577 1583 1562 1583 1594 1587 1597 1583 1574 1583 1569 1579 1557 1560 1588 1570 1579 1577 1587 1574 1608 1585 1586 1581 1570 1579 1579 1574 1605 1576 1579 1575 1578 1591 1587 1575 1564 1583 1585 1581 1572 1590 1581 1591 1577 1597 1581 1576 1596 1583 1571 1565 1573 1569 1568 1578 1574 1587 1577 1591 1576 1575 1591

Tree=0
num_leaves=15
num_cat=0
split_feature=3 0 0 0 0 2 2 3 2 0 1 1 0 1
split_gain=507.01 243.631 55.8596 43.8832 40.7575 21.4874 18.0868 14.4596 13.3795 13.1986 10.9154 11.896 18.5298 16.1407
threshold=0.6000000074505808 3.2985996007919316 4.8903739452362069 4.664483070373536 1.9955905079841616 1.5000000000000002 1.0000000180025095e-35 2.1715686428978307 1.5000000000000002 1.8357617259025576 33.630130767822273 20.988759994506839 5.6355636119842538 31.394181251525882
decision_type=2 2 2 2 2 2 2 2 2 2 2 2 2 2
left_child=3 4 -3 9 5 6 -2 -6 -5 -1 11 -4 -13 -14
right_child=1 2 10 8 7 -7 -8 -9 -10 -11 -12 12 13 -15
leaf_value=0.098244020863414855 0.10066479408283868 0.10274554177058566 0.10427024869641512 0.10120085983940917 0.10089110544098309 0.1016516656956102 0.099401774582603158 0.10196065474236192 0.098946040239855051 0.09909751633370778 0.10213381019686402 0.10405941716295102 0.10612573869646402 0.11072559341098409
leaf_weight=67878 77087 105532 37125 28609 44340 32239 44825 109965 8533 136683 4088 9107 9500 2403
leaf_count=67878 77087 105532 37125 28609 44340 32239 44825 109965 8533 136683 4088 9107 9500 2403
internal_value=0.100966 0.101913 0.103446 0.0991013 0.101079 0.100504 0.1002 0.101653 0.100682 0.0988142 0.104635 0.10481 0.105762 0.107062
internal_weight=717914 476211 167755 241703 308456 154151 121912 154305 37142 204561 62223 58135 21010 11903
internal_count=717914 476211 167755 241703 308456 154151 121912 154305 37142 204561 62223 58135 21010 11903
is_linear=0
shrinkage=1


Tree=1
num_leaves=15
num_cat=0
split_feature=3 0 0 0 0 2 3 2 2 2 0 2 1 1
split_gain=457.589 219.892 50.423 39.604 36.9472 15.4167 14.2985 12.9908 28.8985 12.0764 11.9121 10.8479 9.85144 10.742
threshold=0.6000000074505808 3.2985996007919316 4.8903739452362069 4.664483070373536 1.7805435657501223 1.5000000000000002 2.1291666594333987 1.5000000000000002 1.0000000180025095e-35 1.5000000000000002 1.8357617259025576 1.0000000180025095e-35 33.630130767822273 20.988759994506839
decision_type=2 2 2 2 2 2 2 2 2 2 2 2 2 2
left_child=3 4 -3 10 5 11 -6 8 -8 -5 -1 -2 13 -4
right_child=1 2 12 9 6 -7 7 -9 -10 -11 -12 -13 -14 -15
leaf_value=-0.0025861874599981136 -0.0004365434700839175 0.0016902858255494813 0.0031387935742653306 0.00022283366608946595 -0.00014398402010073271 0.0005237848281103211 0.0012504352450062256 0.0018388627439935999 -0.00045334500208069523 -0.0019193673415954298 -0.0017753534428892024 -0.0015174432947960542 0.001109274978961419 0.0045567826712682421
leaf_weight=67878 62858 105532 37125 28609 51505 26358 64303 26036 40592 8533 136683 36804 4088 21010
leaf_count=67878 62858 105532 37125 28609 51505 26358 64303 26036 40592 8533 136683 36804 4088 21010
internal_value=1.2344e-08 0.000899327 0.00235618 -0.00177181 0.00010696 -0.000551429 0.000561756 0.000839367 0.00059113 -0.0002697 -0.00204452 -0.000835819 0.0034851 0.00365195
internal_weight=717914 476211 167755 241703 308456 126020 182436 130931 104895 37142 204561 99662 62223 58135
internal_count=717914 476211 167755 241703 308456 126020 182436 130931 104895 37142 204561 99662 62223 58135
is_linear=0
shrinkage=0.05


Tree=2
num_leaves=15
num_cat=0
split_feature=3 0 0 0 0 2 2 2 3 0 2 3 0 3
split_gain=412.983 198.458 45.5101 36.3053 33.9418 15.5021 14.4602 37.9443 9.49008 8.23602 13.23 7.95973 7.93866 7.60861
threshold=0.6000000074505808 3.2985996007919316 4.8903739452362069 3.45921802520752 1.5153242349624636 1.5000000000000002 1.0000000180025095e-35 1.5000000000000002 0.98214284231772242 4.8109230995178232 1.5000000000000002 2.3405796909668424 8.1905436515808123 1.1702898454834212
decision_type=2 2 2 2 2 2 2 2 2 2 2 2 2 2
left_child=3 4 -3 -1 5 -2 11 -8 -4 -5 12 -6 -11 -10
right_child=1 2 8 9 6 -7 7 -9 13 10 -12 -13 -14 -15
leaf_value=-0.0021036890483258795 -0.0010174273135411401 0.0016057794015537218 0.0013049083498455328 -0.0012403750179780966 0.00021969622669114976 0.00056620932866822211 -0.00071533315704532495 0.0011944528246888681 0.0058744319646966189 0.00060603813389557121 -0.0020289099518702824 0.0011568302191354571 -0.0025490659147560189 0.0033588291846841298
leaf_weight=164335 74660 105532 5401 43898 32894 19479 65413 43161 3196 23685 7618 72849 2167 53626
leaf_count=164335 74660 105532 5401 43898 32894 19479 65413 43161 3196 23685 7618 72849 2167 53626
internal_value=1.54671e-08 0.000854372 0.0022384 -0.00168323 0.000101614 -0.00068972 0.000449224 4.38967e-05 0.00331092 -0.000789994 -0.000199097 0.00086536 0.000340684 0.00350133
internal_weight=717914 476211 167755 241703 308456 94139 214317 108574 62223 77368 33470 105743 25852 56822
internal_count=717914 476211 167755 241703 308456 94139 214317 108574 62223 77368 33470 105743 25852 56822
is_linear=0
shrinkage=0.05


Tree=3
num_leaves=15
num_cat=0
split_feature=3 0 0 0 0 2 2 3 3 0 2 1 0 2
split_gain=372.937 177.076 40.1303 34.1505 30.9664 15.342 14.7058 11.0482 9.58633 7.53113 12.3254 7.45227 7.14807 7.02272
threshold=0.62499998835846837 3.2985996007919316 4.8903739452362069 3.45921802520752 1.9955905079841616 1.5000000000000002 1.0000000180025095e-35 2.1715686428978307 0.98214284231772242 4.8109230995178232 1.5000000000000002 20.685234069824222 1.1435822248458865 1.5000000000000002
decision_type=2 2 2 2 2 2 2 2 2 2 2 2 2 2
left_child=3 4 -3 -1 5 6 12 -6 -4 -5 -11 -12 -2 -9
right_child=1 2 8 9 7 -7 -8 13 -10 10 11 -13 -14 -15
leaf_value=-0.0019893530365601808 -0.0009034741958405401 0.0015352230693302469 0.0010420260470619159 -0.0011511805679031643 -6.7760528841413222e-05 0.00057661821489022431 -0.001375878919425866 0.00067724084661105097 0.0033263446616533078 0.00035680647104932513 -0.00074327329209653318 -0.0039733087890354143 0.00011484088574971249 0.0016826091361811304
leaf_weight=166457 26182 104867 5009 44457 43307 32021 44565 88343 56822 26157 4934 2794 50377 21622
leaf_count=166457 26182 104867 5009 44457 43307 32021 44565 88343 56822 26157 4934 2794 50377 21622
internal_value=1.89983e-08 0.00081975 0.00213117 -0.00158422 0.000106263 -0.000396575 -0.00065388 0.000608677 0.00314149 -0.00072326 -0.000161656 -0.00191469 -0.00023348 0.000875058
internal_weight=717914 473115 166698 244799 306417 153145 121124 153272 61831 78342 33885 7728 76559 109965
internal_count=717914 473115 166698 244799 306417 153145 121124 153272 61831 78342 33885 7728 76559 109965
is_linear=0
shrinkage=0.05


Tree=4
num_leaves=15
num_cat=0
split_feature=3 0 0 0 0 2 2 2 2 3 2 1 0 0
split_gain=336.726 161.737 37.2223 29.5217 28.6524 14.3954 12.6588 10.7391 24.9119 8.4458 11.5035 11.7839 11.0085 13.5697
threshold=0.6000000074505808 3.2985996007919316 4.973764419555665 3.45921802520752 1.9955905079841616 1.5000000000000002 1.0000000180025095e-35 1.0000000180025095e-35 1.5000000000000002 8.4999995026737682 1.5000000000000002 31.109500885009769 8.1905436515808123 6.8343644142150888
decision_type=2 2 2 2 2 2 2 2 2 2 2 2 2 2
left_child=3 4 -3 -1 5 6 -2 -6 -9 12 11 -11 13 -4
right_child=1 2 9 -5 7 -7 -8 8 -10 10 -12 -13 -14 -15
leaf_value=-0.0018990493765916707 -0.00025008945613661784 0.0014756901210293367 0.0023731663123010703 -0.00071442514014016464 0.00099886361265313288 0.00054926548476529351 -0.0013067269524894756 -0.0005417652441888042 0.0012853203864257772 0.0038544255567614519 0.001673919618205684 0.0074718833801503534 -0.00026330387443095093 0.0050414722019661269
leaf_weight=164335 77087 109254 27555 77368 75646 32239 44825 48258 30401 14460 4910 2677 3132 5767
leaf_count=164335 77087 109254 27555 77368 75646 32239 44825 48258 30401 14460 4910 2677 3132 5767
internal_value=1.74468e-08 0.000771475 0.00202092 -0.0015199 9.19161e-05 -0.000390209 -0.000638673 0.000573554 0.000164461 0.00303874 0.00381222 0.00442354 0.00257003 0.00283634
internal_weight=717914 476211 167755 241703 308456 154151 121912 154305 78659 58501 22047 17137 36454 33322
internal_count=717914 476211 167755 241703 308456 154151 121912 154305 78659 58501 22047 17137 36454 33322
is_linear=0
shrinkage=0.05


Tree=5
num_leaves=15
num_cat=0
split_feature=3 0 0 0 0 2 2 2 2 2 0 3 0 2
split_gain=304.052 144.623 37.0745 28.1014 22.5193 12.0709 22.0651 11.4052 10.2864 23.4333 16.8981 8.45715 8.25191 11.1311
threshold=0.62499998835846837 3.1389131546020512 4.8903739452362069 3.1936514377593999 1.5153242349624636 1.0000000180025095e-35 1.5000000000000002 1.5000000000000002 1.5000000000000002 1.0000000180025095e-35 4.5934560298919687 0.98214284231772242 4.8109230995178232 1.5000000000000002
decision_type=2 2 2 2 2 2 2 2 2 2 2 2 2 2
left_child=3 4 8 -1 7 -6 -7 -2 9 -3 -10 -4 -5 -14
right_child=1 2 11 12 5 6 -8 -9 10 -11 -12 -13 13 -15
leaf_value=-0.0018461890369948055 -0.00087456867932926043 0.0017001974685180244 0.0008655626736007951 -0.0011014816786938332 0.00074567589153256067 -0.00064545911041542987 0.00087590394190899484 0.00048839454953814065 0.0028522534257035348 9.8554377590943828e-05 -0.00091035424675644464 0.0030107998131272307 0.00037288486861042748 -0.0017857615308060012
leaf_weight=152777 74188 61783 5009 58137 97268 59669 39669 19345 19621 36227 3514 56822 26157 7728
leaf_count=152777 74188 61783 5009 58137 97268 59669 39669 19345 19621 36227 3514 56822 26157 7728
internal_value=3.03558e-08 0.000740194 0.00184096 -0.00143043 4.59561e-05 0.000349781 -3.79007e-05 -0.000592651 0.00133231 0.00110826 0.0022806 0.00283718 -0.000740056 -0.00011981
internal_weight=717914 473115 182976 244799 290139 196606 99338 93533 121145 98010 23135 61831 92022 33885
internal_count=717914 473115 182976 244799 290139 196606 99338 93533 121145 98010 23135 61831 92022 33885
is_linear=0
shrinkage=0.05


Tree=6
num_leaves=15
num_cat=0
split_feature=3 0 0 0 0 2 2 3 0 0 1 1 0 1
split_gain=274.554 132.285 30.3765 24.8809 24.0204 11.7826 10.8188 10.1368 9.21954 9.03107 8.06408 9.91012 15.7575 14.2874
threshold=0.6000000074505808 3.2985996007919316 4.973764419555665 4.664483070373536 1.9955905079841616 1.5000000000000002 1.0000000180025095e-35 2.1715686428978307 1.8357617259025576 8.1905436515808123 33.630130767822273 20.988759994506839 5.6355636119842538 31.394181251525882
decision_type=2 2 2 2 2 2 2 2 2 2 2 2 2 2
left_child=3 4 -3 8 5 6 -2 -6 -1 -5 11 -4 -13 -14
right_child=1 2 10 9 7 -7 -8 -9 -10 -11 -12 12 13 -15
leaf_value=-0.0020650408373636435 -0.000224932610406777 0.0013340641504848596 0.0023935072652696808 3.4778766724077516e-05 -0.00011513948666517127 0.00049057224418383699 -0.0012017615827470737 0.00078036676543559935 -0.0013518180346797828 -0.002987284417495609 0.00044746939031668266 0.0020367289974560906 0.0040596943873678236 0.0083823136682823554
leaf_weight=67878 77087 109254 35273 34489 44340 32239 44825 109965 136683 2653 3586 7739 9500 2403
leaf_count=67878 77087 109254 35273 34489 44340 32239 44825 109965 136683 2653 3586 7739 9500 2403
internal_value=3.1513e-08 0.000696638 0.00182661 -0.00137242 8.20585e-05 -0.000359378 -0.000584165 0.00052305 -0.00158857 -0.000181829 0.00274608 0.00289608 0.00379691 0.00493866
internal_weight=717914 476211 167755 241703 308456 154151 121912 154305 204561 37142 58501 54915 19642 11903
internal_count=717914 476211 167755 241703 308456 154151 121912 154305 204561 37142 58501 54915 19642 11903
is_linear=0
shrinkage=0.05


Tree=7
num_leaves=15
num_cat=0
split_feature=3 0 0 0 0 2 2 2 2 2 0 1 1 0
split_gain=248.156 119.092 31.1617 23.0759 18.8662 10.8758 19.3868 9.53763 8.92965 21.1723 15.4697 7.67007 11.1593 16.0414
threshold=0.66190475800545634 3.1389131546020512 4.8903739452362069 3.1936514377593999 1.5153242349624636 1.0000000180025095e-35 1.5000000000000002 1.5000000000000002 1.5000000000000002 1.0000000180025095e-35 4.5934560298919687 33.630130767822273 20.988759994506839 5.6355636119842538
decision_type=2 2 2 2 2 2 2 2 2 2 2 2 2 2
left_child=3 4 8 -1 7 -6 -7 -2 9 -3 -10 12 -4 -14
right_child=1 2 11 -5 5 6 -8 -9 10 -11 -12 -13 13 -15
leaf_value=-0.001655890438381666 -0.00080213082242316805 0.0015634252566238548 0.0022146604822247881 -0.00065914647032905358 0.00069853459436278577 -0.00061868705431250299 0.00081128770827359499 0.00044797997764795835 0.0026429551864902215 3.6526945983863375e-05 -0.00096938471819818972 0.00048607478617699869 0.0020755156881765401 0.0048826468461619027
leaf_weight=154507 73760 61439 36648 93059 96670 59322 39460 19229 19510 36007 3489 4043 9007 11764
leaf_count=154507 73760 61439 36648 93059 96670 59322 39460 19229 19510 36007 3489 4043 9007 11764
internal_value=3.82939e-08 0.000674458 0.00167628 -0.00128126 4.26187e-05 0.000321535 -4.74372e-05 -0.000543603 0.00120863 0.000999287 0.00209477 0.00259237 0.00274057 0.00366697
internal_weight=717914 470348 181907 247566 288441 195452 98782 92989 120445 97446 22999 61462 57419 20771
internal_count=717914 470348 181907 247566 288441 195452 98782 92989 120445 97446 22999 61462 57419 20771
is_linear=0
shrinkage=0.05


Tree=8
num_leaves=15
num_cat=0
split_feature=3 0 0 0 0 2 2 3 0 0 2 1 1 0
split_gain=224.049 108.155 24.6895 21.2364 20.1438 9.63375 9.2369 9.06749 8.15442 7.92261 7.75793 7.48773 7.6744 13.5943
threshold=0.6000000074505808 3.2985996007919316 4.8903739452362069 4.664483070373536 1.9955905079841616 1.5000000000000002 1.0000000180025095e-35 2.1715686428978307 8.1905436515808123 1.5775602459907534 1.0000000180025095e-35 33.630130767822273 20.988759994506839 5.7656588554382333
decision_type=2 2 2 2 2 2 2 2 2 2 2 2 2 2
left_child=3 4 -3 9 5 6 -2 -6 10 -1 -5 12 -4 -14
right_child=1 2 11 8 7 -7 -8 -9 -10 -11 -12 -13 13 -15
leaf_value=-0.0019756161344625287 -0.00020195673655729209 0.0011850936258588297 0.0021531082133104617 0.00087238545256615278 -0.00012612624921054012 0.00043791831219311433 -0.0011045484887959231 0.00072082758801589319 -0.0028056474528178055 -0.0012586503105808621 -0.00063097080033268924 0.00037162568739269885 0.0020711034997527686 0.0046178002599366269
leaf_weight=51562 77087 105532 37125 15988 44340 32239 44825 109965 2653 152999 18501 4088 10466 10544
leaf_count=51562 77087 105532 37125 15988 44340 32239 44825 109965 2653 152999 18501 4088 10466 10544
internal_value=4.41911e-08 0.000629325 0.00165105 -0.00123976 7.36193e-05 -0.00033063 -0.000533888 0.00047746 -0.000139829 -0.00143946 6.59881e-05 0.00244102 0.00258644 0.00335077
internal_weight=717914 476211 167755 241703 308456 154151 121912 154305 37142 204561 34489 62223 58135 21010
internal_count=717914 476211 167755 241703 308456 154151 121912 154305 37142 204561 34489 62223 58135 21010
is_linear=0
shrinkage=0.05


Tree=9
num_leaves=15
num_cat=0
split_feature=3 0 0 0 0 3 0 0 2 3 3 2 2 2
split_gain=202.68 97.1201 22.8068 20.2028 17.6231 8.64417 7.40573 18.5513 20.0044 8.54033 7.08269 6.74631 6.19503 16.5751
threshold=0.67028986410987235 3.2985996007919316 4.973764419555665 3.1936514377593999 1.7805435657501223 2.3333332811792697 7.8191416263580331 6.8343644142150888 1.0000000180025095e-35 8.3541663166446138 0.13423423885406591 1.5000000000000002 1.5000000000000002 1.0000000180025095e-35
decision_type=2 2 2 2 2 2 2 2 2 2 2 2 2 2
left_child=3 4 -3 -1 11 -6 7 -4 -9 -8 -5 -2 13 -7
right_child=1 2 6 10 5 12 9 8 -10 -11 -12 -13 -14 -15
leaf_value=-0.0014866222508491916 -0.00056358795504327292 0.0011674134152020745 0.0022268319308435982 -0.00092346485735795344 -0.00014464087733574886 0.00095782744497555593 -0.00057808293524083839 0.0026698024486379694 0.0080493258071702642 0.0030014301335621624 -4.60210260225715e-05 0.00034641945616986793 0.0013258045746578667 -0.000352312317021218
leaf_weight=157703 97401 106728 43136 56093 51105 62427 4118 4027 3038 2786 38978 25743 25278 39353
leaf_count=157703 97401 106728 43136 56093 51105 62427 4118 4027 3038 2786 38978 25743 25278 39353
internal_value=4.49989e-08 0.00061936 0.00159912 -0.00113956 8.65902e-05 0.000404491 0.00240562 0.00261678 0.00499114 0.000868625 -0.000563766 -0.00037334 0.000625356 0.00045128
internal_weight=717914 465140 163833 252774 301307 178163 57105 50201 7065 6904 95071 123144 127058 101780
internal_count=717914 465140 163833 252774 301307 178163 57105 50201 7065 6904 95071 123144 127058 101780
is_linear=0
shrinkage=0.05


Tree=10
num_leaves=15
num_cat=0
split_feature=3 0 0 0 0 2 2 2 2 0 2 2 0 1
split_gain=182.977 88.5736 22.747 18.149 15.2464 9.05452 15.7675 8.53891 19.4092 14.6506 7.53939 7.48679 6.82332 6.64725
threshold=0.6000000074505808 3.1389131546020512 4.8903739452362069 4.664483070373536 1.5153242349624636 1.0000000180025095e-35 1.5000000000000002 1.5000000000000002 1.0000000180025095e-35 4.5934560298919687 1.5000000000000002 1.5000000000000002 1.5775602459907534 33.630130767822273
decision_type=2 2 2 2 2 2 2 2 2 2 2 2 2 2
left_child=3 4 7 12 11 -6 -7 8 -3 -9 -5 -2 -1 -4
right_child=1 2 13 10 5 6 -8 9 -10 -11 -12 -13 -14 -15
leaf_value=-0.0018025377796506007 -0.00072422054952473369 0.00136364376785594 0.0023424314359400196 0.00028559752614900274 0.0006181885081124758 -0.00057003800792664722 0.00071159145784350077 0.0024218712849665563 -8.9651686304721698e-05 -0.00107015395824019 -0.0014070107847857947 0.00037632868904795844 -0.0011371853568174258 0.00025588193166292634
leaf_weight=51562 74660 62190 58135 28609 97920 60076 39947 19752 36428 3536 8533 19479 152999 4088
leaf_count=51562 74660 62190 58135 28609 97920 60076 39947 19752 36428 3536 8533 19479 152999 4088
internal_value=5.35942e-08 0.000568738 0.00142755 -0.00112036 2.73122e-05 0.000276434 -5.81632e-05 0.00103037 0.000826864 0.00189142 -0.000103536 -0.000496482 -0.00130498 0.00220541
internal_weight=717914 476211 184129 241703 292082 197943 100023 121906 98618 23288 37142 94139 204561 62223
internal_count=717914 476211 184129 241703 292082 197943 100023 121906 98618 23288 37142 94139 204561 62223
is_linear=0
shrinkage=0.05


Tree=11
num_leaves=15
num_cat=0
split_feature=3 0 0 0 0 2 2 3 0 0 2 3 3 2
split_gain=165.684 79.4695 18.6184 16.8402 14.7812 7.41703 8.15975 7.1059 6.31984 17.2701 18.051 7.7245 6.21425 4.65158
threshold=0.67028986410987235 3.2985996007919316 4.8903739452362069 3.1936514377593999 1.9955905079841616 1.5000000000000002 1.0000000180025095e-35 2.1715686428978307 7.8191416263580331 6.8343644142150888 1.0000000180025095e-35 8.3541663166446138 0.13423423885406591 1.0000000180025095e-35
decision_type=2 2 2 2 2 2 2 2 2 2 2 2 2 2
left_child=3 4 13 -1 5 6 -2 -6 9 -4 -11 -10 -5 -3
right_child=1 2 8 12 7 -7 -8 -9 11 10 -12 -13 -14 -15
leaf_value=-0.0013471728596207008 -0.0001369514730283798 0.0013628111341448528 0.0019744224324449683 -0.00084153832768266677 -0.00013600670703213706 0.00041017795302085186 -0.00099508518368192963 0.00063710493182612309 -0.00066055198346154885 0.0024219305526845627 0.0075314423092618021 0.00274355088577783 -1.9652855511417199e-05 0.00069051417980609214
leaf_weight=157703 75319 53099 46780 56093 40725 31487 43811 109965 4118 4027 3038 2786 38978 49985
leaf_count=157703 75319 53099 46780 56093 40725 31487 43811 109965 4118 4027 3038 2786 38978 49985
internal_value=5.20749e-08 0.000559998 0.00144627 -0.00103031 7.80663e-05 -0.000272213 -0.000452594 0.000428171 0.0021406 0.00232321 0.0046266 0.000715101 -0.000504612 0.00103692
internal_weight=717914 465140 163833 252774 301307 150617 119130 150690 60749 53845 7065 6904 95071 103084
internal_count=717914 465140 163833 252774 301307 150617 119130 150690 60749 53845 7065 6904 95071 103084
is_linear=0
shrinkage=0.05


Tree=12
num_leaves=15
num_cat=0
split_feature=3 0 0 0 0 2 2 3 2 1 0 0 2 0
split_gain=149.534 71.7267 16.8555 15.1983 13.363 7.94655 20.703 6.07156 10.4298 11.1013 9.68533 10.2497 8.1005 6.47295
threshold=0.67028986410987235 3.2985996007919316 4.973764419555665 3.1936514377593999 1.1435822248458865 1.0000000180025095e-35 1.5000000000000002 8.4999995026737682 1.5000000000000002 31.109500885009769 8.1905436515808123 6.8343644142150888 1.0000000180025095e-35 5.0669009685516366
decision_type=2 2 2 2 2 2 2 2 2 2 2 2 2 2
left_child=3 4 -3 -1 -2 -6 -7 10 9 -9 11 13 -13 -4
right_child=1 2 7 -5 5 6 -8 8 -10 -11 -12 12 -14 -15
leaf_value=-0.001279818526175508 -0.00065922823678867123 0.0010028715781403188 0.0040975228212813365 -0.00047938638890383307 0.00051074264810141651 -0.00057710743809694239 0.00072816502088959812 0.0027486485981333968 0.0006844457377061131 0.0062550255282567387 -0.0010474181193327876 0.002013301468817352 0.0058352450853138412 0.0012650030159709637
leaf_weight=157703 51487 106728 2193 95071 123400 75687 50733 14460 4910 2677 3018 2891 2683 24273
leaf_count=157703 51487 106728 2193 95071 123400 75687 50733 14460 4910 2677 3018 2891 2683 24273
internal_value=5.89241e-08 0.000532015 0.001374 -0.000978798 7.41626e-05 0.000225332 -5.32787e-05 0.00206734 0.00271785 0.00329971 0.00165759 0.00191263 0.00386012 0.00150117
internal_weight=717914 465140 163833 252774 301307 249820 126420 57105 22047 17137 35058 32040 5574 26466
internal_count=717914 465140 163833 252774 301307 249820 126420 57105 22047 17137 35058 32040 5574 26466
is_linear=0
shrinkage=0.05


Tree=13
num_leaves=15
num_cat=0
split_feature=3 0 0 0 0 2 2 0 2 2 0 2 1 1
split_gain=135.329 65.6958 16.6237 14.7087 12.024 7.92441 16.5886 13.2593 7.40132 12.3503 7.381 6.64504 6.50084 14.7293
threshold=0.6000000074505808 3.1389131546020512 4.8903739452362069 4.664483070373536 1.5153242349624636 1.5000000000000002 1.0000000180025095e-35 4.5934560298919687 1.0000000180025095e-35 1.5000000000000002 8.1905436515808123 1.0000000180025095e-35 24.157431602478031 31.394181251525882
decision_type=2 2 2 2 2 2 2 2 2 2 2 2 2 2
left_child=3 4 5 -1 -2 6 -3 12 -6 -10 11 -5 -7 -14
right_child=1 2 -4 10 8 7 -8 -9 9 -11 -12 -13 13 -15
leaf_value=-0.001129683118935264 -0.0004423099846670437 0.0011894477102569541 0.0018937425573471484 0.00089398230712745539 0.00055306855904128308 0.0028691928985823539 -0.00015408895692041843 -0.0010985997887414283 -0.00051145019598093232 0.00062282577274294475 -0.0025843664598093419 -0.0004973793169967014 -0.00098081296620503217 0.0038125474075847566
leaf_weight=204561 94139 62190 62223 15988 97920 13104 36428 3536 60076 39947 2653 18501 3977 2671
leaf_count=204561 94139 62190 62223 15988 97920 13104 36428 3536 60076 39947 2653 18501 3977 2671
internal_value=7.06415e-08 0.000489139 0.00122877 -0.000963488 2.28497e-05 0.000889226 0.0006932 0.00171868 0.000244084 -5.84282e-05 -4.81058e-05 0.000147684 0.00222333 0.000947873
internal_weight=717914 476211 184129 241703 292082 121906 98618 23288 197943 100023 37142 34489 19752 6648
internal_count=717914 476211 184129 241703 292082 121906 98618 23288 197943 100023 37142 34489 19752 6648
is_linear=0
shrinkage=0.05


Tree=14
num_leaves=15
num_cat=0
split_feature=3 0 0 0 0 3 2 2 0 2 2 2 2 0
split_gain=122.227 59.4355 15.1982 12.9044 9.72916 8.33678 7.40905 11.7394 12.0882 6.23687 8.75483 6.20824 6.37832 5.73201
threshold=0.67028986410987235 3.6627779006958012 1.9955905079841616 3.45921802520752 4.973764419555665 2.1715686428978307 1.0000000180025095e-35 1.5000000000000002 4.5934560298919687 1.5000000000000002 1.0000000180025095e-35 1.5000000000000002 1.0000000180025095e-35 7.8191416263580331
decision_type=2 2 2 2 2 2 2 2 2 2 2 2 2 2
left_child=3 2 11 -1 6 -4 -3 -8 -9 10 -7 12 -2 -6
right_child=1 4 5 -5 13 9 7 8 -10 -11 -12 -13 -14 -15
leaf_value=-0.0011301390896061988 -0.00013293152126473226 0.0014814143309305288 -0.00012326007742315237 -0.00036441863080699998 0.0020552447490742721 0.00082994664396015693 -0.00023502106323689399 0.0025246223330770536 -0.00071655041626926032 0.0013326555874708127 -9.8062793996878334e-05 0.00037734029716619892 -0.00089163302434540142 0.00051779389490645266
leaf_weight=171813 75319 39018 49329 80961 50201 65318 22004 10174 4004 25977 41594 31487 43811 6904
leaf_count=171813 75319 39018 49329 80961 50201 65318 22004 10174 4004 25977 41594 31487 43811 6904
internal_value=7.03087e-08 0.00048101 0.000124648 -0.000884911 0.00137742 0.000431817 0.00100356 0.000487974 0.00160942 0.000637858 0.00046893 -0.000246973 -0.000412001 0.00186949
internal_weight=717914 465140 332835 252774 132305 182218 75200 36182 14178 132889 106912 150617 119130 57105
internal_count=717914 465140 332835 252774 132305 182218 75200 36182 14178 132889 106912 150617 119130 57105
is_linear=0
shrinkage=0.05


Tree=15
num_leaves=15
num_cat=0
split_feature=3 0 0 0 3 0 2 1 1 3 2 0 3 0
split_gain=110.66 54.8191 13.8556 13.5447 9.41331 8.10582 13.0492 8.70671 18.5699 9.11735 7.19895 13.3188 7.06091 6.73169
threshold=0.93541664420627202 3.8044918775558476 2.9917087554931645 1.9955905079841616 0.24662162488703313 5.7656588554382333 1.0000000180025095e-35 14.751514434814455 11.186601161956789 6.2678569601088592 1.0000000180025095e-35 6.719891071319581 2.1715686428978307 6.5541508197784433
decision_type=2 2 2 2 2 2 2 2 2 2 2 2 2 2
left_child=2 3 -1 -2 -4 6 -3 8 10 -9 -7 -12 -5 -11
right_child=1 5 4 12 -6 7 -8 9 -10 13 11 -13 -14 -15
leaf_value=-0.0010704476016445137 -0.00020087883405800889 0.0018217026996304984 -0.00070812356567074718 -0.00013155570733212164 0.00021174175169441767 0.00075449541281825971 0.00057395118775051821 0.0017571105447908412 -0.0020726241648546715 0.0056127142050700837 0.0010907612801317544 0.0062391980909934442 0.00061883963339186634 0.0027609486270463381
leaf_weight=163524 141196 41502 73448 40297 44752 4147 42339 8858 3292 3812 2617 2415 141115 4600
leaf_count=163524 141196 41502 73448 40297 44752 4147 42339 8858 3292 3812 2617 2415 141115 4600
internal_value=7.05064e-08 0.000498956 -0.000772338 0.000166345 -0.000359863 0.00144358 0.00119174 0.00215287 0.00114479 0.00287974 0.0022997 0.00356912 0.000452156 0.00405839
internal_weight=717914 436190 281724 322608 118200 113582 83841 29741 12471 17270 9179 5032 181412 8412
internal_count=717914 436190 281724 322608 118200 113582 83841 29741 12471 17270 9179 5032 181412 8412
is_linear=0
shrinkage=0.05


Tree=16
num_leaves=15
num_cat=0
split_feature=3 0 0 0 0 3 0 1 1 0 3 2 1 1
split_gain=100.553 49.2145 14.1141 11.9646 8.88049 7.08206 6.66333 6.19631 6.499 14.9739 13.1381 14.0083 7.19335 9.48782
threshold=0.6000000074505808 2.9393748044967656 4.8903739452362069 4.664483070373536 1.1435822248458865 3.3452381725315337 8.1905436515808123 33.630130767822273 25.57122898101807 5.2262580394744882 8.6904760789709048 1.0000000180025095e-35 9.6770539283752459 4.3665919303894052
decision_type=2 2 2 2 2 2 2 2 2 2 2 2 2 2
left_child=3 4 -3 -1 -2 -6 -5 8 12 -10 11 -11 13 -4
right_child=1 2 7 6 5 -7 -8 -9 9 10 -12 -13 -14 -15
leaf_value=-0.0009803880355574938 -0.00060279501924824985 0.00073238596243741557 0.00083442955858625118 0.00018110244720481958 -0.000228974410184452 0.00035215228741469241 -0.0024147292576700502 -0.00024615118676936387 -0.00014787094636784859 -0.00014558813403811683 0.00591320458000286 0.0045067099206995359 0.00097226389113052583 0.0032624600161399622
leaf_weight=204561 52679 142684 6736 34489 87214 131411 2653 4088 3444 3132 3975 3336 27498 10014
leaf_count=204561 52679 142684 6736 34489 87214 131411 2653 4088 3444 3132 3975 3336 27498 10014
internal_value=7.89528e-08 0.000421649 0.00100651 -0.000830495 -2.00967e-05 0.000120329 -4.91416e-06 0.00163488 0.00176717 0.00271104 0.00365313 0.00225718 0.0014704 0.00228711
internal_weight=717914 476211 204907 241703 271304 218625 37142 62223 58135 13887 10443 6468 44248 16750
internal_count=717914 476211 204907 241703 271304 218625 37142 62223 58135 13887 10443 6468 44248 16750
is_linear=0
shrinkage=0.05


Tree=17
num_leaves=15
num_cat=0
split_feature=3 0 0 0 3 0 2 1 1 3 2 2 0 0
split_gain=90.8442 45.405 11.7407 11.2671 10.4585 6.70791 11.9995 7.86824 16.3255 7.78877 6.54846 6.41088 11.8789 6.40638
threshold=0.93541664420627202 3.8044918775558476 1.5775602459907534 1.9955905079841616 0.12660256836423761 5.7656588554382333 1.0000000180025095e-35 14.751514434814455 11.186601161956789 6.2678569601088592 1.5000000000000002 1.0000000180025095e-35 6.719891071319581 5.2597839832305917
decision_type=2 2 2 2 2 2 2 2 2 2 2 2 2 2
left_child=2 3 -1 10 -4 6 13 8 11 -9 -2 -7 -13 -3
right_child=1 5 4 -5 -6 7 -8 9 -10 -11 -12 12 -14 -15
leaf_value=-0.0013201384344420869 -0.00036048663317588502 0.0014329979715453419 -0.00085863730545694293 0.00041006795982664055 -0.00017097990525287261 0.00062383743830016019 0.00049029825705197954 0.0016103945609066903 -0.0020177725785878189 0.0037373656140897897 0.00047708673692347297 0.00093948328988354389 0.0058011741171859225 0.00321138062139926
leaf_weight=60012 111707 35596 116322 181412 105390 4147 42339 8858 3292 8412 29489 2617 2415 5906
leaf_count=60012 111707 35596 116322 181412 105390 4147 42339 8858 3292 8412 29489 2617 2415 5906
internal_value=8.33839e-08 0.000452099 -0.000699758 0.000149392 -0.000531784 0.00131179 0.0010827 0.00195703 0.000998836 0.00264798 -0.000185537 0.00208175 0.00327963 0.00168679
internal_weight=717914 436190 281724 322608 221712 113582 83841 29741 12471 17270 141196 9179 5032 41502
internal_count=717914 436190 281724 322608 221712 113582 83841 29741 12471 17270 141196 9179 5032 41502
is_linear=0
shrinkage=0.05


Tree=18
num_leaves=15
num_cat=0
split_feature=3 0 0 0 3 2 2 0 0 2 1 1 0 1
split_gain=82.3648 40.6567 11.3029 10.5833 7.89197 7.43403 11.4734 6.812 6.63129 6.51594 5.72469 5.87936 10.1036 13.5334
threshold=0.6000000074505808 2.9566944837570195 4.8903739452362069 4.664483070373536 2.0249999754130852 1.5000000000000002 1.0000000180025095e-35 0.87238541245460521 1.5004979968070986 1.5000000000000002 33.630130767822273 20.988759994506839 5.7656588554382333 31.537603378295902
decision_type=2 2 2 2 2 2 2 2 2 2 2 2 2 2
left_child=3 4 -3 -1 7 6 8 -2 -6 -5 11 -4 -13 -14
right_child=1 2 10 9 5 -7 -8 -9 -10 -11 -12 12 13 -15
leaf_value=-0.00089260020886614303 -0.0018582497386201464 0.00066946553197841808 0.0012270845902380705 0.00038655562776072786 -0.00024872458374437025 0.00075680609018117791 -0.00055383605278533615 -0.00029136005107895357 0.00061910266319139423 -0.0011869767210608562 -0.00032906620978502641 0.0011722332268153291 0.0024814431595638264 0.0070075878668100187
leaf_weight=204561 7721 140766 37125 28609 33235 40118 59432 67562 65154 8533 4088 10466 8496 2048
leaf_count=204561 7721 140766 37125 28609 33235 40118 59432 67562 65154 8533 4088 10466 8496 2048
internal_value=8.89433e-08 0.000381633 0.000917606 -0.000751625 -1.6585e-05 0.000149141 -5.36501e-06 -0.000452285 0.000325962 2.48302e-05 0.00147877 0.00160593 0.00227446 0.00336638
internal_weight=717914 476211 202989 241703 273222 197939 157821 75283 98389 37142 62223 58135 21010 10544
internal_count=717914 476211 202989 241703 273222 197939 157821 75283 98389 37142 62223 58135 21010 10544
is_linear=0
shrinkage=0.05


Tree=19
num_leaves=15
num_cat=0
split_feature=3 0 0 0 3 0 0 0 2 3 2 2 0 0
split_gain=74.6013 37.9099 10.4987 8.47127 8.44829 6.30518 6.08944 12.6384 9.53995 6.32455 5.71155 10.2303 5.97021 5.7032
threshold=0.42857144301643202 2.9566944837570195 4.8903739452362069 5.2597839832305917 2.3405796909668424 7.8191416263580331 7.8191416263580331 6.8343644142150888 1.0000000180025095e-35 8.3541663166446138 1.5000000000000002 1.0000000180025095e-35 1.5004979968070986 5.3057830333709726
decision_type=2 2 2 2 2 2 2 2 2 2 2 2 2 2
left_child=3 4 -3 -1 -2 -5 7 13 -9 -8 11 12 -6 -4
right_child=1 2 6 5 10 -7 9 8 -10 -11 -12 -13 -14 -15
leaf_value=-0.00088441697681952637 -0.00041335134027710278 0.00060359252311168289 0.0019785571213984175 0.00052359896591225373 -0.00022110411440989962 -0.0019167174411760313 -0.0011096615441075236 0.0018873239419623109 0.0054582732179264144 0.0018967582038308028 0.00070094403717837876 -0.00051369869299597304 0.00062131380133122367 0.00086264461094000917
leaf_weight=193411 99773 148765 17485 18138 31755 3089 4663 4360 3288 2786 38249 56674 62247 33231
leaf_count=193411 99773 148765 17485 18138 31755 3089 4663 4360 3288 2786 38249 56674 62247 33231
internal_value=9.07873e-08 0.000332947 0.000836283 -0.000780359 -4.11792e-05 0.000167743 0.00136209 0.00153389 0.00342766 1.58047e-05 0.00015538 1.68514e-05 0.000336742 0.00124768
internal_weight=717914 503276 214578 214638 288698 21227 65813 58364 7648 7449 188925 150676 94002 50716
internal_count=717914 503276 214578 214638 288698 21227 65813 58364 7648 7449 188925 150676 94002 50716
is_linear=0
shrinkage=0.05


Tree=20
num_leaves=15
num_cat=0
split_feature=3 0 0 2 2 3 0 2 0 0 1 1 1 1
split_gain=67.9051 34.742 9.80928 9.05103 13.9057 8.2847 6.8894 5.92972 12.4292 12.2405 8.55516 8.12817 7.90819 5.87553
threshold=0.93541664420627202 3.8044918775558476 1.5775602459907534 1.5000000000000002 1.0000000180025095e-35 0.12660256836423761 1.5004979968070986 1.0000000180025095e-35 6.3429889678955087 7.8191416263580331 18.161910057067875 33.332843780517585 31.537603378295902 14.751514434814455
decision_type=2 2 2 2 2 2 2 2 2 2 2 2 2 2
left_child=2 3 -1 4 6 -4 -2 13 11 10 -10 12 -9 -3
right_child=1 7 5 -5 -6 -7 -8 8 9 -11 -12 -13 -14 -15
leaf_value=-0.0011720289602042654 -0.00027022032375233071 0.00089293113774429841 -0.0007423463415982105 0.0006528615708766447 -0.00047918270169638804 -0.00013031463498372101 0.0004743926863339419 0.00041533808350915029 0.0021317565605102088 3.4763620717427503e-05 0.0058849334047313077 0.0025020950398583746 -0.002356309215592046 0.001929136547106376
leaf_weight=60012 42120 23191 116322 65085 97124 105390 118279 40129 3580 3481 2651 4357 2740 33453
leaf_count=60012 42120 23191 116322 65085 97124 105390 118279 40129 3580 3481 2651 4357 2740 33453
internal_value=9.28309e-08 0.000390894 -0.000604972 0.000126106 -7.04328e-06 -0.000451438 0.000278856 0.0011429 0.000782332 0.00241043 0.00373543 0.000447075 0.000237678 0.00150513
internal_weight=717914 436190 281724 322608 257523 221712 160399 113582 56938 9712 6231 47226 42869 56644
internal_count=717914 436190 281724 322608 257523 221712 160399 113582 56938 9712 6231 47226 42869 56644
is_linear=0
shrinkage=0.05


Tree=21
num_leaves=15
num_cat=0
split_feature=3 0 0 0 3 3 2 2 2 0 1 1 1 1
split_gain=61.2866 31.3579 9.09502 8.41586 5.84946 5.50905 5.55287 6.13532 5.35078 11.2223 11.8692 9.86361 7.33778 7.13949
threshold=0.93541664420627202 3.8044918775558476 2.9917087554931645 1.9955905079841616 0.14285714855911785 2.1715686428978307 1.5000000000000002 1.0000000180025095e-35 1.0000000180025095e-35 6.3429889678955087 7.6534869670867929 23.593543052673343 33.332843780517585 31.537603378295902
decision_type=2 2 2 2 2 2 2 2 2 2 2 2 2 2
left_child=2 3 -1 -2 -4 -5 7 -7 -3 12 -11 -12 13 -10
right_child=1 8 4 5 -6 6 -8 -9 9 10 11 -13 -14 -15
leaf_value=-0.00081625269716579954 -0.00016966201291210748 0.0014298978996795521 -0.00056984425989418149 -0.00017048943345933246 0.00013510958462427256 0.00062877897786097912 0.001127710319147784 -0.00012647214338256827 0.00039457636069121046 0.0056911241352698115 3.4034538829085943e-05 0.0037512505412381405 0.0023772767738877054 -0.0022389221910872783
leaf_weight=163524 141196 56644 62984 40297 55216 69703 27641 43771 40129 2021 4891 2800 4357 2740
leaf_count=163524 141196 56644 62984 40297 55216 69703 27641 43771 40129 2021 4891 2800 4357 2740
internal_value=9.49689e-08 0.000371363 -0.000574727 0.000119801 -0.000240548 0.000345093 0.000492325 0.000337466 0.0010858 0.000743291 0.00229032 0.00139045 0.000424728 0.000225772
internal_weight=717914 436190 281724 322608 118200 181412 141115 113474 113582 56938 9712 7691 47226 42869
internal_count=717914 436190 281724 322608 118200 181412 141115 113474 113582 56938 9712 7691 47226 42869
is_linear=0
shrinkage=0.05


Tree=22
num_leaves=15
num_cat=0
split_feature=3 0 0 0 0 3 0 0 2 3 0 0 1 3
split_gain=55.9752 28.7111 8.10364 7.45423 7.2483 6.79371 5.52054 10.4032 7.86415 5.59072 5.4629 10.3432 9.06869 13.4801
threshold=0.42857144301643202 2.9393748044967656 4.8903739452362069 5.7033410072326669 7.8191416263580331 3.3999999850988414 7.8191416263580331 6.8343644142150888 1.0000000180025095e-35 8.3541663166446138 5.3057830333709726 5.2262580394744882 31.394181251525882 7.4365078333373935
decision_type=2 2 2 2 2 2 2 2 2 2 2 2 2 2
left_child=3 5 -3 -1 -5 -2 7 10 -9 -8 11 -4 -12 -14
right_child=1 2 6 4 -6 -7 9 8 -10 -11 12 -13 13 -15
leaf_value=-0.00075771401210012303 -0.00031778189424051009 0.0005207683859709901 0.0011646197789325775 0.00093099310404832168 -0.0017754082502719861 0.00017330356576306032 -0.0011539486533215699 0.001669133372664753 0.0049110839153208479 0.0016726894556743411 0.00034398799450846741 0.0041174160624004343 0.00057893354981335392 0.0056395434514439555
leaf_weight=199288 124427 150790 13705 12261 3089 162246 4663 4360 3288 2786 27714 3780 3362 2155
leaf_count=199288 124427 150790 13705 12261 3089 162246 4663 4360 3288 2786 27714 3780 3362 2155
internal_value=9.82005e-08 0.000288423 0.000722872 -0.000675938 0.000385562 -3.98499e-05 0.00118578 0.00134935 0.00306749 -9.59327e-05 0.0010897 0.00180496 0.00071293 0.00256229
internal_weight=717914 503276 216603 214638 15350 286673 65813 58364 7648 7449 50716 17485 33231 5517
internal_count=717914 503276 216603 214638 15350 286673 65813 58364 7648 7449 50716 17485 33231 5517
is_linear=0
shrinkage=0.05


Tree=23
num_leaves=15
num_cat=0
split_feature=3 0 0 0 0 1 0 3 1 0 0 0 2 1
split_gain=50.5202 25.915 7.31683 6.75714 6.19452 5.14827 5.93519 4.93973 4.39752 4.97063 12.2061 7.06854 6.72034 5.99602
threshold=0.42857144301643202 2.9393748044967656 4.8903739452362069 3.45921802520752 0.98444759845733654 33.630130767822273 5.7656588554382333 3.3452381725315337 32.486383438110359 6.2124750614166269 5.3057830333709726 5.2262580394744882 1.5000000000000002 26.78071212768555
decision_type=2 2 2 2 2 2 2 2 2 2 2 2 2 2
left_child=3 4 -3 -1 -2 8 -7 -6 9 10 11 13 -12 -4
right_child=1 2 5 -5 7 6 -8 -9 -10 -11 12 -13 -14 -15
leaf_value=-0.00083446077798254848 -0.0006164017690429459 0.00049473165510511197 0.0018725171006825853 -0.00023287466894824521 -0.00020160699291706425 0.0012462970235020509 -0.002458207934539772 0.00025006989364671664 0.0034680975034413163 0.0017458355865403595 0.0004781823136864515 0.0038464186813930061 -0.0017051515122893731 -0.00078287269447079456
leaf_weight=146015 39828 150790 9671 68623 106328 2231 2080 140517 2137 22636 16406 3456 4478 2718
leaf_count=146015 39828 150790 9671 68623 106328 2231 2080 140517 2137 22636 16406 3456 4478 2718
internal_value=1.05651e-07 0.000274021 0.000686773 -0.000642144 -3.78576e-05 0.00112663 -0.00054263 5.55107e-05 0.00124371 0.00116307 0.000803532 0.0018495 9.43433e-06 0.00128979
internal_weight=717914 503276 216603 214638 286673 65813 4311 246845 61502 59365 36729 15845 20884 12389
internal_count=717914 503276 216603 214638 286673 65813 4311 246845 61502 59365 36729 15845 20884 12389
is_linear=0
shrinkage=0.05


Tree=24
num_leaves=15
num_cat=0
split_feature=3 0 0 2 2 3 0 1 0 2 0 1 1 1
split_gain=46.1466 24.0011 7.78626 7.75779 12.0001 5.96454 5.33352 5.24263 8.93824 4.81996 9.0721 10.7565 8.83575 6.44385
threshold=0.93541664420627202 3.8044918775558476 1.5775602459907534 1.5000000000000002 1.0000000180025095e-35 0.12660256836423761 1.5004979968070986 16.309556007385257 3.1389131546020512 1.0000000180025095e-35 6.3429889678955087 7.6534869670867929 23.593543052673343 33.332843780517585
decision_type=2 2 2 2 2 2 2 2 2 2 2 2 2 2
left_child=2 3 -1 4 6 -4 -2 8 -5 -3 13 -12 -13 -11
right_child=1 9 5 7 -6 -7 -8 -9 -10 10 11 12 -14 -15
leaf_value=-0.0010038946817832507 -0.00023860997367344664 0.0012738732897446875 -0.00060873661927452957 0.00067153872847918199 -0.00045968232001306736 -8.9432312810238467e-05 0.00041654891555200041 0.00016433268334063538 0.0029165339440620553 0.00014941773087371533 0.005250411385678673 -0.00012664692652434041 0.0033912485444969956 0.0021655847372147536
leaf_weight=60012 42120 56644 116322 25446 97124 105390 118279 34277 5362 42869 2021 4891 2800 4357
leaf_count=60012 42120 56644 116322 25446 97124 105390 118279 34277 5362 42869 2021 4891 2800 4357
internal_value=1.04947e-07 0.000322267 -0.000498688 0.000102184 -2.10857e-05 -0.000361902 0.000244503 0.000589858 0.00106309 0.000947305 0.000622257 0.0020132 0.00115683 0.000335845
internal_weight=717914 436190 281724 322608 257523 221712 160399 65085 30808 113582 56938 9712 7691 47226
internal_count=717914 436190 281724 322608 257523 221712 160399 65085 30808 113582 56938 9712 7691 47226
is_linear=0
shrinkage=0.05


Tree=25
num_leaves=15
num_cat=0
split_feature=3 0 0 2 2 3 0 1 0 3 0 0 2 0
split_gain=41.6495 21.6636 7.02725 7.00211 10.8302 5.38305 4.81358 4.73209 8.12001 6.73054 4.52188 5.08735 6.49425 6.73283
threshold=0.93541664420627202 3.8044918775558476 1.5775602459907534 1.5000000000000002 1.0000000180025095e-35 0.12660256836423761 1.5004979968070986 16.309556007385257 2.9917087554931645 3.4999998603016196 3.8610264062881474 4.973764419555665 1.0000000180025095e-35 3.9782660007476811
decision_type=2 2 2 2 2 2 2 2 2 2 2 2 2 2
left_child=2 3 -1 4 6 -4 -2 8 -5 -10 -3 12 -12 -14
right_child=1 10 5 7 -6 -7 -8 -9 9 -11 11 -13 13 -15
leaf_value=-0.00095370836677777259 -0.00022668243767277904 0.0026790421247603001 -0.00057830245591510823 0.0005828009204220467 -0.00043670056989313652 -8.4961116118307002e-05 0.00039572333367988879 0.00015611836704360689 0.00035841963024719494 0.0037018964154949168 0.0010252997637600072 0.0011929394105702955 -0.0023753121243612623 0.00022008555677527374
leaf_weight=60012 42120 3455 116322 24139 97124 105390 118279 34277 2296 4373 29525 53597 2776 24229
leaf_count=60012 42120 3455 116322 24139 97124 105390 118279 34277 2296 4373 29525 53597 2776 24229
internal_value=1.09358e-07 0.000306171 -0.000473757 9.70805e-05 -2.00319e-05 -0.000343809 0.000232279 0.000560394 0.00100999 0.00255307 0.000899993 0.000843941 0.000512898 -4.74909e-05
internal_weight=717914 436190 281724 322608 257523 221712 160399 65085 30808 6669 113582 110127 56530 27005
internal_count=717914 436190 281724 322608 257523 221712 160399 65085 30808 6669 113582 110127 56530 27005
is_linear=0
shrinkage=0.05


Tree=26
num_leaves=15
num_cat=0
split_feature=3 0 0 2 3 0 0 0 2 3 1 0 1 3
split_gain=37.7668 19.8602 6.20595 5.79308 5.54014 5.37666 5.31847 8.67255 7.01999 4.88529 4.50506 5.40596 9.93888 12.0061
threshold=0.41801076416576205 2.9393748044967656 5.2597839832305917 1.5000000000000002 2.3405796909668424 4.8903739452362069 7.8191416263580331 6.8343644142150888 1.0000000180025095e-35 8.3541663166446138 3.1270717382431035 5.3057830333709726 31.394181251525882 7.4365078333373935
decision_type=2 2 2 2 2 2 2 2 2 2 2 2 2 2
left_child=2 4 -1 -4 -2 -3 7 10 -9 -8 -7 -12 -13 -14
right_child=1 5 3 -5 -6 6 9 8 -10 -11 11 12 13 -15
leaf_value=-0.00064925044832793107 -0.00033701285120143321 0.00043124484665409352 0.00069689476596476751 -0.0013094569330503701 0.0001231016589410635 0.0025308779086689343 -0.001262670349122101 0.0013800977692798831 0.0044366792604148145 0.0013746678086894509 0.0015005864621809068 -4.6916299843687161e-05 0.00042862208643073901 0.005196913041989857
leaf_weight=191235 100441 151514 16379 4600 187604 3882 4711 4377 3299 2786 16175 25368 3388 2155
leaf_count=191235 100441 151514 16379 4600 187604 3882 4711 4377 3299 2786 16175 25368 3388 2155
internal_value=1.07863e-07 0.000235033 -0.000559697 0.000256554 -3.73459e-05 0.000595485 0.000971599 0.00113189 0.00269782 -0.000282069 0.000895569 0.000760237 0.00037247 0.00228845
internal_weight=717914 505700 212214 20979 288045 217655 66141 58644 7676 7497 50968 47086 30911 5543
internal_count=717914 505700 212214 20979 288045 217655 66141 58644 7676 7497 50968 47086 30911 5543
is_linear=0
shrinkage=0.05


Tree=27
num_leaves=15
num_cat=0
split_feature=3 0 2 2 0 1 0 0 2 3 1 1 1 0
split_gain=34.2127 18.0069 6.32497 9.78094 6.12338 5.01506 5.22031 6.15904 5.32644 4.29554 4.71173 7.84725 9.91442 9.10471
threshold=0.93541664420627202 3.8044918775558476 1.5000000000000002 1.0000000180025095e-35 1.5775602459907534 28.31158542633057 4.6962068080902108 7.8191416263580331 1.0000000180025095e-35 1.0851449227417107 18.161910057067875 21.395910263061527 22.55234527587891 5.8382956981658944
decision_type=2 2 2 2 2 2 2 2 2 2 2 2 2 2
left_child=4 2 3 -2 -1 6 -6 8 -8 -3 -11 13 -13 -12
right_child=1 9 -4 -5 5 -7 7 -9 -10 10 11 12 -14 -15
leaf_value=-0.0008773902548227441 0.00021534977388912465 0.0022992643000221079 0.00052721909630816511 -0.00042039852314272635 -0.00031629355791689079 -0.00076670974698629961 0.0013276245859945319 -0.0016888515710686476 -1.5923720924706698e-05 0.00042974703805056537 0.0015648687301282036 -0.001729785151322522 0.0010285918018515495 0.0053035853111721857
leaf_weight=60012 160399 4690 65085 97124 141879 46966 13779 3225 15863 55084 7360 3531 40830 2087
leaf_count=60012 160399 4690 65085 97124 141879 46966 13779 3225 15863 55084 7360 3531 40830 2087
internal_value=1.12543e-07 0.000277507 8.68779e-05 -2.44277e-05 -0.000429369 -0.000308066 -0.000184761 0.000382955 0.000608858 0.000818898 0.000754933 0.00108769 0.000808693 0.00239555
internal_weight=717914 436190 322608 257523 281724 221712 174746 32867 29642 113582 108892 53808 44361 9447
internal_count=717914 436190 322608 257523 281724 221712 174746 32867 29642 113582 108892 53808 44361 9447
is_linear=0
shrinkage=0.05


Tree=28
num_leaves=15
num_cat=0
split_feature=0 3 0 0 2 0 2 0 3 1 0 1 1 1
split_gain=32.532 30.6796 15.749 13.944 11.3385 9.81437 8.5589 7.09753 7.11544 6.89007 4.87201 8.84815 7.64837 6.45821
threshold=9.9139461517334002 2.0249999754130852 4.6277542114257821 4.8903739452362069 1.5000000000000002 4.2313463687896737 1.0000000180025095e-35 1.1024149060249331 0.22222222820108331 11.186601161956789 8.1905436515808123 7.4945485591888437 5.7967550754547128 4.6470987796783456
decision_type=2 2 2 2 2 2 2 2 2 2 2 2 2 2
left_child=1 3 4 7 6 -6 -3 -1 -9 -5 11 12 13 -4
right_child=-2 2 10 9 5 -7 -8 8 -10 -11 -12 -13 -14 -15
leaf_value=-0.0010557592867165937 -0.0058869914352168116 0.00029461284352893743 0.0024393874240063429 0.0014114296376520181 0.00070026506679053669 0.0038279064974193911 -0.00033079013589772203 -0.00059617746038969873 -9.6219244371728753e-05 0.00010432005526646337 0.0032538421862099414 0.00070341045617216852 0.0047268895010059257 -0.00076299207766663277
leaf_weight=37898 2329 145620 5779 14531 54940 2619 87612 132503 153734 32882 2609 40174 2527 2157
leaf_count=37898 2329 145620 5779 14531 54940 2619 87612 132503 153734 32882 2609 40174 2527 2157
internal_value=1.11706e-07 1.93543e-05 0.000359576 -0.000295677 0.000214797 0.000843217 5.96804e-05 -0.000412828 -0.000327669 0.000505132 0.00115007 0.00104105 0.00233556 0.00156912
internal_weight=717914 715585 344037 371548 290791 57559 233232 324135 286237 47413 53246 50637 10463 7936
internal_count=717914 715585 344037 371548 290791 57559 233232 324135 286237 47413 53246 50637 10463 7936
is_linear=0
shrinkage=0.05


Tree=29
num_leaves=15
num_cat=0
split_feature=0 3 0 0 0 2 1 2 1 0 0 0 0 3
split_gain=29.3734 27.8422 18.629 9.09514 9.07339 5.70151 5.5917 6.73152 8.77065 12.4787 8.13365 8.59643 7.8408 10.8022
threshold=9.9139461517334002 0.31339286240863157 2.9566944837570195 5.7033410072326669 6.8343644142150888 1.0000000180025095e-35 1.3781368732452395 1.5000000000000002 26.482630729675297 5.2262580394744882 4.8903739452362069 4.5934560298919687 5.7656588554382333 3.3038460610798142
decision_type=2 2 2 2 2 2 2 2 2 2 2 2 2 2
left_child=1 3 -3 -1 5 -4 -7 12 9 10 11 -9 -8 -14
right_child=-2 2 4 -5 -6 6 7 8 -10 -11 -12 -13 13 -15
leaf_value=-0.00059165852917382607 -0.0055939001653997136 -4.9489365043903051e-05 0.00073361933616632245 0.00077965823338772182 0.0017792809256136574 0.0020172431333038928 -0.00036926725912814966 0.0017132684758401535 -0.00055039582775612858 -0.00091624247905598743 0.0044578511829028436 -0.0012586668048895147 -0.00086908397428669254 0.0037241206511593886
leaf_weight=177999 2329 301761 103529 12964 14125 4107 55489 18037 11230 6105 2274 2805 2314 2846
leaf_count=177999 2329 301761 103529 12964 14125 4107 55489 18037 11230 6105 2274 2805 2314 2846
internal_value=1.1218e-07 1.83968e-05 0.000206564 -0.000498527 0.000553254 0.000470209 0.000210955 0.000137385 0.000636877 0.00109319 0.00162406 0.00131288 -0.00019581 0.0016666
internal_weight=717914 715585 524622 190963 222861 208736 105207 101100 40451 29221 23116 20842 60649 5160
internal_count=717914 715585 524622 190963 222861 208736 105207 101100 40451 29221 23116 20842 60649 5160
is_linear=0
shrinkage=0.05


Tree=30
num_leaves=15
num_cat=0
split_feature=0 3 0 0 2 0 2 0 1 3 2 0 1 1
split_gain=26.5215 25.9999 13.2466 11.7165 9.95323 8.68626 7.30788 6.31861 6.16618 5.55406 4.62209 4.17509 7.92481 6.89893
threshold=9.9139461517334002 2.0249999754130852 4.6277542114257821 4.8903739452362069 1.5000000000000002 4.2313463687896737 1.0000000180025095e-35 1.1024149060249331 11.186601161956789 0.22222222820108331 1.0000000180025095e-35 8.1905436515808123 7.4945485591888437 5.7967550754547128
decision_type=2 2 2 2 2 2 2 2 2 2 2 2 2 2
left_child=1 3 4 7 6 -6 -3 -1 -5 -9 -11 12 13 -4
right_child=-2 2 11 8 5 -7 -8 9 -10 10 -12 -13 -14 -15
leaf_value=-0.00098653958657878645 -0.0053154013275758432 0.00026965853779115524 0.0014519842981198369 0.0013189063057132426 0.0006522030826814259 0.0035945994237199792 -0.00030823356129111676 -0.00053679017097386049 8.237169114717694e-05 0.00017758117752719144 -0.00037071362544716406 0.0030031468672576753 0.00063521609060104497 0.0044509126320431743
leaf_weight=37898 2329 145620 7936 14531 54940 2619 87612 132503 32882 77286 76448 2609 40174 2527
leaf_count=37898 2329 145620 7936 14531 54940 2619 87612 132503 32882 77286 76448 2609 40174 2527
internal_value=1.10077e-07 1.74844e-05 0.000330685 -0.000272527 0.000197905 0.000786687 5.25734e-05 -0.000379914 0.000461539 -0.000299564 -9.50782e-05 0.00105566 0.000954745 0.00217984
internal_weight=717914 715585 344037 371548 290791 57559 233232 324135 47413 286237 153734 53246 50637 10463
internal_count=717914 715585 344037 371548 290791 57559 233232 324135 47413 286237 153734 53246 50637 10463
is_linear=0
shrinkage=0.05


Tree=31
num_leaves=15
num_cat=0
split_feature=0 3 0 1 0 0 0 0 0 0 1 3 2 1
split_gain=23.9464 23.4666 12.1433 10.7695 10.5746 6.83778 5.96396 5.85598 12.0173 5.70275 5.5654 5.01257 4.55001 9.37169
threshold=9.9139461517334002 2.0249999754130852 5.5672395229339608 31.394181251525882 4.8903739452362069 1.9955905079841616 6.719891071319581 5.3057830333709726 5.2262580394744882 1.1024149060249331 11.186601161956789 0.22222222820108331 1.5000000000000002 25.762697219848636
decision_type=2 2 2 2 2 2 2 2 2 2 2 2 2 2
left_child=1 4 5 6 9 -3 -4 8 12 -1 -6 -11 -7 -14
right_child=-2 2 3 -5 10 7 -8 -9 -10 11 -12 -13 13 -15
leaf_value=-0.00093722570256594105 -0.0050507673812781421 -8.6636604445785824e-05 0.00026601756735220044 0.0039174395029740487 0.0012530062930011061 0.0002810828270390458 0.0019021291847745915 -0.0011941231325651503 0.0038283509844676666 -0.00050995267455086388 7.8254370079335056e-05 -9.032497213325028e-05 0.0013898955418739582 -0.00031170902287313662
leaf_weight=37898 2329 111649 13378 3514 14531 159012 9538 5600 2579 132503 32882 153734 27267 11500
leaf_count=37898 2329 111649 13378 3514 14531 159012 9538 5600 2579 132503 32882 153734 27267 11500
internal_value=1.10228e-07 1.66196e-05 0.000314171 0.00134372 -0.000258901 0.000228456 0.000947526 0.000399263 0.000443855 -0.000360921 0.000438477 -0.000284587 0.000399531 0.000885174
internal_weight=717914 715585 344037 26430 371548 317607 22916 205958 200358 324135 47413 286237 197779 38767
internal_count=717914 715585 344037 26430 371548 317607 22916 205958 200358 324135 47413 286237 197779 38767
is_linear=0
shrinkage=0.05


Tree=32
num_leaves=15
num_cat=0
split_feature=3 0 2 2 0 1 1 1 0 1 1 0 0 3
split_gain=21.8242 12.3192 5.29269 10.5777 9.33908 11.1208 14.1968 7.03775 10.8445 6.81751 9.75462 7.53382 10.7775 5.77431
threshold=0.6000000074505808 1.9955905079841616 1.0000000180025095e-35 1.5000000000000002 5.7656588554382333 25.57122898101807 11.186601161956789 33.885906219482429 6.8343644142150888 31.394181251525882 26.482630729675297 5.2262580394744882 4.8903739452362069 3.9198718722615777
decision_type=2 2 2 2 2 2 2 2 2 2 2 2 2 2
left_child=-1 -2 -3 4 -4 6 -6 8 9 10 11 12 -5 -13
right_child=1 2 3 7 5 -7 -8 -9 -10 -11 -12 13 -14 -15
leaf_value=-0.00038683837671347169 -0.00017106802780059879 0.00057648278591130567 -0.00031019013658801857 0.00083838478042264119 0.0026440866809210946 0.0041802433666218095 -0.0020337323243872986 -0.0013288644246192711 0.0038987467718899476 0.0024996542939221228 -0.0011052110033217496 0.00085483283499364284 0.0045162421097037688 -0.0023355775137286964
leaf_weight=241703 154151 159960 89112 36722 3195 2533 3274 4107 2701 4628 8015 2565 2097 3151
leaf_count=241703 154151 159960 89112 36722 3195 2533 3274 4107 2701 4628 8015 2565 2097 3151
internal_value=1.07999e-07 0.000196508 0.000372445 0.000171078 -0.000155099 0.00137881 0.000277129 0.000671172 0.000808551 0.000661918 0.000499627 0.000788634 0.00103817 -0.000904919
internal_weight=717914 476211 322060 162100 98114 9002 6469 63986 59879 57178 52550 44535 38819 5716
internal_count=717914 476211 322060 162100 98114 9002 6469 63986 59879 57178 52550 44535 38819 5716
is_linear=0
shrinkage=0.05


Tree=33
num_leaves=15
num_cat=0
split_feature=0 3 0 0 2 0 2 0 1 2 0 3 3 3
split_gain=21.8912 19.8023 10.4436 9.25085 8.29878 7.6184 5.95633 5.04828 4.95031 4.22937 10.9021 5.95554 5.99608 7.70612
threshold=9.9139461517334002 2.0249999754130852 4.6277542114257821 4.8903739452362069 1.5000000000000002 4.2313463687896737 1.0000000180025095e-35 1.1024149060249331 11.186601161956789 1.5000000000000002 6.4467315673828134 3.3999999850988414 5.2071428605184282 5.9999997988343337
decision_type=2 2 2 2 2 2 2 2 2 2 2 2 2 2
left_child=1 3 4 7 6 -6 -3 -1 -5 11 -11 -4 -13 -14
right_child=-2 2 9 8 5 -7 -8 -9 -10 10 -12 12 13 -15
leaf_value=-0.0008748484397346298 -0.0048291517037183877 0.00023461521322987796 -0.0001447246275390807 0.0011832681855240884 0.00058301826549388386 0.0033385917970881621 -0.00028710834528314648 -0.00026080211636820183 7.5333248196993087e-05 -0.00076905866952541035 0.002744901174017753 0.0028469640263924468 -0.0018396438906848282 0.0013627565569769809
leaf_weight=37898 2329 145620 7118 14531 54940 2619 87612 286237 32882 8920 2922 6229 2016 26041
leaf_count=37898 2329 145620 7118 14531 54940 2619 87612 286237 32882 8920 2922 6229 2016 26041
internal_value=1.11207e-07 1.58962e-05 0.000289231 -0.000237201 0.000171334 0.000708958 3.86294e-05 -0.000332621 0.000415068 0.000932947 9.95913e-05 0.00117121 0.00144437 0.00113208
internal_weight=717914 715585 344037 371548 290791 57559 233232 324135 47413 53246 11842 41404 34286 28057
internal_count=717914 715585 344037 371548 290791 57559 233232 324135 47413 53246 11842 41404 34286 28057
is_linear=0
shrinkage=0.05


Tree=34
num_leaves=15
num_cat=0
split_feature=0 3 0 0 0 1 1 1 1 2 2 1 3 0
split_gain=19.7657 18.054 12.9228 6.67252 5.86436 5.34227 19.636 9.09001 8.25378 7.72729 5.0022 4.94115 4.43395 4.48317
threshold=9.9139461517334002 0.31339286240863157 2.9393748044967656 5.7033410072326669 6.8343644142150888 21.395910263061527 15.17199754714966 9.6770539283752459 25.57122898101807 1.0000000180025095e-35 1.0000000180025095e-35 1.3781368732452395 2.6449580038782279 5.7656588554382333
decision_type=2 2 2 2 2 2 2 2 2 2 2 2 2 2
left_child=1 3 -3 -1 10 6 7 9 -7 -6 -4 -12 -13 -14
right_child=-2 2 4 -5 5 8 -8 -9 -10 -11 11 12 13 -15
leaf_value=-0.00048091970389825957 -0.004588726344133133 -4.8387932309988145e-05 0.00063263687253236429 0.00069364054019017019 0.00019722437236460646 -0.0021553558968123716 0.0063652236236713469 -0.0015454740628596294 0.0018254920943163253 0.0045043731040292079 0.0018438664177221897 -0.00032998915998229612 0.00020852150109786018 0.001688019745698096
leaf_weight=177999 2329 299656 104470 12964 2157 2195 2129 2469 3170 2005 4107 40427 56213 5624
leaf_count=177999 2329 299656 104470 12964 2157 2195 2129 2469 3170 2005 4107 40427 56213 5624
internal_value=1.07988e-07 1.51071e-05 0.00016663 -0.00040115 0.000453024 0.00143899 0.00219928 0.000854159 0.000195815 0.00227797 0.000386905 0.000145528 7.7148e-05 0.000343331
internal_weight=717914 715585 524622 190963 224966 14125 8760 6631 5365 4162 210841 106371 102264 61837
internal_count=717914 715585 524622 190963 224966 14125 8760 6631 5365 4162 210841 106371 102264 61837
is_linear=0
shrinkage=0.05


Tree=35
num_leaves=15
num_cat=0
split_feature=0 3 0 1 0 0 0 0 1 1 3 1 1 0
split_gain=17.8466 16.5723 8.62775 9.50411 7.75211 5.20773 5.06873 10.9541 4.79092 9.28934 6.23064 6.3718 5.35793 5.60756
threshold=9.9139461517334002 2.0249999754130852 5.5672395229339608 31.394181251525882 4.8903739452362069 1.5469638705253603 5.3057830333709726 5.2262580394744882 14.751514434814455 11.186601161956789 6.2678569601088592 18.904769897460941 4.5291097164154062 6.719891071319581
decision_type=2 2 2 2 2 2 2 2 2 2 2 2 2 2
left_child=1 4 5 8 -1 -3 7 -7 9 12 -10 -12 -4 -14
right_child=-2 2 3 -5 -6 6 -8 -9 10 -11 11 -13 13 -15
leaf_value=-0.00030452619598252205 -0.0043602709799496096 -0.00018483103634783408 -0.00089302206780918182 0.003549911280847415 0.00037992162403752269 0.00030032103490082234 -0.0011849069434072318 0.0035703191533839303 4.0656763544839224e-05 -0.0024419480899034339 0.0044502215831325447 0.0013194468218188989 0.0001534654728330689 0.0034740331757657527
leaf_weight=324135 2329 71093 2758 3514 47413 238335 5600 2579 4833 2868 2417 4961 2503 2576
leaf_count=324135 2329 71093 2758 3514 47413 238335 5600 2579 4833 2868 2417 4961 2503 2576
internal_value=1.0872e-07 1.43611e-05 0.000264413 0.00113223 -0.000217176 0.000192163 0.000300889 0.000335473 0.000760109 -1.21608e-05 0.00143659 0.00234971 0.000879014 0.00184113
internal_weight=717914 715585 344037 26430 371548 317607 246514 240914 22916 10705 12211 7378 7837 5079
internal_count=717914 715585 344037 26430 371548 317607 246514 240914 22916 10705 12211 7378 7837 5079
is_linear=0
shrinkage=0.05


Tree=36
num_leaves=15
num_cat=0
split_feature=0 3 0 0 1 2 0 0 0 0 0 1 3 1
split_gain=16.1139 15.3521 10.9805 5.68123 5.1463 4.35668 4.80039 8.16701 4.27902 6.28573 7.3632 13.1403 7.32471 5.96895
threshold=9.9139461517334002 0.31339286240863157 2.9393748044967656 5.7033410072326669 1.3781368732452395 1.0000000180025095e-35 6.8343644142150888 7.8191416263580331 7.2649805545806894 6.4467315673828134 5.2597839832305917 8.6797962188720721 5.5773808166105949 14.751514434814455
decision_type=2 2 2 2 2 2 2 2 2 2 2 2 2 2
left_child=1 3 -3 -1 -4 8 -7 -8 9 10 -6 -12 -11 -10
right_child=-2 2 4 -5 5 6 7 -9 13 12 11 -13 -14 -15
leaf_value=-0.00044380207460982519 -0.0041431893762333095 -4.4825022004009392e-05 0.0016520815154701511 0.00064000377137029359 0.00043641639097788859 6.3383900453662818e-05 0.0031719346681349965 -0.00034222418137424442 0.00024644614683381935 0.00041180960121803766 0.0049792765338872837 0.0009717925312499496 -0.0035316301878232578 0.0038171915643464421
leaf_weight=177999 2329 299656 8125 12964 84077 102264 3370 3233 2289 2825 2461 11927 2007 2388
leaf_count=177999 2329 299656 8125 12964 84077 102264 3370 3233 2289 2825 2461 11927 2007 2388
internal_value=1.08809e-07 1.36516e-05 0.000153377 -0.000370196 0.000417373 0.000371035 0.000147817 0.0014534 0.000596064 0.000528959 0.000615395 0.00166024 -0.00123003 0.00207386
internal_weight=717914 715585 524622 190963 224966 216841 108867 6603 107974 103297 98465 14388 4832 4677
internal_count=717914 715585 524622 190963 224966 216841 108867 6603 107974 103297 98465 14388 4832 4677
is_linear=0
shrinkage=0.05


Tree=37
num_leaves=15
num_cat=0
split_feature=0 3 0 2 0 0 2 1 2 3 0 0 1 1
split_gain=14.5494 14.1407 7.37276 7.70235 6.78544 6.65685 5.76886 5.32019 5.11343 4.27399 5.5847 5.25258 5.91565 4.34884
threshold=9.9139461517334002 2.0249999754130852 4.6277542114257821 1.5000000000000002 4.2313463687896737 3.6627779006958012 1.0000000180025095e-35 27.866256713867191 1.0000000180025095e-35 0.93541664420627202 4.1627721786499032 6.2124750614166269 16.970574378967289 2.8366554975509648
decision_type=2 2 2 2 2 2 2 2 2 2 2 2 2 2
left_child=1 5 3 8 -5 7 9 -1 -3 13 -11 12 -12 -7
right_child=-2 2 -4 4 -6 6 -8 -9 -10 10 11 -13 -14 -15
leaf_value=-0.0002138189157311421 -0.0039369157775403611 0.00019864202323814506 0.00078481635451794227 0.00054398747578277603 0.0031445548390635226 0.0021708546527075068 -0.00023088449791314175 -0.00075012027086998091 -0.00028475837282100267 0.0030270276020989352 -0.0015211155164433878 0.0028196945390984453 0.0013526650855982736 0.00010688419932833596
leaf_weight=207391 2329 145620 53246 54940 2619 2735 52784 59509 87612 3432 3335 2170 3844 36348
leaf_count=207391 2329 145620 53246 54940 2619 2735 52784 59509 87612 3432 3335 2170 3844 36348
internal_value=1.08832e-07 1.29774e-05 0.000243956 0.000144897 0.000662842 -0.0002009 0.000137082 -0.000333418 1.70516e-05 0.000511549 0.0013049 0.000670154 1.73932e-05 0.000251838
internal_weight=717914 715585 344037 290791 57559 371548 104648 266900 233232 51864 12781 9349 7179 39083
internal_count=717914 715585 344037 290791 57559 371548 104648 266900 233232 51864 12781 9349 7179 39083
is_linear=0
shrinkage=0.05


Tree=38
num_leaves=15
num_cat=0
split_feature=3 0 1 2 2 0 1 1 1 1 0 1 1 0
split_gain=13.4944 9.17752 4.3053 3.95145 6.92946 6.96064 10.9005 10.9653 5.33656 8.78044 8.02547 5.91978 9.2056 6.59993
threshold=0.41801076416576205 1.9955905079841616 27.465895652771 1.0000000180025095e-35 1.5000000000000002 5.7656588554382333 27.603961944580082 11.186601161956789 33.885906219482429 35.071567535400398 6.8343644142150888 31.394181251525882 26.78071212768555 5.2262580394744882
decision_type=2 2 2 2 2 2 2 2 2 2 2 2 2 2
left_child=2 -2 -1 -3 5 -5 7 -7 10 -10 11 12 13 -6
right_child=1 3 -4 4 8 6 -8 -9 9 -11 -12 -13 -14 -15
leaf_value=-0.00020966070867833059 -0.00016740534349198412 0.00045889604444669007 -0.00074077589488049972 -0.00026718183440891562 0.00084786028850319679 0.0023652832928272235 0.0043679804204048876 -0.0014704383313104872 -0.0032388478855706337 0.0012426806270004953 0.0032086013284390921 0.0021713404070752874 -0.0012007101739217546 -0.0009156424122493573
leaf_weight=162338 163648 169927 49876 94609 41670 3389 2052 4114 2361 2020 2867 4894 8078 6071
leaf_count=162338 163648 169927 49876 94609 41670 3389 2052 4114 2361 2020 2867 4894 8078 6071
internal_value=1.08427e-07 0.000140535 -0.000334516 0.000287864 0.000119 -0.000137253 0.00114817 0.000262946 0.000511721 -0.00117437 0.000628068 0.000505701 0.000359302 0.000623459
internal_weight=717914 505700 212214 342052 172125 104164 9555 7503 67961 4381 63580 60713 55819 47741
internal_count=717914 505700 212214 342052 172125 104164 9555 7503 67961 4381 63580 60713 55819 47741
is_linear=0
shrinkage=0.05


Tree=39
num_leaves=15
num_cat=0
split_feature=0 3 0 1 2 3 3 0 3 0 2 1 1 0
split_gain=13.2762 11.9623 6.4058 8.63588 8.12675 9.08844 6.11056 5.86495 5.19629 5.71596 5.11225 4.49479 4.46921 4.22942
threshold=9.9139461517334002 2.0249999754130852 5.5672395229339608 14.751514434814455 1.0000000180025095e-35 5.7499996880069508 8.0499999508261713 3.6627779006958012 6.2678569601088592 6.5541508197784433 1.0000000180025095e-35 27.866256713867191 23.881891250610355 5.3057830333709726
decision_type=2 2 2 2 2 2 2 2 2 2 2 2 2 2
left_child=1 7 13 4 6 -6 -4 11 -5 -10 -9 -1 -11 -3
right_child=-2 2 3 8 5 -7 -8 10 9 12 -12 -13 -14 -15
leaf_value=-0.00019877066945506554 -0.0037607224136975191 0.00018705004228212636 -0.0034687806591863165 0.00057751045038083597 0.0038473370235224211 -0.00032898775451793195 9.645274853856241e-06 0.00048543937306080095 0.0035018104156683792 0.0026797904229579239 -0.00021346664993288533 -0.00069171773990021933 -0.00060107312411257193 -0.0011981234339322273
leaf_weight=207391 2329 312007 2303 6117 2034 3588 2780 51864 5472 2061 52784 59509 2075 5600
leaf_count=207391 2329 312007 2303 6117 2034 3588 2780 51864 5472 2061 52784 59509 2075 5600
internal_value=1.07463e-07 1.24001e-05 0.000224845 0.00097261 -0.00012283 0.00118613 -0.00157007 -0.000184315 0.00171795 0.00244266 0.000132927 -0.000308702 0.00103633 0.00016259
internal_weight=717914 715585 344037 26430 10705 5622 5083 371548 15725 9608 104648 266900 4136 317607
internal_count=717914 715585 344037 26430 10705 5622 5083 371548 15725 9608 104648 266900 4136 317607
is_linear=0
shrinkage=0.05


Tree=40
num_leaves=15
num_cat=0
split_feature=0 3 0 0 2 2 0 3 0 1 1 1 1 2
split_gain=11.9872 11.1148 8.87775 5.00847 5.26446 4.79676 5.75437 7.58728 5.3641 4.66431 17.1977 7.81947 6.88509 6.06352
threshold=9.9139461517334002 0.25245097798597177 1.9955905079841616 6.8343644142150888 1.0000000180025095e-35 1.5000000000000002 5.7656588554382333 2.3405796909668424 5.3057830333709726 21.395910263061527 15.17199754714966 9.6770539283752459 25.57122898101807 1.0000000180025095e-35
decision_type=2 2 2 2 2 2 2 2 2 2 2 2 2 2
left_child=1 -1 -3 4 -4 6 -6 -8 -7 10 11 13 -11 -5
right_child=-2 2 3 9 5 8 7 -9 -10 12 -12 -13 -14 -15
leaf_value=-0.00032658472728675501 -0.0035734899546975198 -0.00016742914087069415 0.00042638592754992103 0.00011594380727887805 -0.00026260859123665756 0.00051997445739750028 -0.00092286956611605268 0.002818986074241886 -0.00086586045596426546 -0.0020910702970190131 0.0057375130013907942 -0.0015725449665305428 0.0015090262313406046 0.0038966730811910572
leaf_weight=181222 2329 173453 171783 2195 100174 60991 2205 3487 7876 2243 2178 2510 3225 2043
leaf_count=181222 2329 173453 171783 2195 100174 60991 2205 3487 7876 2243 2178 2510 3225 2043
internal_value=1.02678e-07 1.17834e-05 0.00012654 0.000267822 0.00022984 3.65992e-05 -0.000174689 0.00137037 0.00036138 0.0011814 0.00188523 0.000635205 3.11279e-05 0.00194339
internal_weight=717914 715585 534363 360910 346516 174733 105866 5692 68867 14394 8926 6748 5468 4238
internal_count=717914 715585 534363 360910 346516 174733 105866 5692 68867 14394 8926 6748 5468 4238
is_linear=0
shrinkage=0.05


Tree=41
num_leaves=15
num_cat=0
split_feature=0 3 0 0 0 1 0 3 0 0 1 2 3 1
split_gain=10.8233 10.1247 5.69252 5.43867 4.23703 4.20946 3.9129 6.31757 3.71427 3.71386 4.07932 3.21388 3.2954 3.44774
threshold=9.9139461517334002 2.0249999754130852 3.1389131546020512 4.8903739452362069 0.98444759845733654 11.186601161956789 3.0653762817382817 9.9999995401927517 3.0226904153823857 8.1905436515808123 1.3781368732452395 1.0000000180025095e-35 0.62499998835846837 15.702930450439455
decision_type=2 2 2 2 2 2 2 2 2 2 2 2 2 2
left_child=1 3 6 4 -1 -5 8 -8 -3 10 -4 12 -6 -14
right_child=-2 2 9 5 11 -7 7 -9 -10 -11 -12 -13 13 -15
leaf_value=-0.00081675304159314487 -0.0033955795783312511 5.5547002318897687e-05 0.0018851900918364221 0.0010387396313395476 -0.000192414740800017 1.7085633367171637e-05 0.00036587577979369759 -0.0030479420188189864 0.001881102485804761 0.0023279679637555561 0.00037216707585881632 -0.00035188927074055154 -0.00016276231760775146 0.00066631048205572805
leaf_weight=29257 2329 203323 4610 14531 97244 32882 2808 2606 2815 2609 125266 146684 22271 28679
leaf_count=29257 2329 203323 4610 14531 97244 32882 2808 2606 2815 2609 125266 146684 22271 28679
internal_value=1.01197e-07 1.12003e-05 0.000206647 -0.000169776 -0.00024294 0.000330352 4.569e-05 -0.00127994 8.05666e-05 0.000463641 0.000426013 -0.000185982 -2.17526e-05 0.00030395
internal_weight=717914 715585 344037 371548 324135 47413 211552 5414 206138 132485 129876 294878 148194 50950
internal_count=717914 715585 344037 371548 324135 47413 211552 5414 206138 132485 129876 294878 148194 50950
is_linear=0
shrinkage=0.05


Tree=42
num_leaves=15
num_cat=0
split_feature=0 0 3 0 0 1 1 3 0 1 2 1 3 1
split_gain=9.77246 9.36564 7.49962 5.1326 23.0384 4.18238 17.8465 10.2009 7.24571 5.87794 5.23222 4.8651 5.5984 4.51764
threshold=9.9139461517334002 1.7805435657501223 0.12660256836423761 5.2597839832305917 5.3057830333709726 7.0642073154449472 4.3665919303894052 2.919871691728281 5.6355636119842538 29.001466751098636 1.0000000180025095e-35 8.8310446739196795 6.2678569601088592 14.751514434814455
decision_type=2 2 2 2 2 2 2 2 2 2 2 2 2 2
left_child=1 -1 -3 -4 -5 6 7 -6 9 10 -7 -10 -13 -14
right_child=-2 2 3 4 5 8 -8 -9 11 -11 -12 12 13 -15
leaf_value=-0.00029009196764647865 -0.003226526450447183 -0.00025165228437351263 0.00014720515335452566 0.0058041326782106656 0.0017176437186692717 -8.1409711405767743e-05 0.003833597288067655 -0.0026404635819090925 -0.0016116264241917335 0.001236899994741858 -0.0028395604655165945 0.00024148502523130202 -0.00019290859158281631 0.0021430108173694984
leaf_weight=190100 2329 108125 362281 2088 2618 2948 4222 2736 2327 2255 4118 19955 2673 9139
leaf_count=190100 2329 108125 362281 2088 2618 2948 4222 2736 2327 2255 4118 19955 2673 9139
internal_value=9.65766e-08 1.06431e-05 0.000119441 0.000215583 0.00066523 0.000461686 0.00140695 -0.000510206 0.000252914 -0.000981774 -0.00169058 0.000590655 0.000752434 0.00161469
internal_weight=717914 715585 525485 417360 55079 52991 9576 5354 43415 9321 7066 34094 31767 11812
internal_count=717914 715585 525485 417360 55079 52991 9576 5354 43415 9321 7066 34094 31767 11812
is_linear=0
shrinkage=0.05


Tree=43
num_leaves=15
num_cat=0
split_feature=3 0 0 2 0 0 1 0 1 0 1 1 0 3
split_gain=9.01709 4.47964 4.26017 3.99806 10.3589 6.67766 5.17806 3.51563 3.06137 2.99232 2.79261 11.7165 5.31208 4.41905
threshold=2.0249999754130852 1.1239969134330752 1.5469638705253603 1.0000000180025095e-35 8.1905436515808123 6.1090059280395517 24.024094581604007 6.8343644142150888 19.616192817687992 6.3429889678955087 33.775814056396491 33.192869186401374 6.2124750614166269 5.1483517342928957
decision_type=2 2 2 2 2 2 2 2 2 2 2 2 2 2
left_child=1 -1 -2 4 5 -3 -7 9 -9 -5 11 12 -4 -14
right_child=2 3 10 7 -6 6 -8 8 -10 -11 -12 -13 13 -15
leaf_value=-0.00067444024410435793 -0.00016064194316983024 3.7121686225192378e-05 0.00021319732791061065 -0.00029556418490424654 -0.0033858824239094889 0.0023587823952039414 -0.0004985490807858815 -0.00018406698574118628 0.0022133073029177593 -0.001902816298132844 -0.00032062921179408749 0.0029183881025174143 0.0023831391398591566 0.00058539899735045265
leaf_weight=39413 71093 156148 235718 159049 2139 5524 2218 2739 2579 2940 18428 4245 5031 10650
leaf_count=39413 71093 156148 235718 159049 2139 5524 2218 2739 2579 2940 18428 4245 5031 10650
internal_value=9.45193e-08 -0.000170422 0.000184238 -0.000110809 6.30173e-05 0.000108234 0.0015406 -0.000283302 0.000980528 -0.00032485 0.0002737 0.000316553 0.000272506 0.00116333
internal_weight=717914 372749 345165 333336 166029 163890 7742 167307 5318 161989 274072 255644 251399 15681
internal_count=717914 372749 345165 333336 166029 163890 7742 167307 5318 161989 274072 255644 251399 15681
is_linear=0
shrinkage=0.05


Tree=44
num_leaves=15
num_cat=0
split_feature=0 3 0 0 0 0 1 1 3 1 0 3 1 1
split_gain=8.75309 8.25919 6.98991 4.03642 20.8381 3.64254 3.4106 12.3174 9.53925 8.32611 5.96303 5.71076 4.20805 8.40283
threshold=9.9139461517334002 0.067424243931804823 1.9955905079841616 5.2597839832305917 5.3057830333709726 2.0257014036178593 7.4945485591888437 4.3665919303894052 2.919871691728281 8.8310446739196795 8.1905436515808123 4.3333334003885602 11.186601161956789 13.863571166992189
decision_type=2 2 2 2 2 2 2 2 2 2 2 2 2 2
left_child=1 -1 -3 5 -5 -4 7 8 -6 -8 12 -9 -11 -14
right_child=-2 2 3 4 6 -7 9 11 -10 10 -12 -13 13 -15
leaf_value=-0.00035110141637402747 -0.0030536130505228057 -0.00015891545686549087 0.0015439832248805711 0.0054213821574881065 0.0016145212529963097 0.00012518850689406579 -0.0027788167555721213 0.0014216173288804691 -0.0025390647538173633 0.0020000720352947839 0.0023592509159581694 0.0047267473449059154 -0.002180495280640302 0.00030792537743239623
leaf_weight=129606 2329 190431 4576 2146 2774 334215 2198 2886 2736 2957 3451 2398 3793 31418
leaf_count=129606 2329 190431 4576 2146 2774 334215 2198 2886 2736 2957 3451 2398 3793 31418
internal_value=9.21139e-08 1.00735e-05 8.99623e-05 0.000209782 0.00059998 0.000144397 0.00040956 0.00120525 -0.000448812 0.000213316 0.000371968 0.00292766 0.000191714 3.93247e-05
internal_weight=717914 715585 585979 395548 56757 338791 54611 10794 5510 43817 41619 5284 38168 35211
internal_count=717914 715585 585979 395548 56757 338791 54611 10794 5510 43817 41619 5284 38168 35211
is_linear=0
shrinkage=0.05


Tree=45
num_leaves=15
num_cat=0
split_feature=0 3 0 1 0 2 3 3 3 0 0 0 1 1
split_gain=7.90326 7.69468 5.48491 5.63505 5.02497 7.87103 5.76349 5.70317 6.66371 4.2114 5.24517 6.70602 11.6287 10.697
threshold=9.9139461517334002 3.3999999850988414 3.6627779006958012 1.3781368732452395 4.6277542114257821 1.5000000000000002 6.4330355923347318 5.2071428605184282 5.9999997988343337 4.8109230995178232 5.2597839832305917 6.4467315673828134 30.494273185729984 8.5559525489807147
decision_type=2 2 2 2 2 2 2 2 2 2 2 2 2 2
left_child=1 2 -1 -4 -3 7 -7 -6 -9 -10 -11 12 13 -12
right_child=-2 4 3 -5 5 6 -8 8 9 10 11 -13 -14 -15
leaf_value=-0.00023507921103223868 -0.002901585084238374 0.00012158003756209911 0.001951292862652272 9.6471479618510413e-05 0.0024264192592764414 -0.0026134133794406063 0.00016533762035817042 -0.0020084268009765414 0.002673759455294402 -0.00047428178165636746 0.0040668535782040511 -7.6603398224885615e-05 0.0053573310526949056 1.2887534022055115e-05
leaf_weight=309966 2329 240076 4233 117291 6229 2505 7228 2016 3172 6464 2248 6283 2049 5825
leaf_count=309966 2329 240076 4233 117291 6229 2505 7228 2016 3172 6464 2248 6283 2049 5825
internal_value=9.33978e-08 9.57785e-06 -0.000123461 0.000161235 0.000211637 0.000702664 -0.000551783 0.00105883 0.000754451 0.000969031 0.000731515 0.00120663 0.00200246 0.00114539
internal_weight=717914 715585 431490 121524 284095 44019 9733 34286 28057 26041 22869 16405 10122 8073
internal_count=717914 715585 431490 121524 284095 44019 9733 34286 28057 26041 22869 16405 10122 8073
is_linear=0
shrinkage=0.05


Tree=46
num_leaves=15
num_cat=0
split_feature=3 0 0 1 1 2 1 1 0 1 1 2 0 1
split_gain=7.45405 4.91028 3.31562 3.28343 2.97368 2.87105 6.54017 15.9894 7.4589 17.3739 10.3315 4.8115 5.37004 6.79547
threshold=0.31339286240863157 1.9955905079841616 2.0257014036178593 27.079142570495609 19.928272247314457 1.0000000180025095e-35 33.775814056396491 33.332843780517585 6.3429889678955087 25.57122898101807 7.6534869670867929 1.5000000000000002 5.2262580394744882 25.762697219848636
decision_type=2 2 2 2 2 2 2 2 2 2 2 2 2 2
left_child=3 4 -3 -1 -2 -4 7 8 11 10 -10 -7 13 -13
right_child=1 2 5 -5 -6 6 -8 -9 9 -11 -12 12 -14 -15
leaf_value=-0.00014852014912296221 6.2951686731364362e-05 0.0016131463173449723 0.00033005451030214015 -0.0006287797707581525 -0.00035762835495606088 -0.00025270036747572982 -0.0010959059491212973 0.0041759634437612539 0.0031262043812133808 0.0054496386409214241 -0.00065551233329972768 0.00078807269219584536 -0.0011329340032432912 -0.00053903767855372051
leaf_weight=144396 94791 4110 174935 47224 75491 92078 11730 2391 2470 2058 6637 41318 5710 12575
leaf_count=144396 94791 4110 174935 47224 75491 92078 11730 2391 2470 2058 6637 41318 5710 12575
internal_value=9.46838e-08 9.73106e-05 0.000202932 -0.000266905 -0.000123514 0.000186417 4.44172e-05 0.000125429 6.57039e-05 0.00131236 0.000372469 -2.61411e-05 0.000323844 0.000478372
internal_weight=717914 526294 356012 191620 170282 351902 176967 165237 162846 11165 9107 151681 59603 53893
internal_count=717914 526294 356012 191620 170282 351902 176967 165237 162846 11165 9107 151681 59603 53893
is_linear=0
shrinkage=0.05


Tree=47
num_leaves=15
num_cat=0
split_feature=0 0 1 3 2 0 0 1 3 1 1 0 0 1
split_gain=7.29407 6.62628 4.31245 4.28401 3.12979 3.57299 6.73127 6.31551 3.74021 3.49217 8.73862 7.81342 5.43384 4.5587
threshold=9.9139461517334002 3.155624628067017 1.3781368732452395 0.50675675022593392 1.0000000180025095e-35 6.8343644142150888 7.2649805545806894 20.258383750915531 2.6449580038782279 14.751514434814455 15.296708583831789 7.5308358669281015 7.5308358669281015 17.845393180847172
decision_type=2 2 2 2 2 2 2 2 2 2 2 2 2 2
left_child=1 3 -3 -1 9 8 -7 -8 -6 12 -11 13 -4 -12
right_child=-2 2 4 -5 5 6 7 -9 -10 10 11 -13 -14 -15
leaf_value=-0.00033682088635243604 -0.0027875072239928905 0.0012311960126905734 0.00012827012695017082 -3.4865126076442694e-06 -0.00032386706591531838 0.0034677124131587268 0.0018619820570336253 -0.0011631680433221772 0.00023238171333086699 0.0034565237376445175 -0.00061567792959368612 0.0032792011495626793 -0.0023037563758478408 0.00051488031307856785
leaf_weight=141745 2329 9823 48449 301194 68449 2045 3148 3793 54094 2483 10318 2355 2401 65288
leaf_count=141745 2329 9823 48449 301194 68449 2045 3148 3793 54094 2483 10318 2355 2401 65288
internal_value=9.74234e-08 9.20901e-06 0.000203136 -0.000110162 0.000164666 -7.72451e-06 0.000954064 0.000209554 -7.8324e-05 0.000337353 0.000542352 0.000449106 1.3006e-05 0.000360531
internal_weight=717914 715585 272646 442939 262823 131529 8986 6941 122543 131294 80444 77961 50850 75606
internal_count=717914 715585 272646 442939 262823 131529 8986 6941 122543 131294 80444 77961 50850 75606
is_linear=0
shrinkage=0.05


Tree=48
num_leaves=15
num_cat=0
split_feature=0 0 3 0 1 0 2 3 3 3 2 0 0 0
split_gain=6.58588 6.29816 5.69236 3.68683 5.8507 3.29125 6.96632 5.194 5.14599 6.02886 4.15601 3.86666 4.62574 6.26488
threshold=9.9139461517334002 1.1435822248458865 3.3999999850988414 5.8382956981658944 3.1270717382431035 4.6277542114257821 1.5000000000000002 6.4330355923347318 5.2071428605184282 5.9999997988343337 1.0000000180025095e-35 4.8109230995178232 5.2597839832305917 6.4467315673828134
decision_type=2 2 2 2 2 2 2 2 2 2 2 2 2 2
left_child=1 -1 3 -3 -5 -4 8 -8 10 -10 -7 -11 -13 -14
right_child=-2 2 5 4 -6 6 7 -9 9 11 -12 12 13 -15
leaf_value=-0.00041195694213609331 -0.0026487279782402839 -0.00010223735281215631 0.00016247426771073532 0.0030303007061344639 0.00029020731880947313 0.0032936041069801894 -0.0024990145835995852 0.00013890195871242461 -0.0019437123851594558 0.0025217379562718421 0.00063836528182528707 -0.00047157530798468068 0.0018761503483470379 -0.00013327718736903335
leaf_weight=79112 2329 357647 208496 2109 24202 3827 2505 7228 2016 3172 2402 6464 10122 6283
leaf_count=79112 2329 357647 208496 2109 24202 3827 2505 7228 2016 3172 2402 6464 10122 6283
internal_value=9.71533e-08 8.75512e-06 6.10542e-05 -6.02087e-05 0.000510912 0.000245434 0.000638246 -0.000541892 0.00097332 0.000684208 0.00227237 0.00088832 0.000660757 0.00110694
internal_weight=717914 715585 636473 383958 26311 252515 44019 9733 34286 28057 6229 26041 22869 16405
internal_count=717914 715585 636473 383958 26311 252515 44019 9733 34286 28057 6229 26041 22869 16405
is_linear=0
shrinkage=0.05


Tree=49
num_leaves=15
num_cat=0
split_feature=3 0 1 0 1 1 1 1 1 1 0 3 0 1
split_gain=6.17475 4.54422 2.60131 2.53219 3.48212 4.08181 3.08344 2.74322 6.37949 6.27443 5.67313 2.65496 2.22622 2.21462
threshold=0.067424243931804823 0.98444759845733654 26.073238372802738 3.6627779006958012 1.6539137959480288 2.1439194679260258 0.83170077204704296 3.1270717382431035 4.3665919303894052 4.7910406589508066 4.973764419555665 4.0333333015441903 6.1090059280395517 34.416193008422859
decision_type=2 2 2 2 2 2 2 2 2 2 2 2 2 2
left_child=2 -2 12 11 6 -6 -5 -7 10 -10 -9 -3 -1 -11
right_child=1 3 -4 4 5 7 -8 8 9 13 -12 -13 -14 -15
leaf_value=-0.00023023005677252816 -0.0004055618998610118 -8.2323019599612533e-05 -0.00067465764524799398 0.000276295394598762 -0.0019907794410488296 0.0015573341910159379 0.0023781436180830948 8.5849753075570542e-05 0.0028363512029131559 0.00028918275224715587 -0.0030332047016716841 0.00018550945085588021 0.00087290792829233408 -0.00055732688529767569
leaf_weight=89516 46434 206779 35763 3377 2044 3919 3607 3057 2358 137852 2776 167446 4810 8176
leaf_count=89516 46434 206779 35763 3377 2044 3919 3607 3057 2358 137852 2776 167446 4810 8176
internal_value=9.49144e-08 6.90786e-05 -0.000311599 0.000109794 0.000271579 0.000223881 0.00136368 0.000252631 0.000219377 0.000283171 -0.0014012 3.75197e-05 -0.000173891 0.000241752
internal_weight=717914 587825 130089 541391 167166 160182 6984 158138 154219 148386 5833 374225 94326 146028
internal_count=717914 587825 130089 541391 167166 160182 6984 158138 154219 148386 5833 374225 94326 146028
is_linear=0
shrinkage=0.05


Tree=50
num_leaves=15
num_cat=0
split_feature=0 0 3 1 2 2 1 0 1 1 1 1 1 3
split_gain=5.92008 5.45551 4.03284 3.2684 3.17643 7.40638 5.93886 6.30468 5.66106 9.57444 3.39072 7.01611 6.15844 6.94236
threshold=9.9139461517334002 1.7805435657501223 0.12660256836423761 1.3781368732452395 1.0000000180025095e-35 1.5000000000000002 2.5951888561248784 5.7656588554382333 27.603961944580082 11.186601161956789 16.309556007385257 12.432610034942629 7.4945485591888437 8.9999996796250432
decision_type=2 2 2 2 2 2 2 2 2 2 2 2 2 2
left_child=1 -1 -3 -4 -5 6 -6 -8 9 -9 11 12 -7 -14
right_child=-2 2 3 4 5 10 7 8 -10 -11 -12 -13 13 -15
leaf_value=-0.00022122663556792645 -0.0025112748570258834 -0.00018078925757144813 0.00085376035748353665 0.00027504565155315168 -0.0021639910878214186 0.000962153262206728 -0.00029709779546169621 0.0027706144777209802 0.003185527622680723 -0.0010472251956737536 7.1708650473349851e-05 0.0018776205220820915 0.0002207337953986858 -0.0024929663770233055
leaf_weight=190100 2329 108125 16387 199375 3924 15192 107959 2576 2328 4490 44128 9660 8013 3328
leaf_count=190100 2329 108125 16387 199375 3924 15192 107959 2576 2328 4490 44128 9660 8013 3328
internal_value=9.12137e-08 8.29989e-06 9.13363e-05 0.000161838 0.00013354 -6.41189e-06 -0.00025304 -0.000188963 0.00105275 0.000346565 0.000365958 0.000724599 0.000304264 -0.000577092
internal_weight=717914 715585 525485 417360 400973 201598 121277 117353 9394 7066 80321 36193 26533 11341
internal_count=717914 715585 525485 417360 400973 201598 121277 117353 9394 7066 80321 36193 26533 11341
is_linear=0
shrinkage=0.05


Tree=51
num_leaves=15
num_cat=0
split_feature=0 3 0 1 1 1 1 1 0 0 3 3 0 3
split_gain=5.34528 5.06838 4.12253 3.34024 2.68898 8.69617 8.70555 6.76946 5.7979 9.24783 12.2152 5.28644 4.93602 7.70261
threshold=9.9139461517334002 0.067424243931804823 2.9393748044967656 1.3781368732452395 28.31158542633057 23.333030700683597 23.019564628601078 29.61739540100098 6.5541508197784433 5.1745252609252939 9.9999995401927517 3.7499998742714582 7.2649805545806894 1.6742424292710532
decision_type=2 2 2 2 2 2 2 2 2 2 2 2 2 2
left_child=1 -1 -3 -4 5 6 12 11 9 -9 -11 -6 -5 -14
right_child=-2 2 3 4 7 -7 -8 8 -10 10 -12 -13 13 -15
leaf_value=-0.00027504534288740187 -0.0023862477527834183 -4.4412314002551412e-05 0.0011629968572397103 9.637273810147865e-05 -0.00023562796382261094 0.00098570466982522416 -0.0028715471600057755 -0.00011129939336453235 -0.0023442820006264625 0.00052605696776508737 0.0047547830281024902 -0.0027357434640285375 -0.00064379109781383982 0.0026575072476110362
leaf_weight=129606 2329 334772 9109 143475 4466 35191 2393 34483 2258 5931 2390 4009 2834 4668
leaf_count=129606 2329 334772 9109 143475 4466 35191 2393 34483 2258 5931 2390 4009 2834 4668
internal_value=8.75781e-08 7.88757e-06 7.04699e-05 0.000223564 0.000188171 0.000276959 0.000114282 -0.00012454 0.000119385 0.000249865 0.0017449 -0.00142011 0.000161795 0.00141119
internal_weight=717914 715585 585979 251207 242098 188561 153370 53537 45062 42804 8321 8475 150977 7502
internal_count=717914 715585 585979 251207 242098 188561 153370 53537 45062 42804 8321 8475 150977 7502
is_linear=0
shrinkage=0.05


Tree=52
num_leaves=15
num_cat=0
split_feature=3 0 2 0 0 1 0 0 1 0 2 1 1 1
split_gain=4.90404 3.29004 3.27226 8.68524 5.30703 4.55419 2.85354 3.08206 2.89655 2.2632 2.51109 3.03956 5.48195 3.09916
threshold=2.0249999754130852 0.85019427537918102 1.0000000180025095e-35 8.1905436515808123 6.1090059280395517 24.024094581604007 6.8343644142150888 6.3429889678955087 19.616192817687992 1.5469638705253603 1.5000000000000002 17.365984916687015 7.0642073154449472 25.423508644104007
decision_type=2 2 2 2 2 2 2 2 2 2 2 2 2 2
left_child=1 -1 3 4 -3 -6 7 -4 -8 10 -2 12 -12 -13
right_child=9 2 6 -5 5 -7 8 -9 -10 -11 11 13 -14 -15
leaf_value=-0.00074305711784509348 -0.00026828043997907599 4.2231482724060556e-05 -0.00024916103513006755 -0.0030962440461308641 0.0021480535722403229 -0.0005314103224372161 -0.00023484012850754797 -0.0018794736388253871 0.0020969397733944808 0.00020108826820604939 -0.0004928603164844101 -0.0013974549573567568 0.0023167408142021591 0.00063585090636389049
leaf_weight=20388 56228 165761 168461 2139 5524 2218 2739 2940 2579 274072 2883 3262 4343 4377
leaf_count=20388 56228 165761 168461 2139 5524 2218 2739 2940 2579 274072 2883 3262 4343 4377
internal_value=8.21702e-08 -0.000125668 -8.99256e-05 6.291e-05 0.000102033 0.00138072 -0.000241825 -0.000277233 0.000897786 0.000135882 -0.000115489 0.000462248 0.00119665 -0.000233102
internal_weight=717914 372749 352361 175642 173503 7742 176719 171401 5318 345165 71093 14865 7226 7639
internal_count=717914 372749 352361 175642 173503 7742 176719 171401 5318 345165 71093 14865 7226 7639
is_linear=0
shrinkage=0.05


Tree=53
num_leaves=15
num_cat=0
split_feature=0 0 3 3 0 3 3 3 2 3 3 2 0 2
split_gain=4.72122 4.48406 3.98962 3.38755 3.78663 6.4001 8.5889 5.25954 4.50288 2.92905 2.86283 2.80575 2.45924 6.39033
threshold=9.9139461517334002 1.1435822248458865 3.3999999850988414 2.8786763689081183 5.8382956981658944 1.9761904984915344 1.1702898454834212 0.85714288603286404 1.5000000000000002 2.9999998994171668 2.5419580356620854 1.0000000180025095e-35 4.6277542114257821 1.5000000000000002
decision_type=2 2 2 2 2 2 2 2 2 2 2 2 2 2
left_child=1 -1 3 4 10 6 7 8 -6 -5 11 -3 -4 -14
right_child=-2 2 12 9 5 -7 -8 -9 -10 -11 -12 -13 13 -15
leaf_value=-0.00034758044142023245 -0.0022426354714962741 5.9604716565966869e-05 0.00013418502550431813 -0.0018688623259072374 0.0008505310627411575 0.0027455721459295063 -0.0020060649520100013 0.0031159275041847101 -0.001138517663498554 -0.00036998933533000799 0.00070603801621424282 -0.00023272902472193312 0.00086637568792585166 -0.00058480874805767952
leaf_weight=79112 2329 163235 208496 4183 12944 2986 3448 2011 3637 14673 11767 165074 34286 9733
leaf_count=79112 2329 163235 208496 4183 12944 2986 3448 2011 3637 14673 11767 165074 34286 9733
internal_value=7.70758e-08 7.40762e-06 5.15365e-05 -4.99825e-05 -1.62224e-05 0.000577235 0.000282355 0.000707606 0.000413815 -0.000703312 -5.99103e-05 -8.73835e-05 0.000205896 0.000545446
internal_weight=717914 715585 636473 383958 365102 25026 22040 18592 16581 18856 340076 328309 252515 44019
internal_count=717914 715585 636473 383958 365102 25026 22040 18592 16581 18856 340076 328309 252515 44019
is_linear=0
shrinkage=0.05


Tree=54
num_leaves=15
num_cat=0
split_feature=3 0 1 2 2 2 0 3 3 1 3 1 0 0
split_gain=4.32524 3.18431 2.32288 2.79198 2.2988 5.79033 4.94051 6.1824 3.19549 4.10666 3.72018 10.4185 5.30907 3.54661
threshold=0.067424243931804823 0.98444759845733654 27.079142570495609 1.5000000000000002 1.5000000000000002 1.0000000180025095e-35 5.7656588554382333 8.4999995026737682 0.6939799690427666 18.026355743408207 1.2330316944725768 19.928272247314457 3.0852169990539555 4.5934560298919687
decision_type=2 2 2 2 2 2 2 2 2 2 2 2 2 2
left_child=2 -2 -1 -4 5 -3 -7 -8 9 -6 11 -10 -13 -12
right_child=1 4 3 -5 8 6 7 -9 10 -11 13 12 -14 -15
leaf_value=-0.00014009328761930854 -0.00033951377163328044 0.0001819692760656522 -0.00039279141503289192 -0.0015482271103374632 0.00041955868728747948 -0.00027123026046018106 4.9587818931227327e-05 0.002618059242390548 -4.110432795607452e-05 -0.00090142067638541144 0.00047967712712048175 0.0015883806963117092 0.0050020993144966651 -0.00039136648673521808
leaf_weight=98091 46434 269524 25422 6576 12144 150968 7827 3334 6181 11395 60928 2606 2033 14451
leaf_count=98091 46434 269524 25422 6576 12144 150968 7827 3334 6181 11395 60928 2606 2033 14451
internal_value=7.29793e-08 5.78084e-05 -0.000260797 -0.000630658 9.18915e-05 3.99398e-05 -0.000196167 0.000818495 0.000296221 -0.000220026 0.000437205 0.00130379 0.00309195 0.000312659
internal_weight=717914 587825 130089 31998 541391 431653 162129 11161 109738 23539 86199 10820 4639 75379
internal_count=717914 587825 130089 31998 541391 431653 162129 11161 109738 23539 86199 10820 4639 75379
is_linear=0
shrinkage=0.05


Tree=55
num_leaves=15
num_cat=0
split_feature=0 0 1 0 0 2 2 3 0 1 1 3 1 3
split_gain=4.29469 3.91509 2.91683 3.67396 5.13831 3.24756 2.87161 6.71781 5.3831 3.35398 5.06544 4.93025 3.1432 2.96517
threshold=9.9139461517334002 1.7805435657501223 1.3781368732452395 4.7363896369934091 2.4380450248718266 1.0000000180025095e-35 1.5000000000000002 0.6939799690427666 5.7656588554382333 27.603961944580082 12.972082614898683 1.4580419643379152 12.721934318542482 1.0851449227417107
decision_type=2 2 2 2 2 2 2 2 2 2 2 2 2 2
left_child=1 -1 3 4 -3 -4 8 -8 12 10 -10 -12 -7 -9
right_child=-2 2 5 -5 -6 6 7 13 9 -11 11 -13 -14 -15
leaf_value=-0.00018737497380524296 -0.0021389322196046436 0.0016031432174986636 0.00018118937007326037 0.0020102998361848081 -0.00027173531248715123 -0.00064146516777461562 -0.00041187449922871632 0.0014614211010062573 0.0015878834979556431 0.0022589582927774166 0.00094892202859572577 -0.0021870608973905215 -0.00013469682803388222 0.00032655912912162976
leaf_weight=190100 2329 5375 250653 4035 11364 44998 36182 6374 4292 2956 2309 2720 95593 58634
leaf_count=190100 2329 5375 250653 4035 11364 44998 36182 6374 4292 2956 2309 2720 95593 58634
internal_value=7.3743e-08 7.06532e-06 7.74085e-05 0.000657904 0.000330898 5.35026e-05 -7.2475e-05 0.000134129 -0.000209235 0.000794418 0.000328041 -0.000748189 -0.000296929 0.000438039
internal_weight=717914 715585 525485 20774 16739 504711 254058 101190 152868 12277 9321 5029 140591 65008
internal_count=717914 715585 525485 20774 16739 504711 254058 101190 152868 12277 9321 5029 140591 65008
is_linear=0
shrinkage=0.05


Tree=56
num_leaves=15
num_cat=0
split_feature=0 3 0 0 3 1 1 0 2 3 3 3 0 1
split_gain=3.87771 3.79084 3.04402 3.96385 4.41485 3.39291 2.60274 2.59604 5.5811 4.81048 5.33719 4.69181 3.7458 3.90534
threshold=9.9139461517334002 3.3999999850988414 3.6627779006958012 4.0506248474121103 2.4999999534338735 0.94819656014442455 31.274965286254886 4.6277542114257821 1.5000000000000002 5.2071428605184282 5.9999997988343337 6.4330355923347318 4.8109230995178232 31.394181251525882
decision_type=2 2 2 2 2 2 2 2 2 2 2 2 2 2
left_child=1 2 -1 4 6 -5 -4 -3 9 -9 -11 -10 -12 -14
right_child=-2 7 3 5 -6 -7 -8 8 11 10 12 -13 13 -15
leaf_value=-0.00016981501279696675 -0.0020324429677668547 8.3811054856445844e-05 0.00027340590619867681 0.001859697622532815 0.0029031742003019436 -6.3529251760783425e-05 0.0018416904664075124 0.002057297879458886 -0.0024148861974362975 -0.0019504703662027697 0.0023215508836649228 9.2308148353014279e-05 0.00022120623938965786 0.0020777010953201345
leaf_weight=309966 2329 240076 19100 2340 2065 94957 3062 6229 2505 2016 3172 7228 19566 3303
leaf_count=309966 2329 240076 19100 2340 2065 94957 3062 6229 2505 2016 3172 7228 19566 3303
internal_value=7.31274e-08 6.71663e-06 -8.66626e-05 0.000125427 0.000697551 -1.70891e-05 0.00049082 0.000148541 0.000501475 0.000801398 0.00052194 -0.000554789 0.00071402 0.000490133
internal_weight=717914 715585 431490 121524 24227 97297 22162 284095 44019 34286 28057 9733 26041 22869
internal_count=717914 715585 431490 121524 24227 97297 22162 284095 44019 34286 28057 9733 26041 22869
is_linear=0
shrinkage=0.05


Tree=57
num_leaves=15
num_cat=0
split_feature=3 2 2 0 3 3 3 1 1 0 1 1 0 3
split_gain=3.63835 2.74138 5.51424 4.42571 5.66313 3.09875 3.31329 3.01982 12.1968 7.16883 5.68415 9.02338 5.08016 3.25045
threshold=0.067424243931804823 1.5000000000000002 1.0000000180025095e-35 5.7656588554382333 8.4999995026737682 0.82793706871164618 2.5419580356620854 33.885906219482429 35.071567535400398 7.5308358669281015 30.960071563720707 27.603961944580082 4.1098568439483651 2.3867519953168377
decision_type=2 2 2 2 2 2 2 2 2 2 2 2 2 2
left_child=-1 2 -2 -4 5 -5 -7 9 -9 10 11 -3 13 -12
right_child=1 7 3 4 -6 6 -8 8 -10 -11 12 -13 -14 -15
leaf_value=-0.00023918591683315263 0.00013170961398780508 0.00032151164518279436 -0.00028751783973676785 0.0013814901758775835 0.0024631715315892823 -0.0020443126593249084 0.00049162825614306252 -0.0025900143873219053 0.0014603475562402191 0.003198364881274212 0.00082266092357719054 -0.0012604734288059313 -0.00080744351682803233 0.002872348787325992
leaf_weight=130089 292477 89595 165060 2678 3334 2441 2708 3986 3466 2130 3412 10012 2037 4489
leaf_count=130089 292477 89595 165060 2678 3334 2441 2708 3986 3466 2130 3412 10012 2037 4489
internal_value=7.44113e-08 5.30272e-05 -1.41089e-06 -0.000222348 0.00074084 4.98671e-06 -0.000712224 0.000267193 -0.000706718 0.000332239 0.000276223 0.000162388 0.00141586 0.00198936
internal_weight=717914 587825 468698 176221 11161 7827 5149 119127 7452 111675 109545 99607 9938 7901
internal_count=717914 587825 468698 176221 11161 7827 5149 119127 7452 111675 109545 99607 9938 7901
is_linear=0
shrinkage=0.05


Tree=58
num_leaves=15
num_cat=0
split_feature=0 0 3 3 0 3 3 3 2 3 1 1 3 1
split_gain=3.56461 3.46381 2.84823 3.25092 2.98237 5.87206 7.59172 4.69443 3.89883 2.64086 2.4652 2.61776 2.42922 2.22895
threshold=9.9139461517334002 1.1435822248458865 3.3999999850988414 2.8786763689081183 5.8382956981658944 1.9761904984915344 1.1702898454834212 0.85714288603286404 1.5000000000000002 2.9999998994171668 28.31158542633057 19.928272247314457 2.5419580356620854 29.61739540100098
decision_type=2 2 2 2 2 2 2 2 2 2 2 2 2 2
left_child=1 -1 3 4 12 6 7 8 10 -5 11 -6 -3 -14
right_child=-2 2 -4 9 5 -7 -8 -9 -10 -11 -12 -13 13 -15
leaf_value=-0.0003055561754994062 -0.0019486574356702196 -7.1554651182468299e-05 0.00017565260392375748 -0.0017873016126774132 0.00065261081724132298 0.0025961505970062307 -0.0019146925871022669 0.0029118216264866687 -0.001085391409707055 -0.00036405411493032713 -0.00065951299051329694 0.0024987977708680574 0.00033793894955587477 0.0021335082808889021
leaf_weight=79112 2329 328309 252515 4183 7966 2986 3448 2011 3637 14673 2453 2525 9671 2096
leaf_count=79112 2329 328309 252515 4183 7966 2986 3448 2011 3637 14673 2453 2525 9671 2096
internal_value=7.48199e-08 6.44446e-06 4.52296e-05 -4.05472e-05 -7.47516e-06 0.000519201 0.000236765 0.00063658 0.000359042 -0.000680566 0.000765423 0.00109891 -4.62471e-05 0.000659315
internal_weight=717914 715585 636473 383958 365102 25026 22040 18592 16581 18856 12944 10491 340076 11767
internal_count=717914 715585 636473 383958 365102 25026 22040 18592 16581 18856 12944 10491 340076 11767
is_linear=0
shrinkage=0.05


Tree=59
num_leaves=15
num_cat=0
split_feature=0 1 3 0 0 1 1 1 1 2 1 1 1 0
split_gain=3.21851 3.15247 3.1717 2.60077 3.00967 2.31209 1.77583 5.17652 2.68619 4.91481 4.13563 3.90859 14.3098 6.65107
threshold=9.9139461517334002 0.12903756648302081 0.067424243931804823 1.9955905079841616 2.0257014036178593 19.780621528625492 0.52951821684837352 1.3781368732452395 2.5951888561248784 1.5000000000000002 3.1270717382431035 4.3665919303894052 4.6470987796783456 4.973764419555665
decision_type=2 2 2 2 2 2 2 2 2 2 2 2 2 2
left_child=1 -1 -3 5 -5 -4 -6 -8 9 -9 -10 13 -13 -12
right_child=-2 2 3 4 6 -7 7 8 10 -11 11 12 -14 -15
leaf_value=0.0016364184723390526 -0.001851641183303 -0.00022490590940742606 5.41235637557488e-05 0.0014000485444752133 -0.00087504850059490083 -0.00029683003743680381 0.0013185491514390584 -0.0011601581646114884 0.0014183750494431906 0.0012164246122033252 -0.00020426854437441389 0.0034408251773390998 9.5510599719483572e-05 -0.0030201347391777141
leaf_weight=2943 2329 129076 104767 4545 4537 84994 8777 9720 5982 2793 11193 3217 340470 2571
leaf_count=2943 2329 129076 104767 4545 4537 84994 8777 9720 5982 2793 11193 3217 340470 2571
internal_value=7.32501e-08 6.12578e-06 -6.29714e-07 4.89798e-05 0.000122251 -0.000103076 0.000107296 0.000118903 9.08612e-05 -0.000629138 0.000115667 9.38273e-05 0.000126923 -0.00073206
internal_weight=717914 715585 712642 583566 393805 189761 389260 384723 375946 12513 363433 357451 343687 13764
internal_count=717914 715585 712642 583566 393805 189761 389260 384723 375946 12513 363433 357451 343687 13764
is_linear=0
shrinkage=0.05


Tree=60
num_leaves=15
num_cat=0
split_feature=3 2 2 0 0 0 3 1 1 0 0 1 1 1
split_gain=2.95269 2.71252 5.41769 3.50069 5.12939 4.70189 11.2768 7.48579 4.42062 6.14274 6.35242 5.52615 8.41945 7.37546
threshold=0.93541664420627202 1.5000000000000002 1.0000000180025095e-35 4.4427518844604501 4.1896345615386972 3.8044918775558476 1.8944443600597236 8.8310446739196795 4.1277208328247079 7.2649805545806894 6.4467315673828134 8.5559525489807147 18.3222188949585 15.702930450439455
decision_type=2 2 2 2 2 2 2 2 2 2 2 2 2 2
left_child=-1 2 3 4 5 -2 -7 -8 -5 10 11 -10 13 -13
right_child=1 -3 -4 8 -6 6 7 -9 9 -11 -12 12 -14 -15
leaf_value=-0.00012609946201720215 6.8061934426142824e-05 0.00032950918969458244 -0.00023489430832044581 -0.00096163115434275419 -0.0011618083218826231 0.0044115881726425723 -0.0019034213258636212 0.0012424586215300318 0.0027996949971912082 0.0026466179060055609 -0.0013445455831678525 0.00020801602161392674 0.0013062331604677259 -0.0031446303127883784
leaf_weight=281724 160399 88032 131115 3969 7928 2106 2605 6822 3135 3965 3830 6022 14018 2244
leaf_count=281724 160399 88032 131115 3969 7928 2106 2605 6822 3135 3965 3830 6022 14018 2244
internal_value=7.16591e-08 8.15634e-05 1.88625e-05 0.00017216 8.08432e-05 0.000138208 0.00111288 0.000372049 0.000613733 0.000802218 0.000551372 0.000837455 0.000560267 -0.000704839
internal_weight=717914 436190 348158 217043 179860 171932 11533 9427 37183 33214 29249 25419 22284 8266
internal_count=717914 436190 348158 217043 179860 171932 11533 9427 37183 33214 29249 25419 22284 8266
is_linear=0
shrinkage=0.05


Tree=61
num_leaves=15
num_cat=0
split_feature=0 0 1 2 0 1 0 1 3 3 0 3 0 0
split_gain=2.97899 2.96661 2.49099 2.44651 3.1908 3.42526 5.41285 4.38861 5.42528 6.12792 5.34004 10.9016 9.77657 5.18901
threshold=9.9139461517334002 1.1435822248458865 0.12903756648302081 1.0000000180025095e-35 4.6277542114257821 5.3958992958068857 5.3057830333709726 14.751514434814455 3.8619046469732212 5.4999998938292327 5.9012348651885995 1.067816118706421 5.2262580394744882 5.9012348651885995
decision_type=2 2 2 2 2 2 2 2 2 2 2 2 2 2
left_child=1 -1 -3 4 -4 6 -6 10 -9 -10 12 -12 -7 -11
right_child=-2 2 3 -5 5 7 -8 8 9 13 11 -13 -14 -15
leaf_value=-0.00028284696891614513 -0.0017814076973657945 0.0015657971141377737 6.3358278971758995e-05 -6.2420199658658722e-05 0.0030515003024837602 -0.00097234321444128425 0.00026239266649694272 0.00013813448627751019 0.0039503211778903462 8.3484098385403234e-05 0.00096715265559421378 -0.0033335396144954553 0.0027152712252865806 0.0024370854163900755
leaf_weight=79112 2329 2660 263421 318349 3155 4596 3867 19413 2081 6211 2535 3497 2938 3750
leaf_count=79112 2329 2660 263421 318349 3155 4596 3867 19413 2081 6211 2535 3497 2938 3750
internal_value=7.09481e-08 5.8939e-06 4.17876e-05 3.5367e-05 0.000134047 0.000491766 0.0015181 0.000331385 0.000655519 0.00148879 -0.000420103 -0.00152753 0.000467392 0.000971096
internal_weight=717914 715585 636473 633813 315464 52043 7022 45021 31455 12042 13566 6032 7534 9961
internal_count=717914 715585 636473 633813 315464 52043 7022 45021 31455 12042 13566 6032 7534 9961
is_linear=0
shrinkage=0.05


Tree=62
num_leaves=15
num_cat=0
split_feature=3 2 2 0 3 3 3 1 1 0 1 1 0 0
split_gain=2.69133 2.36021 4.30539 3.92646 5.1821 2.73178 3.02845 2.66625 10.9462 6.67997 5.16977 8.19169 4.62269 3.82762
threshold=0.067424243931804823 1.5000000000000002 1.0000000180025095e-35 5.7656588554382333 8.4999995026737682 0.82793706871164618 2.5419580356620854 33.885906219482429 35.071567535400398 7.5308358669281015 30.960071563720707 28.561916351318363 4.1098568439483651 2.8577018976211552
decision_type=2 2 2 2 2 2 2 2 2 2 2 2 2 2
left_child=-1 2 -2 -4 5 -5 -7 9 -9 10 11 -3 -12 -13
right_child=1 7 3 4 -6 6 -8 8 -10 -11 12 13 -14 -15
leaf_value=-0.0002057057041175368 0.00011273201281804277 0.00026665124171673866 -0.00026150341794696746 0.001295640619239943 0.0023546759435900738 -0.0019437461902613894 0.00048071739814306417 -0.0024549195266051873 0.0013821817587167751 0.0030721268387281266 0.0018853086561277646 -0.00057068051117844935 -0.00078256094674653161 -0.0029814516641791695
leaf_weight=130089 292477 92700 165060 2678 3334 2441 2708 3986 3466 2130 7901 4204 2037 2703
leaf_count=130089 292477 92700 165060 2678 3334 2441 2708 3986 3466 2130 7901 4204 2037 2703
internal_value=7.35466e-08 4.56164e-05 -4.89545e-06 -0.000200119 0.000707115 3.20913e-06 -0.000670194 0.000244336 -0.000670785 0.000305456 0.000251385 0.000142824 0.00133824 -0.00151706
internal_weight=717914 587825 468698 176221 11161 7827 5149 119127 7452 111675 109545 99607 9938 6907
internal_count=717914 587825 468698 176221 11161 7827 5149 119127 7452 111675 109545 99607 9938 6907
is_linear=0
shrinkage=0.05


Tree=63
num_leaves=15
num_cat=0
split_feature=0 0 0 1 1 1 0 1 0 1 1 1 0 2
split_gain=2.74345 2.68928 2.65613 2.5994 2.71351 10.4248 7.29209 5.67007 5.5557 11.8809 7.9636 7.09084 5.47159 4.47739
threshold=9.9139461517334002 3.155624628067017 3.1245157718658452 1.5090497732162478 8.4315757751464862 7.0642073154449472 8.5536823272705096 8.6797962188720721 4.664483070373536 4.3665919303894052 3.5944783687591557 2.5951888561248784 6.719891071319581 1.5000000000000002
decision_type=2 2 2 2 2 2 2 2 2 2 2 2 2 2
left_child=1 2 -1 -3 5 8 7 -6 13 10 11 -10 -11 -5
right_child=-2 3 -4 4 6 -7 -8 -9 9 12 -12 -13 -14 -15
leaf_value=-5.6515782311703587e-05 -0.0017095313753703071 0.00088120065830900307 -0.0011511471042518139 -0.0006423994065397412 0.0024205263296542181 -0.0017058739846280025 0.0030242608460575183 0.0001170898184721096 -0.001311473031339648 0.0013595470353730342 -0.0030878646989119115 0.0025050789470644329 0.0042659987542553899 0.0010818679428786792
leaf_weight=437336 2329 11017 5603 21484 2697 9672 2216 204700 2605 7011 2319 2267 2103 4555
leaf_count=437336 2329 11017 5603 21484 2697 9672 2216 204700 2605 7011 2319 2267 2103 4555
internal_value=7.10038e-08 5.65902e-06 -7.03881e-05 0.000129203 9.75042e-05 -0.000225712 0.000177718 0.000147159 0.000112701 0.000836185 -0.000682832 0.000465908 0.00203413 -0.000340474
internal_weight=717914 715585 442939 272646 261629 52016 209613 207397 42344 16305 7191 4872 9114 26039
internal_count=717914 715585 442939 272646 261629 52016 209613 207397 42344 16305 7191 4872 9114 26039
is_linear=0
shrinkage=0.05


Tree=64
num_leaves=15
num_cat=0
split_feature=1 3 3 0 0 3 2 3 3 1 1 0 0 0
split_gain=2.58199 2.52493 2.55194 3.80711 3.99281 2.47944 5.3247 3.27973 3.34685 2.8764 3.10972 2.93851 2.64742 4.16924
threshold=0.12903756648302081 3.3999999850988414 2.8786763689081183 5.3057830333709726 3.5449024438858037 2.1291666594333987 1.5000000000000002 2.6449580038782279 2.4058824160932262 26.073238372802738 5.9642982482910165 4.0122792720794687 7.8191416263580331 6.8343644142150888
decision_type=2 2 2 2 2 2 2 2 2 2 2 2 2 2
left_child=-1 2 5 4 -4 12 9 8 -8 10 -7 -12 13 -2
right_child=1 -3 3 -5 -6 6 7 -9 -10 -11 11 -13 -14 -15
leaf_value=0.0014755084262794785 -9.7594834012212374e-05 0.00010977112666853207 -0.00079214585644609044 -0.0026790765758426763 0.00092285746934086003 0.00085070749391519002 0.0019189642134927179 0.0032316867491111547 -0.00066768210104909656 0.0008438262639350755 -0.00024114787392280339 -0.001861957413213218 -0.0011975222418562385 0.0012693817487796906
leaf_weight=2943 363151 283861 14796 2015 4394 4710 3093 2067 2088 7930 12263 3614 5334 5655
leaf_count=2943 363151 283861 14796 2015 4394 4710 3093 2067 2088 7930 12263 3614 5334 5655
internal_value=7.16378e-08 -6.02218e-06 -8.22662e-05 -0.000616987 -0.00039918 -5.45899e-05 0.000343087 0.00155221 0.000877239 3.53342e-05 -0.000276351 -0.000611024 -9.2613e-05 -7.66008e-05
internal_weight=717914 714971 431110 21205 19190 409905 35765 7248 5181 28517 20587 15877 374140 368806
internal_count=717914 714971 431110 21205 19190 409905 35765 7248 5181 28517 20587 15877 374140 368806
is_linear=0
shrinkage=0.05


Tree=65
num_leaves=15
num_cat=0
split_feature=0 0 1 1 0 0 3 0 0 0 1 1 1 0
split_gain=2.51147 2.48625 2.18644 7.87809 5.34784 5.63478 8.6094 4.09188 3.56754 6.32774 6.05161 6.5187 5.67373 7.88583
threshold=1.1435822248458865 9.9139461517334002 28.31158542633057 28.878820419311527 6.5541508197784433 5.2262580394744882 9.6666664224531988 4.5566120147705087 6.2124750614166269 6.3429889678955087 4.1277208328247079 7.0642073154449472 19.616192817687992 7.2649805545806894
decision_type=2 2 2 2 2 2 2 2 2 2 2 2 2 2
left_child=-1 2 8 -4 5 7 -7 -5 -2 -10 -11 -12 -13 -14
right_child=1 -3 3 4 -6 6 -8 -9 9 10 11 12 13 -15
leaf_value=-0.00026565294845463185 5.5589480124787508e-05 -0.0015941811728732388 -0.0014725016398944102 7.4095205050398157e-06 -0.0021633767938617331 0.00033027724382553503 0.003715487709678791 -0.0010872394192263169 0.0033370634122812017 -0.001705032430424476 0.0031365428818875673 -0.00026690779614592418 0.0033531428747826417 4.922949313309317e-05
leaf_weight=79112 474005 2329 10230 103084 2861 7910 2454 9298 2015 2918 2457 11918 3211 4112
leaf_count=79112 474005 2329 10230 103084 2861 7910 2454 9298 2015 2918 2457 11918 3211 4112
internal_value=7.01945e-08 3.29821e-05 3.89613e-05 -0.000138942 -3.02224e-05 1.967e-05 0.00113464 -8.32457e-05 8.72334e-05 0.00065023 0.000429028 0.000716675 0.000406198 0.00150053
internal_weight=717914 638802 636473 135837 125607 122746 10364 112382 500636 26631 24616 21698 19241 7323
internal_count=717914 638802 636473 135837 125607 122746 10364 112382 500636 26631 24616 21698 19241 7323
is_linear=0
shrinkage=0.05


Tree=66
num_leaves=15
num_cat=0
split_feature=1 3 2 2 0 1 1 1 1 0 3 3 0 3
split_gain=2.3526 2.38516 2.06139 4.03357 2.64443 5.30119 5.62322 2.41822 3.43785 5.49125 3.63717 4.61755 6.67799 4.60646
threshold=0.12903756648302081 0.067424243931804823 1.5000000000000002 1.0000000180025095e-35 5.7656588554382333 27.603961944580082 12.972082614898683 16.309556007385257 12.432610034942629 1.0643947124481203 0.40000001519918454 6.9999994784593778 1.8226034641265871 2.4058824160932262
decision_type=2 2 2 2 2 2 2 2 2 2 2 2 2 2
left_child=-1 -2 3 -3 -5 6 -6 8 9 -4 -10 12 -12 -14
right_child=1 2 7 4 5 -7 -8 -9 10 -11 11 -13 13 -15
leaf_value=0.0014084432769659193 -0.00019986280305799863 0.00010390825391632219 0.0020074214254467248 -0.00024964866181435537 0.0012716735501795422 0.0026169092287016867 -0.0012984752869658381 1.2185231152438525e-05 -0.00081269282994795829 5.1151392743410668e-05 -6.1493510828763081e-05 0.00026372836911126452 0.001979072781349202 0.0050684148767638154
leaf_weight=2943 129559 291362 3955 164396 4178 2413 4317 63346 2013 37652 2123 4681 2882 2094
leaf_count=2943 129559 291362 3955 164396 4178 2413 4317 63346 2013 37652 2123 4681 2882 2094
internal_value=7.04695e-08 -5.74636e-06 3.72167e-05 -1.01135e-05 -0.000199617 0.000553951 -3.4419e-05 0.000223207 0.000464451 0.000237545 0.00114825 0.00148375 0.00228672 0.00328669
internal_weight=717914 714971 585412 466666 175304 10908 8495 118746 55400 41607 13793 11780 7099 4976
internal_count=717914 714971 585412 466666 175304 10908 8495 118746 55400 41607 13793 11780 7099 4976
is_linear=0
shrinkage=0.05


Tree=67
num_leaves=15
num_cat=0
split_feature=0 0 2 0 1 0 1 1 1 3 3 3 0 3
split_gain=2.31348 2.26391 2.04375 2.74404 3.55449 7.82352 3.87366 4.91945 11.9159 4.84684 4.62537 5.58829 4.56779 3.17574
threshold=1.1435822248458865 9.9139461517334002 1.0000000180025095e-35 4.6277542114257821 5.1529059410095224 5.3057830333709726 14.751514434814455 9.6770539283752459 8.4315757751464862 7.845238244376417 3.8619046469732212 5.4999998938292327 5.9012348651885995 2.3867519953168377
decision_type=2 2 2 2 2 2 2 2 2 2 2 2 2 2
left_child=-1 2 3 -2 5 -5 7 8 -6 -9 13 -12 -13 -8
right_child=1 -3 -4 4 6 -7 10 9 -10 -11 11 12 -14 -15
leaf_value=-0.00025495893842031276 6.1963258550352924e-05 -0.001521039348236608 -5.179055030833806e-05 0.0033962342855820881 -0.00095686678977415841 -2.5993855957905867e-06 0.00037402803611264363 -0.00046475781024591414 0.003668195944697715 -0.0032582880375960064 0.0037259094137280509 4.8275515412541586e-05 0.0022564513928251049 -0.0015334517271987022
leaf_weight=79112 264421 2329 319792 3058 3945 3778 16918 5767 2140 2117 2081 6211 3750 2495
leaf_count=79112 264421 2329 319792 3058 3945 3778 16918 5767 2140 2117 2081 6211 3750 2495
internal_value=7.54222e-08 3.16635e-05 3.7369e-05 0.000127403 0.000458436 0.00152057 0.000298293 -0.000394382 0.000673046 -0.00121805 0.000605934 0.00137533 0.000881013 0.000128211
internal_weight=717914 638802 636473 316681 52260 6836 45424 13969 6085 7884 31455 12042 9961 19413
internal_count=717914 638802 636473 316681 52260 6836 45424 13969 6085 7884 31455 12042 9961 19413
is_linear=0
shrinkage=0.05


Tree=68
num_leaves=15
num_cat=0
split_feature=1 1 3 0 0 1 1 1 0 0 0 3 1 1
split_gain=2.19989 4.83469 6.07483 4.07862 2.73015 7.18708 9.516 6.70588 10.1543 10.014 4.10775 4.00941 2.75623 4.2564
threshold=33.775814056396491 33.192869186401374 2.2899159870951808 5.7033410072326669 6.8343644142150888 4.5291097164154062 7.0642073154449472 15.17199754714966 8.5536823272705096 7.8191416263580331 7.5308358669281015 1.1455026704192592 28.31158542633057 28.878820419311527
decision_type=2 2 2 2 2 2 2 2 2 2 2 2 2 2
left_child=1 4 -3 -2 12 -6 -7 10 9 11 -8 -9 -1 -14
right_child=3 2 -4 -5 5 6 7 8 -10 -11 -12 -13 13 -15
leaf_value=3.043954684188332e-05 -0.00020112859867807637 -4.1543798655905182e-05 0.0023133372624983108 -0.0020070366433975538 -0.0021811149130145542 0.0039514835160961445 -0.0024847627121782588 5.4579457414097153e-05 0.0040894000156712108 -0.0020154931461057752 0.00024335287321014906 0.0028215148635190529 -0.001192816791992593 -0.00014074417852148326
leaf_weight=546717 43663 5838 5148 3358 2114 2222 2404 2272 2365 2847 3217 3081 10885 81783
leaf_count=546717 43663 5838 5148 3358 2114 2222 2404 2272 2365 2847 3217 3081 10885 81783
internal_value=7.54549e-08 2.32489e-05 0.00106305 -0.000330497 5.92274e-06 0.000573447 0.000890797 0.000468449 0.00121039 0.000376077 -0.000925753 0.00164942 -1.23015e-05 -0.000264438
internal_weight=717914 670893 10986 47021 659907 20522 18408 16186 10565 8200 5621 5353 639385 92668
internal_count=717914 670893 10986 47021 659907 20522 18408 16186 10565 8200 5621 5353 639385 92668
is_linear=0
shrinkage=0.05


Tree=69
num_leaves=15
num_cat=0
split_feature=0 0 1 1 0 0 0 0 3 2 1 1 0 0
split_gain=2.13352 2.21632 2.03887 1.94798 2.72229 4.74567 2.44072 2.59689 2.90311 1.99289 1.82498 1.81949 5.00993 4.93938
threshold=9.9139461517334002 1.7805435657501223 19.780621528625492 1.3781368732452395 4.7363896369934091 2.4380450248718266 2.8920006752014165 3.8905001878738408 3.4660633727628984 1.0000000180025095e-35 19.334532737731937 14.751514434814455 7.5308358669281015 7.5308358669281015
decision_type=2 2 2 2 2 2 2 2 2 2 2 2 2 2
left_child=1 2 10 4 5 -3 -7 8 -8 11 -1 13 -13 -5
right_child=-2 3 -4 9 -6 6 7 -9 -10 -11 -12 12 -14 -15
leaf_value=-2.6333733938173599e-05 -0.0015075568415490283 0.0014735480976053022 -0.00032462438354803093 2.6199196238717148e-05 0.0016964397010777673 -0.0014234692696274947 -0.00015948769207394165 -0.0013079182624255747 0.0021652286824683027 -6.0294602425898617e-05 0.0013836551073393431 0.00020888660962463967 0.0024582080183828039 -0.0022654421825514474
leaf_weight=103413 2329 5375 84350 95051 4035 3505 3539 2167 2153 254058 2337 150694 2507 2401
leaf_count=103413 2329 5375 84350 95051 4035 3505 3539 2167 2153 254058 2337 150694 2507 2401
internal_value=7.39571e-08 5.00181e-06 -0.000141294 5.79276e-05 0.000532318 0.000250856 -0.000328246 0.000161397 0.000722092 3.83914e-05 4.9539e-06 0.000138417 0.000245853 -3.04884e-05
internal_weight=717914 715585 190100 525485 20774 16739 11364 7859 5692 504711 105750 250653 153201 97452
internal_count=717914 715585 190100 525485 20774 16739 11364 7859 5692 504711 105750 250653 153201 97452
is_linear=0
shrinkage=0.05


Tree=70
num_leaves=15
num_cat=0
split_feature=3 1 0 2 2 0 0 3 1 1 1 1 0 1
split_gain=2.07774 2.22954 2.42329 2.15714 3.6473 3.0506 7.06652 6.35711 3.47237 7.44543 7.3093 4.28405 9.19253 6.2986
threshold=0.93541664420627202 28.31158542633057 6.3429889678955087 1.5000000000000002 1.0000000180025095e-35 6.4467315673828134 5.7033410072326669 5.9999997988343337 35.24212837219239 34.005489349365241 32.754985809326179 19.928272247314457 4.4427518844604501 31.821122169494632
decision_type=2 2 2 2 2 2 2 2 2 2 2 2 2 2
left_child=1 -1 -3 4 -2 6 8 -7 9 10 11 -5 13 -13
right_child=3 2 -4 5 -6 7 -8 -9 -10 -11 -12 12 -14 -15
leaf_value=-3.2842450648072591e-05 0.00013829748488850902 -0.00031463662262835049 -0.0020046171461642684 0.00054289072152667237 -0.00019569050681243939 0.0035961708400909808 -0.0022679169555088847 -0.00036516897315740939 0.0023455903924759665 -0.0023337993612069872 0.0027458713265378258 -0.00016152682443105381 -0.0027884434848682708 0.0027273581341612924
leaf_weight=222049 217043 57482 2193 46011 131115 2030 2740 2008 2031 2670 3040 22313 3138 2051
leaf_count=222049 217043 57482 2193 46011 131115 2030 2740 2008 2031 2670 3040 22313 3138 2051
internal_value=7.18753e-08 -0.000105767 -0.000377067 6.84315e-05 1.25168e-05 0.000289542 0.000224901 0.00163026 0.000309231 0.000256736 0.000347382 0.000247836 -0.000245809 8.26833e-05
internal_weight=717914 281724 59675 436190 348158 88032 83994 4038 81254 79223 76553 73513 27502 24364
internal_count=717914 281724 59675 436190 348158 88032 83994 4038 81254 79223 76553 73513 27502 24364
is_linear=0
shrinkage=0.05


Tree=71
num_leaves=15
num_cat=0
split_feature=1 0 0 3 1 2 2 1 1 1 0 0 1 0
split_gain=2.06457 1.98514 1.97322 1.84099 1.90657 1.34687 2.77535 2.24573 5.3681 3.0535 6.82391 3.15843 3.13717 3.64493
threshold=0.12903756648302081 0.98444759845733654 9.9139461517334002 0.067424243931804823 0.27160012722015386 1.5000000000000002 1.0000000180025095e-35 22.876661300659183 22.40629863739014 33.775814056396491 5.7656588554382333 4.476802110671998 26.073238372802738 3.2680516242980961
decision_type=2 2 2 2 2 2 2 2 2 2 2 2 2 2
left_child=-1 -2 3 -3 -5 6 -6 8 -8 10 12 -11 13 -9
right_child=1 2 -4 4 5 -7 7 9 -10 11 -12 -13 -14 -15
leaf_value=0.0013194131897947203 -0.00028997865732002977 -0.0001538557969098148 -0.0014306644380399512 -0.0013801912744612849 0.00012853405788204497 0.00022683884580345412 -0.00022540393163704618 0.00012507194083216698 -0.0027897610197932729 -0.00022703793259843918 0.0025288453007357567 -0.0023864146371524483 -0.00015673040866835344 0.0017912395546430171
leaf_weight=2943 56426 118890 2329 2267 266362 108674 98752 8885 2074 8381 3135 2113 31486 5197
leaf_count=2943 56426 118890 2329 2267 266362 108674 98752 8885 2074 8381 3135 2113 31486 5197
internal_value=6.94267e-08 -5.3797e-06 1.90096e-05 2.41764e-05 6.35703e-05 6.97131e-05 2.96616e-05 -0.000134912 -0.000278424 0.000109529 0.000276237 -0.000663693 0.000120741 0.00074081
internal_weight=717914 714971 658545 656216 537326 535059 426385 160023 100826 59197 48703 10494 45568 14082
internal_count=717914 714971 658545 656216 537326 535059 426385 160023 100826 59197 48703 10494 45568 14082
is_linear=0
shrinkage=0.05


Tree=72
num_leaves=15
num_cat=0
split_feature=3 3 0 0 3 0 0 2 0 0 2 1 1 0
split_gain=1.87808 2.59615 3.30863 3.67229 2.43478 4.41506 3.1475 2.27989 2.03222 3.45916 3.24736 2.1642 2.3494 3.20817
threshold=3.3999999850988414 2.8786763689081183 5.3057830333709726 3.5449024438858037 2.1291666594333987 5.8382956981658944 4.8109230995178232 1.5000000000000002 7.8191416263580331 6.8343644142150888 1.0000000180025095e-35 28.041254997253422 29.001466751098636 2.4527559280395512
decision_type=2 2 2 2 2 2 2 2 2 2 2 2 2 2
left_child=1 4 3 -3 8 6 7 -6 9 11 -10 -1 -13 -14
right_child=-2 2 -4 -5 5 -7 -8 -9 10 -11 -12 12 13 -15
leaf_value=-1.519992898857157e-05 9.9721463707803766e-05 -0.00077690769332257033 -0.0025214180100293169 0.00086563541506074382 0.0001367973564069376 0.0024574777763310112 -0.0014422471770551143 0.0012109865277258297 -0.0023540199090797461 0.0011648395716639445 9.6918974647669723e-05 -0.0010259239808022643 -0.00057778921629778783 9.7891627450411847e-05
leaf_weight=283691 285040 14856 2025 4404 24771 2326 2647 6161 2501 5655 2925 9988 32016 38908
leaf_count=283691 285040 14856 2025 4404 24771 2326 2647 6161 2501 5655 2925 9988 32016 38908
internal_value=6.3918e-08 -6.55596e-05 -0.000603883 -0.000401069 -3.77067e-05 0.000355606 0.000209322 0.000351075 -7.5305e-05 -6.12128e-05 -0.00103504 -8.02603e-05 -0.000308343 -0.000207158
internal_weight=717914 432874 21285 19260 411589 35905 33579 30932 375684 370258 5426 364603 80912 70924
internal_count=717914 432874 21285 19260 411589 35905 33579 30932 375684 370258 5426 364603 80912 70924
is_linear=0
shrinkage=0.05


Tree=73
num_leaves=15
num_cat=0
split_feature=1 0 0 2 1 1 0 2 0 1 0 1 0 3
split_gain=1.8686 1.78566 1.73855 1.5338 3.77276 3.92913 2.38728 1.50154 2.26618 2.76056 4.16037 3.4951 4.61158 9.77627
threshold=0.12903756648302081 1.1435822248458865 9.9139461517334002 1.5000000000000002 11.573187351226808 7.4945485591888437 1.0257255434989931 1.0000000180025095e-35 4.6277542114257821 5.3958992958068857 5.3057830333709726 14.751514434814455 5.9012348651885995 1.067816118706421
decision_type=2 2 2 2 2 2 2 2 2 2 2 2 2 2
left_child=-1 3 7 -2 5 -5 -6 8 -3 10 -10 12 -11 -14
right_child=1 2 -4 4 6 -7 -8 -9 9 11 -12 -13 13 -15
leaf_value=0.0012552262767563753 -0.00034075572002351589 4.5448361756597757e-05 -0.0013379670204294299 0.00023774940465467491 -0.00072746631450441878 0.0030065779381844163 0.0011424705591164626 -4.8895739177076486e-05 0.0026721953159066854 0.00041665403205998073 0.00022698360955146604 0.00055178194885208685 0.00092516356077882193 -0.0031474887017926704
leaf_weight=2943 62855 263421 2329 3436 8369 2035 2134 318349 3155 7534 3867 31455 2535 3497
leaf_count=2943 62855 263421 2329 3436 8369 2035 2134 318349 3155 7534 3867 31455 2535 3497
internal_value=5.8921e-08 -5.12515e-06 2.26919e-05 -0.00022958 0.000207817 0.00127125 -0.000346807 2.77127e-05 0.000105021 0.000406487 0.00132786 0.000262516 -0.000408107 -0.00143722
internal_weight=717914 714971 636142 78829 15974 5471 10503 633813 315464 52043 7022 45021 13566 6032
internal_count=717914 714971 636142 78829 15974 5471 10503 633813 315464 52043 7022 45021 13566 6032
is_linear=0
shrinkage=0.05


Tree=74
num_leaves=15
num_cat=0
split_feature=1 1 3 0 2 0 1 1 1 0 3 2 0 3
split_gain=1.75637 4.34216 5.24471 3.45623 2.58648 2.44348 6.27057 8.70872 5.68197 3.10115 7.28852 4.1098 2.24523 3.17393
threshold=33.775814056396491 33.192869186401374 2.2899159870951808 5.7033410072326669 1.0000000180025095e-35 6.8343644142150888 4.5291097164154062 7.0642073154449472 27.603961944580082 7.5308358669281015 1.5119048332428049 1.0000000180025095e-35 2.7273492813110356 7.6833329866329922
decision_type=2 2 2 2 2 2 2 2 2 2 2 2 2 2
left_child=1 5 -3 12 -4 -1 -7 -8 9 11 -11 -9 13 -2
right_child=3 2 4 -5 -6 6 7 8 -10 10 -12 -13 -14 -15
leaf_value=-1.2895335321862443e-05 -0.00086432756430525651 -2.0202424962274023e-05 0.0010062267322735101 -0.0018386415391567369 0.0032525171642312522 -0.0020317003474513372 0.0037656462416191558 0.00037444187094549529 0.0026204858835999004 -0.00096420779321387514 0.0020412205734089625 -0.0023438481057901184 0.00020875615888018358 0.00044676624040848047
leaf_weight=639385 17066 5838 2495 3358 2653 2114 2222 3026 2500 3732 4369 2559 20278 6319
leaf_count=639385 17066 5838 2495 3358 2653 2114 2222 3026 2500 3732 4369 2559 20278 6319
internal_value=5.93799e-08 2.07655e-05 0.00100618 -0.000295315 0.0021679 4.34554e-06 0.000541248 0.000837672 0.000433645 3.25569e-05 0.000657186 -0.000873019 -0.000176229 -0.00051001
internal_weight=717914 670893 10986 47021 5148 659907 20522 18408 16186 13686 8101 5585 43663 23385
internal_count=717914 670893 10986 47021 5148 659907 20522 18408 16186 13686 8101 5585 43663 23385
is_linear=0
shrinkage=0.05


Tree=75
num_leaves=15
num_cat=0
split_feature=1 1 0 0 3 0 1 1 3 0 3 3 0 3
split_gain=1.70797 5.11475 4.1198 5.46169 7.5368 3.39098 3.17696 2.54806 4.00297 4.4892 2.35279 4.42472 2.28405 2.17384
threshold=28.31158542633057 28.878820419311527 6.5541508197784433 5.2262580394744882 9.6666664224531988 4.5566120147705087 33.775814056396491 27.465895652771 0.67028986410987235 3.3165787458419804 0.6000000074505808 0.73508773343715006 2.3854781389236455 7.3484848585421068
decision_type=2 2 2 2 2 2 2 2 2 2 2 2 2 2
left_child=7 -2 3 5 -5 10 -7 -1 -9 12 -3 -12 13 -10
right_child=1 2 -4 4 -6 6 -8 8 9 -11 11 -13 -14 -15
leaf_value=2.154553903051556e-05 -0.0011725719260515179 -0.00035575381784799191 -0.001721339673254456 0.0003280778743108631 0.0034954366714131328 -0.0017239914966852435 0.00019989536998795771 -0.00039663291900267274 0.0019422783027696153 0.0024868778791429062 0.0020178780029988636 4.363594912421703e-05 -0.0010015136380874053 -0.00022567342662897826
leaf_weight=547970 11275 39376 3654 7910 2454 5947 3351 5967 2676 4227 2938 76135 2007 2027
leaf_count=547970 11275 39376 3654 7910 2454 5947 3351 5967 2676 4227 2938 76135 2007 2027
internal_value=6.03206e-08 -0.0001481 -6.65433e-05 -2.2641e-05 0.0010807 -0.000112231 -0.00103115 4.02029e-05 0.00064464 0.00121258 -4.00169e-05 0.000117236 0.000407323 0.00100939
internal_weight=717914 153040 141765 138111 10364 127747 9298 564874 16904 10937 118449 79073 6710 4703
internal_count=717914 153040 141765 138111 10364 127747 9298 564874 16904 10937 118449 79073 6710 4703
is_linear=0
shrinkage=0.05


Tree=76
num_leaves=15
num_cat=0
split_feature=1 3 2 2 1 1 1 1 1 1 0 0 0 1
split_gain=1.70051 1.61021 1.69207 2.61359 2.30851 4.7043 2.67779 3.98463 3.51761 3.2813 3.20499 7.35465 2.20655 1.9396
threshold=0.12903756648302081 0.067424243931804823 1.5000000000000002 1.0000000180025095e-35 22.876661300659183 22.40629863739014 28.31158542633057 27.603961944580082 28.698990821838382 26.073238372802738 3.2680516242980961 4.2988338470458993 4.973764419555665 33.885906219482429
decision_type=2 2 2 2 2 2 2 2 2 2 2 2 2 2
left_child=-1 -2 3 -3 5 -5 7 9 -8 10 -6 -12 -10 -4
right_child=1 2 13 4 6 -7 8 -9 12 -11 11 -13 -14 -15
leaf_value=0.0011974421290964926 -0.00016437951119322437 7.931666949375721e-05 0.00025122639925755351 -0.0002553866446331513 6.1965095297548939e-05 -0.0025218331272012541 -0.0019875908825089466 0.0020178292236288082 -0.00021463704419222079 -0.00069576458444517474 0.0032759529221795627 -0.00020396970385956815 0.00099792119928594119 -0.00058150834675222351
leaf_weight=2943 129559 291362 111294 108621 10143 2329 2549 3535 30912 6893 2989 3073 4260 7452
leaf_count=2943 129559 291362 111294 108621 10143 2329 2549 3535 30912 6893 2989 3073 4260 7452
internal_value=6.00582e-08 -4.88535e-06 3.04149e-05 -1.24663e-05 -0.000165009 -0.000303186 7.32255e-05 0.000456976 -0.000197772 0.000217328 0.000605913 0.00151445 -6.75312e-05 0.000198923
internal_weight=717914 714971 585412 466666 175304 110950 64354 26633 37721 23098 16205 6062 35172 118746
internal_count=717914 714971 585412 466666 175304 110950 64354 26633 37721 23098 16205 6062 35172 118746
is_linear=0
shrinkage=0.05


Tree=77
num_leaves=15
num_cat=0
split_feature=0 2 1 1 0 1 0 0 0 1 0 2 0 0
split_gain=1.58154 1.53669 3.80784 3.16011 2.26263 1.84279 1.52447 1.46308 2.0921 7.34458 7.11105 1.53321 2.40377 2.25486
threshold=1.1435822248458865 1.5000000000000002 11.573187351226808 7.4945485591888437 0.64032983779907238 29.755519866943363 9.9139461517334002 8.5536823272705096 7.8191416263580331 20.258383750915531 7.5308358669281015 1.0000000180025095e-35 7.036393642425538 6.719891071319581
decision_type=2 2 2 2 2 2 2 2 2 2 2 2 2 2
left_child=1 -1 3 -3 -4 -6 7 8 10 -10 11 -2 13 -13
right_child=6 2 4 -5 5 -7 -8 -9 9 -11 -12 12 -14 -15
leaf_value=-0.00032193229974361516 0.0001021730546818059 0.00037281894463810284 -0.0016179884133638786 0.002847661184780258 -0.0003822108334876255 0.0013252384007012767 -0.0012479667477307713 0.0011953417703030886 0.00073047435567624632 -0.0029204721659615335 0.0026343857455318736 -5.5036825252999298e-05 -0.0016360178410006435 0.0013740752743084956
leaf_weight=63071 311499 3503 2575 2035 5762 2166 2329 2676 3003 2530 2609 309007 2374 2775
leaf_count=63071 311499 3503 2575 2035 5762 2166 2329 2676 3003 2530 2609 309007 2374 2775
internal_value=5.79184e-08 -0.000210808 0.000226047 0.00128572 -0.000333387 8.53613e-05 2.61753e-05 3.08572e-05 2.59218e-05 -0.000941202 3.44539e-05 2.35702e-05 -5.43687e-05 -4.22734e-05
internal_weight=717914 79112 16041 5538 10503 7928 638802 636473 633797 5533 628264 625655 314156 311782
internal_count=717914 79112 16041 5538 10503 7928 638802 636473 633797 5533 628264 625655 314156 311782
is_linear=0
shrinkage=0.05


Tree=78
num_leaves=15
num_cat=0
split_feature=1 1 0 3 0 0 1 1 1 0 0 3 0 0
split_gain=1.53871 3.88783 4.88874 3.52093 3.14413 2.26588 5.80183 7.63376 5.59611 9.59119 8.96305 4.80833 3.63549 2.17961
threshold=33.775814056396491 33.192869186401374 3.6375920772552495 2.3867519953168377 5.7033410072326669 6.8343644142150888 4.5291097164154062 7.0642073154449472 15.17199754714966 8.5536823272705096 7.2649805545806894 2.2499999199062608 7.5308358669281015 2.2460700273513798
decision_type=2 2 2 2 2 2 2 2 2 2 2 2 2 2
left_child=1 5 3 13 -2 -1 -7 -8 12 10 -10 -12 -9 -3
right_child=4 2 -4 -5 -6 6 7 8 9 -11 11 -13 -14 -15
leaf_value=-1.2702268991172128e-05 -0.00016282920054729293 0.00049113729363667942 0.0027749089478949726 0.0014668508769494258 -0.0017484045206849514 -0.0019539922352637381 0.0035473835252371024 -0.0023125221369995996 0.0025791979118335766 0.003903551170900832 0.00053831653269578684 -0.0024460988161963564 0.00025392236799000036 -0.00171142398299396
leaf_weight=639385 43663 2250 2746 3764 3358 2114 2222 2404 2810 2365 2798 2592 3217 2226
leaf_count=639385 43663 2250 2746 3764 3358 2114 2222 2404 2810 2365 2798 2592 3217 2226
internal_value=5.67087e-08 1.94374e-05 0.000951871 0.000341712 -0.000276411 3.9002e-06 0.000520922 0.000806051 0.000427766 0.00110554 0.000294785 -0.000898733 -0.000845857 -0.000605612
internal_weight=717914 670893 10986 8240 47021 659907 20522 18408 16186 10565 8200 5390 5621 4476
internal_count=717914 670893 10986 8240 47021 659907 20522 18408 16186 10565 8200 5390 5621 4476
is_linear=0
shrinkage=0.05


Tree=79
num_leaves=15
num_cat=0
split_feature=1 3 3 0 0 3 2 0 0 3 0 3 3 0
split_gain=1.54609 1.50876 2.25487 3.18707 3.17903 2.15601 4.197 1.66503 2.21907 1.71864 1.53363 1.75652 2.88903 1.47603
threshold=0.12903756648302081 3.3999999850988414 2.8786763689081183 5.3057830333709726 3.5449024438858037 2.7499999674037121 1.0000000180025095e-35 7.8191416263580331 6.8343644142150888 3.6076923731868784 0.76534768939018261 2.675438700648006 2.6076922597088066 2.8577018976211552
decision_type=2 2 2 2 2 2 2 2 2 2 2 2 2 2
left_child=-1 2 5 4 -4 10 -7 8 9 -3 -2 12 -12 -14
right_child=1 7 3 -5 -6 6 -8 -9 -10 -11 11 -13 13 -15
leaf_value=0.0011417787734554949 -0.0005057921404662952 0.00092962845810797782 -0.00071758390401711891 -0.0024529446887634233 0.00081271225804939494 -0.0004875511241502339 0.0025955928594750678 -0.00090092293584542271 0.0012233698680535364 6.3652373704657178e-05 -3.4127348211988439e-05 -0.0012815803493389085 0.00037203138957148731 0.0022531040689167674
leaf_weight=2943 17608 5844 14796 2015 4394 2192 2208 4210 4316 269491 380955 2768 2151 2023
leaf_count=2943 17608 5844 14796 2015 4394 2192 2208 4210 4316 269491 380955 2768 2151 2023
internal_value=5.74995e-08 -4.65802e-06 -6.35953e-05 -0.00056623 -0.000366946 -3.75801e-05 0.001062 8.48513e-05 9.97233e-05 8.20659e-05 -4.95372e-05 -2.88137e-05 -1.97768e-05 0.00128693
internal_weight=717914 714971 431110 21205 19190 409905 4400 283861 279651 275335 405505 387897 385129 4174
internal_count=717914 714971 431110 21205 19190 409905 4400 283861 279651 275335 405505 387897 385129 4174
is_linear=0
shrinkage=0.05


Tree=80
num_leaves=15
num_cat=0
split_feature=1 0 3 0 3 1 0 2 1 2 0 1 3 2
split_gain=1.486 4.55948 6.79047 4.11677 4.34733 3.09087 4.34801 3.84666 2.12902 3.55338 4.92469 4.48637 2.09333 2.03225
threshold=28.31158542633057 6.5541508197784433 2.2899159870951808 5.1745252609252939 9.9999995401927517 29.001466751098636 4.6962068080902108 1.0000000180025095e-35 27.465895652771 1.5000000000000002 3.3165787458419804 27.866256713867191 0.40000000745058051 1.5000000000000002
decision_type=2 2 2 2 2 2 2 2 2 2 2 2 2 2
left_child=8 3 -3 5 -5 -2 12 -8 -1 10 -10 -12 -7 -14
right_child=1 2 -4 4 -6 6 7 -9 9 -11 11 -13 13 -15
leaf_value=2.0445755908805844e-05 -0.00091691096700800888 0.00020120301095941982 -0.0037731701333555256 0.0002709205657975043 0.0025312600557085142 -0.0003556289385847662 -0.00011103858518833174 -0.0025104377712510729 0.00020626370203651672 -0.00087693049722477572 0.0034996144613725095 0.00052579825582735492 -1.4312633446639307e-05 0.00059496718719007601
leaf_weight=547970 12538 2195 2094 9030 2774 33749 3279 3397 8465 3311 2827 2301 66780 17204
leaf_count=547970 12538 2195 2094 9030 2774 33749 3279 3397 8465 3311 2827 2301 66780 17204
internal_value=5.67239e-08 -0.000138141 -0.00174345 -9.17402e-05 0.000803805 -0.000168984 -9.35397e-05 -0.00133387 3.75001e-05 0.000590004 0.000947704 0.00216885 -2.30999e-05 0.000110553
internal_weight=717914 153040 4289 148751 11804 136947 124409 6676 564874 16904 13593 5128 117733 83984
internal_count=717914 153040 4289 148751 11804 136947 124409 6676 564874 16904 13593 5128 117733 83984
is_linear=0
shrinkage=0.05


Tree=81
num_leaves=15
num_cat=0
split_feature=0 1 0 0 1 0 1 2 0 0 0 1 1 0
split_gain=1.40849 2.69172 2.02796 1.43859 1.31537 5.47945 5.04344 3.97801 3.23729 2.34426 5.17751 2.29673 7.07824 2.88193
threshold=1.9955905079841616 19.780621528625492 2.0257014036178593 9.9139461517334002 15.17199754714966 8.1905436515808123 15.944038867950441 1.5000000000000002 4.7748029232025155 8.1905436515808123 7.2649805545806894 5.2967031002044687 5.0184702873229989 6.0124845504760751
decision_type=2 2 2 2 2 2 2 2 2 2 2 2 2 2
left_child=1 -1 -2 4 9 6 7 8 -6 10 11 12 -4 -13
right_child=2 -3 3 -5 5 -7 -8 -9 -10 -11 -12 13 -14 -15
leaf_value=5.1307496584346196e-05 0.00099987505182116878 -0.00029088465746501184 4.2155338477324916e-05 -0.0011994209455797487 9.1221638617774168e-05 0.0023257904194799047 4.7254322305501534e-05 0.0029417922747499922 0.0022660666033505745 -0.0015105676529090463 0.0017946977270161082 -0.00013664118680638461 0.0022925637510555702 -0.0011521095390837305
leaf_weight=129031 5528 103605 66487 2329 6763 2764 260879 2366 2281 2712 3790 118285 3678 7416
leaf_count=129031 5528 103605 66487 2329 6763 2764 260879 2366 2281 2712 3790 118285 3678 7416
internal_value=5.33849e-08 -0.000101095 4.85435e-05 3.7561e-05 4.36203e-05 0.000114806 9.22781e-05 0.00112076 0.000641639 -5.31346e-05 -3.32631e-05 -6.87239e-05 0.00016043 -0.000196638
internal_weight=717914 232636 485278 479750 477421 275053 272289 11410 9044 202368 199656 195866 70165 125701
internal_count=717914 232636 485278 479750 477421 275053 272289 11410 9044 202368 199656 195866 70165 125701
is_linear=0
shrinkage=0.05


Tree=82
num_leaves=15
num_cat=0
split_feature=1 3 1 2 2 1 1 1 0 0 1 0 0 1
split_gain=1.39631 1.35246 1.54714 1.50339 2.20461 2.05438 4.18507 2.46124 5.9491 2.80531 2.2493 3.26931 6.36647 1.8269
threshold=0.12903756648302081 0.067424243931804823 0.27160012722015386 1.5000000000000002 1.0000000180025095e-35 22.876661300659183 22.40629863739014 33.775814056396491 5.7656588554382333 4.476802110671998 26.073238372802738 3.2680516242980961 4.2988338470458993 35.071567535400398
decision_type=2 2 2 2 2 2 2 2 2 2 2 2 2 2
left_child=-1 -2 -3 4 -4 6 -6 8 10 -9 11 -7 -13 -5
right_child=1 2 3 13 5 7 -8 9 -10 -11 -12 12 -14 -15
leaf_value=0.001085067363845924 -0.00015059732791799786 -0.0012253984218822947 7.7170442896840128e-05 0.0001580480733593011 -0.0002333930549094785 6.7714711930952365e-05 -0.0023712526409929036 -0.00021430732347448497 0.0023294435845331615 -0.0022287882469200415 -0.00013705208765234605 0.0031092887281111178 -0.00042671871023611306 0.0013215636712167334
leaf_weight=2943 129559 2442 289957 114975 107889 10143 2329 9308 3135 2113 34458 2989 2208 3466
leaf_count=2943 129559 2442 289957 114975 107889 10143 2329 9308 3135 2113 34458 2989 2208 3466
internal_value=5.66876e-08 -4.4246e-06 2.79273e-05 3.31982e-05 -7.34706e-06 -0.000147724 -0.000278779 7.6741e-05 0.000220388 -0.00058863 8.71726e-05 0.000590606 0.00160904 0.000192205
internal_weight=717914 714971 585412 582970 464529 174572 110218 64354 52933 11421 49798 15340 5197 118441
internal_count=717914 714971 585412 582970 464529 174572 110218 64354 52933 11421 49798 15340 5197 118441
is_linear=0
shrinkage=0.05


Tree=83
num_leaves=15
num_cat=0
split_feature=1 1 0 3 0 0 0 3 1 0 1 1 1 0
split_gain=1.31157 3.50313 4.29221 3.11405 2.74319 2.0033 1.95539 2.75984 3.86031 1.89625 5.14941 6.83127 5.32332 2.79436
threshold=33.775814056396491 33.192869186401374 3.6375920772552495 2.3867519953168377 5.7033410072326669 2.2460700273513798 2.7273492813110356 7.6833329866329922 34.598419189453132 6.8343644142150888 4.5291097164154062 7.0642073154449472 27.603961944580082 7.5308358669281015
decision_type=2 2 2 2 2 2 2 2 2 2 2 2 2 2
left_child=1 9 3 5 6 -3 7 -2 -9 -1 -11 -12 13 -13
right_child=4 2 -4 -5 -6 -7 -8 8 -10 10 11 12 -14 -15
leaf_value=-1.1988742734471655e-05 -0.00079099574649064768 0.00049177237655651006 0.0026112499590022161 0.0013894364462986855 -0.001630132142668063 -0.0016197793393569037 0.00021017154105763909 -0.0011363008185459912 0.0014025251301482064 -0.0018554190112148726 0.0033380316707671328 -0.00086082958280750985 0.0025036599820002208 0.00059171391050824823
leaf_weight=639385 17066 2250 2746 3764 3358 2226 20278 2416 3903 2114 2222 5585 2500 8101
leaf_count=639385 17066 2250 2746 3764 3358 2226 20278 2416 3903 2114 2222 5585 2500 8101
internal_value=5.46506e-08 1.79477e-05 0.000903048 0.000331311 -0.000255192 -0.000559612 -0.000149101 -0.000460595 0.000431571 3.1993e-06 0.000476174 0.0007448 0.000386962 -1.23759e-06
internal_weight=717914 670893 10986 8240 47021 4476 43663 23385 6319 659907 20522 18408 16186 13686
internal_count=717914 670893 10986 8240 47021 4476 43663 23385 6319 659907 20522 18408 16186 13686
is_linear=0
shrinkage=0.05


Tree=84
num_leaves=15
num_cat=0
split_feature=1 0 3 1 0 3 0 2 1 0 1 3 0 0
split_gain=1.32878 4.55434 6.17239 3.68324 3.98337 5.96638 3.42566 2.12418 1.97575 4.92767 4.3404 4.2531 4.0828 5.12187
threshold=28.31158542633057 6.5541508197784433 2.4361412265036138 29.001466751098636 5.2262580394744882 9.6666664224531988 4.6962068080902108 1.0000000180025095e-35 23.333030700683597 3.2287765741348271 21.661662101745609 5.9999997988343337 4.3252618312835702 3.8044918775558476
decision_type=2 2 2 2 2 2 2 2 2 2 2 2 2 2
left_child=8 3 -3 -2 6 -6 -5 -8 10 -10 -1 -12 13 -11
right_child=1 2 -4 4 5 -7 7 -9 9 12 11 -13 -14 -15
leaf_value=3.3050232798257875e-05 -0.00087173807881743993 8.5252410134122739e-05 -0.0037065350866129828 -1.8424740027882013e-05 0.00026809801685074745 0.003099699599765476 -0.00028309063931941084 -0.0019936924641777865 -3.6544063082282055e-05 0.00059725636452724639 -0.00019364698505613411 -0.0014694494746867355 0.0001859121064557497 0.0023493460444993092
leaf_weight=434765 13491 2235 2054 117733 7840 2430 3641 3616 61697 11556 21600 9357 19373 6526
leaf_count=434765 13491 2235 2054 117733 7840 2430 3641 3616 61697 11556 21600 9357 19373 6526
internal_value=5.51591e-08 -0.000130627 -0.00173503 -8.42531e-05 -5.64974e-06 0.000940451 -8.34566e-05 -0.00113702 3.54623e-05 0.000238112 -7.68603e-06 -0.000579618 0.000690424 0.00123055
internal_weight=717914 153040 4289 148751 135260 10270 124990 7257 564874 99152 465722 30957 37455 18082
internal_count=717914 153040 4289 148751 135260 10270 124990 7257 564874 99152 465722 30957 37455 18082
is_linear=0
shrinkage=0.05


Tree=85
num_leaves=15
num_cat=0
split_feature=3 3 0 0 3 0 0 0 2 0 2 1 1 0
split_gain=1.27175 2.21114 2.68988 2.90417 1.96752 3.90788 2.9103 1.96511 2.8397 2.49412 1.9125 1.77812 1.97609 1.51834
threshold=3.3999999850988414 2.8786763689081183 5.3057830333709726 3.5449024438858037 2.1291666594333987 5.8382956981658944 4.8109230995178232 7.8191416263580331 1.0000000180025095e-35 7.036393642425538 1.5000000000000002 26.073238372802738 5.9642982482910165 7.8191416263580331
decision_type=2 2 2 2 2 2 2 2 2 2 2 2 2 2
left_child=1 4 3 -3 7 6 10 9 -9 -1 11 12 -6 -2
right_child=13 2 -4 -5 5 -7 -8 8 -10 -11 -12 -13 -14 -15
leaf_value=-6.2110477716877097e-05 9.6299584206889957e-05 -0.00070210750682666483 -0.0022797234741292571 0.0007585951976440676 0.00081105155709420684 0.0023027783256650276 -0.0014004104511726586 -0.0022392094038529548 5.2853446473691572e-05 0.0011611449209084567 0.0011115921415629476 0.0008123224717116233 -0.00042548302701170341 -0.00085282243094954812
leaf_weight=366053 280772 14856 2025 4404 4217 2326 2647 2501 2925 4205 6161 6850 13704 4268
leaf_count=366053 280772 14856 2025 4404 4217 2326 2647 2501 2925 4205 6161 6850 13704 4268
internal_value=5.10401e-08 -5.39502e-05 -0.000550755 -0.000367882 -2.82456e-05 0.000325318 0.000187696 -6.20442e-05 -0.0010058 -4.8187e-05 0.000324006 0.00012775 -0.000134223 8.20586e-05
internal_weight=717914 432874 21285 19260 411589 35905 33579 375684 5426 370258 30932 24771 17921 285040
internal_count=717914 432874 21285 19260 411589 35905 33579 375684 5426 370258 30932 24771 17921 285040
is_linear=0
shrinkage=0.05


Tree=86
num_leaves=15
num_cat=0
split_feature=1 0 1 3 3 1 1 2 0 1 0 0 3 1
split_gain=1.27572 1.23112 1.19852 1.16806 3.38369 1.8014 1.54105 3.0075 5.45068 1.71499 2.16821 1.48981 1.73123 1.47498
threshold=0.12903756648302081 1.1435822248458865 0.27160012722015386 0.67028986410987235 0.71428572949098101 35.495138168334968 18.904769897460941 1.5000000000000002 4.8509354591369638 15.051964282989504 5.2597839832305917 3.45921802520752 4.999999906867747 13.863571166992189
decision_type=2 2 2 2 2 2 2 2 2 2 2 2 2 2
left_child=-1 -2 -3 6 -5 13 9 -8 -9 -4 -11 12 -7 -6
right_child=1 2 3 4 5 11 7 8 -10 10 -12 -13 -14 -15
leaf_value=0.0010371504880313197 -0.0001906072142194476 -0.0010414538980958769 -4.4435836200997745e-05 0.001832367481955485 -4.5545291056795119e-05 -0.0012503039703370808 -7.3504917579797916e-05 -0.0004069624339073073 -0.0026705721354331885 0.00023418295032047866 0.0015739102451032437 -0.0018074265518081311 0.0008045020121638073 0.00015120303516961791
leaf_weight=2943 78829 2644 92970 2706 155629 2004 83768 18088 3109 21867 3495 2242 2078 245542
leaf_count=2943 78829 2644 92970 2706 155629 2004 83768 18088 3109 21867 3495 2242 2078 245542
internal_value=4.78858e-08 -4.23553e-06 1.88618e-05 2.33035e-05 7.33955e-05 6.16703e-05 -6.87156e-05 -0.000208172 -0.000740073 5.49943e-05 0.000419351 -0.000774966 -0.000204866 7.48779e-05
internal_weight=717914 714971 636142 633498 410201 407495 223297 104965 21197 118332 25362 6324 4082 401171
internal_count=717914 714971 636142 633498 410201 407495 223297 104965 21197 118332 25362 6324 4082 401171
is_linear=0
shrinkage=0.05


Tree=87
num_leaves=15
num_cat=0
split_feature=1 0 3 0 3 1 0 2 1 3 0 2 1 3
split_gain=1.19002 4.01557 5.61852 3.43974 3.40905 2.51845 3.54068 3.11442 1.83814 3.38925 5.90908 4.93528 1.85634 3.63638
threshold=28.31158542633057 6.5541508197784433 2.2899159870951808 5.1745252609252939 9.9999995401927517 29.001466751098636 4.6962068080902108 1.0000000180025095e-35 27.465895652771 9.2678571117813906 2.6328191757202153 1.5000000000000002 27.866256713867191 0.67028986410987235
decision_type=2 2 2 2 2 2 2 2 2 2 2 2 2 2
left_child=8 3 -3 5 -5 -2 -7 -8 -1 11 -11 12 13 -10
right_child=1 2 -4 4 -6 6 7 -9 9 10 -12 -13 -14 -15
leaf_value=1.7705189305391364e-05 -0.00082581625761507158 0.0001389457225995434 -0.003476413437090071 0.00026659708713021698 0.0022682518889143529 -1.9024104701751788e-05 -0.00010154891123558372 -0.0022605379837538891 -0.00014762976189368609 -0.00010356811185065285 0.0037048706791028966 -0.0018424593649335496 -4.8867351514285932e-05 0.0024940262509900984
leaf_weight=547970 12538 2195 2094 9030 2774 117733 3279 3397 2392 2033 2030 2497 5104 2848
leaf_count=547970 12538 2195 2094 9030 2774 117733 3279 3397 2392 2033 2030 2497 5104 2848
internal_value=4.41701e-08 -0.000123627 -0.00163015 -8.00821e-05 0.000738518 -0.000150689 -8.25887e-05 -0.00120186 3.35517e-05 0.000546926 0.00180367 0.000148188 0.000630038 0.00129016
internal_weight=717914 153040 4289 148751 11804 136947 124409 6676 564874 16904 4063 12841 10344 5240
internal_count=717914 153040 4289 148751 11804 136947 124409 6676 564874 16904 4063 12841 10344 5240
is_linear=0
shrinkage=0.05


Tree=88
num_leaves=15
num_cat=0
split_feature=1 0 0 0 0 1 0 3 1 1 0 0 0 0
split_gain=1.1497 1.12472 1.0706 1.31802 1.76214 6.17151 5.53537 1.16495 1.39172 1.39241 3.42828 2.66105 2.40117 3.16913
threshold=0.12903756648302081 0.98444759845733654 9.9139461517334002 8.5536823272705096 7.8191416263580331 20.258383750915531 7.5308358669281015 0.056079665591525892 0.27160012722015386 1.3781368732452395 3.3972306251525883 4.1896345615386972 2.6973187923431401 1.6577763557434084
decision_type=2 2 2 2 2 2 2 2 2 2 2 2 2 2
left_child=-1 -2 3 4 6 -6 7 -3 -9 10 12 -12 13 -10
right_child=1 2 -4 -5 5 -7 -8 8 9 -11 11 -13 -14 -15
leaf_value=0.00098458638397013886 -0.00021824419935445071 -0.00013336592377472702 -0.0010534797184944334 0.0011234582058845214 0.00070793187585674799 -0.002679242741715113 0.0023151005372791253 -0.0011868353478486722 -0.00086627500495225097 3.3600498084181108e-05 0.0028721653398390799 0.00060854065475836978 -0.0011085548046340752 0.0012335505758201066
leaf_weight=2943 56426 113854 2329 2676 2851 2530 2609 2281 2788 512849 2193 3179 3390 5016
leaf_count=2943 56426 113854 2329 2676 2851 2530 2609 2281 2788 512849 2193 3179 3390 5016
internal_value=4.20055e-08 -4.02434e-06 1.43337e-05 1.81395e-05 1.35965e-05 -0.000886641 2.10838e-05 1.17768e-05 4.28586e-05 4.81791e-05 0.000499211 0.00153623 6.15976e-07 0.000483234
internal_weight=717914 714971 658545 656216 653540 5381 648159 645550 531696 529415 16566 5372 11194 7804
internal_count=717914 714971 658545 656216 653540 5381 648159 645550 531696 529415 16566 5372 11194 7804
is_linear=0
shrinkage=0.05


Tree=89
num_leaves=15
num_cat=0
split_feature=1 1 0 3 0 0 1 1 3 1 0 0 1 1
split_gain=1.07602 3.10233 3.75073 2.76085 2.3237 1.83929 2.17551 3.11017 2.80605 2.29644 1.81599 1.81024 4.95256 3.64189
threshold=33.775814056396491 33.192869186401374 3.6375920772552495 2.3867519953168377 5.7033410072326669 3.1389131546020512 34.416193008422859 34.94244575500489 2.4058824160932262 35.495138168334968 2.2460700273513798 6.8343644142150888 27.603961944580082 4.5291097164154062
decision_type=2 2 2 2 2 2 2 2 2 2 2 2 2 2
left_child=1 11 3 10 5 -2 8 -8 -7 -9 -3 -1 13 -13
right_child=4 2 -4 -5 -6 6 7 9 -10 -11 -12 12 -14 -15
leaf_value=-1.2470045443964097e-05 -0.00037516338887190459 0.00047682777817096872 0.0024460041453234298 0.0013110229503416572 -0.0014966026747635468 6.9680569206111617e-05 -0.0011883003256373554 0.0013511693633654661 0.0025641122809037745 -0.00046488648343801962 -0.0015335671470410213 -0.0017702644890953221 0.0025453377875669413 0.00043398926694454825
leaf_weight=639385 28084 2250 2746 3764 3358 2437 4000 3960 2089 3093 2226 2114 2500 15908
leaf_count=639385 28084 2250 2746 3764 3358 2437 4000 3960 2089 3093 2226 2114 2500 15908
internal_value=4.17488e-08 1.62487e-05 0.000849178 0.000314712 -0.000231152 -0.000133509 0.000302078 -7.62438e-05 0.00122411 0.000555231 -0.00052417 2.36956e-06 0.000464494 0.00017459
internal_weight=717914 670893 10986 8240 47021 43663 15579 11053 4526 7053 4476 659907 20522 18022
internal_count=717914 670893 10986 8240 47021 43663 15579 11053 4526 7053 4476 659907 20522 18022
is_linear=0
shrinkage=0.05


Tree=90
num_leaves=15
num_cat=0
split_feature=1 0 3 1 0 3 0 1 1 1 0 1 3 3
split_gain=1.07641 3.81719 5.05972 3.14072 3.7713 5.14304 2.31697 2.89003 1.9056 1.73368 4.34668 3.8622 3.93082 3.66755
threshold=28.31158542633057 6.5541508197784433 2.2899159870951808 28.878820419311527 5.2262580394744882 9.6666664224531988 4.5566120147705087 33.775814056396491 30.815505981445316 23.333030700683597 3.2287765741348271 21.661662101745609 5.9999997988343337 8.6904760789709048
decision_type=2 2 2 2 2 2 2 2 2 2 2 2 2 2
left_child=9 3 -3 -2 6 -6 -5 8 -8 11 -11 -1 -13 -12
right_child=1 2 -4 4 5 -7 7 -9 -10 10 13 12 -14 -15
leaf_value=2.9918698008777436e-05 -0.00090245286007283 9.257675248100275e-05 -0.0033384567803275049 -2.6078214469492096e-05 0.0002837756462601636 0.0029002575624647985 -0.00045616383469728643 0.00032843465875412417 -0.0022694779734180009 -3.6216490295552869e-05 0.00036089242241531586 -0.00017696023214241091 -0.0014034669360568077 0.0015037847847216993
leaf_weight=434765 10640 2195 2094 118449 7910 2454 2510 3351 3437 61697 28104 21600 9357 9351
leaf_count=434765 10640 2195 2094 118449 7910 2454 2510 3351 3437 61697 28104 21600 9357 9351
internal_value=4.26845e-08 -0.000117577 -0.00158641 -7.51214e-05 -1.13235e-05 0.000905508 -8.57703e-05 -0.000845354 -0.0015062 3.19106e-05 0.000221741 -8.50808e-06 -0.000548015 0.000646552
internal_weight=717914 153040 4289 148751 138111 10364 127747 9298 5947 564874 99152 465722 30957 37455
internal_count=717914 153040 4289 148751 138111 10364 127747 9298 5947 564874 99152 465722 30957 37455
is_linear=0
shrinkage=0.05


Tree=91
num_leaves=15
num_cat=0
split_feature=1 3 3 0 0 3 2 3 3 0 1 1 1 0
split_gain=1.0461 0.99332 1.90182 2.5742 2.52757 1.85045 3.76893 1.38506 1.56447 2.18824 1.20954 2.02339 3.39322 1.49726
threshold=0.12903756648302081 3.3999999850988414 2.8786763689081183 5.3057830333709726 3.5449024438858037 2.7499999674037121 1.0000000180025095e-35 2.675438700648006 2.6076922597088066 2.8577018976211552 35.495138168334968 34.94244575500489 34.598419189453132 4.6277542114257821
decision_type=2 2 2 2 2 2 2 2 2 2 2 2 2 2
left_child=-1 2 5 4 -4 7 -7 8 -2 -10 11 12 13 -3
right_child=1 10 3 -5 -6 6 -8 -9 9 -11 -12 -13 -14 -15
leaf_value=0.00093917823671310304 -4.132389847400079e-05 3.3612045509791258e-05 -0.00064682000283583236 -0.0022089064448933909 0.00071770310937389978 -0.00047743070999538322 0.0024442065017020683 -0.0011268924025472809 -0.00013287153721844018 0.0021095352082003806 -0.00075121992705305565 0.0011442987461801367 -0.0015250414194871191 0.00035678585201728521
leaf_weight=2943 398250 229267 14796 2015 4394 2192 2208 2894 2338 2023 4417 4400 3306 42471
leaf_count=2943 398250 229267 14796 2015 4394 2192 2208 2894 2338 2023 4417 4400 3306 42471
internal_value=3.8392e-08 -3.84042e-06 -5.16622e-05 -0.000513273 -0.000334169 -2.77704e-05 0.000990918 -3.8848e-05 -3.09993e-05 0.000909792 6.87874e-05 8.17752e-05 6.47366e-05 8.41334e-05
internal_weight=717914 714971 431110 21205 19190 409905 4400 405505 402611 4361 283861 279444 275044 271738
internal_count=717914 714971 431110 21205 19190 409905 4400 405505 402611 4361 283861 279444 275044 271738
is_linear=0
shrinkage=0.05


Tree=92
num_leaves=15
num_cat=0
split_feature=0 0 0 0 1 0 2 0 0 0 1 1 0 3
split_gain=0.976049 0.937658 1.16914 1.62506 5.61673 4.86262 1.0816 2.4536 2.14661 2.01356 7.63724 4.41702 2.95615 3.22814
threshold=0.98444759845733654 9.9139461517334002 8.5536823272705096 7.8191416263580331 20.258383750915531 7.5308358669281015 1.0000000180025095e-35 7.036393642425538 6.719891071319581 4.6277542114257821 5.1529059410095224 1.8119870424270632 6.3429889678955087 5.8819442520573553
decision_type=2 2 2 2 2 2 2 2 2 2 2 2 2 2
left_child=-1 2 3 5 -5 6 9 8 -8 -2 11 -11 -12 -14
right_child=1 -3 -4 4 -6 -7 7 -9 -10 10 12 -13 13 -15
leaf_value=-0.00019912928624562406 2.819235515481054e-05 -0.00098222602967968395 0.0010616806956679525 0.00062580609175721556 -0.0025669586890567941 0.0021737638876098485 -4.9626653274841058e-05 -0.0016475676003986318 0.0013445432052268454 0.00040293139112968651 0.00035656826155555551 0.0032049566712235794 -3.2363106346440024e-05 -0.0021421114722496976
leaf_weight=56650 275846 2329 2676 3003 2530 2609 320044 2374 2775 2364 32820 3474 5790 2630
leaf_count=56650 275846 2329 2676 3003 2530 2609 320044 2374 2775 2364 32820 3474 5790 2630
internal_value=3.70591e-08 1.71022e-05 2.06492e-05 1.63881e-05 -0.000836103 2.36494e-05 1.49607e-05 -4.94044e-05 -3.76009e-05 7.97776e-05 0.000381963 0.00207295 0.00014214 -0.000693106
internal_weight=717914 661264 658935 656259 5533 650726 648117 325193 322819 322924 47078 5838 41240 8420
internal_count=717914 661264 658935 656259 5533 650726 648117 325193 322819 322924 47078 5838 41240 8420
is_linear=0
shrinkage=0.05


Tree=93
num_leaves=15
num_cat=0
split_feature=1 3 2 2 1 1 1 0 0 1 0 0 1 1
split_gain=0.943222 0.94213 1.50325 1.89881 1.93726 3.4223 1.92591 5.01566 2.32191 1.98443 2.66254 5.6353 1.82401 1.81651
threshold=0.12903756648302081 0.067424243931804823 1.5000000000000002 1.0000000180025095e-35 22.876661300659183 22.40629863739014 33.775814056396491 5.7656588554382333 4.476802110671998 26.073238372802738 3.2680516242980961 4.2988338470458993 24.442849159240726 35.071567535400398
decision_type=2 2 2 2 2 2 2 2 2 2 2 2 2 2
left_child=-1 -2 3 -3 5 -5 7 9 -8 10 12 -12 -6 -4
right_child=1 2 13 4 6 -7 8 -9 -10 -11 11 -13 -14 -15
leaf_value=0.00089180100164744911 -0.0001256466004267745 6.1169357429816169e-05 0.00014821218107399916 -0.00023289234578651366 0.00073767484822888352 -0.0021660133633669919 -0.00017689747729976189 0.0021347612241356261 -0.0020095863665555509 -0.00013470338371054049 0.0028793422324510562 -0.00044726155978111319 -0.00060213918286044794 0.0013083654173782105
leaf_weight=2943 129559 291362 115280 108621 5140 2329 9308 3135 2113 34458 2989 2208 5003 3466
leaf_count=2943 129559 291362 115280 108621 5140 2329 9308 3135 2113 34458 2989 2208 5003 3466
internal_value=3.62951e-08 -3.64685e-06 2.33549e-05 -1.70628e-05 -0.000147084 -0.000273663 7.11548e-05 0.000198222 -0.000517425 7.59048e-05 0.00054877 0.00146786 7.6874e-05 0.000182182
internal_weight=717914 714971 585412 466666 175304 110950 64354 52933 11421 49798 15340 5197 10143 118746
internal_count=717914 714971 585412 466666 175304 110950 64354 52933 11421 49798 15340 5197 10143 118746
is_linear=0
shrinkage=0.05


Tree=94
num_leaves=15
num_cat=0
split_feature=1 0 3 1 0 3 0 1 1 0 0 3 1 3
split_gain=0.946703 3.46721 4.53825 2.83461 3.38402 4.8598 2.45177 1.7075 2.65965 1.67109 4.81118 7.29878 6.5241 3.64659
threshold=28.31158542633057 6.5541508197784433 2.4361412265036138 28.878820419311527 5.1745252609252939 9.9999995401927517 4.5566120147705087 33.775814056396491 30.815505981445316 2.4640786647796635 2.8105616569519047 8.9999996796250432 30.233297348022464 7.3484848585421068
decision_type=2 2 2 2 2 2 2 2 2 2 2 2 2 2
left_child=-1 3 -3 -2 6 -6 9 8 -8 13 12 -12 -11 -5
right_child=1 2 -4 4 5 -7 7 -9 -10 10 11 -13 -14 -15
leaf_value=2.9922330044060013e-05 -0.00085578704596308707 5.0780329799528736e-05 -0.0032006486637850364 -0.00042896343673265989 0.00025037842678417185 0.0027353053231646933 -0.00010472663850496429 1.9458071444779098e-05 -0.0023441140216157326 0.0036022139240947416 0.00030546941797741039 -0.0012051296996323313 0.00052601353528163323 0.00042206303572267756
leaf_weight=564874 10640 2235 2054 46172 8383 2562 2245 3240 3232 2092 32716 10572 9602 17295
leaf_count=564874 10640 2235 2054 46172 8383 2562 2245 3240 3232 2092 32716 10572 9602 17295
internal_value=3.60585e-08 -0.00011027 -0.00151015 -6.98074e-05 -9.19838e-06 0.000834015 -8.18324e-05 -0.000890631 -0.00142806 -2.22405e-05 0.000179517 -6.36494e-05 0.00107894 -0.000197026
internal_weight=717914 153040 4289 148751 138111 10945 127166 8717 5477 118449 54982 43288 11694 63467
internal_count=717914 153040 4289 148751 138111 10945 127166 8717 5477 118449 54982 43288 11694 63467
is_linear=0
shrinkage=0.05


Tree=95
num_leaves=15
num_cat=0
split_feature=1 1 3 2 0 1 0 1 1 1 3 3 0 0
split_gain=0.919786 2.78812 3.41343 2.29276 1.99317 1.76842 1.63655 5.04305 3.35749 7.35773 2.63381 5.70125 5.60907 1.60506
threshold=33.775814056396491 33.192869186401374 2.2899159870951808 1.0000000180025095e-35 5.7033410072326669 33.038743972778327 6.8343644142150888 27.603961944580082 4.5291097164154062 7.0642073154449472 1.2899160077564547 0.40000001519918454 7.5308358669281015 2.7273492813110356
decision_type=2 2 2 2 2 2 2 2 2 2 2 2 2 2
left_child=1 5 -3 -4 13 6 -1 8 -8 -10 11 -11 -12 -2
right_child=4 2 3 -5 -6 -7 7 -9 9 10 12 -13 -14 -15
leaf_value=-6.9437303990595769e-06 -0.00040550178537430677 -2.3369340179696711e-05 0.00064977184095686702 0.0027626047688050171 -0.0013857167967405838 -0.0012464468430294254 -0.0017132961483946969 0.0025463531610855801 0.0030650208057356582 0.00029364769851302668 -0.0010401697553479785 -0.002979010230751286 0.0016856233918422039 0.00020221183406435585
leaf_weight=636570 23385 5838 2495 2653 3358 2815 2114 2500 2222 3881 3183 2014 4608 20278
leaf_count=636570 23385 5838 2495 2653 3358 2815 2114 2500 2222 3881 3183 2014 4608 20278
internal_value=3.41112e-08 1.50183e-05 0.000804641 0.00174186 -0.000213717 1.86083e-06 7.2275e-06 0.000446593 0.000154065 0.000403137 -3.0957e-05 -0.000827592 0.000572099 -0.000123285
internal_weight=717914 670893 10986 5148 47021 659907 657092 20522 18022 15908 13686 5895 7791 43663
internal_count=717914 670893 10986 5148 47021 659907 657092 20522 18022 15908 13686 5895 7791 43663
is_linear=0
shrinkage=0.05


Tree=96
num_leaves=15
num_cat=0
split_feature=1 3 3 0 0 3 2 3 3 0 1 3 0 1
split_gain=0.8581 0.848861 1.74156 2.35706 2.25533 1.65583 3.42144 1.25704 1.39771 1.95025 1.1663 1.28957 1.57805 2.6646
threshold=0.12903756648302081 3.3999999850988414 2.8786763689081183 5.3057830333709726 3.5449024438858037 2.7499999674037121 1.0000000180025095e-35 2.675438700648006 2.6076922597088066 2.8577018976211552 5.648914337158204 2.9999998994171668 2.4771726131439213 19.928272247314457
decision_type=2 2 2 2 2 2 2 2 2 2 2 2 2 2
left_child=-1 2 5 4 10 7 -7 8 -2 -10 -4 -12 13 -13
right_child=1 -3 3 -5 -6 6 -8 -9 9 -11 11 12 -14 -15
leaf_value=0.00085060841923414218 -3.7584486418437285e-05 6.3660361566616352e-05 -0.0016363887659274342 -0.0021119640486093562 0.00067557660459615623 -0.0004601951865969569 0.0023234855743043256 -0.0010718426707036306 -0.00012292819160643104 0.0019940371997192174 -0.0013658005058580741 0.00047043778057325288 0.00074154696717490304 -0.0015728255822428676
leaf_weight=2943 398250 283861 2336 2015 4394 2192 2208 2894 2338 2023 2788 3026 3289 3357
leaf_count=2943 398250 283861 2336 2015 4394 2192 2208 2894 2338 2023 2788 3026 3289 3357
internal_value=3.40914e-08 -3.47893e-06 -4.76867e-05 -0.000489421 -0.000318038 -2.48238e-05 0.000938808 -3.53027e-05 -2.78256e-05 0.000861414 -0.000613371 -0.000420417 -0.000146777 -0.000604951
internal_weight=717914 714971 431110 21205 19190 409905 4400 405505 402611 4361 14796 12460 9672 6383
internal_count=717914 714971 431110 21205 19190 409905 4400 405505 402611 4361 14796 12460 9672 6383
is_linear=0
shrinkage=0.05


Tree=97
num_leaves=15
num_cat=0
split_feature=1 0 0 1 0 3 0 3 1 3 3 3 0 0
split_gain=0.849753 3.36075 4.16955 2.56966 2.79335 4.12918 2.82167 2.71076 1.58225 2.93075 3.57664 3.97224 5.11131 3.26737
threshold=28.31158542633057 6.5541508197784433 7.8191416263580331 29.001466751098636 5.1745252609252939 9.9999995401927517 4.6962068080902108 2.0249999754130852 27.465895652771 0.67028986410987235 1.6742424292710532 9.2678571117813906 2.6328191757202153 2.3854781389236455
decision_type=2 2 2 2 2 2 2 2 2 2 2 2 2 2
left_child=8 3 -3 -2 6 -6 -5 -8 -1 -10 -11 13 -13 -12
right_child=1 2 -4 4 5 -7 7 -9 9 10 11 12 -14 -15
leaf_value=1.3644025630744116e-05 -0.00072239416550884687 -0.0029874919004126092 0.0001280408466175591 -9.3683126213935439e-06 0.00022984016755186207 0.0025305528290700263 -0.00012520192412632087 -0.0021439068828734628 -0.00038626289755373545 0.0027777679356349757 0.0010549206715383646 -0.0001005826052057473 0.0034414338449419036 -0.0016146906008634755
leaf_weight=547970 13491 2213 2076 117733 8312 2539 3573 3103 5967 2220 2006 2033 2030 2648
leaf_count=547970 13491 2213 2076 117733 8312 2539 3573 3103 5967 2220 2006 2033 2030 2648
internal_value=3.15073e-08 -0.000104474 -0.00148269 -6.46377e-05 1.0163e-06 0.000770013 -6.61124e-05 -0.0010653 2.83462e-05 0.000504649 0.000990621 0.000532819 0.00167322 -0.000464221
internal_weight=717914 153040 4289 148751 135260 10851 124409 6676 564874 16904 10937 8717 4063 4654
internal_count=717914 153040 4289 148751 135260 10851 124409 6676 564874 16904 10937 8717 4063 4654
is_linear=0
shrinkage=0.05


Tree=98
num_leaves=15
num_cat=0
split_feature=0 3 3 1 1 0 3 3 0 3 3 0 0 0
split_gain=0.844774 0.836846 1.1684 1.99594 1.07143 1.57506 0.878693 0.911743 1.08875 0.88675 0.873616 0.829002 1.03565 1.60565
threshold=0.98444759845733654 7.4365078333373935 4.599999836087231 18.627634048461918 10.750124931335451 0.87238541245460521 1.8944443600597236 0.6939799690427666 0.87238541245460521 2.4999998832742416 3.1213234075744762 9.9139461517334002 8.5536823272705096 7.8191416263580331
decision_type=2 2 2 2 2 2 2 2 2 2 2 2 2 2
left_child=1 2 6 -4 -3 -6 7 -1 -9 -8 -11 12 13 -2
right_child=11 4 3 -5 5 -7 9 8 -10 10 -12 -13 -14 -15
leaf_value=-0.00016038280617848414 2.2450077984686475e-05 0.00076293382426288595 -0.0021016870862700814 3.259633254617406e-05 0.00020193754538712851 -0.0012081791964646291 0.00098610933245719045 -0.001112160760289402 0.00019110750306291523 -0.00088873496348934795 0.00035666565192134703 -0.00092373714125339927 0.0009990403225656648 -0.00083215441439246293
leaf_weight=19881 650726 4651 2264 2113 8017 2619 2669 6287 2146 2235 3768 2329 2676 5533
leaf_count=19881 650726 4651 2264 2113 8017 2619 2669 6287 2146 2235 3768 2329 2676 5533
internal_value=3.13817e-08 -0.000185258 -0.000302067 -0.00107363 0.000130789 -0.000146097 -0.000210492 -0.00034534 -0.000780676 0.000229677 -0.000107721 1.59075e-05 1.92427e-05 1.52322e-05
internal_weight=717914 56650 41363 4377 15287 10636 36986 28314 8433 8672 6003 661264 658935 656259
internal_count=717914 56650 41363 4377 15287 10636 36986 28314 8433 8672 6003 661264 658935 656259
is_linear=0
shrinkage=0.05


Tree=99
num_leaves=15
num_cat=0
split_feature=1 1 0 0 3 0 0 1 1 1 1 1 1 1
split_gain=0.813968 2.4939 3.17567 2.61277 3.77604 1.79774 1.63154 4.76533 3.05476 6.65937 2.55992 9.6983 2.94288 2.61157
threshold=33.775814056396491 33.192869186401374 3.6375920772552495 2.8414651155471806 1.6000000607967382 5.7033410072326669 6.8343644142150888 27.603961944580082 4.5291097164154062 7.0642073154449472 15.17199754714966 21.395910263061527 10.09392833709717 24.442849159240726
decision_type=2 2 2 2 2 2 2 2 2 2 2 2 2 2
left_child=1 6 3 4 -3 -2 -1 8 -8 -10 12 -12 -11 -13
right_child=5 2 -4 -5 -6 -7 7 -9 9 10 11 13 -14 -15
leaf_value=-1.2408831342719602e-05 -0.00011516933695765664 -0.00047132489240905357 0.0022302343310891507 -0.0011070429057125663 0.0020745936371827103 -0.0013141117367054113 -0.0016251542680165002 0.0024815290620962376 0.0029260203631376602 0.00042539709282497177 0.0026499245218897047 -0.0020613794357703572 -0.0018709767030035468 0.00026781343138502936
leaf_weight=639385 43663 2815 2746 2424 3001 3358 2114 2500 2222 2532 3264 2358 3089 2443
leaf_count=639385 43663 2815 2746 2424 3001 3358 2114 2500 2222 2532 3264 2358 3089 2443
internal_value=2.72613e-08 1.41232e-05 0.000760921 0.00026916 0.000843651 -0.000201053 1.6793e-06 0.000440402 0.00015604 0.000393613 -1.93739e-05 0.000551263 -0.000837648 -0.000878071
internal_weight=717914 670893 10986 8240 5816 47021 659907 20522 18022 15908 13686 8065 5621 4801
internal_count=717914 670893 10986 8240 5816 47021 659907 20522 18022 15908 13686 8065 5621 4801
is_linear=0
shrinkage=0.05


Tree=100
num_leaves=15
num_cat=0
split_feature=1 0 1 2 3 0 1 3 1 0 3 0 3 0
split_gain=0.796672 2.78914 1.7087 3.73995 3.40585 4.47237 2.48958 3.84252 1.68375 1.4276 2.27939 2.07168 4.00638 3.41377
threshold=1.6539137959480288 4.7363896369934091 2.5951888561248784 1.5000000000000002 1.1455026704192592 3.2680516242980961 2.8366554975509648 1.1188235420537247 0.83170077204704296 2.4380450248718266 4.0333333015441903 3.2826570272445683 1.3100960978634748 3.8044918775558476
decision_type=2 2 2 2 2 2 2 2 2 2 2 2 2 2
left_child=1 9 3 4 -2 -6 7 -4 -3 10 -1 12 -11 -13
right_child=2 8 6 -5 5 -7 -8 -9 -10 11 -12 13 -14 -15
leaf_value=-6.422715824364866e-05 7.0670727866421187e-05 0.00045713381721450237 -0.00054221975943524671 0.0011177120607227232 -0.00063302184247413678 -0.0030673598504378104 -7.9758711274224561e-06 0.0021181236409739549 0.0023662850514163686 0.00038767738637588588 0.0012160070977374389 0.0014148476193188153 -0.0019296856159981711 -0.0008200498300216174
leaf_weight=9679 5953 2409 2267 2934 5319 2920 661114 3360 2219 3422 5415 3507 4082 3314
leaf_count=9679 5953 2409 2267 2934 5319 2920 661114 3360 2219 3422 5415 3507 4082 3314
internal_value=2.90071e-08 0.000236052 -1.17249e-05 -0.000504714 -0.000840679 -0.00149845 9.45484e-07 0.00104727 0.00137565 5.63713e-05 0.00039556 -0.000301053 -0.000873804 0.000329406
internal_weight=717914 34047 683867 17126 14192 8239 666741 5627 4628 29419 15094 14325 7504 6821
internal_count=717914 34047 683867 17126 14192 8239 666741 5627 4628 29419 15094 14325 7504 6821
is_linear=0
shrinkage=0.05


Tree=101
num_leaves=15
num_cat=0
split_feature=0 1 0 0 1 1 1 0 3 0 0 1 2 0
split_gain=0.805854 1.34258 2.16307 4.10635 1.80056 3.88395 4.54714 5.56539 3.37872 3.20919 6.23137 2.66401 4.76959 3.75267
threshold=1.7805435657501223 1.3781368732452395 2.4380450248718266 2.9393748044967656 13.863571166992189 16.732419967651371 17.365984916687015 4.2556700706481942 2.4058824160932262 8.5536823272705096 7.8191416263580331 16.178934097290043 1.5000000000000002 3.6122051477432255
decision_type=2 2 2 2 2 2 2 2 2 2 2 2 2 2
left_child=-1 2 -2 -4 -3 8 7 -7 -6 10 -8 12 13 -10
right_child=1 4 3 -5 5 6 9 -9 11 -11 -12 -13 -14 -15
leaf_value=-8.8237912339096431e-05 0.0012876300417188615 -0.0001093574485439631 -0.0012319823308343093 0.00060834364324445511 0.00012648154826813902 -0.00018311617467492176 6.4064688579921979e-05 -0.0025744940250282834 0.00096789780160462958 0.0016916065660232929 -0.0024244254264682587 0.0022171611492587937 0.0024430438534361523 -0.00078469515317865224
leaf_weight=190100 5375 183795 4099 11546 24217 7294 262514 3642 7978 2965 2530 3690 3233 4936
leaf_count=190100 5375 183795 4099 11546 24217 7294 262514 3642 7978 2965 2530 3690 3233 4936
internal_value=2.90171e-08 3.18207e-05 0.000423285 0.000125698 1.55761e-05 8.66679e-05 1.77573e-05 -0.000981138 0.000522899 5.85518e-05 4.022e-05 0.00100654 0.000728678 0.000297931
internal_weight=717914 527814 21020 15645 506794 322999 278945 10936 44054 268009 265044 19837 16147 12914
internal_count=717914 527814 21020 15645 506794 322999 278945 10936 44054 268009 265044 19837 16147 12914
is_linear=0
shrinkage=0.05


Tree=102
num_leaves=15
num_cat=0
split_feature=0 2 0 1 0 3 1 1 1 3 1 1 3 1
split_gain=0.847171 0.962515 1.83009 2.60417 5.28424 5.83888 3.32893 9.12146 7.2792 3.89467 3.09772 5.74897 7.28594 4.20014
threshold=9.9139461517334002 1.0000000180025095e-35 4.6277542114257821 5.3958992958068857 5.0169203281402597 1.6000000607967382 8.4315757751464862 9.6770539283752459 12.298798561096193 1.067816118706421 24.157431602478031 20.988759994506839 1.4999999497085834 18.904769897460941
decision_type=2 2 2 2 2 2 2 2 2 2 2 2 2 2
left_child=1 2 -1 4 -4 -6 -5 -8 9 -9 11 13 -13 -10
right_child=-2 -3 3 6 5 -7 7 8 10 -11 -12 12 -14 -15
leaf_value=1.4382018258338294e-05 -0.00094998888778655545 -5.4592326165236464e-05 0.0033811080442078113 -0.0012761570087288956 0.0020843666873284639 -0.0012543767318873101 0.0034899896486377383 5.6837645303266265e-05 0.00074274687046943608 -0.0027963173674859748 -8.6603421063250385e-05 0.00017661682866177219 0.0042419341326430894 -0.0016236235500040157
leaf_weight=303916 2329 359409 2017 3542 2543 2679 2140 2006 11057 2951 16630 2001 2446 2248
leaf_count=303916 2329 359409 2017 3542 2543 2679 2140 2006 11057 2951 16630 2001 2446 2248
internal_value=2.89467e-08 3.13418e-06 6.13846e-05 0.000334671 0.00121422 0.000372395 0.000193009 0.000318742 0.000145386 -0.00164391 0.00040376 0.000862921 0.00241718 0.000342008
internal_weight=717914 715585 356176 52260 7239 5222 45021 41479 39339 4957 34382 17752 4447 13305
internal_count=717914 715585 356176 52260 7239 5222 45021 41479 39339 4957 34382 17752 4447 13305
is_linear=0
shrinkage=0.05


Tree=103
num_leaves=15
num_cat=0
split_feature=1 0 3 1 0 3 0 1 1 1 0 0 0 0
split_gain=0.780033 3.24713 4.0679 2.342 2.84922 3.74453 1.77651 2.47573 1.50723 1.45527 3.60129 3.53137 4.67233 3.94485
threshold=28.31158542633057 6.5541508197784433 2.2899159870951808 28.878820419311527 5.2262580394744882 9.6666664224531988 4.5566120147705087 33.775814056396491 31.666419029235843 23.333030700683597 3.2287765741348271 4.3252618312835702 3.8044918775558476 3.4151197671890263
decision_type=2 2 2 2 2 2 2 2 2 2 2 2 2 2
left_child=9 3 -3 -2 6 -6 -5 8 -8 -1 -11 12 13 -12
right_child=1 2 -4 4 5 -7 7 -9 -10 10 11 -13 -14 -15
leaf_value=-9.8712298717551901e-06 -0.00077536536407373305 5.078740349149186e-05 -0.0030257817553053633 -1.8287468463252768e-05 0.00026052472842242089 0.0024931355326818401 -0.00073895532127773479 0.00035061317477527157 -0.0023919367349670003 -3.3718525725634641e-05 0.001726957683566158 0.00011858205609091683 0.0021586100081598357 -0.00020118205722709497
leaf_weight=465722 10640 2195 2094 118449 7910 2454 3769 3351 2178 61697 4109 19373 6526 7447
leaf_count=465722 10640 2195 2094 118449 7910 2454 3769 3351 2178 61697 4109 19373 6526 7447
internal_value=3.1795e-08 -0.000100094 -0.00145482 -6.09378e-05 -5.84656e-06 0.000791059 -7.05556e-05 -0.000735675 -0.00134733 2.716e-05 0.000201081 0.000587756 0.00109008 0.000485312
internal_weight=717914 153040 4289 148751 138111 10364 127747 9298 5947 564874 99152 37455 18082 11556
internal_count=717914 153040 4289 148751 138111 10364 127747 9298 5947 564874 99152 37455 18082 11556
is_linear=0
shrinkage=0.05


Tree=104
num_leaves=15
num_cat=0
split_feature=3 2 1 1 0 1 1 0 0 0 0 0 0 0
split_gain=0.753594 1.32067 1.71673 8.22077 6.11928 4.25944 6.04406 3.69835 3.35171 2.72963 5.29775 3.03596 8.35281 2.97803
threshold=0.067424243931804823 1.5000000000000002 35.071567535400398 33.885906219482429 7.5308358669281015 30.960071563720707 28.561916351318363 4.1098568439483651 2.8577018976211552 5.3057830333709726 5.0169203281402597 4.5934560298919687 4.3252618312835702 6.2124750614166269
decision_type=2 2 2 2 2 2 2 2 2 2 2 2 2 2
left_child=-1 -2 3 4 5 6 9 -7 -8 10 11 12 -3 -11
right_child=1 2 -4 -5 -6 7 8 -9 -10 13 -12 -13 -14 -15
leaf_value=-0.00010885961146309055 -1.3654893002578271e-05 0.00016413789954282214 0.0012676461463868396 -0.0020884931550136281 0.0028675679783238903 0.0016437054585025012 -0.00047107030388587775 -0.00074244670088027126 -0.0027267584152520733 -0.0014854152432292199 0.0023676406852240466 -0.0011045483514513722 0.003119488674299808 0.00042265476489298549
leaf_weight=130089 468698 74686 3466 3986 2130 7901 4204 2037 2703 4860 2873 4302 2460 3519
leaf_count=130089 468698 74686 3466 3986 2130 7901 4204 2037 2703 4860 2873 4302 2460 3519
internal_value=3.01758e-08 2.41295e-05 0.000172779 0.000139862 0.000219579 0.000167834 6.93001e-05 0.00115436 -0.00135648 0.000175669 0.000261217 0.000186633 0.000258769 -0.000684518
internal_weight=717914 587825 119127 115661 111675 109545 99607 9938 6907 92700 84321 81448 77146 8379
internal_count=717914 587825 119127 115661 111675 109545 99607 9938 6907 92700 84321 81448 77146 8379
is_linear=0
shrinkage=0.05


Tree=105
num_leaves=15
num_cat=0
split_feature=2 0 0 3 3 2 0 1 3 1 1 1 1 1
split_gain=0.76949 1.37578 7.73582 8.99768 6.91023 1.3572 3.97365 2.26058 4.71389 6.24355 2.16909 7.97771 2.50485 5.99286
threshold=1.0000000180025095e-35 6.8343644142150888 7.2649805545806894 3.3038460610798142 0.6939799690427666 1.5000000000000002 5.3057830333709726 24.993594169616703 5.8090908278857425 15.051964282989504 35.071567535400398 34.005489349365241 31.394181251525882 26.482630729675297
decision_type=2 2 2 2 2 2 2 2 2 2 2 2 2 2
left_child=-1 5 -3 4 -4 -2 10 8 9 -8 11 12 13 -7
right_child=1 2 3 -5 -6 6 7 -9 -10 -11 -12 -13 -14 -15
leaf_value=5.2041310900154246e-05 -0.00014904393962390794 0.0031699742425523774 -0.00040076764135831716 -0.002177932174827884 0.0034241600508820658 0.00024740338017875468 0.00077679918582789225 0.00026312164824907411 -0.0032878113257430483 -0.0027253789732215924 0.0012912755301491936 -0.0022300399528636548 0.00090573026399781188 -0.00076248345733494498
leaf_weight=357253 209334 2161 2838 3345 2010 95154 3372 3099 2193 2031 3876 3584 10302 17362
leaf_count=357253 209334 2161 2838 3345 2010 95154 3372 3099 2193 2031 3876 3584 10302 17362
internal_value=3.08369e-08 -5.14882e-05 0.000516255 -0.000186706 0.00118885 -6.82832e-05 5.16423e-05 -0.000874392 -0.00133821 -0.00054228 0.000127725 9.19466e-05 0.000159881 9.15169e-05
internal_weight=717914 360661 10354 8193 4848 350307 140973 10695 7596 5403 130278 126402 122818 112516
internal_count=717914 360661 10354 8193 4848 350307 140973 10695 7596 5403 130278 126402 122818 112516
is_linear=0
shrinkage=0.05


Tree=106
num_leaves=15
num_cat=0
split_feature=1 1 0 1 2 1 0 1 3 1 0 0 1 1
split_gain=0.784626 1.10365 2.33354 1.5572 2.55386 2.22345 4.90212 2.09816 2.85391 1.58067 1.47686 1.34991 4.55164 2.7774
threshold=35.495138168334968 34.94244575500489 3.3796172142028813 33.775814056396491 1.5000000000000002 33.493719100952156 3.1389131546020512 34.005489349365241 1.8944443600597236 34.820482254028327 1.5469638705253603 6.8343644142150888 27.603961944580082 4.5291097164154062
decision_type=2 2 2 2 2 2 2 2 2 2 2 2 2 2
left_child=1 3 10 5 7 11 -7 8 -5 -9 -3 -1 13 -13
right_child=-2 2 -4 4 -6 6 -8 9 -10 -11 -12 12 -14 -15
leaf_value=-8.1301048117940943e-06 -0.0004218414103534377 0.0010576864747385618 0.0014823775605276282 0.00016988942896201543 -0.0013999985462370568 -0.00017152121215869979 0.0028589995535998128 0.00032910298748938487 -0.0024885071157522685 -0.0010853202693027403 -0.00048597618397135469 -0.0015725896317491804 0.0023985260156077532 0.00035234057028224756
leaf_weight=644762 10845 2196 3911 2026 4990 3440 2169 13555 2000 2302 5196 2114 2500 15908
leaf_count=644762 10845 2196 3911 2026 4990 3440 2169 13555 2000 2302 5196 2114 2500 15908
internal_value=2.81752e-08 6.50467e-06 0.000496391 -1.46074e-06 -0.000389864 1.29447e-05 0.00100338 -0.000135776 -0.00115362 0.000123213 -2.65787e-05 4.57935e-06 0.000403696 0.000125797
internal_weight=717914 707069 11303 695766 24873 670893 5609 19883 4026 15857 7392 665284 20522 18022
internal_count=717914 707069 11303 695766 24873 670893 5609 19883 4026 15857 7392 665284 20522 18022
is_linear=0
shrinkage=0.05


Tree=107
num_leaves=15
num_cat=0
split_feature=1 1 3 2 1 2 1 1 1 0 1 0 1 0
split_gain=0.752755 0.832335 0.7996 1.19221 1.51299 1.53328 1.96799 3.02743 1.53156 3.82602 3.17139 2.63273 2.0344 7.18695
threshold=0.12903756648302081 0.27160012722015386 0.067424243931804823 1.5000000000000002 35.495138168334968 1.0000000180025095e-35 22.876661300659183 22.40629863739014 1.3781368732452395 3.1754547357559209 2.5951888561248784 2.8248012065887456 3.5944783687591557 2.8577018976211552
decision_type=2 2 2 2 2 2 2 2 2 2 2 2 2 2
left_child=-1 -2 -3 4 5 -4 7 8 9 -7 11 -10 13 -12
right_child=1 2 3 -5 -6 6 -8 -9 10 -11 12 -13 -14 -15
leaf_value=0.00079668199353281031 -0.00084239117919745761 -0.00011239746081471295 7.1172341386629282e-05 0.00016673503995244957 -0.00074118505148455284 -0.00046729623684344933 0.00010840224604899334 -0.0020240506741105403 -0.00035005371583992202 0.0022608603486712182 -0.00081890193720539134 -0.0025293037398832698 -0.00023484238049280108 0.0030707564849606311
leaf_weight=2943 2933 129068 285688 118441 6977 3224 61646 2329 2853 2124 2823 2692 92137 2036
leaf_count=2943 2933 129068 285688 118441 6977 3224 61646 2329 2853 2124 2823 2692 92137 2036
internal_value=2.74718e-08 -3.26285e-06 2.05433e-07 2.51369e-05 -1.09692e-05 1.81495e-07 -0.000117823 -0.000244352 -0.000205749 0.00061841 -0.000248789 -0.00141069 -0.000182228 0.000813888
internal_weight=717914 714971 712038 582970 464529 457552 171864 110218 107889 5348 102541 5545 96996 4859
internal_count=717914 714971 712038 582970 464529 457552 171864 110218 107889 5348 102541 5545 96996 4859
is_linear=0
shrinkage=0.05


Tree=108
num_leaves=15
num_cat=0
split_feature=0 0 0 1 0 2 0 0 0 1 1 0 3 1
split_gain=0.749332 0.894509 1.3584 4.65287 3.96539 0.918666 2.47578 1.92553 1.81641 6.27224 4.06274 2.61537 2.9475 2.83966
threshold=9.9139461517334002 8.5536823272705096 7.8191416263580331 20.258383750915531 7.5308358669281015 1.0000000180025095e-35 7.036393642425538 6.719891071319581 4.6277542114257821 5.1529059410095224 1.8119870424270632 6.3429889678955087 5.8819442520573553 8.5559525489807147
decision_type=2 2 2 2 2 2 2 2 2 2 2 2 2 2
left_child=1 2 4 -4 5 8 7 -7 -1 10 -10 13 -13 -11
right_child=-2 -3 3 -5 -6 6 -8 -9 9 11 -12 12 -14 -15
leaf_value=1.0945640886789592e-05 -0.00089345228302445021 0.00091368213047289006 0.00055046085824313185 -0.0023555105148578177 0.001947580750448627 -5.8016436582016932e-05 -0.0016643055313837576 0.0012619442165840945 0.00027600156484413409 0.0017252937335221477 0.0029627404888389664 -2.6921018440555928e-05 -0.0020428723769741323 0.00017409914921155873
leaf_weight=303916 2329 2676 3003 2530 2609 348624 2374 2775 2364 3268 3474 5790 2630 29552
leaf_count=303916 2329 2676 3003 2530 2609 348624 2374 2775 2364 3268 3474 5790 2630 29552
internal_value=2.49559e-08 2.94538e-06 -4.85958e-07 -0.000780166 5.62353e-06 -1.59299e-06 -5.8453e-05 -4.75571e-05 5.57173e-05 0.000344681 0.00187712 0.000127343 -0.000658283 0.000329035
internal_weight=717914 715585 712909 5533 707376 704767 353773 351399 350994 47078 5838 41240 8420 32820
internal_count=717914 715585 712909 5533 707376 704767 353773 351399 350994 47078 5838 41240 8420 32820
is_linear=0
shrinkage=0.05


Tree=109
num_leaves=15
num_cat=0
split_feature=3 0 2 0 3 3 1 2 1 0 2 3 0 0
split_gain=0.725548 1.41352 3.4349 1.58297 1.44697 1.3733 2.13612 3.01391 1.68282 2.1559 1.41043 3.14753 2.3474 2.30225
threshold=2.0249999754130852 7.8191416263580331 1.0000000180025095e-35 7.036393642425538 0.28801845025598177 1.8062499355990476 25.28940582275391 1.5000000000000002 18.3222188949585 2.2207123041152959 1.0000000180025095e-35 1.7142857720657281 6.1090059280395517 6.3429889678955087
decision_type=2 2 2 2 2 2 2 2 2 2 2 2 2 2
left_child=1 3 -3 5 -5 10 7 8 9 -7 11 12 -1 -12
right_child=-2 2 -4 4 -6 6 -8 -9 -10 -11 13 -13 -14 -15
leaf_value=1.4374645525237767e-05 5.2259887483072575e-05 -0.0022149353191413114 0.00031595823375924663 -1.2516774346598004e-05 0.001849717286815562 0.00016747381707977115 -0.0014015532817608647 0.0015278457905939912 0.00056229565583165047 -0.0017204453621224678 -0.00010190185216266361 0.0016916315265146213 0.00113761019823701 -0.0014225565551939825
leaf_weight=165414 345165 2479 2901 2057 2106 2502 4660 2196 2482 3806 171069 2946 4776 3355
leaf_count=165414 345165 2479 2901 2057 2106 2502 4660 2196 2482 3806 171069 2946 4776 3355
internal_value=2.56475e-08 -4.83433e-05 -0.000852174 -3.65486e-05 0.000931735 -4.76722e-05 -0.000505756 -0.000124851 -0.00053901 -0.000972543 -2.70368e-05 7.40588e-05 4.59607e-05 -0.000127384
internal_weight=717914 372749 5380 367369 4163 363206 15646 10986 8790 6308 347560 173136 170190 174424
internal_count=717914 372749 5380 367369 4163 363206 15646 10986 8790 6308 347560 173136 170190 174424
is_linear=0
shrinkage=0.05


Tree=110
num_leaves=15
num_cat=0
split_feature=0 2 1 1 0 0 0 0 0 3 1 2 0 0
split_gain=0.698604 1.16629 3.21143 2.8971 2.01751 1.15908 3.18764 0.984055 1.5945 0.855287 1.21542 1.07136 0.671604 0.832447
threshold=1.1435822248458865 1.5000000000000002 11.573187351226808 7.4945485591888437 1.0257255434989931 0.92140913009643566 0.76534768939018261 0.73617714643478405 0.76534768939018261 1.8944443600597236 9.2343273162841815 1.0000000180025095e-35 9.9139461517334002 8.5536823272705096
decision_type=2 2 2 2 2 2 2 2 2 2 2 2 2 2
left_child=1 7 3 -3 5 6 -4 9 -9 10 -1 -11 13 -2
right_child=12 2 4 -5 -6 -7 -8 8 -10 11 -12 -13 -14 -15
leaf_value=-0.0011183271191686189 1.6767723394433626e-05 0.00033955816253381253 -0.0010609482062008903 0.0027091047393482132 0.0010956710574120409 -0.0016471583772600306 0.0013396861438984096 -0.0017285162401545627 -0.00031205916753641264 0.00071762520045759101 3.5217183192802248e-05 -0.00027421668587804656 -0.00082831579094938621 0.00089886012194191178
leaf_weight=3132 633797 3503 4266 2035 2134 2069 2034 2087 38072 6967 8355 4458 2329 2676
leaf_count=3132 633797 3503 4266 2035 2134 2069 2034 2087 38072 6967 8355 4458 2329 2676
internal_value=2.46803e-08 -0.000140121 0.000240444 0.00121359 -0.00027334 -0.000623313 -0.000284991 -0.000236934 -0.000386082 2.45388e-05 -0.000280003 0.00033071 1.73829e-05 2.04905e-05
internal_weight=717914 79112 16041 5538 10503 8369 6300 63071 40159 22912 11487 11425 638802 636473
internal_count=717914 79112 16041 5538 10503 8369 6300 63071 40159 22912 11487 11425 638802 636473
is_linear=0
shrinkage=0.05


Tree=111
num_leaves=15
num_cat=0
split_feature=1 1 1 0 0 3 0 3 0 0 2 1 2 3
split_gain=0.687713 0.754615 0.762653 2.05772 3.9907 2.51708 2.38492 2.02589 1.92201 1.58479 1.48181 1.41421 3.21171 3.04777
threshold=0.12903756648302081 0.27160012722015386 1.6539137959480288 3.3972306251525883 2.6973187923431401 1.4580419643379152 3.8044918775558476 2.7999999403953568 1.7805435657501223 1.4684951305389407 1.0000000180025095e-35 2.5951888561248784 1.5000000000000002 1.1455026704192592
decision_type=2 2 2 2 2 2 2 2 2 2 2 2 2 2
left_child=-1 -2 3 4 8 -6 -5 -8 9 10 -3 12 13 -4
right_child=1 2 11 6 5 -7 7 -9 -10 -11 -12 -13 -14 -15
leaf_value=0.0007614833886225189 -0.00080211246132438983 0.0012721450632325092 9.1909256380936911e-05 0.0022324885105271422 -6.2695070271898051e-05 -0.0022272047085994582 -0.00039520736114984534 0.0013985267831559114 0.0010373290889019548 -0.0011644151514161503 -0.00044885449731581434 1.203677729999299e-06 0.0010446544427847532 -0.0013924002055427233
leaf_weight=2943 2933 2396 5953 2393 2580 2793 3618 2772 6535 2487 2597 666741 2934 8239
leaf_count=2943 2933 2396 5953 2393 2580 2793 3618 2772 6535 2487 2597 666741 2934 8239
internal_value=2.3569e-08 -3.1214e-06 1.80995e-07 0.000255091 -3.26242e-05 -0.0011899 0.000889521 0.000383889 0.000411579 -0.000135771 0.000377897 -1.03233e-05 -0.000458823 -0.000770163
internal_weight=717914 714971 712038 28171 19388 5373 8783 6390 14015 7480 4993 683867 17126 14192
internal_count=717914 714971 712038 28171 19388 5373 8783 6390 14015 7480 4993 683867 17126 14192
is_linear=0
shrinkage=0.05


Tree=112
num_leaves=15
num_cat=0
split_feature=3 3 0 0 3 0 0 0 3 1 1 0 0 0
split_gain=0.665358 1.75555 2.0077 2.06702 1.4633 3.27629 3.05512 1.75903 1.72427 1.55147 2.26261 1.72554 1.55702 2.15501
threshold=3.3999999850988414 2.8786763689081183 5.3057830333709726 3.5449024438858037 2.1291666594333987 5.7656588554382333 4.8109230995178232 8.1905436515808123 0.26794872424129906 28.561916351318363 33.493719100952156 3.7336341142654423 2.4255527257919316 1.9955905079841616
decision_type=2 2 2 2 2 2 2 2 2 2 2 2 2 2
left_child=1 4 3 -3 7 6 9 -1 -9 11 -11 12 13 -6
right_child=-2 2 -4 -5 5 -7 -8 8 -10 10 -12 -13 -14 -15
leaf_value=-3.3898662545609975e-05 5.9340535815180918e-05 -0.00060567981860380174 -0.0019754409462202651 0.00062664810594606837 -0.00010791972909108211 0.002041135560877403 -0.0015191769964869775 -2.7586382017613682e-05 -0.0020759418102693633 0.0016970192342290814 -0.00025879174015189119 0.0010986623189754257 -0.00059788740621802533 0.0013745361864239637
leaf_weight=371582 285040 14856 2025 4404 9218 2473 2500 2012 2090 4069 2316 3756 8244 3329
leaf_count=371582 285040 14856 2025 4404 9218 2473 2500 2012 2090 4069 2316 3756 8244 3329
internal_value=2.33264e-08 -3.90365e-05 -0.000481711 -0.000323716 -1.61328e-05 0.000288779 0.000158584 -4.52808e-05 -0.00107375 0.000294631 0.000988302 0.000113869 -6.4481e-05 0.00028619
internal_weight=717914 432874 21285 19260 411589 35905 33432 375684 4102 30932 6385 24547 20791 12547
internal_count=717914 432874 21285 19260 411589 35905 33432 375684 4102 30932 6385 24547 20791 12547
is_linear=0
shrinkage=0.05


Tree=113
num_leaves=15
num_cat=0
split_feature=1 0 0 0 1 0 1 0 2 1 2 0 1 0
split_gain=0.672384 3.14578 3.91142 2.10701 2.88364 2.68765 1.4961 2.35075 2.46388 1.39826 2.71814 3.63475 1.68779 2.21077
threshold=28.31158542633057 6.5541508197784433 7.8191416263580331 5.1745252609252939 33.493719100952156 5.7033410072326669 29.001466751098636 4.6962068080902108 1.0000000180025095e-35 27.465895652771 1.5000000000000002 4.1627721786499032 28.041254997253422 2.0107263326644902
decision_type=2 2 2 2 2 2 2 2 2 2 2 2 2 2
left_child=9 3 -3 6 5 -5 -2 -8 -9 -1 11 12 13 -11
right_child=1 2 -4 4 -6 -7 7 8 -10 10 -12 -13 -14 -15
leaf_value=1.1387901253603398e-05 -0.00063001456903639041 -0.002883826956078769 0.00013368287001687797 0.00094421625868650906 0.0016225048658642677 -0.00094216656682055786 -5.3795688824168246e-06 9.1875084436306007e-06 -0.0019108049468475098 -0.00019430764298343484 -0.00080996898074436592 0.0025263410338996857 -0.00043286425594754808 0.0015825609080754748
leaf_weight=547970 12538 2213 2076 3752 4271 3781 117733 3279 3397 2963 3311 2448 3921 4261
leaf_count=547970 12538 2213 2076 3752 4271 3781 117733 3279 3397 2963 3311 2448 3921 4261
internal_value=2.19459e-08 -9.29388e-05 -0.00142635 -5.43986e-05 0.000586282 -2.60001e-06 -0.00010966 -5.71721e-05 -0.000969174 2.52088e-05 0.000472963 0.000785827 0.0004016 0.000854498
internal_weight=717914 153040 4289 148751 11804 7533 136947 124409 6676 564874 16904 13593 11145 7224
internal_count=717914 153040 4289 148751 11804 7533 136947 124409 6676 564874 16904 13593 11145 7224
is_linear=0
shrinkage=0.05


Tree=114
num_leaves=15
num_cat=0
split_feature=1 1 0 1 0 0 0 3 1 0 1 1 1 0
split_gain=0.634833 1.00056 2.09824 1.43764 1.34445 0.856365 3.41207 2.6164 0.808009 0.779102 3.88639 6.89159 5.63957 4.44077
threshold=35.495138168334968 34.94244575500489 3.3796172142028813 34.820482254028327 1.5469638705253603 2.4255527257919316 1.6269016861915591 4.2264956425685254 35.24212837219239 4.664483070373536 7.0642073154449472 5.7967550754547128 8.4315757751464862 4.8903739452362069
decision_type=2 2 2 2 2 2 2 2 2 2 2 2 2 2
left_child=1 3 4 9 -3 6 -2 -7 -6 -1 11 13 -12 -11
right_child=5 2 -4 -5 8 7 -8 -9 -10 10 12 -13 -14 -15
leaf_value=-1.9752219482623031e-05 0.00044904411652947743 0.0010109023315235655 0.0014072464116901182 -0.0011399951362798275 -0.0010775156292711487 0.00076353288213682619 -0.0022958436992107758 -0.0013458341890235878 0.00016782942238580931 0.0021296242650463509 -0.001928436468748878 0.0026753649767616867 6.3212242831009929e-05 -3.4296680646247729e-05
leaf_weight=586829 2291 2196 3911 2753 2624 4030 2223 2301 2572 2817 3707 3746 81220 14694
leaf_count=586829 2291 2196 3911 2753 2624 4030 2223 2301 2572 2817 3707 3746 81220 14694
internal_value=2.01662e-08 5.84573e-06 0.000472291 -1.73853e-06 -2.36139e-05 -0.000379449 -0.000904812 -4.02933e-06 -0.000461936 2.79959e-06 0.000127423 0.000731877 -2.39385e-05 0.000314831
internal_weight=717914 707069 11303 695766 7392 10845 4514 6331 5196 693013 106184 21257 84927 17511
internal_count=717914 707069 11303 695766 7392 10845 4514 6331 5196 693013 106184 21257 84927 17511
is_linear=0
shrinkage=0.05


Tree=115
num_leaves=15
num_cat=0
split_feature=0 0 3 3 0 0 0 3 0 3 1 1 1 0
split_gain=0.629205 0.792244 1.28114 0.662255 1.86284 2.05319 3.3606 1.78869 1.21219 3.26469 1.36356 5.15556 3.09091 2.21316
threshold=0.98444759845733654 0.39938217401504522 0.80000003039836909 0.93541664420627202 8.5536823272705096 7.8191416263580331 7.2649805545806894 0.8749999650754049 1.0439319610595705 5.2499996600672727 14.751514434814455 16.064028739929203 14.453992843627931 5.9012348651885995
decision_type=2 2 2 2 2 2 2 2 2 2 2 2 2 2
left_child=1 2 -1 7 5 6 8 -2 9 -5 12 -12 13 -10
right_child=3 -3 -4 4 -6 -7 -8 -9 10 -11 11 -13 -14 -15
leaf_value=-0.00056712056902560989 -3.1250945281181029e-05 -0.00022243893958235388 0.00097857367313329948 0.0022024072411872364 0.0012812995639986497 -0.0011715669218444172 0.0016548017046321855 -0.0010466626078347971 -8.5036657959467322e-06 -0.00034829608630165387 0.00099208317016698569 4.5974449717578448e-05 -0.0016129864149819655 -0.00092696767172374336
leaf_weight=2138 255270 50951 3561 2289 3058 3431 3246 4402 148480 2756 15434 212831 3215 6852
leaf_count=2138 255270 50951 3561 2289 3058 3431 3246 4402 148480 2756 15434 212831 3215 6852
internal_value=1.97355e-08 -0.000159891 0.000398723 1.37213e-05 5.39569e-05 4.45074e-05 5.50969e-05 -4.8504e-05 4.18037e-05 0.000811068 3.17498e-05 0.000109986 -8.08885e-05 -4.9076e-05
internal_weight=717914 56650 5699 661264 401592 398534 395103 259672 391857 5045 386812 228265 158547 155332
internal_count=717914 56650 5699 661264 401592 398534 395103 259672 391857 5045 386812 228265 158547 155332
is_linear=0
shrinkage=0.05


Tree=116
num_leaves=15
num_cat=0
split_feature=1 1 1 0 0 1 0 0 1 0 0 0 1 3
split_gain=0.625094 0.699042 3.04268 2.52064 3.65093 6.88838 7.32184 4.79615 13.1919 3.63288 2.50428 6.80001 4.75506 3.87174
threshold=0.12903756648302081 8.4315757751464862 8.5559525489807147 7.8191416263580331 5.2597839832305917 7.0642073154449472 5.5672395229339608 6.8343644142150888 3.1270717382431035 5.1244020462036142 4.664483070373536 4.1896345615386972 5.2967031002044687 2.1291666594333987
decision_type=2 2 2 2 2 2 2 2 2 2 2 2 2 2
left_child=-1 3 -3 4 9 6 -6 8 -8 10 11 -2 13 -13
right_child=1 2 -4 -5 5 -7 7 -9 -10 -11 -12 12 -14 -15
leaf_value=0.00072598517628563557 -6.6204825051696428e-05 0.0016379475464790459 1.5742070999934701e-05 -0.0018179563489774883 0.0036367569081140355 -0.0017462003829888 0.0024336954904874445 0.0024208424463841903 -0.002258711722687361 -0.0020753360867952968 0.00084221061935491276 -0.0019428285615298449 -0.0031763739785637592 0.00066571383336375145
leaf_weight=2943 134443 2896 544742 2080 2472 2320 2655 2430 3410 2377 6601 2926 2867 2752
leaf_count=2943 134443 2896 544742 2080 2472 2320 2655 2430 3410 2377 6601 2926 2867 2752
internal_value=1.95957e-08 -2.97877e-06 2.43503e-05 -9.2416e-05 -7.05883e-05 0.000723896 0.00124754 0.000548837 -0.00020395 -0.000140096 -0.000109208 -0.000153186 -0.00152003 -0.000679579
internal_weight=717914 714971 547638 167333 165253 13287 10967 8495 6065 151966 149589 142988 8545 5678
internal_count=717914 714971 547638 167333 165253 13287 10967 8495 6065 151966 149589 142988 8545 5678
is_linear=0
shrinkage=0.05


Tree=117
num_leaves=15
num_cat=0
split_feature=1 0 3 1 0 3 0 2 1 1 0 0 0 1
split_gain=0.610893 2.93126 3.6363 1.91077 2.38217 3.40919 1.51431 2.21996 1.43892 3.19238 1.2981 4.02149 5.90341 5.74212
threshold=28.31158542633057 6.5541508197784433 2.2899159870951808 28.878820419311527 5.2262580394744882 9.6666664224531988 4.5566120147705087 1.5000000000000002 31.821122169494632 33.493719100952156 5.8382956981658944 5.3713400363922128 5.2597839832305917 8.5559525489807147
decision_type=2 2 2 2 2 2 2 2 2 2 2 2 2 2
left_child=10 3 -3 -2 6 8 -5 -8 -6 -10 11 12 -1 -13
right_child=1 2 -4 4 5 -7 7 -9 9 -11 -12 13 -14 -15
leaf_value=1.1490982070778454e-05 -0.00069669883100154551 4.7759529268643616e-05 -0.0028610251057600232 -1.2537688019192832e-05 0.0011877504545001563 0.0023511050609749283 -0.00026410479109658443 -0.0021278957527431819 -0.0017237882658728164 0.00076289077617519531 0.00030833481791613191 0.00067188142613977 0.0018823125232935258 -0.0014842134334694312
leaf_weight=508709 10640 2195 2094 118449 2580 2454 7258 2040 2165 3165 37474 4461 4242 9988
leaf_count=508709 10640 2195 2094 118449 2580 2454 7258 2040 2165 3165 37474 4461 4242 9988
internal_value=1.81298e-08 -8.859e-05 -0.00137574 -5.13872e-05 -1.62587e-06 0.000727042 -6.07943e-05 -0.000674871 0.00022086 -0.000248513 2.40257e-05 3.81883e-06 2.69987e-05 -0.000818534
internal_weight=717914 153040 4289 148751 138111 10364 127747 9298 7910 5330 564874 527400 512951 14449
internal_count=717914 153040 4289 148751 138111 10364 127747 9298 7910 5330 564874 527400 512951 14449
is_linear=0
shrinkage=0.05


Tree=118
num_leaves=15
num_cat=0
split_feature=0 2 1 1 0 3 0 0 1 1 3 2 3 1
split_gain=0.592144 1.05347 2.9215 2.25514 2.11025 1.07125 0.901375 1.41602 0.801723 1.02046 1.20383 1.0413 0.659403 0.631691
threshold=1.1435822248458865 1.5000000000000002 12.432610034942629 7.6534869670867929 1.0257255434989931 3.7499998742714582 0.73617714643478405 0.76534768939018261 20.078397750854496 32.093601226806648 0.33333335058004793 1.0000000180025095e-35 9.8452379782842545 3.7219537496566777
decision_type=2 2 2 2 2 2 2 2 2 2 2 2 2 2
left_child=1 6 3 -3 5 -4 8 -8 12 10 -10 -12 -1 -9
right_child=-2 2 4 -5 -6 -7 7 13 9 -11 11 -13 -14 -15
leaf_value=-0.00042342133478634974 1.599684998644075e-05 0.00032018935848287665 -0.00018695187771617533 0.0023114182468843909 0.0011522797462465621 -0.001367766003227514 -0.0016288427255644732 -0.00089646758877154386 -0.00036770797098076302 -0.00057326677538366896 0.0015646733059292387 0.0001711324083601213 0.0004341574275170933 -0.00022508873853363485
leaf_weight=10006 638802 3580 4939 2353 2032 3137 2087 3896 2158 2244 3420 2205 2879 34176
leaf_count=10006 638802 3580 4939 2353 2032 3137 2087 3896 2158 2244 3420 2205 2879 34176
internal_value=1.58633e-08 -0.000129011 0.000232679 0.00111246 -0.000284308 -0.000646746 -0.000221023 -0.000363767 2.92229e-05 0.000364307 0.000635018 0.00101968 -0.000231617 -0.00029401
internal_weight=717914 79112 16041 5933 10108 8076 63071 40159 22912 10027 7783 5625 12885 38072
internal_count=717914 79112 16041 5933 10108 8076 63071 40159 22912 10027 7783 5625 12885 38072
is_linear=0
shrinkage=0.05


Tree=119
num_leaves=15
num_cat=0
split_feature=1 1 0 1 0 1 3 1 0 0 1 0 2 0
split_gain=0.575841 0.903746 1.88383 1.35954 2.57508 1.97511 2.77487 1.58912 1.47618 1.34257 14.9617 1.2303 1.19891 1.83752
threshold=35.495138168334968 34.94244575500489 3.3796172142028813 33.775814056396491 5.6355636119842538 33.192869186401374 8.9999995902180725 33.038743972778327 4.4427518844604501 8.5536823272705096 18.904769897460941 1.5469638705253603 1.5000000000000002 3.5680267810821538
decision_type=2 2 2 2 2 2 2 2 2 2 2 2 2 2
left_child=1 3 11 5 8 7 -7 9 12 -1 -11 -3 13 -5
right_child=-2 2 -4 4 -6 6 -8 -9 -10 10 -12 -13 -14 -15
leaf_value=-4.917667364400307e-08 -0.00036139295797770615 0.00096860629304169877 0.001334767050082125 3.2737910561844087e-05 -0.0020523021319667806 0.00022822408189230225 0.0020849981397986308 -0.0011825947505830162 0.00084865393013303287 -0.0019950482393569792 0.003820882443889285 -0.00044032362360058665 -0.0011587691484628206 -0.0015473105172469179
leaf_weight=652687 10845 2196 3911 14019 2062 8343 2643 2815 2863 2233 2172 5196 3821 2108
leaf_count=652687 10845 2196 3911 14019 2062 8343 2643 2815 2863 2233 2172 5196 3821 2108
internal_value=1.52757e-08 5.56358e-06 0.000448868 -1.64443e-06 -0.00036456 1.18157e-05 0.000676415 7.41525e-07 -0.000211165 5.82889e-06 0.000874807 -2.10185e-05 -0.000363622 -0.000174625
internal_weight=717914 707069 11303 695766 24873 670893 10986 659907 22811 657092 4405 7392 19948 16127
internal_count=717914 707069 11303 695766 24873 670893 10986 659907 22811 657092 4405 7392 19948 16127
is_linear=0
shrinkage=0.05


Tree=120
num_leaves=15
num_cat=0
split_feature=0 0 0 1 0 2 0 0 0 0 0 3 1 1
split_gain=0.584981 0.696883 1.004 4.29688 3.15222 0.731212 2.48572 1.99205 1.41601 9.06635 5.36494 3.16499 4.56873 8.05632
threshold=9.9139461517334002 8.5536823272705096 7.8191416263580331 20.258383750915531 7.5308358669281015 1.0000000180025095e-35 7.036393642425538 6.719891071319581 5.2262580394744882 5.3057830333709726 5.1244020462036142 1.2330316944725768 13.863571166992189 17.225962638854984
decision_type=2 2 2 2 2 2 2 2 2 2 2 2 2 2
left_child=1 2 4 -4 5 8 7 -7 10 -10 -1 -11 -13 -14
right_child=-2 -3 3 -5 -6 6 -8 -9 9 11 -12 12 13 -15
leaf_value=3.6644401404295806e-05 -0.00078942172143981826 0.00080645519336027991 0.00060776790305355061 -0.0021846785699911084 0.0017362500156903279 -5.2064500996147862e-05 -0.0016614158061472517 0.001290503308930768 0.0031130212318518178 0.00072972701367291914 -0.0023744193604341214 -0.0015639056839209184 0.0030214773757791464 -0.00047659305753571473
leaf_weight=319433 2329 2676 3003 2530 2609 348624 2374 2775 2744 11351 2314 5256 2074 7822
leaf_count=319433 2329 2676 3003 2530 2609 348624 2374 2775 2744 11351 2314 5256 2074 7822
internal_value=1.49223e-08 2.59528e-06 -4.33385e-07 -0.000670734 4.81902e-06 -1.61516e-06 -5.23434e-05 -4.14258e-05 4.95148e-05 0.000382549 1.92308e-05 9.87811e-05 -0.000374057 0.000258841
internal_weight=717914 715585 712909 5533 707376 704767 353773 351399 350994 29247 321747 26503 15152 9896
internal_count=717914 715585 712909 5533 707376 704767 353773 351399 350994 29247 321747 26503 15152 9896
is_linear=0
shrinkage=0.05


Tree=121
num_leaves=15
num_cat=0
split_feature=3 3 0 1 1 1 1 1 1 0 3 0 0 0
split_gain=0.572381 2.24214 1.14202 1.44509 4.23031 3.50245 3.87962 3.30865 3.72875 3.46435 2.68356 2.29961 5.97041 6.25713
threshold=4.0333333015441903 4.2264956425685254 8.1905436515808123 20.522820472717289 23.333030700683597 14.751514434814455 14.453992843627931 16.732419967651371 17.845393180847172 2.873745441436768 4.599999836087231 6.719891071319581 5.3057830333709726 4.4427518844604501
decision_type=2 2 2 2 2 2 2 2 2 2 2 2 2 2
left_child=-1 -2 3 5 -5 6 10 -7 -9 -10 -3 12 13 -12
right_child=1 2 -4 4 -6 7 -8 8 9 -11 11 -13 -14 -15
leaf_value=-3.3976394215155915e-05 0.0012882540529438819 0.0012880762665300042 0.0010347938020409059 -0.00078083446096686917 3.5895494572484421e-05 0.0011164503329010463 -0.0021564201062754832 -0.00069699152059210555 4.5829339006954831e-07 0.0013983570692431796 -9.3193385672659133e-05 0.0015255027249622018 -0.0015984611037239565 0.0013734743072827767
leaf_weight=454460 3646 4019 2851 19203 90698 14963 2073 8224 10596 7609 83348 2316 5951 7957
leaf_count=454460 3646 4019 2851 19203 90698 14963 2073 8224 10596 7609 83348 2316 5951 7957
internal_value=1.57347e-08 5.86515e-05 4.1347e-05 3.02846e-05 -0.00010687 0.000132786 -1.99502e-05 0.000522596 0.000186086 0.000585174 2.30076e-05 -2.81783e-05 -6.53298e-05 3.47594e-05
internal_weight=717914 263454 259808 256957 109901 147056 105664 41392 26429 18205 103591 99572 97256 91305
internal_count=717914 263454 259808 256957 109901 147056 105664 41392 26429 18205 103591 99572 97256 91305
is_linear=0
shrinkage=0.05


Tree=122
num_leaves=15
num_cat=0
split_feature=1 1 1 0 0 3 0 3 0 0 2 1 2 3
split_gain=0.563164 0.688078 0.675406 1.69424 3.62048 2.27711 2.27624 1.76091 1.69813 1.46093 1.34408 1.29707 2.90057 2.79841
threshold=0.12903756648302081 0.27160012722015386 1.6539137959480288 3.3972306251525883 2.6973187923431401 1.4316770673018915 3.8044918775558476 2.7999999403953568 1.7805435657501223 1.4684951305389407 1.0000000180025095e-35 2.5951888561248784 1.5000000000000002 1.1455026704192592
decision_type=2 2 2 2 2 2 2 2 2 2 2 2 2 2
left_child=-1 -2 3 4 8 -6 -5 -8 9 10 -3 12 13 -4
right_child=1 2 11 6 5 -7 7 -9 -10 -11 -12 -13 -14 -15
leaf_value=0.00068908349628453251 -0.00076578175942681114 0.0012325376283469293 9.1092534730489083e-05 0.00212785488765894 -4.7479502405954693e-05 -0.0021064764711328137 -0.00040427567267054199 0.0012679957940855099 0.00099040413651331873 -0.0010999194019111669 -0.00040656609487652338 1.4790208616337099e-06 0.00098971737566100533 -0.0013311958853634051
leaf_weight=2943 2933 2396 5953 2393 2571 2802 3618 2772 6535 2487 2597 666741 2934 8239
leaf_count=2943 2933 2396 5953 2393 2571 2802 3618 2772 6535 2487 2597 666741 2934 8239
internal_value=1.7522e-08 -2.82844e-06 3.24994e-07 0.000240211 -2.08626e-05 -0.00112316 0.000815886 0.000322008 0.000402229 -0.000112274 0.000380885 -9.56017e-06 -0.000439083 -0.000734956
internal_weight=717914 714971 712038 28171 19388 5373 8783 6390 14015 7480 4993 683867 17126 14192
internal_count=717914 714971 712038 28171 19388 5373 8783 6390 14015 7480 4993 683867 17126 14192
is_linear=0
shrinkage=0.05


Tree=123
num_leaves=15
num_cat=0
split_feature=0 1 0 0 0 1 0 0 1 3 1 3 0 3
split_gain=0.55808 0.635491 4.34086 1.80775 6.35943 4.54838 5.8302 3.58005 6.03287 6.58145 2.77763 6.84401 1.8489 7.75482
threshold=9.9139461517334002 28.31158542633057 6.5541508197784433 6.2124750614166269 6.3429889678955087 19.616192817687992 7.2649805545806894 7.2649805545806894 8.8310446739196795 1.7142857720657281 16.064028739929203 2.4999999534338735 6.0124845504760751 1.2000000149011616
decision_type=2 2 2 2 2 2 2 2 2 2 2 2 2 2
left_child=1 3 -3 12 -5 7 -7 10 -9 -10 11 -6 -1 -14
right_child=-2 2 -4 4 5 6 -8 8 9 -11 -12 -13 13 -15
leaf_value=1.5816066761496053e-05 -0.000771053481104757 -4.7105350626465088e-05 -0.0018270728898796208 0.0031224823287635379 0.00096807283004503092 0.0028438789917240802 3.1359220206223398e-06 -0.0009863867931951425 -0.00015907208081443103 0.0037830980630164548 -0.0024414572012365367 -0.0020671050380921289 0.0013077748328776118 -0.0027728307445742165
leaf_weight=532000 2329 148751 3496 2015 4067 3211 4112 3421 2092 2132 2179 3402 2071 2636
leaf_count=532000 2329 148751 3496 2015 4067 3211 4112 3421 2092 2132 2179 3402 2071 2636
internal_value=1.75027e-08 2.53783e-06 -8.80955e-05 2.70334e-05 0.000429051 0.000207395 0.00125093 -0.000234973 0.000572793 0.00183491 -0.000874972 -0.000415313 7.07799e-06 -0.000978467
internal_weight=717914 715585 152247 563338 26631 24616 7323 17293 7645 4224 9648 7469 536707 4707
internal_count=717914 715585 152247 563338 26631 24616 7323 17293 7645 4224 9648 7469 536707 4707
is_linear=0
shrinkage=0.05


Tree=124
num_leaves=15
num_cat=0
split_feature=3 0 0 0 3 0 0 0 3 2 0 1 1 1
split_gain=0.557051 1.67858 1.82651 2.73332 1.58446 1.12803 1.06534 1.22811 2.41758 1.16012 3.00656 2.86581 4.6598 3.74115
threshold=0.93541664420627202 8.5536823272705096 7.8191416263580331 7.2649805545806894 0.8749999650754049 2.8248012065887456 0.39938217401504522 0.89832970499992382 1.6742424292710532 1.5000000000000002 1.1024149060249331 35.071567535400398 34.005489349365241 31.666419029235843
decision_type=2 2 2 2 2 2 2 2 2 2 2 2 2 2
left_child=4 2 3 6 -1 -6 -2 8 -8 -9 -11 12 13 -12
right_child=1 -3 -4 -5 5 -7 7 9 -10 10 11 -13 -14 -15
leaf_value=-3.92042157089482e-05 0.0008963282554893706 0.0012008295575748334 -0.0011202224855001756 0.0014795273058311655 -0.00026220304504128377 -0.0018073189236221421 -0.0015074879738794407 -3.771449786061714e-06 -0.00011589731108592444 0.0016252774821878093 5.865832193009162e-05 0.0019160095940157183 -0.0021399937654292406 0.0014316811281623008
leaf_weight=276953 3472 3058 3431 3246 2632 2139 3672 318262 20499 3569 67170 2203 2261 5347
leaf_count=276953 3472 3058 3431 3246 2632 2139 3672 318262 20499 3569 67170 2203 2261 5347
internal_value=1.73099e-08 3.54131e-05 2.71575e-05 3.63448e-05 -5.4785e-05 -0.000957262 2.53254e-05 1.81549e-05 -0.00032784 3.91325e-05 0.00020863 0.000142749 9.02585e-05 0.000160081
internal_weight=717914 436190 433132 429701 281724 4771 426455 422983 24171 398812 80550 76981 74778 72517
internal_count=717914 436190 433132 429701 281724 4771 426455 422983 24171 398812 80550 76981 74778 72517
is_linear=0
shrinkage=0.05


Tree=125
num_leaves=15
num_cat=0
split_feature=0 1 0 1 0 0 1 0 1 0 0 0 0 1
split_gain=0.553258 0.620038 3.88899 2.73558 2.49806 3.64501 5.08168 6.33462 4.98097 7.44689 3.3436 2.42435 5.8575 4.98126
threshold=9.9139461517334002 8.4315757751464862 8.5536823272705096 8.5559525489807147 7.5308358669281015 5.2597839832305917 7.0642073154449472 5.5672395229339608 3.1270717382431035 6.2124750614166269 5.1244020462036142 4.664483070373536 3.8610264062881474 5.2967031002044687
decision_type=2 2 2 2 2 2 2 2 2 2 2 2 2 2
left_child=1 4 3 -3 5 10 7 -7 -9 -10 11 12 -1 -14
right_child=-2 2 -4 -5 -6 6 -8 8 9 -11 -12 -13 13 -15
leaf_value=-2.7054253997078953e-05 -0.00076771561836193921 0.0015498980894822394 0.0021141005430363067 1.1706227015768474e-05 -0.0016633685568622518 0.0034204496211706226 -0.0014366634026927181 0.0019069662270102155 -0.0026190100731306094 0.0014728009353188885 -0.0019814755174405842 0.00083040116909736852 -0.00044598429553706999 -0.0023521770269382728
leaf_weight=129368 2329 2896 2216 540906 2448 2472 2178 3605 2235 2194 2377 6746 10964 4980
leaf_count=129368 2329 2896 2216 540906 2448 2472 2178 3605 2235 2194 2377 6746 10964 4980
internal_value=1.75692e-08 2.52699e-06 2.84639e-05 1.99262e-05 -8.09884e-05 -5.77112e-05 0.000756751 0.0012124 0.000529595 -0.000593292 -0.000124649 -9.54943e-05 -0.000138533 -0.00104247
internal_weight=717914 715585 546018 543802 169567 167119 12684 10506 8034 4429 154435 152058 145312 15944
internal_count=717914 715585 546018 543802 169567 167119 12684 10506 8034 4429 154435 152058 145312 15944
is_linear=0
shrinkage=0.05


Tree=126
num_leaves=15
num_cat=0
split_feature=1 1 0 1 1 3 0 3 0 1 3 3 1 0
split_gain=0.531317 0.811742 1.7184 1.22063 1.16496 0.773519 1.30149 0.964298 0.65746 1.58324 2.77134 2.52672 2.49395 2.47984
threshold=35.495138168334968 34.94244575500489 3.3796172142028813 34.820482254028327 35.24212837219239 2.8786763689081183 2.4255527257919316 9.1833331319193139 1.5469638705253603 20.522820472717289 9.881944252057357 6.8452381006866503 31.394181251525882 1.38826459646225
decision_type=2 2 2 2 2 2 2 2 2 2 2 2 2 2
left_child=1 3 4 8 -3 6 -2 -7 9 -1 11 13 -12 -11
right_child=5 2 -4 -5 -6 7 -8 -9 -10 10 12 -13 -14 -15
leaf_value=4.462974223499855e-05 -0.00085942751605494353 -0.00062816484492854332 0.001271589175519549 -0.0010503191312875421 0.00062631553950758044 -0.0016253024613285833 0.00062566442055829918 -0.00019015276693423256 2.7509835519627348e-05 -6.9124948675291673e-06 -0.0013061059773479499 0.0013229278830433314 0.00027437499059666381 -0.00096402257208026004
leaf_weight=84897 2467 3828 3911 2753 3564 2092 3638 2648 550188 33011 10225 2892 3297 8503
leaf_count=84897 2467 3828 3911 2753 3564 2092 3638 2648 550188 33011 10225 2892 3297 8503
internal_value=1.66967e-08 5.34619e-06 0.00042548 -1.48507e-06 -2.32971e-05 -0.000347139 2.51221e-05 -0.000825645 2.69652e-06 -9.28841e-05 -0.000294392 -0.000103473 -0.000920827 -0.000203135
internal_weight=717914 707069 11303 695766 7392 10845 6105 4740 693013 142825 57928 44406 13522 41514
internal_count=717914 707069 11303 695766 7392 10845 6105 4740 693013 142825 57928 44406 13522 41514
is_linear=0
shrinkage=0.05


Tree=127
num_leaves=15
num_cat=0
split_feature=3 2 0 0 1 3 1 1 1 0 1 0 3 0
split_gain=0.533814 1.05981 2.2642 2.92313 3.27607 7.34266 3.21163 6.27049 3.24902 5.18014 4.53004 6.02976 4.4436 4.0455
threshold=0.24662162488703313 1.5000000000000002 7.5308358669281015 5.3057830333709726 24.993594169616703 8.4365077659273826 35.071567535400398 34.005489349365241 30.960071563720707 5.0169203281402597 25.762697219848636 3.1099735498428349 3.4999998603016196 3.1099735498428349
decision_type=2 2 2 2 2 2 2 2 2 2 2 2 2 2
left_child=-1 -2 3 6 5 -5 7 8 9 10 13 -12 -13 -3
right_child=1 2 -4 4 -6 -7 -8 -9 -10 -11 11 12 -14 -15
leaf_value=-7.5837308120660157e-05 -1.068349126082308e-05 -2.7195992451855374e-05 0.0017263125383813372 -0.00016198123284293212 0.00079421227618948131 -0.0037434228207920426 0.0018258034753427224 -0.0021980439801874748 0.0011282996883672952 0.002259394811263399 -5.3968173343138192e-05 -0.00062778364299972164 -0.0038753780828459207 0.00081829721699467879
leaf_weight=175303 432775 47724 2259 4429 2538 2105 2970 2731 9044 2755 8956 2000 2226 20099
leaf_count=175303 432775 47724 2259 4429 2538 2105 2970 2731 9044 2755 8956 2000 2226 20099
internal_value=1.41592e-08 2.45207e-05 0.00016322 0.00013024 -0.000728113 -0.00131974 0.000209357 0.000158919 0.000228508 0.00013123 5.85805e-05 -0.000789196 -0.00234353 0.000223445
internal_weight=717914 542611 109836 107577 9072 6534 98505 95535 92804 83760 81005 13182 4226 67823
internal_count=717914 542611 109836 107577 9072 6534 98505 95535 92804 83760 81005 13182 4226 67823
is_linear=0
shrinkage=0.05


Tree=128
num_leaves=15
num_cat=0
split_feature=0 1 0 1 0 3 0 0 1 1 1 1 0 0
split_gain=0.530362 0.603169 4.07745 1.69143 2.1373 3.24885 1.67625 1.62322 4.32224 5.65984 7.58392 4.27416 8.28949 3.54962
threshold=9.9139461517334002 28.31158542633057 6.5541508197784433 28.878820419311527 5.1745252609252939 9.9999995401927517 4.5566120147705087 5.8382956981658944 17.50726413726807 3.1270717382431035 5.0184702873229989 21.395910263061527 7.2649805545806894 5.3713400363922128
decision_type=2 2 2 2 2 2 2 2 2 2 2 2 2 2
left_child=1 7 3 -3 6 -6 -5 13 9 -9 -11 -10 -13 -1
right_child=-2 2 -4 4 5 -7 -8 8 11 10 -12 12 -14 -15
leaf_value=2.5952437541697299e-05 -0.00075166732717220613 -0.00065324600657753291 -0.0017712184640715431 -7.7361533358496566e-06 0.00019365483257500346 0.0022253815621255256 -0.00072576972557086459 0.0018601704720592094 0.0025425387934563969 -0.003128905380299832 -9.0929279568783206e-06 0.0019756032762874506 -0.0013026316643287694 -0.00076842666025355973
leaf_weight=512951 2329 10640 3496 118449 8383 2562 8717 3417 3720 2162 18884 4221 3534 14449
leaf_count=512951 2329 10640 3496 118449 8383 2562 8717 3417 3720 2162 18884 4221 3534 14449
internal_value=1.19134e-08 2.46886e-06 -8.58295e-05 -4.61025e-05 7.15438e-07 0.000670838 -5.70093e-05 2.63334e-05 0.000351423 -2.423e-05 -0.000330917 0.00115158 0.000481938 4.17494e-06
internal_weight=717914 715585 152247 148751 138111 10945 127166 563338 35938 24463 21046 11475 7755 527400
internal_count=717914 715585 152247 148751 138111 10945 127166 563338 35938 24463 21046 11475 7755 527400
is_linear=0
shrinkage=0.05


Tree=129
num_leaves=15
num_cat=0
split_feature=1 0 0 3 1 0 0 1 3 0 1 3 3 1
split_gain=0.519037 0.771739 3.01557 2.31889 0.714532 1.55934 1.1643 1.0762 0.992818 0.587868 1.41839 2.50877 2.27686 2.24006
threshold=35.495138168334968 1.6269016861915591 2.4255527257919316 4.2264956425685254 34.94244575500489 3.3796172142028813 2.3854781389236455 34.820482254028327 1.0156249842839327 1.5469638705253603 20.522820472717289 9.881944252057357 6.8452381006866503 31.394181251525882
decision_type=2 2 2 2 2 2 2 2 2 2 2 2 2 2
left_child=4 -2 -3 -4 7 6 8 9 -6 10 -1 12 -12 -13
right_child=1 2 3 -5 5 -7 -8 -9 -10 -11 11 13 -14 -15
leaf_value=4.2573203897395448e-05 0.00047041679507022708 -0.0021411108497616095 0.00071854166709218222 -0.0012672803029320015 -0.00041470373814017891 0.0012054532721075262 -0.00089073408497899467 -0.00098596114574187391 0.001033759664838801 2.6259235400621268e-05 -0.00019127082540809398 -0.0012394760659051585 0.0012573748320322154 0.00025840030354387818
leaf_weight=84897 2291 2223 4030 2301 2029 3911 2550 2753 2813 550188 41514 10225 2892 3297
leaf_count=84897 2291 2223 4030 2301 2029 3911 2550 2753 2813 550188 41514 10225 2892 3297
internal_value=1.11059e-08 -0.000343109 -0.000561289 -4.06504e-06 5.27865e-06 0.000399454 -2.80406e-05 -1.13054e-06 0.000427189 2.79588e-06 -8.75848e-05 -0.000278314 -9.6664e-05 -0.000874335
internal_weight=717914 10845 8554 6331 707069 11303 7392 695766 4842 693013 142825 57928 44406 13522
internal_count=717914 10845 8554 6331 707069 11303 7392 695766 4842 693013 142825 57928 44406 13522
is_linear=0
shrinkage=0.05


Tree=130
num_leaves=15
num_cat=0
split_feature=3 3 0 1 1 1 1 1 1 0 3 0 0 0
split_gain=0.529187 2.02002 0.978463 1.20696 3.81179 3.09491 3.50637 3.0608 3.34824 3.12581 2.42138 2.41119 4.70791 5.51354
threshold=4.0333333015441903 4.2264956425685254 8.1905436515808123 20.522820472717289 23.333030700683597 14.751514434814455 14.453992843627931 16.732419967651371 17.845393180847172 2.0107263326644902 4.5192307571621528 6.719891071319581 5.3057830333709726 4.4427518844604501
decision_type=2 2 2 2 2 2 2 2 2 2 2 2 2 2
left_child=-1 -2 3 5 -5 6 10 -7 -9 -10 -3 12 13 -12
right_child=1 2 -4 4 -6 7 -8 8 9 -11 11 -13 -14 -15
leaf_value=-3.267529489420682e-05 0.0012234972171315335 0.0013275573878215197 0.00095952302718433583 -0.00073537971011886896 3.9896973880650933e-05 0.001061007477680839 -0.0020512736927075434 -0.00067062692588462517 -0.00035461444092191134 0.0010213655053431013 -9.3218390162247184e-05 0.0015603861686384389 -0.0014195757753736058 0.0012788748145238908
leaf_weight=454460 3646 3417 2851 19203 90698 14963 2073 8224 6312 11893 83842 2335 5985 8012
leaf_count=454460 3646 3417 2851 19203 90698 14963 2073 8224 6312 11893 83842 2335 5985 8012
internal_value=9.07953e-09 5.6389e-05 3.9964e-05 2.97243e-05 -9.56217e-05 0.000123401 -2.01746e-05 0.000489831 0.000166175 0.000544356 2.06646e-05 -2.40424e-05 -6.20116e-05 2.65891e-05
internal_weight=717914 263454 259808 256957 109901 147056 105664 41392 26429 18205 103591 100174 97839 91854
internal_count=717914 263454 259808 256957 109901 147056 105664 41392 26429 18205 103591 100174 97839 91854
is_linear=0
shrinkage=0.05


Tree=131
num_leaves=15
num_cat=0
split_feature=0 1 0 1 0 0 1 3 3 3 0 0 0 1
split_gain=0.51138 0.600554 3.55609 2.49041 2.25002 3.58819 4.57386 6.04602 13.8284 7.29124 3.21317 3.4715 5.44917 4.26596
threshold=9.9139461517334002 8.4315757751464862 8.5536823272705096 8.5559525489807147 7.5308358669281015 5.2597839832305917 7.0642073154449472 8.0499999508261713 2.4999999534338735 0.62499998835846837 5.0169203281402597 4.664483070373536 4.1896345615386972 5.2967031002044687
decision_type=2 2 2 2 2 2 2 2 2 2 2 2 2 2
left_child=1 4 3 -3 5 10 7 8 9 -7 11 12 -1 -14
right_child=-2 2 -4 -5 -6 6 -8 -9 -10 -11 -12 -13 13 -15
leaf_value=-5.8378342725076437e-05 -0.00073809399951800135 0.0014795885330239756 0.002022325763096734 1.1942378871139645e-05 -0.0015815363717618745 0.00032323219894499845 -0.0013305925301348668 0.003250989915289439 -0.0030643730186236595 0.0039498881006328401 -0.001591827396944591 0.0011441806767695333 -0.00056665198687125154 -0.0029260474923430875
leaf_weight=136691 2329 2896 2216 540906 2448 3601 2178 2635 2025 2245 3631 5492 5754 2867
leaf_count=136691 2329 2896 2216 540906 2448 3601 2178 2635 2025 2245 3631 5492 5754 2867
internal_value=1.07935e-08 2.42337e-06 2.79495e-05 1.97853e-05 -7.97694e-05 -5.76778e-05 0.000750411 0.00118268 0.000487018 0.00172032 -0.000124092 -8.8649e-05 -0.000135319 -0.00135377
internal_weight=717914 715585 546018 543802 169567 167119 12684 10506 7871 5846 154435 150804 145312 8621
internal_count=717914 715585 546018 543802 169567 167119 12684 10506 7871 5846 154435 150804 145312 8621
is_linear=0
shrinkage=0.05


Tree=132
num_leaves=15
num_cat=0
split_feature=1 1 3 2 0 0 1 1 2 3 0 3 3 0
split_gain=0.481709 0.647035 0.556114 1.04734 2.2181 1.19302 1.15709 1.05421 1.01238 1.44586 7.5015 4.15816 4.14167 12.4247
threshold=0.12903756648302081 0.27160012722015386 0.067424243931804823 1.5000000000000002 4.8509354591369638 5.7033410072326669 26.921344757080082 22.40629863739014 1.5000000000000002 3.6076923731868784 4.7363896369934091 6.2678569601088592 1.8944443600597236 5.0169203281402597
decision_type=2 2 2 2 2 2 2 2 2 2 2 2 2 2
left_child=-1 -2 3 5 6 -3 7 -5 -4 12 -11 -12 -10 -14
right_child=1 2 8 4 -6 -7 -8 -9 9 10 11 -13 13 -15
leaf_value=0.00063729859939121907 -0.00074247068450750782 -6.8143839167768831e-05 -1.2043484647864289e-05 -0.00014306835386734764 -0.0014593318392883419 0.00060319638929674118 -0.00078828120344297768 0.00094040714294897621 8.1140997667057175e-05 0.00021595484727357376 -0.0033620394320157971 -0.00077732786339885238 0.00046916540236875774 0.0046149482609366289
leaf_weight=2943 2933 95920 464529 13615 3994 7098 5763 2678 46829 47189 2021 6696 13632 2074
leaf_count=2943 2933 95920 464529 13615 3994 7098 5763 2678 46829 47189 2021 6696 13632 2074
internal_value=1.04754e-08 -2.62164e-06 4.36303e-07 -9.347e-05 -0.000376646 -2.18341e-05 -0.000180016 3.54848e-05 2.12282e-05 0.00015171 -3.30533e-05 -0.00137975 0.000316867 0.00101921
internal_weight=717914 714971 712038 129068 26050 103018 22056 16293 582970 118441 55906 8717 62535 15706
internal_count=717914 714971 712038 129068 26050 103018 22056 16293 582970 118441 55906 8717 62535 15706
is_linear=0
shrinkage=0.05


Tree=133
num_leaves=15
num_cat=0
split_feature=3 3 0 3 0 0 0 3 2 3 2 3 3 0
split_gain=0.492703 1.67791 1.84888 1.99322 2.88602 1.62514 1.55771 2.33373 1.27063 1.24353 2.87276 1.23612 1.38492 1.82107
threshold=3.3999999850988414 2.8786763689081183 5.3057830333709726 2.9999998994171668 2.4771726131439213 1.8505768179893496 3.0043526887893681 3.2264955737939354 1.0000000180025095e-35 2.7499999674037121 1.0000000180025095e-35 2.675438700648006 2.6076922597088066 2.8577018976211552
decision_type=2 2 2 2 2 2 2 2 2 2 2 2 2 2
left_child=1 9 3 8 5 -5 -6 -8 -3 11 -11 12 -1 -14
right_child=-2 2 -4 4 6 -7 7 -9 -10 10 -12 -13 13 -15
leaf_value=-2.2569318067675368e-05 5.1054190637175889e-05 -0.0021238444360300681 -0.0018998127649320835 -0.00015589299084099319 0.0018000139410172995 -0.0016655876814829851 0.0011563520097774564 -0.00095310874024286032 -0.00040372670064596104 -0.0004579332294110797 0.0020863673413316747 -0.0010458625052808684 -7.9180505624666916e-05 0.0019628510519965115
leaf_weight=399883 285040 2138 2025 4711 2124 2860 2876 2393 2158 2201 2221 2907 2346 2031
leaf_count=399883 285040 2138 2025 4711 2124 2860 2876 2393 2158 2201 2221 2907 2346 2031
internal_value=1.00934e-08 -3.3602e-05 -0.000466376 -0.000314757 -4.19438e-05 -0.000727636 0.000660292 0.000198316 -0.00126273 -1.12106e-05 0.000821795 -2.02773e-05 -1.28767e-05 0.00087067
internal_weight=717914 432874 21285 19260 14964 7571 7393 5269 4296 411589 4422 407167 404260 4377
internal_count=717914 432874 21285 19260 14964 7571 7393 5269 4296 411589 4422 407167 404260 4377
is_linear=0
shrinkage=0.05


Tree=134
num_leaves=15
num_cat=0
split_feature=2 0 0 1 3 0 1 3 1 0 0 0 1 1
split_gain=0.494211 1.13447 3.51939 2.65212 6.54841 9.8031 4.43738 3.33852 1.18001 1.51962 7.50793 4.84888 1.76546 1.78375
threshold=1.0000000180025095e-35 6.3429889678955087 6.1090059280395517 9.3743758201599139 3.8619046469732212 7.036393642425538 15.832978248596193 0.64142860715121708 35.495138168334968 5.2262580394744882 5.3057830333709726 5.1244020462036142 7.3180341720581064 15.42992687225342
decision_type=2 2 2 2 2 2 2 2 2 2 2 2 2 2
left_child=1 2 8 -3 6 -6 -5 -8 9 11 -11 -1 -12 -14
right_child=-2 3 -4 4 5 -7 7 -9 -10 10 12 -13 13 -15
leaf_value=4.9114687922313844e-05 -4.12794712964247e-05 -0.0015057920218631805 0.001677721630115819 0.00089655798886158471 -0.0011262618472653971 0.0034744450582299725 -0.00054482551654478435 -0.0031170550139697824 -0.00073339485874078395 0.0029070147464620344 -0.0013267146880685287 -0.0022431691336106722 0.0013591431656589438 -9.0935275179775365e-05
leaf_weight=315091 360661 3880 3323 2273 2058 2626 2680 2382 4790 2744 2005 2314 2845 8242
leaf_count=315091 360661 3880 3323 2273 2058 2626 2680 2382 4790 2744 2005 2314 2845 8242
internal_value=8.37361e-09 4.16901e-05 6.09234e-05 -0.000371031 -3.75814e-06 0.00145495 -0.000935975 -0.00175899 4.49804e-05 5.61904e-05 0.000534049 3.23329e-05 3.48516e-05 0.000282054
internal_weight=717914 357253 341354 15899 12019 4684 7335 5062 338031 333241 15836 317405 13092 11087
internal_count=717914 357253 341354 15899 12019 4684 7335 5062 338031 333241 15836 317405 13092 11087
is_linear=0
shrinkage=0.05


Tree=135
num_leaves=15
num_cat=0
split_feature=0 2 1 1 0 0 0 0 3 0 0 1 0 1
split_gain=0.4589 0.566356 0.982919 5.35392 3.97537 5.30692 3.32626 5.55687 4.60936 2.55436 4.49192 2.27931 3.50943 2.64436
threshold=9.9139461517334002 1.0000000180025095e-35 21.395910263061527 21.131407737731937 8.1905436515808123 7.2649805545806894 6.3429889678955087 6.1090059280395517 2.919871691728281 2.4097473621368413 2.2757765054702763 20.258383750915531 3.6627779006958012 19.502655982971195
decision_type=2 2 2 2 2 2 2 2 2 2 2 2 2 2
left_child=1 2 3 4 5 6 7 9 -8 10 -1 13 -13 -11
right_child=-2 -3 -4 -5 -6 -7 8 -9 -10 11 -12 12 -14 -15
leaf_value=0.00017668091076543184 -0.00069919844981984332 -4.1987741185896136e-05 -5.4549054550003792e-05 0.0022404834984420413 -0.0021029791810975806 0.0024146231274106041 0.0001276487503996226 0.0026167907714594544 -0.0029682306050075528 -8.2594876332525605e-05 0.0014879718759293796 -0.00045228376260856331 0.0023664076076838664 -0.0015399055825605417
leaf_weight=83297 2329 359409 142809 2912 2045 2452 2786 2178 2104 100900 7077 2094 2320 3202
leaf_count=83297 2329 359409 142809 2912 2045 2452 2786 2178 2104 100900 7077 2094 2320 3202
internal_value=7.70427e-09 2.29314e-06 4.69759e-05 0.000114927 8.54113e-05 0.000106985 7.93954e-05 0.000110757 -0.00120774 8.31841e-05 0.000279519 -8.03374e-05 0.00103122 -0.000127563
internal_weight=717914 715585 356176 213367 210455 208410 205958 201068 4890 198890 90374 108516 4414 104102
internal_count=717914 715585 356176 213367 210455 208410 205958 201068 4890 198890 90374 108516 4414 104102
is_linear=0
shrinkage=0.05


Tree=136
num_leaves=15
num_cat=0
split_feature=0 2 1 1 0 1 3 0 0 1 1 3 2 1
split_gain=0.464797 0.870535 2.63127 2.39828 1.75919 1.59491 0.820216 0.812494 1.2574 0.81798 0.981175 1.12964 0.920427 0.60368
threshold=1.1435822248458865 1.5000000000000002 11.573187351226808 7.4945485591888437 0.64032983779907238 29.755519866943363 3.6076923731868784 0.73617714643478405 0.76534768939018261 20.078397750854496 32.093601226806648 0.33333335058004793 1.0000000180025095e-35 13.863571166992189
decision_type=2 2 2 2 2 2 2 2 2 2 2 2 2 2
left_child=1 7 3 -3 -4 6 -6 9 -9 -1 11 -11 -13 -2
right_child=13 2 4 -5 5 -7 -8 8 -10 10 -12 12 -14 -15
leaf_value=-0.00022384001577406928 -4.6932878828648659e-05 0.00030014841988284721 -0.0013832929390970108 0.0024560391441401947 0.0001593620879919437 0.0012720453086845899 -0.0010624728190464997 -0.0015255731737024373 -0.00026773970072354849 -0.00032790020981429327 -0.00054130267134941997 0.0015285528770950354 0.00021806449461013387 5.2833227254747004e-05
leaf_weight=12885 247570 3503 2575 2035 3523 2166 2239 2087 38072 2158 2244 3420 2205 391232
leaf_count=12885 247570 3503 2575 2035 3523 2166 2239 2087 38072 2158 2244 3420 2205 391232
internal_value=9.74776e-09 -0.000114304 0.000214485 0.00109535 -0.000250577 0.000118606 -0.000316437 -0.000197946 -0.000333471 3.96365e-05 0.000378098 0.000643534 0.00101614 1.41684e-05
internal_weight=717914 79112 16041 5538 10503 7928 5762 63071 40159 22912 10027 7783 5625 638802
internal_count=717914 79112 16041 5538 10503 7928 5762 63071 40159 22912 10027 7783 5625 638802
is_linear=0
shrinkage=0.05


Tree=137
num_leaves=15
num_cat=0
split_feature=1 1 1 0 0 0 3 3 0 1 1 2 3 0
split_gain=0.449653 0.598454 0.574082 1.43266 3.24789 2.14272 2.0893 1.64315 1.5209 1.418 1.22418 2.58078 2.54967 4.17791
threshold=0.12903756648302081 0.27160012722015386 1.6539137959480288 3.3972306251525883 2.6973187923431401 3.8044918775558476 1.4580419643379152 2.7999999403953568 1.7805435657501223 1.2401474714279177 2.5951888561248784 1.5000000000000002 1.1455026704192592 3.2680516242980961
decision_type=2 2 2 2 2 2 2 2 2 2 2 2 2 2
left_child=-1 -2 3 4 8 -5 -6 -7 9 -3 11 12 -4 -14
right_child=1 2 10 5 6 7 -8 -9 -10 -11 -12 -13 13 -15
leaf_value=0.00061572771173475809 -0.00071406580966803189 -0.00055306952299176025 8.3418726965784208e-05 0.0020238209915869596 -3.5664469014942467e-05 -0.00042965696849636952 -0.0020075965420627124 0.0011856862860022284 0.00093885992547118775 0.00094932652089047421 2.0185535448828159e-06 0.0009217684949938996 -0.00043813639654949012 -0.0027904412678799728
leaf_weight=2943 2933 5251 5953 2393 2580 3618 2793 2772 6535 2229 666741 2934 5319 2920
leaf_count=2943 2933 5251 5953 2393 2580 3618 2793 2772 6535 2229 666741 2934 5319 2920
internal_value=9.68689e-09 -2.53334e-06 4.07566e-07 0.000221569 -1.85062e-05 0.000750941 -0.00106254 0.000271841 0.000382223 -0.000104694 -8.70601e-06 -0.000425987 -0.000705069 -0.00127419
internal_weight=717914 714971 712038 28171 19388 8783 5373 6390 14015 7480 683867 17126 14192 8239
internal_count=717914 714971 712038 28171 19388 8783 5373 6390 14015 7480 683867 17126 14192 8239
is_linear=0
shrinkage=0.05


Tree=138
num_leaves=15
num_cat=0
split_feature=3 3 0 3 0 0 0 3 0 1 3 0 1 0
split_gain=0.447182 1.49484 1.61227 1.80023 2.63228 1.47959 1.4102 2.10528 1.16035 2.16632 1.44244 3.7007 1.51396 1.93853
threshold=3.3999999850988414 2.8786763689081183 5.3057830333709726 2.9999998994171668 2.4771726131439213 1.8505768179893496 3.0043526887893681 3.2264955737939354 7.8191416263580331 21.251059532165531 3.6666667188207311 3.9782660007476811 25.423508644104007 1.9955905079841616
decision_type=2 2 2 2 2 2 2 2 2 2 2 2 2 2
left_child=1 -1 3 -3 5 -5 -6 -8 10 -10 11 12 13 -2
right_child=8 2 -4 4 6 -7 7 -9 9 -11 -12 -13 -14 -15
leaf_value=-1.0878116284810446e-05 0.00081395082674132137 -0.0011998166123271268 -0.001779073521483281 -0.00014895353685322448 0.0017154348422045316 -0.0015894577973311636 0.0011013844849505382 -0.00090217047018744864 -0.0018230697616835737 0.00043023365065692908 4.0518439435380134e-05 0.0025468190507817643 0.0012765595935867969 -0.0012000680918889828
leaf_weight=411589 2064 4296 2025 4711 2124 2860 2876 2393 2268 2000 271828 2047 2023 2810
leaf_count=411589 2064 4296 2025 4711 2124 2860 2876 2393 2268 2000 271828 2047 2023 2810
internal_value=9.02655e-09 -3.20127e-05 -0.000440496 -0.000298907 -3.96377e-05 -0.000694493 0.000631017 0.000191453 4.8638e-05 -0.000768626 6.10881e-05 0.000685503 0.000130185 -0.000347268
internal_weight=717914 432874 21285 19260 14964 7571 7393 5269 285040 4268 280772 8944 6897 4874
internal_count=717914 432874 21285 19260 14964 7571 7393 5269 285040 4268 280772 8944 6897 4874
is_linear=0
shrinkage=0.05


Tree=139
num_leaves=15
num_cat=0
split_feature=1 0 3 1 0 3 0 1 3 0 2 1 3 3
split_gain=0.430592 2.33408 3.49649 1.54266 1.94146 2.94432 1.53092 1.34707 2.68454 4.28122 3.91658 1.46751 3.06157 1.2913
threshold=28.31158542633057 6.5541508197784433 2.4361412265036138 28.878820419311527 5.1745252609252939 9.9999995401927517 4.5566120147705087 27.465895652771 9.2678571117813906 2.6328191757202153 1.5000000000000002 27.866256713867191 0.67028986410987235 1.4316770673018915
decision_type=2 2 2 2 2 2 2 2 2 2 2 2 2 2
left_child=7 3 -3 -2 6 -6 -5 -1 10 -10 11 12 -9 -8
right_child=1 2 -4 4 5 -7 13 8 9 -11 -12 -13 -14 -15
leaf_value=6.5983012600222904e-06 -0.00062101532601992356 0.00014671429193538216 -0.0027068122131498431 -4.4029857404668807e-06 0.00018793430976254554 0.0021221028233663368 -5.5395480149782043e-05 -0.00019802794700186867 -4.5491826321985651e-05 0.0031963923807337528 -0.00166851547652472 -6.9515693774047964e-05 0.0022256399213527122 -0.001273081323160855
leaf_weight=547970 10640 2235 2054 118449 8383 2562 4175 2392 2033 2030 2497 5104 2848 4542
leaf_count=547970 10640 2235 2054 118449 8383 2562 4175 2392 2033 2030 2497 5104 2848 4542
internal_value=8.06981e-09 -7.43835e-05 -0.00122296 -4.11862e-05 3.52525e-06 0.000642207 -5.14914e-05 2.01638e-05 0.000459646 0.00157812 0.000104797 0.000534065 0.00112099 -0.000690603
internal_weight=717914 153040 4289 148751 138111 10945 127166 564874 16904 4063 12841 10344 5240 8717
internal_count=717914 153040 4289 148751 138111 10945 127166 564874 16904 4063 12841 10344 5240 8717
is_linear=0
shrinkage=0.05


Tree=140
num_leaves=15
num_cat=0
split_feature=1 1 3 0 1 0 0 1 0 0 1 0 0 1
split_gain=0.421845 0.768473 1.78743 1.92048 0.660793 1.43101 1.05857 0.993718 2.31019 1.81561 1.77502 4.2632 1.17397 12.628
threshold=35.495138168334968 35.838012695312507 2.8786763689081183 2.9917087554931645 34.94244575500489 3.3796172142028813 2.3854781389236455 33.775814056396491 5.43691110610962 4.4427518844604501 33.493719100952156 3.1389131546020512 8.5536823272705096 18.904769897460941
decision_type=2 2 2 2 2 2 2 2 2 2 2 2 2 2
left_child=4 2 3 -2 7 6 -6 10 9 -9 12 -12 -1 -14
right_child=1 -3 -4 -5 5 -7 -8 8 -10 -11 11 -13 13 -15
leaf_value=-2.801456309682911e-06 -0.00081442311896234474 0.00040377323409846214 -0.0014043054483583418 0.001250737880206812 0.00040835976554349715 0.0011559411474381721 -0.00084829896357192065 -0.00031496405776959097 -0.0017886579984149964 0.0011014233342544815 -0.00020050970766759998 0.0026255279148931902 -0.0018213367132370155 0.0035218059764354423
leaf_weight=660879 2541 2796 3503 2005 4842 3911 2550 19948 2383 2542 3440 2169 2233 2172
leaf_count=660879 2541 2796 3503 2005 4842 3911 2550 19948 2383 2542 3440 2169 2233 2172
internal_value=8.53328e-09 -0.000309322 -0.000557226 9.71562e-05 4.75735e-06 0.000383821 -2.57071e-05 -1.40612e-06 -0.000311678 -0.000154454 1.01015e-05 0.000895047 2.62722e-06 0.000815249
internal_weight=717914 10845 8049 4546 707069 11303 7392 695766 24873 22490 670893 5609 665284 4405
internal_count=717914 10845 8049 4546 707069 11303 7392 695766 24873 22490 670893 5609 665284 4405
is_linear=0
shrinkage=0.05


Tree=141
num_leaves=15
num_cat=0
split_feature=3 3 2 1 1 3 0 0 1 1 1 1 3 0
split_gain=0.416308 1.2606 3.5056 2.43145 2.62581 2.11654 1.75013 1.414 1.75182 1.25275 5.47078 3.42538 2.88917 2.85278
threshold=2.0249999754130852 2.4999998832742416 1.5000000000000002 26.482630729675297 4.2497930526733407 2.5419580356620854 2.7140895128250127 2.4097473621368413 16.064028739929203 6.9331114292144784 7.4945485591888437 7.944195270538331 2.675438700648006 2.7140895128250127
decision_type=2 2 2 2 2 2 2 2 2 2 2 2 2 2
left_child=-1 2 3 4 -2 -3 -5 -6 -9 -7 13 -12 -13 -11
right_child=1 5 -4 6 7 9 -8 8 -10 10 11 12 -14 -15
leaf_value=-3.6628362254895896e-05 0.0013664943392548029 -0.0011595999431277789 0.0017075665247541822 0.00011288485339372954 7.384798800392989e-05 -0.00017035390996308282 0.0020994396872638941 -0.00030059005748740009 -0.0020470063649765009 0.00049491903597016741 -0.0014517154742330848 0.0012116624311262706 4.2993474041964712e-05 0.0028857538036283635
leaf_weight=372749 2023 3778 4189 2250 4394 63117 2178 3081 2686 2451 3752 5396 243328 2542
leaf_count=372749 2023 3778 4189 2250 4394 63117 2178 3081 2686 2451 3752 5396 243328 2542
internal_value=1.03821e-08 3.9577e-05 0.000416809 9.04915e-05 -0.000274278 1.53736e-05 0.00109254 -0.000601969 -0.00111612 2.9256e-05 7.81939e-05 4.57484e-05 6.83951e-05 0.00171546
internal_weight=717914 345165 20801 16612 12184 324364 4428 10161 5767 320586 257469 252476 248724 4993
internal_count=717914 345165 20801 16612 12184 324364 4428 10161 5767 320586 257469 252476 248724 4993
is_linear=0
shrinkage=0.05


Tree=142
num_leaves=15
num_cat=0
split_feature=1 0 1 1 0 3 0 3 1 1 0 1 1 1
split_gain=0.415155 2.2029 3.21392 1.40247 1.51739 2.52371 1.91603 1.89539 1.74551 1.26176 2.18612 1.87443 2.5414 3.2557
threshold=28.31158542633057 6.5541508197784433 31.961916923522953 29.001466751098636 5.1745252609252939 9.9999995401927517 4.5566120147705087 1.4316770673018915 32.375635147094734 24.570580482482914 2.4771726131439213 25.762697219848636 25.423508644104007 25.124533653259281
decision_type=2 2 2 2 2 2 2 2 2 2 2 2 2 2
left_child=9 3 -3 -2 6 -6 -5 -8 -9 -1 -11 12 13 -12
right_child=1 2 -4 4 5 -7 7 8 -10 10 11 -13 -14 -15
leaf_value=-9.1163424118154141e-06 -0.00052671244441760215 0.00016140530186250287 -0.0025723123386054447 1.124166688329168e-05 0.00015223205462160723 0.0019508522349221619 1.4028430257409194e-05 -0.00042308500751429465 -0.0024174331046771867 -7.680545700061703e-05 0.0012175375248940185 0.00022785613615730729 0.0022154610546923029 -0.00072498827089825769
leaf_weight=491296 13491 2175 2114 115959 8312 2539 4043 2069 2338 34546 6427 26290 3079 3236
leaf_count=491296 13491 2175 2114 115959 8312 2539 4043 2069 2338 34546 6427 26290 3079 3236
internal_value=1.32284e-08 -7.30327e-05 -0.00118886 -4.07817e-05 7.72095e-06 0.000574496 -4.17556e-05 -0.000768188 -0.0014842 1.98043e-05 0.000212889 0.000469242 0.000966714 0.000566937
internal_weight=717914 153040 4289 148751 135260 10851 124409 8450 4407 564874 73578 39032 12742 9663
internal_count=717914 153040 4289 148751 135260 10851 124409 8450 4407 564874 73578 39032 12742 9663
is_linear=0
shrinkage=0.05


Tree=143
num_leaves=15
num_cat=0
split_feature=1 0 3 3 1 2 3 0 1 3 1 3 1 1
split_gain=0.416461 1.96845 1.11831 1.68241 1.07951 2.32434 2.33874 2.72494 2.08746 3.42133 1.4585 1.14266 0.835553 2.19469
threshold=1.6539137959480288 5.9012348651885995 5.4999998938292327 9.9999999254941958 2.5951888561248784 1.5000000000000002 0.46802720815402582 3.7093478441238408 2.8366554975509648 1.1188235420537247 1.9895564317703249 5.9999997988343337 8.4315757751464862 8.5559525489807147
decision_type=2 2 2 2 2 2 2 2 2 2 2 2 2 2
left_child=1 2 -1 -4 5 6 -2 10 9 -6 -8 -12 -10 -14
right_child=4 -3 3 -5 8 -7 7 -9 12 -11 11 -13 13 -15
leaf_value=-0.00012790999627503268 0.00031305237686774873 0.0016217603101604798 0.0015708447854104427 0.00011118371057950102 -0.00054005987395010528 0.00087870198888782879 0.00047223637504905817 -0.0024000809661465072 -0.00013006299846028194 0.0019701698180382208 -0.0017314694328162976 -0.00017788908593484846 0.0013894243489095221 1.1692499705223776e-05
leaf_weight=21961 4268 2177 2711 7198 2267 2934 2297 2814 113476 3360 2718 2095 2896 544742
leaf_count=21961 4268 2177 2711 7198 2267 2934 2297 2814 113476 3360 2718 2095 2896 544742
internal_value=1.20049e-08 0.00017066 7.10593e-05 0.000511713 -8.48624e-06 -0.000400335 -0.000665191 -0.00108579 1.58471e-06 0.000959687 -0.000562985 -0.001057 -6.58447e-06 1.90034e-05
internal_weight=717914 34047 31870 9909 683867 17126 14192 9924 666741 5627 7110 4813 661114 547638
internal_count=717914 34047 31870 9909 683867 17126 14192 9924 666741 5627 7110 4813 661114 547638
is_linear=0
shrinkage=0.05


Tree=144
num_leaves=15
num_cat=0
split_feature=2 0 0 3 3 1 1 0 0 0 0 3 0 0
split_gain=0.413622 1.16921 6.16739 8.21032 5.80069 1.0063 4.77911 5.48351 4.76514 3.01346 4.96384 4.17812 2.59507 2.70174
threshold=1.0000000180025095e-35 6.8343644142150888 7.2649805545806894 3.3038460610798142 0.6939799690427666 21.395910263061527 21.131407737731937 8.1905436515808123 7.2649805545806894 6.3429889678955087 6.1090059280395517 2.919871691728281 6.5541508197784433 2.4380450248718266
decision_type=2 2 2 2 2 2 2 2 2 2 2 2 2 2
left_child=5 -2 -3 4 -4 6 7 8 9 10 -1 -11 13 -7
right_child=1 2 3 -5 -6 12 -8 -9 -10 11 -12 -13 -14 -15
leaf_value=8.4561204343709887e-05 -5.3241362431318051e-05 0.002855100703214378 -0.00028480060241261609 -0.0020442117135577951 0.0032198472815577078 -0.00026242100219802278 0.002115125735998142 -0.0022534528845347501 0.0022935919078311655 0.00012701848800472326 0.0024791624798986191 -0.0028204659656458513 -0.0012023711897641192 0.00018025894359210995
leaf_weight=198890 350307 2161 2838 3345 2010 64136 2912 2480 2452 2786 2178 2104 4830 74485
leaf_count=198890 350307 2161 2838 3345 2010 64136 2912 2480 2452 2786 2178 2104 4830 74485
internal_value=1.36601e-08 -3.77582e-05 0.00048563 -0.000142064 0.00117188 3.81458e-05 0.000106881 7.90519e-05 0.000106915 8.07713e-05 0.000110622 -0.00114435 -6.42986e-05 -2.45607e-05
internal_weight=717914 360661 10354 8193 4848 357253 213802 210890 208410 205958 201068 4890 143451 138621
internal_count=717914 360661 10354 8193 4848 357253 213802 210890 208410 205958 201068 4890 143451 138621
is_linear=0
shrinkage=0.05


Tree=145
num_leaves=15
num_cat=0
split_feature=3 3 0 1 1 0 0 1 0 0 0 0 1 1
split_gain=0.416751 1.86591 1.29469 1.03074 5.70306 4.02311 3.2081 3.86236 3.05057 2.5891 2.47506 2.29901 3.5162 7.13847
threshold=4.0333333015441903 4.1715684632073584 8.1905436515808123 19.928272247314457 19.334532737731937 6.5541508197784433 5.5672395229339608 30.494273185729984 6.719891071319581 2.6603767871856694 5.3057830333709726 5.3057830333709726 13.863571166992189 7.6534869670867929
decision_type=2 2 2 2 2 2 2 2 2 2 2 2 2 2
left_child=-1 -2 3 4 8 6 10 -8 11 -6 -5 -3 13 -13
right_child=1 2 -4 5 9 -7 7 -9 -10 -11 -12 12 -14 -15
leaf_value=-2.8989011630846419e-05 0.0013962807268227781 7.6858236715142322e-05 0.001092079964710359 -6.2264822460579919e-05 0.0006790702282098946 -0.0019435796131606184 -5.9166220806379524e-05 0.002814003213966233 0.0015137687534469255 0.0031963886590659347 -0.0018182179078204321 0.00011544755025594044 0.00062521542515541362 -0.0034027450611730939
leaf_weight=454460 2539 127284 2865 104752 2029 2835 2595 2119 3509 2061 2036 3187 3021 2622
leaf_count=454460 2539 127284 2865 104752 2029 2835 2595 2119 3509 2061 2036 3187 3021 2622
internal_value=1.60623e-08 5.00492e-05 3.68958e-05 2.51388e-05 0.000114268 -8.68904e-05 -3.9513e-05 0.00123558 6.02911e-05 0.00195228 -9.59106e-05 2.27122e-05 -0.000757004 -0.00147567
internal_weight=717914 263454 260915 258050 143713 114337 111502 4714 139623 4090 106788 136114 8830 5809
internal_count=717914 263454 260915 258050 143713 114337 111502 4714 139623 4090 106788 136114 8830 5809
is_linear=0
shrinkage=0.05


Tree=146
num_leaves=15
num_cat=0
split_feature=1 1 1 1 0 0 0 2 0 1 1 1 0 0
split_gain=0.396062 0.559427 0.493834 1.2225 1.34733 1.84647 2.54288 1.25569 1.10557 0.702623 2.00128 1.54466 6.16574 3.30595
threshold=0.12903756648302081 0.27160012722015386 1.3781368732452395 1.2401474714279177 3.3972306251525883 2.5083326101303105 1.7805435657501223 1.0000000180025095e-35 1.1024149060249331 8.4315757751464862 8.5559525489807147 7.0642073154449472 3.2287765741348271 5.2597839832305917
decision_type=2 2 2 2 2 2 2 2 2 2 2 2 2 2
left_child=-1 -2 3 4 5 6 8 -6 -3 11 -11 13 -13 -4
right_child=1 2 9 -5 7 -7 -8 -9 -10 10 -12 12 -14 -15
leaf_value=0.00057788142066491222 -0.00069030916656777754 0.00039419522378714931 -0.00011344804798250656 0.0011865867491642054 -1.7417559313121896e-05 -0.0011034306901612388 0.0011611603105675017 0.0013740417235755592 -0.0010965613583704794 0.001327296977942576 1.1674803916007742e-05 0.00013066527774132031 -0.0014688563675494095 0.00080690765387229674
leaf_weight=2943 2933 2006 105256 2904 3244 3960 3860 3231 3245 2896 544742 16457 9493 10744
leaf_count=2943 2933 2006 105256 2904 3244 3960 3860 3231 3245 2896 544742 16457 9493 10744
internal_value=1.8184e-08 -2.3685e-06 4.74899e-07 0.000231201 8.87223e-05 -0.000203466 0.000188475 0.000677963 -0.000527392 -7.03978e-06 1.86561e-05 -0.000106168 -0.00045481 -2.81419e-05
internal_weight=717914 714971 712038 22450 19546 13071 9111 6475 5251 689588 547638 141950 25950 116000
internal_count=717914 714971 712038 22450 19546 13071 9111 6475 5251 689588 547638 141950 25950 116000
is_linear=0
shrinkage=0.05


Tree=147
num_leaves=15
num_cat=0
split_feature=0 2 1 1 0 1 0 0 0 1 1 3 2 1
split_gain=0.390035 0.782278 2.36748 2.16157 1.59208 1.44893 0.913632 0.735634 1.12724 0.766016 0.877434 1.0087 0.844025 0.589709
threshold=1.1435822248458865 1.5000000000000002 11.573187351226808 7.4945485591888437 0.64032983779907238 29.303289413452152 0.92140913009643566 0.73617714643478405 0.76534768939018261 20.078397750854496 32.093601226806648 0.33333335058004793 1.0000000180025095e-35 3.7219537496566777
decision_type=2 2 2 2 2 2 2 2 2 2 2 2 2 2
left_child=1 7 3 -3 -4 6 -6 9 -9 -1 11 -11 -13 -10
right_child=-2 2 4 -5 5 -7 -8 8 13 10 -12 12 -14 -15
leaf_value=-0.00021289509351344693 1.2989046986599802e-05 0.00028757232626914792 -0.0013117378099079672 0.002334318633856193 0.00036345220582266089 0.0011513641824739151 -0.00091916244015727191 -0.0014416615136526659 -0.0008327749357941634 -0.00029739007708434409 -0.00049985803252243586 0.0014633899333508279 0.00020847163404131349 -0.00018412873952362437
leaf_weight=12885 638802 3503 2575 2035 2585 2364 2979 2087 3896 2158 2244 3420 2205 34176
leaf_count=12885 638802 3503 2575 2035 2585 2364 2979 2087 3896 2158 2244 3420 2205 34176
internal_value=1.9e-08 -0.000104698 0.000206978 0.00104252 -0.00023416 0.000117047 -0.000323685 -0.000183988 -0.000312943 4.2077e-05 0.000369609 0.000620615 0.000972705 -0.000250708
internal_weight=717914 79112 16041 5538 10503 7928 5564 63071 40159 22912 10027 7783 5625 38072
internal_count=717914 79112 16041 5538 10503 7928 5564 63071 40159 22912 10027 7783 5625 38072
is_linear=0
shrinkage=0.05


Tree=148
num_leaves=15
num_cat=0
split_feature=2 0 3 0 0 3 1 3 3 1 0 0 3 3
split_gain=0.383062 1.0661 3.23556 2.60374 1.62767 1.56159 0.98675 1.29717 1.83565 1.23326 1.29795 3.91787 7.92781 3.81225
threshold=1.0000000180025095e-35 7.5308358669281015 3.2583332555368583 7.036393642425538 6.719891071319581 0.45993590031069004 35.071567535400398 1.8377192846412529 6.9999994784593778 34.722358703613288 6.3429889678955087 7.2649805545806894 3.9198718722615777 1.2000000149011616
decision_type=2 2 2 2 2 2 2 2 2 2 2 2 2 2
left_child=6 3 5 4 -2 -3 9 -8 -9 10 -1 13 -13 -12
right_child=1 2 -4 -5 -6 -7 7 8 -10 -11 11 12 -14 -15
leaf_value=6.0473274600342548e-05 -4.6776787170689824e-05 0.00051252455418008213 -0.00072234093050685996 -0.0016951605937622497 0.0011668047318481142 0.0024717713016372345 0.00013073219739698834 -0.0021559935257036314 -0.00017958153915248649 0.0008787906536319493 0.00012730439073939913 -0.00086765223333232742 0.0024800427245917985 -0.0021521215529347868
leaf_weight=328404 348624 2071 2816 2374 2775 2001 4582 2084 2681 4425 3111 4681 2829 4456
leaf_count=328404 348624 2071 2816 2374 2775 2001 4582 2084 2681 4425 3111 4681 2829 4456
internal_value=1.81375e-08 -3.63315e-05 0.000579293 -4.83338e-05 -3.71602e-05 0.001479 3.67146e-05 -0.000469978 -0.00104668 5.03407e-05 3.96427e-05 -0.000413825 0.000395038 -0.00121606
internal_weight=717914 360661 6888 353773 351399 4072 357253 9347 4765 347906 343481 15077 7510 7567
internal_count=717914 360661 6888 353773 351399 4072 357253 9347 4765 347906 343481 15077 7510 7567
is_linear=0
shrinkage=0.05


Tree=149
num_leaves=15
num_cat=0
split_feature=0 2 1 1 0 0 0 0 0 0 1 1 0 1
split_gain=0.381844 0.455668 0.927589 4.2564 3.0812 4.12 2.54492 2.66494 2.25177 3.98629 3.04164 6.23428 4.58085 4.09454
threshold=9.9139461517334002 1.0000000180025095e-35 21.395910263061527 21.131407737731937 8.1905436515808123 7.2649805545806894 6.4467315673828134 6.2124750614166269 2.4097473621368413 2.2757765054702763 18.026355743408207 18.466337203979496 2.8577018976211552 17.225962638854984
decision_type=2 2 2 2 2 2 2 2 2 2 2 2 2 2
left_child=1 2 3 4 5 6 7 8 9 -1 13 -12 -13 -10
right_child=-2 -3 -4 -5 -6 -7 -8 -9 10 -11 11 12 -14 -15
leaf_value=0.0001699561078657185 -0.00063778945150992303 -3.7616818576064164e-05 -5.6444689589616099e-05 0.0020034070623140801 -0.0018447463275798725 0.0021341401670868071 -0.001190703681257772 0.0018514697590571777 -0.00011477812603856516 0.0014052433020222748 0.002946027884559322 -0.001713302733185226 0.00064254535048065731 -0.0019877128047347194
leaf_weight=83297 2329 359409 142809 2912 2045 2452 3877 2141 91783 7077 2361 2602 9816 3004
leaf_count=83297 2329 359409 142809 2912 2045 2452 3877 2141 91783 7077 2361 2602 9816 3004
internal_value=1.72329e-08 2.10197e-06 4.21812e-05 0.000108192 8.18748e-05 0.000100867 7.65579e-05 0.000100929 8.20917e-05 0.000266834 -7.03006e-05 0.000596628 0.000147932 -0.000174339
internal_weight=717914 715585 356176 213367 210455 208410 205958 202081 199940 90374 109566 14779 12418 94787
internal_count=717914 715585 356176 213367 210455 208410 205958 202081 199940 90374 109566 14779 12418 94787
is_linear=0
shrinkage=0.05


end of trees

feature_importances:
Column_0=853
Column_1=612
Column_3=396
Column_2=239

parameters:
[boosting: gbdt]
[objective: regression]
[metric: l2]
[tree_learner: serial]
[device_type: cpu]
[data_sample_strategy: bagging]
[data: ]
[valid: ]
[num_iterations: 150]
[learning_rate: 0.05]
[num_leaves: 15]
[num_threads: 1]
[seed: 0]
[deterministic: 1]
[force_col_wise: 1]
[force_row_wise: 0]
[histogram_pool_size: -1]
[max_depth: -1]
[min_data_in_leaf: 2000]
[min_sum_hessian_in_leaf: 0.001]
[bagging_fraction: 1]
[pos_bagging_fraction: 1]
[neg_bagging_fraction: 1]
[bagging_freq: 0]
[bagging_seed: 7719]
[bagging_by_query: 0]
[feature_fraction: 1]
[feature_fraction_bynode: 1]
[feature_fraction_seed: 2437]
[extra_trees: 0]
[extra_seed: 11797]
[early_stopping_round: 0]
[early_stopping_min_delta: 0]
[first_metric_only: 0]
[max_delta_step: 0]
[lambda_l1: 0]
[lambda_l2: 10]
[linear_lambda: 0]
[min_gain_to_split: 0]
[drop_rate: 0.1]
[max_drop: 50]
[skip_drop: 0.5]
[xgboost_dart_mode: 0]
[uniform_drop: 0]
[drop_seed: 21238]
[top_rate: 0.2]
[other_rate: 0.1]
[min_data_per_group: 100]
[max_cat_threshold: 32]
[cat_l2: 10]
[cat_smooth: 10]
[max_cat_to_onehot: 4]
[top_k: 20]
[monotone_constraints: ]
[monotone_constraints_method: basic]
[monotone_penalty: 0]
[feature_contri: ]
[forcedsplits_filename: ]
[refit_decay_rate: 0.9]
[cegb_tradeoff: 1]
[cegb_penalty_split: 0]
[cegb_penalty_feature_lazy: ]
[cegb_penalty_feature_coupled: ]
[path_smooth: 0]
[interaction_constraints: ]
[verbosity: -1]
[saved_feature_importance_type: 0]
[use_quantized_grad: 0]
[num_grad_quant_bins: 4]
[quant_train_renew_leaf: 0]
[stochastic_rounding: 1]
[linear_tree: 0]
[max_bin: 255]
[max_bin_by_feature: ]
[min_data_in_bin: 3]
[bin_construct_sample_cnt: 200000]
[data_random_seed: 38]
[is_enable_sparse: 1]
[enable_bundle: 1]
[use_missing: 1]
[zero_as_missing: 0]
[feature_pre_filter: 1]
[pre_partition: 0]
[two_round: 0]
[header: 0]
[label_column: ]
[weight_column: ]
[group_column: ]
[ignore_column: ]
[categorical_feature: ]
[forcedbins_filename: ]
[precise_float_parser: 0]
[parser_config_file: ]
[objective_seed: 8855]
[num_class: 1]
[is_unbalance: 0]
[scale_pos_weight: 1]
[sigmoid: 1]
[boost_from_average: 1]
[reg_sqrt: 0]
[alpha: 0.9]
[fair_c: 1]
[poisson_max_delta_step: 0.7]
[tweedie_variance_power: 1.5]
[lambdarank_truncation_level: 30]
[lambdarank_norm: 1]
[label_gain: ]
[lambdarank_position_bias_regularization: 0]
[eval_at: ]
[multi_error_top_k: 1]
[auc_mu_weights: ]
[num_machines: 1]
[local_listen_port: 12400]
[time_out: 120]
[machine_list_filename: ]
[machines: ]
[gpu_platform_id: -1]
[gpu_device_id: -1]
[gpu_device_id_list: ]
[gpu_use_dp: 0]
[num_gpu: 1]

end of parameters

pandas_categorical:null
