tree
version=v4
num_class=1
num_tree_per_iteration=1
label_index=0
max_feature_idx=2
objective=regression
feature_names=Column_0 Column_1 Column_2
feature_infos=[0.048494871705770493:14.344818115234375] [0.0024536035489290953:35.997413635253906] [0:2]
tree_sizes=1511 1594 1601 1583 1598 1601 1596 1594 1580 1601 1581 1597 1592 1582 1598 1576 1603 1565 1579 1608 1573 1564 1583 1582 1601 1557 1578 1583 1567 1617 1583 1602 1584 1571 1604 1606 1563 1577 1576 1570 1568 1592 1590 1579 1602 1600 1596 1567 1596 1595 1561 1595 1604 1595 1577 1567 1567 1572 1576 1567 1559 1585 1590 1595 1575 1562 1583 1564 1581 1593 1580 1593 1574 1563 1583 1580 1580 1578 1581 1589 1591 1599 1571 1570 1578 1592 1592 1599 1597 1569 1585 1584 1589 1574 1581 1585 1584 1587 1573 1595 1571 1563 1588 1577 1580 1576 1584 1587 1591 1569 1582 1579 1560 1571 1582 1586 1585 1573 1589 1593 1581 1583 1597 1578 1578 1576 1596 1579 1573 1584 1601 1574 1582 1588 1573 1581 1595 1572 1582 1591 1576 1588 1582 1575 1579 1591 1570 1591 1583 1578

Tree=0
num_leaves=15
num_cat=0
split_feature=0 0 0 0 2 2 2 0 2 0 2 1 1 1
split_gain=269.002 65.4812 49.0903 44.5705 12.5449 11.768 25.8706 11.2607 12.9003 11.8722 9.61873 7.55331 11.9916 6.30006
threshold=3.2985996007919316 4.8903739452362069 9.9139461517334002 1.7805435657501223 1.5000000000000002 1.0000000180025095e-35 1.5000000000000002 6.8343644142150888 1.5000000000000002 7.8191416263580331 1.0000000180025095e-35 7.0642073154449472 15.17199754714966 3.5944783687591557
decision_type=2 2 2 2 2 2 2 2 2 2 2 2 2 2
left_child=3 -2 7 4 10 -5 -7 8 13 11 -1 -9 -13 -3
right_child=1 2 -4 5 -6 6 -8 9 -10 -11 -12 12 -14 -15
leaf_value=0.099761914063104778 0.10166120294867956 0.10521328398946951 0.096172413990519984 0.10099099209663379 0.10045726546770031 0.099787539568703856 0.10118279067865593 0.10813744820219015 0.10198729226170407 0.10315314198854339 0.098933768478179349 0.10238025645871859 0.10634273097616355 0.10341110971689196
leaf_weight=94965 159278 5379 2329 135626 39479 84418 54775 2430 16339 8209 55656 2944 5471 50616
leaf_count=94965 159278 5379 2329 135626 39479 84418 54775 2430 16339 8209 55656 2944 5471 50616
internal_value=0.100966 0.102278 0.103327 0.100252 0.0996637 0.10066 0.100337 0.10351 0.103224 0.104592 0.0994558 0.105678 0.10496 0.103585
internal_weight=717914 252995 93717 464919 190100 274819 139193 91388 72334 19054 150621 10845 8415 55995
internal_count=717914 252995 93717 464919 190100 274819 139193 91388 72334 19054 150621 10845 8415 55995
is_linear=0
shrinkage=1


Tree=1
num_leaves=15
num_cat=0
split_feature=0 0 0 0 2 2 2 0 2 0 2 1 1 2
split_gain=242.785 59.1042 44.3187 40.2255 11.3219 10.6208 23.3485 10.1686 12.244 10.7193 8.68116 6.82171 10.8238 6.08589
threshold=3.2985996007919316 4.8903739452362069 9.9139461517334002 1.7805435657501223 1.5000000000000002 1.0000000180025095e-35 1.5000000000000002 6.8343644142150888 1.0000000180025095e-35 7.8191416263580331 1.0000000180025095e-35 7.0642073154449472 15.17199754714966 1.0000000180025095e-35
decision_type=2 2 2 2 2 2 2 2 2 2 2 2 2 2
left_child=3 13 7 4 10 -5 -7 8 -3 11 -1 -9 -13 -2
right_child=1 2 -4 5 -6 6 -8 9 -10 -11 -12 12 -14 -15
leaf_value=-0.0011441752391074913 0.00096065771851361391 0.0028405865436560897 -0.0045552188760819281 2.345518490103629e-05 -0.0004835914266999022 -0.0011198316206748327 0.00020566549916635997 0.0068140581273211393 0.0015358613577022839 0.0020776300846418036 -0.0019309253793550326 0.0013434954648690845 0.0051080975613739619 0.00034222880662559778
leaf_weight=94965 81873 33760 2329 135626 39479 84418 54775 2430 38574 8209 55656 2944 5471 77405
leaf_count=94965 81873 33760 2329 135626 39479 84418 54775 2430 38574 8209 55656 2944 5471 77405
internal_value=1.03723e-08 0.00124644 0.00224269 -0.000678271 -0.00123745 -0.000291441 -0.000598247 0.00241641 0.00214512 0.00344463 -0.001435 0.00447651 0.0037942 0.000660158
internal_weight=717914 252995 93717 464919 190100 274819 139193 91388 72334 19054 150621 10845 8415 159278
internal_count=717914 252995 93717 464919 190100 274819 139193 91388 72334 19054 150621 10845 8415 159278
is_linear=0
shrinkage=0.05


Tree=2
num_leaves=15
num_cat=0
split_feature=0 0 0 0 2 2 2 0 2 0 2 0 2 2
split_gain=219.122 53.347 40.0107 36.6356 11.123 10.1219 21.6015 9.1827 11.0506 9.67825 6.62939 6.49465 6.10695 5.49258
threshold=3.2985996007919316 4.8903739452362069 9.9139461517334002 1.5775602459907534 1.5000000000000002 1.0000000180025095e-35 1.5000000000000002 6.8343644142150888 1.0000000180025095e-35 7.8191416263580331 1.0000000180025095e-35 7.2649805545806894 1.0000000180025095e-35 1.0000000180025095e-35
decision_type=2 2 2 2 2 2 2 2 2 2 2 2 2 2
left_child=3 13 7 4 12 -5 -7 8 -3 10 11 -9 -1 -2
right_child=1 2 -4 5 -6 6 -8 9 -10 -11 -12 -13 -14 -15
leaf_value=-0.0012218143274154852 0.00091263081411820731 0.0026985994381524864 -0.0043284318238349419 -4.5387201906737014e-05 -0.0004436433101153213 -0.0010908179995173651 0.00010627208917506387 0.0016513003326300091 0.0014590882936351083 0.0019738758160061562 0.005672123729520649 0.0049129377685342181 -0.0019556178426184722 0.00032511958704985124
leaf_weight=76277 81873 33760 2329 154314 31734 94854 62520 3309 38574 8209 4688 2848 45220 77405
leaf_count=76277 81873 33760 2329 154314 31734 94854 62520 3309 38574 8209 4688 2848 45220 77405
internal_value=1.83204e-08 0.00118415 0.00213063 -0.000644362 -0.00127736 -0.000333138 -0.000615273 0.00229569 0.00203789 0.00327281 0.00425329 0.00316553 -0.00149507 0.000627154
internal_weight=717914 252995 93717 464919 153231 311688 157374 91388 72334 19054 10845 6157 121497 159278
internal_count=717914 252995 93717 464919 153231 311688 157374 91388 72334 19054 10845 6157 121497 159278
is_linear=0
shrinkage=0.05


Tree=3
num_leaves=15
num_cat=0
split_feature=0 0 0 0 2 2 2 0 2 0 0 1 1 1
split_gain=197.766 48.1505 36.1214 33.3254 9.17084 8.67594 19.117 8.29225 10.4969 8.73821 7.86544 6.17518 9.79817 5.74925
threshold=3.2985996007919316 4.8903739452362069 9.9139461517334002 1.7805435657501223 1.5000000000000002 1.0000000180025095e-35 1.5000000000000002 6.8343644142150888 1.5000000000000002 7.8191416263580331 1.1435822248458865 7.0642073154449472 15.17199754714966 3.5944783687591557
decision_type=2 2 2 2 2 2 2 2 2 2 2 2 2 2
left_child=3 -2 7 4 10 -5 -7 8 13 11 -1 -9 -13 -3
right_child=1 2 -4 5 -6 6 -8 9 -10 -11 -12 12 -14 -15
leaf_value=-0.0017246637889875328 0.0005958000849948232 0.0038163208717869553 -0.0041129350740938707 2.4551787465961514e-05 -0.00044263393341117024 -0.0010093121664549399 0.00019007219315553649 0.0062641264904745135 0.00082031547384111842 0.0018753017187630513 -0.00099202966989051346 0.0010618733720012615 0.0046425617306040589 0.0020954116461365073
leaf_weight=63071 159278 5379 2329 135626 39479 84418 54775 2430 16339 8209 87550 2944 5471 50616
leaf_count=63071 159278 5379 2329 135626 39479 84418 54775 2430 16339 8209 87550 2944 5471 50616
internal_value=2.48994e-08 0.00112497 0.00202418 -0.000612149 -0.00112111 -0.000260056 -0.000537353 0.00218101 0.00193603 0.00310954 -0.00129891 0.00404119 0.0033926 0.00226138
internal_weight=717914 252995 93717 464919 190100 274819 139193 91388 72334 19054 150621 10845 8415 55995
internal_count=717914 252995 93717 464919 190100 274819 139193 91388 72334 19054 150621 10845 8415 55995
is_linear=0
shrinkage=0.05


Tree=4
num_leaves=15
num_cat=0
split_feature=0 0 0 0 2 2 0 2 0 2 2 0 2 0
split_gain=178.492 43.4613 32.6104 30.254 10.4273 10.416 7.48802 9.48882 7.88959 7.29459 12.8503 6.99164 5.96558 5.92089
threshold=3.2985996007919316 4.8903739452362069 9.9139461517334002 1.9955905079841616 1.5000000000000002 1.0000000180025095e-35 6.8343644142150888 1.0000000180025095e-35 7.8191416263580331 1.0000000180025095e-35 1.5000000000000002 1.5004979968070986 1.0000000180025095e-35 7.2649805545806894
decision_type=2 2 2 2 2 2 2 2 2 2 2 2 2 2
left_child=3 -2 6 4 5 11 7 -3 12 -5 -11 -1 13 -8
right_child=1 2 -4 9 -6 -7 8 -9 -10 10 -12 -13 -14 -15
leaf_value=-0.001189307342346747 0.00056601201873987159 0.0024514968730816222 -0.003908168200193218 0.00010778133039457412 -0.00033046836552092933 -0.001649562525405367 0.0013636704030425032 0.001302952962799035 0.001781650625679724 -0.00086762267963393525 0.00020120717959787248 -0.0004010052491944574 0.0051850989757675813 0.0044766041972279158
leaf_weight=69361 159278 33760 2329 113895 48293 67647 3309 38574 8209 72427 45961 47335 4688 2848
leaf_count=69361 159278 33760 2329 113895 48293 67647 3309 38574 8209 72427 45961 47335 4688 2848
internal_value=3.27153e-08 0.00106876 0.00192305 -0.000581546 -0.000984569 -0.0011559 0.00207207 0.00183927 0.00295442 -0.000177885 -0.000452696 -0.000869613 0.00383968 0.00280852
internal_weight=717914 252995 93717 464919 232636 184343 91388 72334 19054 232283 118388 116696 10845 6157
internal_count=717914 252995 93717 464919 232636 184343 91388 72334 19054 232283 118388 116696 10845 6157
is_linear=0
shrinkage=0.05


Tree=5
num_leaves=15
num_cat=0
split_feature=0 0 0 0 2 2 2 0 2 0 2 2 0 1
split_gain=161.27 43.6282 29.4405 24.3956 9.39583 7.94331 13.0976 6.7619 9.00105 7.12327 5.85941 15.6651 10.7226 6.48878
threshold=3.155624628067017 4.8903739452362069 9.9139461517334002 1.5153242349624636 1.5000000000000002 1.0000000180025095e-35 1.5000000000000002 6.8343644142150888 1.5000000000000002 7.8191416263580331 1.0000000180025095e-35 1.5000000000000002 4.5934560298919687 1.3781368732452395
decision_type=2 2 2 2 2 2 2 2 2 2 2 2 2 2
left_child=3 10 7 4 -1 -5 -7 8 -3 -9 -2 13 -13 -12
right_child=1 2 -4 5 -6 6 -8 9 -10 -11 11 12 -14 -15
leaf_value=-0.0013380024739829267 0.00077722344289826663 0.002048608301103812 -0.0037135952215316182 -7.6623747139546738e-05 -0.00033061637200379191 -0.00096937594198374737 -2.1664142664372752e-05 0.0036482061456045004 0.00071421683774230906 0.0016926763263708834 0.0022882337726283816 0.0014120959118226182 -0.0010210517632608049 -0.00043713855152887688
leaf_weight=112688 92323 55995 2329 149222 29139 91124 60766 10845 16339 8209 2270 29384 5345 51936
leaf_count=112688 92323 55995 2329 149222 29139 91124 60766 10845 16339 8209 2270 29384 5345 51936
internal_value=3.74186e-08 0.000951138 0.00182697 -0.000590411 -0.00113107 -0.000335726 -0.000590255 0.00196856 0.00174733 0.00280704 0.000498226 0.000208544 0.00103743 -0.000322606
internal_weight=717914 274975 93717 442939 141827 301112 151890 91388 72334 19054 181258 88935 34729 54206
internal_count=717914 274975 93717 442939 141827 301112 151890 91388 72334 19054 181258 88935 34729 54206
is_linear=0
shrinkage=0.05


Tree=6
num_leaves=15
num_cat=0
split_feature=0 0 0 0 2 2 0 2 2 2 1 0 1 1
split_gain=145.808 35.2773 26.5783 25.3665 8.51508 8.95743 6.24324 10.0523 5.9635 10.4582 5.94101 17.6354 5.64602 15.2444
threshold=3.2985996007919316 4.8903739452362069 9.9139461517334002 1.9955905079841616 1.5000000000000002 1.0000000180025095e-35 5.7656588554382333 1.0000000180025095e-35 1.0000000180025095e-35 1.5000000000000002 8.6797962188720721 5.2262580394744882 3.1270717382431035 5.0184702873229989
decision_type=2 2 2 2 2 2 2 2 2 2 2 2 2 2
left_child=3 -2 6 4 5 -1 7 10 -5 -10 11 -3 -8 -14
right_child=1 2 -4 8 -6 -7 12 -9 9 -11 -12 -13 13 -15
leaf_value=-0.00078398281987407555 0.00051302816023580694 0.00069186073471177924 -0.0035287092431829552 0.00010230702933851574 -0.0003035465722567399 -0.0015072561085285787 0.0041406176312995778 0.00077902297471557755 -0.0007787809859724561 0.0001854503617427115 0.0018244227333237533 0.007021306192923878 -0.001796102793529934 0.0023405800100101599
leaf_weight=116696 159278 2170 2329 113895 48293 67647 3737 24932 72427 45961 15585 2228 2350 40386
leaf_count=116696 159278 2170 2329 113895 48293 67647 3737 24932 72427 45961 15585 2228 2350 40386
internal_value=3.8821e-08 0.000965973 0.00173564 -0.000525603 -0.000894639 -0.00104946 0.00187018 0.00144918 -0.000155984 -0.00040446 0.00228449 0.00390697 0.00227666 0.00211274
internal_weight=717914 252995 93717 464919 232636 184343 91388 44915 232283 118388 19983 4398 46473 42736
internal_count=717914 252995 93717 464919 232636 184343 91388 44915 232283 118388 19983 4398 46473 42736
is_linear=0
shrinkage=0.05


Tree=7
num_leaves=15
num_cat=0
split_feature=0 0 0 0 2 2 2 0 2 0 1 1 2 2
split_gain=131.797 35.4125 23.9947 20.5219 7.82949 6.58036 10.5234 5.85306 7.72066 6.37498 5.66424 8.87416 5.216 13.9956
threshold=3.155624628067017 4.8903739452362069 9.9139461517334002 1.5153242349624636 1.5000000000000002 1.0000000180025095e-35 1.5000000000000002 6.8343644142150888 1.5000000000000002 7.8191416263580331 7.0642073154449472 15.17199754714966 1.0000000180025095e-35 1.5000000000000002
decision_type=2 2 2 2 2 2 2 2 2 2 2 2 2 2
left_child=3 12 7 4 -1 -5 -7 8 -3 10 -9 -12 -2 -14
right_child=1 2 -4 5 -6 6 -8 9 -10 -11 11 -13 13 -15
leaf_value=-0.0012185093557280759 0.00071504158789486216 0.0018499672846038829 -0.0033530280658559536 -6.431427857541093e-05 -0.00029891906512179687 -0.00087163491358084686 -2.2146257578898804e-05 0.0054791604235413351 0.00061417066139350033 0.0015028146240371235 0.00051653886890025761 0.0039219512477649543 -0.00032355057976909268 0.00096197419971573981
leaf_weight=112688 92323 55995 2329 149222 29139 91124 60766 2430 16339 8209 2944 5471 54206 34729
leaf_count=112688 92323 55995 2329 149222 29139 91124 60766 2430 16339 8209 2944 5471 54206 34729
internal_value=4.30552e-08 0.000859854 0.00164892 -0.000533732 -0.00102961 -0.000300142 -0.000531807 0.00177675 0.00157095 0.0025568 0.00335248 0.00273259 0.000451808 0.000178497
internal_weight=717914 274975 93717 442939 141827 301112 151890 91388 72334 19054 10845 8415 181258 88935
internal_count=717914 274975 93717 442939 141827 301112 151890 91388 72334 19054 10845 8415 181258 88935
is_linear=0
shrinkage=0.05


Tree=8
num_leaves=15
num_cat=0
split_feature=0 0 0 0 2 2 0 2 1 0 1 1 0 1
split_gain=119.077 25.4769 24.0576 21.6623 6.95064 7.71234 5.34826 8.75852 5.36859 15.926 4.9899 13.8747 5.71035 5.46937
threshold=3.4359222650527959 4.8903739452362069 1.9955905079841616 9.9139461517334002 1.5000000000000002 1.0000000180025095e-35 5.7656588554382333 1.0000000180025095e-35 8.6797962188720721 5.2262580394744882 3.1270717382431035 5.0184702873229989 8.5536823272705096 7.0642073154449472
decision_type=2 2 2 2 2 2 2 2 2 2 2 2 2 2
left_child=2 -2 4 6 5 -1 7 8 9 -3 -8 -12 13 -13
right_child=1 3 -4 -5 -6 -7 10 -9 -10 -11 11 12 -14 -15
leaf_value=-0.0007065031378823256 0.00050011256373490428 0.00056535237872645317 -0.00010808451711625725 -0.0031860928564301349 -0.00027891731909155873 -0.001377621713906137 0.0038162958487492869 0.00067284560358162483 0.0016408207336021112 0.0065797244322306735 -0.0018187335464408226 0.0041146893793459214 0.0045925679188878292 0.0018142886505236506
leaf_weight=116696 139193 2170 252368 2329 48293 67647 3737 24932 15585 2228 2350 2786 2216 35384
leaf_count=116696 139193 2170 252368 2329 48293 67647 3737 24932 15585 2228 2350 2786 2216 35384
internal_value=4.73705e-08 0.000929262 -0.000446192 0.00156653 -0.000812958 -0.00095284 0.00168799 0.00129836 0.00207805 0.00362021 0.0020642 0.00191013 0.0021275 0.00198323
internal_weight=717914 232910 485004 93717 232636 184343 91388 44915 19983 4398 46473 42736 40386 38170
internal_count=717914 232910 485004 93717 232636 184343 91388 44915 19983 4398 46473 42736 40386 38170
is_linear=0
shrinkage=0.05


Tree=9
num_leaves=15
num_cat=0
split_feature=0 0 0 0 2 2 2 0 2 0 2 0 2 2
split_gain=108.002 28.6644 19.557 17.2162 6.52966 5.86655 9.14001 4.91627 6.62815 5.89787 5.32356 5.47652 4.69276 12.6262
threshold=3.155624628067017 4.8903739452362069 9.9139461517334002 1.5153242349624636 1.5000000000000002 1.0000000180025095e-35 1.5000000000000002 6.8343644142150888 1.5000000000000002 7.8191416263580331 1.0000000180025095e-35 7.2649805545806894 1.0000000180025095e-35 1.5000000000000002
decision_type=2 2 2 2 2 2 2 2 2 2 2 2 2 2
left_child=3 12 7 4 -1 -5 -7 8 -3 10 11 -9 -2 -14
right_child=1 2 -4 5 -6 6 -8 9 -10 -11 -12 -13 13 -15
leaf_value=-0.0011098304625608922 0.00066095528459853546 0.0016736251342229416 -0.0030274700690958983 -4.6516592471626338e-05 -0.00027003713813455343 -0.00080462966239511582 -1.2943902486049896e-05 0.00072435290663482271 0.00052863779030495742 0.0013051207787294454 0.0043535566773313106 0.0037151113587959722 -0.00032481621017290291 0.00089619939757139668
leaf_weight=112688 92323 55995 2329 149222 29139 91124 60766 3309 16339 8209 4688 2848 54206 34729
leaf_count=112688 92323 55995 2329 149222 29139 91124 60766 3309 16339 8209 4688 2848 54206 34729
internal_value=5.68389e-08 0.000778389 0.00148831 -0.000483136 -0.000937322 -0.000269185 -0.000487925 0.00160371 0.0014151 0.0023186 0.00308383 0.00211155 0.000411274 0.000152036
internal_weight=717914 274975 93717 442939 141827 301112 151890 91388 72334 19054 10845 6157 181258 88935
internal_count=717914 274975 93717 442939 141827 301112 151890 91388 72334 19054 10845 6157 181258 88935
is_linear=0
shrinkage=0.05


Tree=10
num_leaves=15
num_cat=0
split_feature=0 0 0 0 0 0 2 1 0 1 1 1 0 1
split_gain=97.4974 23.1887 17.7833 17.6559 6.01682 4.58502 7.63323 4.85107 14.3822 4.57591 4.52021 12.4658 5.26956 4.8807
threshold=3.2985996007919316 4.8903739452362069 1.9955905079841616 9.9139461517334002 1.1239969134330752 5.7656588554382333 1.0000000180025095e-35 8.6797962188720721 5.2262580394744882 19.780621528625492 3.1270717382431035 5.0184702873229989 8.5536823272705096 7.0642073154449472
decision_type=2 2 2 2 2 2 2 2 2 2 2 2 2 2
left_child=2 -2 4 5 -1 6 7 8 -3 -6 -7 -12 13 -13
right_child=1 3 -4 -5 9 10 -8 -9 -10 -11 11 12 -14 -15
leaf_value=-0.0011026965716054652 0.00042269659569210455 0.00045391699326384293 -0.00012029066854255934 -0.0028767431488719969 -0.00031824753158724066 0.0035392676082964072 0.00057893522830497859 0.0014752046366120469 0.0061689007999687316 -0.00086251097806669006 -0.0018089744800414275 0.0038060932213047948 0.0042990083862263816 0.0016332736252876079
leaf_weight=76315 159278 2170 232283 2329 86602 3737 24932 15585 2228 69719 2350 2786 2216 35384
leaf_count=76315 159278 2170 232283 2329 86602 3737 24932 15585 2228 69719 2350 2786 2216 35384
internal_value=5.96771e-08 0.000789925 -0.000429769 0.00141394 -0.000738759 0.00152359 0.00116285 0.00189073 0.00335652 -0.000561028 0.00187191 0.00172532 0.00193137 0.00179282
internal_weight=717914 252995 464919 93717 232636 91388 44915 19983 4398 156321 46473 42736 40386 38170
internal_count=717914 252995 464919 93717 232636 91388 44915 19983 4398 156321 46473 42736 40386 38170
is_linear=0
shrinkage=0.05


Tree=11
num_leaves=15
num_cat=0
split_feature=0 0 0 0 2 2 2 2 2 0 1 1 1 0
split_gain=88.2562 23.2725 15.94 14.1264 4.91324 4.39501 8.39931 4.22746 11.3917 9.80381 5.83693 4.56697 8.56244 5.6356
threshold=3.155624628067017 4.8903739452362069 9.9139461517334002 1.5775602459907534 1.5000000000000002 1.0000000180025095e-35 1.5000000000000002 1.0000000180025095e-35 1.5000000000000002 4.5934560298919687 1.3781368732452395 24.570580482482914 31.394181251525882 4.3252618312835702
decision_type=2 2 2 2 2 2 2 2 2 2 2 2 2 2
left_child=3 7 -3 4 -1 -5 -7 -2 10 11 -9 13 -13 -10
right_child=1 2 -4 5 -6 6 -8 8 9 -11 -12 12 -14 -15
leaf_value=-0.0009696627936564647 0.00060985118714545431 0.0014475212987797733 -0.0027335207755719956 -3.5270644084984341e-05 -0.00027087645649781359 -0.00073381844396383804 4.1064518881908664e-05 0.0021501304862283038 0.0012932632873571439 -0.0011344879833869925 -0.000434737114475105 -0.00096848525934337007 0.0020617835745694243 0.0037747682374324396
leaf_weight=121497 92323 91388 2329 143864 31734 87673 58171 2270 17178 5345 51936 5584 3987 2635
leaf_count=121497 92323 91388 2329 143864 31734 87673 58171 2270 17178 5345 51936 5584 3987 2635
internal_value=6.73253e-08 0.000703662 0.00134334 -0.000436728 -0.000824972 -0.000231359 -0.000424769 0.000372872 0.000126824 0.000833672 -0.000326113 0.00119195 0.000294671 0.00162503
internal_weight=717914 274975 93717 442939 153231 289708 145844 181258 88935 34729 54206 29384 9571 19813
internal_count=717914 274975 93717 442939 153231 289708 145844 181258 88935 34729 54206 29384 9571 19813
is_linear=0
shrinkage=0.05


Tree=12
num_leaves=15
num_cat=0
split_feature=0 0 0 0 2 2 2 2 0 1 0 1 1 1
split_gain=79.9111 16.7594 16.6883 14.6284 5.13769 6.37403 4.79711 7.23353 7.94797 5.79013 4.80256 6.32631 4.48235 9.57504
threshold=3.4359222650527959 4.973764419555665 1.9955905079841616 9.9139461517334002 1.5000000000000002 1.0000000180025095e-35 1.0000000180025095e-35 1.5000000000000002 4.5934560298919687 1.6539137959480288 4.6277542114257821 7.8023490905761728 24.157431602478031 31.394181251525882
decision_type=2 2 2 2 2 2 2 2 2 2 2 2 2 2
left_child=2 6 4 -3 5 -1 10 9 12 -8 -2 -12 -9 -14
right_child=1 3 -4 -5 -6 -7 7 8 -10 -11 11 -13 13 -15
leaf_value=-0.00056729111826757785 0.00053870759160906255 0.0014111922784298039 -8.3890944570352637e-05 -0.0025974300561037575 -0.00021182915047398415 -0.001177384576135571 0.0023276021848127378 0.0017626965046355623 -0.0007935925814590224 -0.00040562068781951443 0.004161137799243762 0.0010984293669155346 -0.0013216076388367786 0.0023500278537318476
leaf_weight=116696 63539 85784 252368 2329 48293 67647 2025 13774 6274 40545 2052 9327 4200 3061
leaf_count=116696 63539 85784 252368 2329 48293 67647 2025 13774 6274 40545 2052 9327 4200 3061
internal_value=6.69113e-08 0.000761278 -0.000365492 0.00130495 -0.000670962 -0.000791224 0.000430369 0.000132349 0.000767343 -0.000275089 0.000708288 0.0016539 0.00123307 0.000227337
internal_weight=717914 232910 485004 88113 232636 184343 144797 69879 27309 42570 74918 11379 21035 7261
internal_count=717914 232910 485004 88113 232636 184343 144797 69879 27309 42570 74918 11379 21035 7261
is_linear=0
shrinkage=0.05


Tree=13
num_leaves=15
num_cat=0
split_feature=0 0 0 0 2 2 0 2 0 2 0 0 1 0
split_gain=72.3033 18.8943 12.9975 12.438 4.31619 9.03201 4.09026 5.64959 5.45912 4.78538 4.98184 4.6739 4.23176 5.78312
threshold=3.155624628067017 4.8903739452362069 9.9139461517334002 1.1435822248458865 1.0000000180025095e-35 1.5000000000000002 6.8343644142150888 1.5000000000000002 7.8191416263580331 1.0000000180025095e-35 7.2649805545806894 5.3057830333709726 3.5944783687591557 5.7656588554382333
decision_type=2 2 2 2 2 2 2 2 2 2 2 2 2 2
left_child=3 -2 6 -1 -5 -6 7 12 9 10 -8 -9 13 -3
right_child=1 2 -4 4 5 -7 8 11 -10 -11 -12 -13 -14 -15
leaf_value=-0.00096344775302376257 0.00033885093261869524 0.0012703782183405797 -0.0024681132699675467 -9.8289187573359426e-05 -0.00073130897389957542 -1.5601506421002022e-05 0.00045204446552391886 0.0014798732765349482 0.00098480385728584975 0.0038987684593644783 0.0033034968125210925 -0.00029732384139542295 0.0012318795368578212 0.0045819774385157473
leaf_weight=79112 181258 3055 2329 180646 109317 73864 3309 5644 8209 4688 2848 10695 50616 2324
leaf_count=79112 181258 3055 2329 180646 109317 73864 3309 5644 8209 4688 2848 10695 50616 2324
internal_value=6.80906e-08 0.000636906 0.00121328 -0.000395284 -0.000271718 -0.000442731 0.00130736 0.00113537 0.00195931 0.00269536 0.00177424 0.000317105 0.00137404 0.002707
internal_weight=717914 274975 93717 442939 363827 183181 91388 72334 19054 10845 6157 16339 55995 5379
internal_count=717914 274975 93717 442939 363827 183181 91388 72334 19054 10845 6157 16339 55995 5379
is_linear=0
shrinkage=0.05


Tree=14
num_leaves=15
num_cat=0
split_feature=0 0 0 0 2 2 2 2 0 1 0 1 1 0
split_gain=65.4031 14.1952 13.6463 11.9329 4.45733 5.34239 4.33369 6.52862 7.23697 5.2196 4.24586 5.74063 4.05936 5.10379
threshold=3.4359222650527959 1.9955905079841616 4.973764419555665 9.9139461517334002 1.5000000000000002 1.0000000180025095e-35 1.0000000180025095e-35 1.5000000000000002 4.5934560298919687 1.6539137959480288 4.6277542114257821 7.8023490905761728 19.780621528625492 1.0643947124481203
decision_type=2 2 2 2 2 2 2 2 2 2 2 2 2 2
left_child=1 4 6 -4 5 12 10 9 -9 -8 -2 -12 13 -1
right_child=2 -3 3 -5 -6 -7 7 8 -10 -11 11 -13 -14 -15
leaf_value=-0.0009454099230169267 0.00049483669811481532 -7.0924467047929561e-05 0.0012752691149170985 -0.002345235317540416 -0.00018472147648598185 -0.0010779193282799561 0.0021909521965662372 0.001154548737303539 -0.00077932592182615868 -0.000404130814490417 0.0039317023550489039 0.0010143088768410225 -0.00084772710132532871 3.133132928661817e-05
leaf_weight=18897 63539 252368 85784 2329 48293 67647 2025 21035 6274 40545 2052 9327 52096 45703
leaf_count=18897 63539 252368 85784 2329 48293 67647 2025 21035 6274 40545 2052 9327 52096 45703
internal_value=7.36706e-08 -0.000330641 0.000688727 0.00117932 -0.000612371 -0.000724388 0.000390129 0.000106873 0.000710136 -0.000280201 0.000654283 0.0015434 -0.000519376 -0.00025449
internal_weight=717914 485004 232910 88113 232636 184343 144797 69879 27309 42570 74918 11379 116696 64600
internal_count=717914 485004 232910 88113 232636 184343 144797 69879 27309 42570 74918 11379 116696 64600
is_linear=0
shrinkage=0.05


Tree=15
num_leaves=15
num_cat=0
split_feature=0 0 0 0 2 2 0 1 0 1 1 1 1 1
split_gain=59.2311 15.3433 10.7726 10.3785 3.84723 9.30768 6.50583 4.67013 4.41529 6.89771 6.40411 5.18428 3.81217 6.9933
threshold=3.155624628067017 4.973764419555665 9.9139461517334002 1.1435822248458865 1.0000000180025095e-35 1.5000000000000002 4.5934560298919687 1.3781368732452395 4.6277542114257821 9.2343273162841815 12.573932170867922 7.8023490905761728 24.570580482482914 31.394181251525882
decision_type=2 2 2 2 2 2 2 2 2 2 2 2 2 2
left_child=3 4 -3 -1 8 7 12 -6 9 -2 -11 -10 -7 -14
right_child=1 2 -4 -5 5 6 -8 -9 11 10 -12 -13 13 -15
leaf_value=-0.00087675678042370723 -0.00033185472354858923 0.0012115130818637703 -0.0022284748069103101 -0.00024488684100967801 0.0018201862319770301 0.0014279805922381619 -0.00074042124328646498 -0.00041047309154553283 0.0037360707105810495 0.0021379269139693339 0.0005110949652829764 0.00096364780410468126 -0.00092889643541743802 0.0018096513966325018
leaf_weight=79112 22487 85784 2329 363827 2444 19813 6274 53606 2052 6797 54491 9327 5584 3987
leaf_count=79112 22487 85784 2329 363827 2444 19813 6274 53606 2052 6797 54491 9327 5584 3987
internal_value=7.24004e-08 0.000576474 0.00112034 -0.00035776 0.00031997 8.88571e-05 0.000720281 -0.0003129 0.000542681 0.000417047 0.000691834 0.00146645 0.00103231 0.000212601
internal_weight=717914 274975 88113 442939 186862 91708 35658 56050 95154 83775 61288 11379 29384 9571
internal_count=717914 274975 88113 442939 186862 91708 35658 56050 95154 83775 61288 11379 29384 9571
is_linear=0
shrinkage=0.05


Tree=16
num_leaves=15
num_cat=0
split_feature=0 0 0 0 2 2 0 1 2 1 2 0 2 1
split_gain=53.5595 13.9582 8.92902 9.72514 6.1141 5.55757 6.31319 4.08181 3.79836 5.53356 3.72607 6.01953 4.10057 3.6152
threshold=3.6627779006958012 1.9955905079841616 4.973764419555665 9.9139461517334002 1.0000000180025095e-35 1.5000000000000002 4.5934560298919687 19.780621528625492 1.5000000000000002 7.6534869670867929 1.5000000000000002 1.1606370806694033 1.0000000180025095e-35 4.6470987796783456
decision_type=2 2 2 2 2 2 2 2 2 2 2 2 2 2
left_child=1 7 4 8 -2 -6 -7 10 -4 13 11 -1 -13 -10
right_child=2 -3 3 -5 5 6 -8 -9 9 -11 -12 12 -14 -15
leaf_value=-0.0010284554141188694 0.00074881529082690694 -3.5130456249609583e-05 0.0013293147089998597 -0.0021175272511927529 -0.00037688171096628641 0.0011682311436221791 -0.00070345941287890601 -0.00079250123990633669 0.00067406965577428493 7.819748033369091e-05 0.00014867651142921119 7.4295928074485216e-05 -0.00074621808016348825 0.003604302421279554
leaf_weight=36110 59846 280950 66633 2329 34174 15921 6274 103605 2129 14939 27209 41757 23955 2083
leaf_count=36110 59846 280950 66633 2329 34174 15921 6274 103605 2129 14939 27209 41757 23955 2083
internal_value=7.42449e-08 -0.000272327 0.000684746 0.00106432 0.000396888 2.31864e-05 0.00063907 -0.000558772 0.00115094 0.000529963 -0.000371052 -0.000509936 -0.000224887 0.00212829
internal_weight=717914 513586 204328 88113 116215 56369 22195 232636 85784 19151 129031 101822 65712 4212
internal_count=717914 513586 204328 88113 116215 56369 22195 232636 85784 19151 129031 101822 65712 4212
is_linear=0
shrinkage=0.05


Tree=17
num_leaves=15
num_cat=0
split_feature=0 0 0 0 0 2 1 1 1 1 1 1 1 0
split_gain=48.6922 12.5005 8.65211 8.6385 3.62819 6.23877 4.764 10.7237 5.29378 8.12796 6.34622 11.3045 4.23872 13.1826
threshold=3.155624628067017 4.8903739452362069 9.9139461517334002 1.7805435657501223 5.7656588554382333 1.0000000180025095e-35 14.751514434814455 11.186601161956789 8.8310446739196795 3.1270717382431035 5.0184702873229989 7.0642073154449472 8.6797962188720721 5.2262580394744882
decision_type=2 2 2 2 2 2 2 2 2 2 2 2 2 2
left_child=3 -2 4 -1 5 12 7 8 9 -6 -11 -12 13 -3
right_child=1 2 -4 -5 6 -7 -8 -9 -10 10 11 -13 -14 -15
leaf_value=-0.00057901272416716022 0.0002802486752641028 -1.7240212454220698e-06 -0.0020121042352021462 -0.00013289607584203797 0.0028787389588519896 0.00021977971743230294 0.001812580072657569 -0.0011572756890763105 0.0032729527154385695 -0.0021209371484797821 0.0031704063262390191 -0.0014922917902970112 0.0010174831543234538 0.0054675717951454825
leaf_weight=190100 181258 2170 2329 252839 3737 24932 26756 5207 3216 2350 2786 2421 15585 2228
leaf_count=190100 181258 2170 2329 252839 3737 24932 26756 5207 3216 2350 2786 2421 15585 2228
internal_value=7.18647e-08 0.000522684 0.000991499 -0.000324369 0.00106826 0.000747514 0.00137802 0.0007877 0.00148598 0.000974692 3.05647e-05 0.00100378 0.00140551 0.00277511
internal_weight=717914 274975 93717 442939 91388 44915 46473 19717 14510 11294 7557 5207 19983 4398
internal_count=717914 274975 93717 442939 91388 44915 46473 19717 14510 11294 7557 5207 19983 4398
is_linear=0
shrinkage=0.05


Tree=18
num_leaves=15
num_cat=0
split_feature=0 0 0 0 2 2 0 0 1 1 2 0 1 1
split_gain=43.959 9.86932 8.93165 7.8112 3.73011 4.54947 3.37054 4.72047 4.62999 7.87807 4.41061 4.61581 3.90821 6.1591
threshold=3.4359222650527959 1.9955905079841616 4.8903739452362069 9.9139461517334002 1.5000000000000002 1.0000000180025095e-35 6.8343644142150888 7.8191416263580331 7.0642073154449472 15.17199754714966 1.5000000000000002 5.3057830333709726 12.835483551025392 22.40629863739014
decision_type=2 2 2 2 2 2 2 2 2 2 2 2 2 2
left_child=1 4 -2 6 5 -1 10 8 -8 -10 -4 -12 -9 -14
right_child=2 -3 3 -5 -6 -7 7 12 9 -11 11 -13 13 -15
leaf_value=-0.00041926098066522532 0.0003105564336615725 -5.4497839490274466e-05 0.0010697227746614714 -0.0019119285780386207 -0.00011477032687890711 -0.00093467336046462789 0.0042111387528664217 -0.00078103228632078183 -0.00035292726326684371 0.0028527323399890458 0.0012915485442559858 -0.00047450850929592727 0.0034872030124416011 4.8835254965948232e-05
leaf_weight=116696 139193 252368 55995 2329 48293 67647 2430 2881 2944 5471 5644 10695 2246 3082
leaf_count=116696 139193 252368 55995 2329 48293 67647 2430 2881 2944 5471 5644 10695 2246 3082
internal_value=7.57175e-08 -0.000271055 0.000564656 0.000941983 -0.000505967 -0.000608439 0.00101492 0.00160662 0.00229097 0.00173214 0.00085885 0.00013596 0.000700835 0.00150208
internal_weight=717914 485004 232910 93717 232636 184343 91388 19054 10845 8415 72334 16339 8209 5328
internal_count=717914 485004 232910 93717 232636 184343 91388 19054 10845 8415 72334 16339 8209 5328
is_linear=0
shrinkage=0.05


Tree=19
num_leaves=15
num_cat=0
split_feature=0 0 0 0 2 2 1 1 0 2 1 1 0 2
split_gain=39.8885 10.1211 7.64677 7.052 3.55198 7.14237 3.40128 5.92427 3.38269 3.24121 4.85334 3.59759 3.1976 5.51763
threshold=3.155624628067017 4.8903739452362069 1.1435822248458865 9.9139461517334002 1.0000000180025095e-35 1.5000000000000002 18.751567840576175 15.702930450439455 1.9812356233596804 1.5000000000000002 11.573187351226808 7.4945485591888437 5.7656588554382333 1.0000000180025095e-35
decision_type=2 2 2 2 2 2 2 2 2 2 2 2 2 2
left_child=2 -2 9 12 6 -6 7 -4 -8 -1 11 -11 13 -3
right_child=1 3 4 -5 5 -7 8 -9 -10 10 -12 -13 -14 -15
leaf_value=-0.00090043718780426132 0.00025494579234402922 0.0012819350962948598 -1.0743653780667314e-05 -0.0018167406801755646 -0.00060844291029843423 2.8001911116701273e-05 -0.00063698606987920591 0.0010453465989716012 1.8845092614855266e-06 0.00011898421976123341 -0.00073572109215969215 0.0027585755095651063 0.0012550233416070984 0.00016686258557244054
leaf_weight=63071 181258 19983 80003 2329 109317 73864 36077 15912 48654 3503 10503 2035 46473 24932
leaf_count=63071 181258 19983 80003 2329 109317 73864 36077 15912 48654 3503 10503 2035 46473 24932
internal_value=7.76266e-08 0.000473091 -0.000293572 0.000894934 -0.000196685 -0.000351822 -3.93612e-05 0.000164549 -0.000270179 -0.000739059 -0.000104377 0.00109216 0.000964232 0.000663141
internal_weight=717914 274975 442939 93717 363827 183181 180646 95915 84731 79112 16041 5538 91388 44915
internal_count=717914 274975 442939 93717 363827 183181 180646 95915 84731 79112 16041 5538 91388 44915
is_linear=0
shrinkage=0.05


Tree=20
num_leaves=15
num_cat=0
split_feature=0 0 0 1 1 2 1 0 1 1 0 0 0 0
split_gain=36.1813 9.41403 6.1551 10.7114 13.1983 8.66076 4.2731 4.2521 13.0143 8.23323 4.65751 4.19953 3.66444 4.04365
threshold=3.6627779006958012 1.9955905079841616 5.7656588554382333 33.630130767822273 31.537603378295902 1.0000000180025095e-35 1.3781368732452395 5.2262580394744882 8.5559525489807147 23.881891250610355 5.1244020462036142 3.7093478441238408 3.8044918775558476 3.8610264062881474
decision_type=2 2 2 2 2 2 2 2 2 2 2 2 2 2
left_child=1 -1 5 4 -4 7 -7 10 -9 -10 -2 -8 -13 -14
right_child=2 -3 3 -5 -6 6 11 8 9 -11 -12 12 13 -15
leaf_value=-0.000459055435812552 0.00071612703440626603 -2.9016835291491216e-05 0.0010140895661609065 -0.001829780707892376 0.0043967335444763068 0.0020573414094394804 0.0019521043705812485 0.0051905794946912947 -0.00047349175792807982 0.0026684371778477206 -0.001562905688227518 -0.0013955437687936296 0.0016791693783975319 -8.9431257244815772e-05
leaf_weight=232636 63984 280950 42703 3015 3084 2529 2577 2138 4997 3565 2314 5053 3391 64978
leaf_count=232636 63984 280950 42703 3015 3084 2529 2577 2138 4997 3565 2314 5053 3391 64978
internal_value=7.53157e-08 -0.000223814 0.000562813 0.00105268 0.00124284 0.000409043 3.95597e-05 0.000785813 0.00171039 0.000836315 0.000636358 -2.78473e-05 -9.7597e-05 -1.47858e-06
internal_weight=717914 513586 204328 48802 45787 155526 78528 76998 10700 8562 66298 75999 73422 68369
internal_count=717914 513586 204328 48802 45787 155526 78528 76998 10700 8562 66298 75999 73422 68369
is_linear=0
shrinkage=0.05


Tree=21
num_leaves=15
num_cat=0
split_feature=0 0 1 1 0 0 0 1 1 1 1 1 0 0
split_gain=32.787 8.42159 6.76417 10.6374 13.1878 7.70677 6.57216 6.56803 7.16956 6.53428 6.3377 5.97557 13.7332 5.38592
threshold=3.155624628067017 4.664483070373536 7.0642073154449472 4.3665919303894052 6.719891071319581 6.719891071319581 1.1435822248458865 8.4315757751464862 9.6770539283752459 3.3014614582061772 13.737462043762209 33.630130767822273 8.5536823272705096 6.2124750614166269
decision_type=2 2 2 2 2 2 2 2 2 2 2 2 2 2
left_child=6 -2 3 4 9 -5 -1 -4 -9 -3 -10 12 -12 -13
right_child=1 2 7 5 -6 -7 -8 8 10 -11 11 13 -14 -15
leaf_value=-0.00067914841722150666 0.00020248728022700501 0.0022420231903213152 -0.0014821382194133512 0.0019994849253545657 -0.0027949874106128142 0.005323391064567775 -0.00017632758834832521 0.0025606419654700639 -0.00049521570855307106 -0.00061155874463345722 0.00075876277156604116 0.00022023917328550503 0.0046383165386928195 -0.0027477092197094695
leaf_weight=79112 164700 6753 3707 7011 2323 2323 363827 4704 12201 2847 58056 5937 2365 2048
leaf_count=79112 164700 6753 3707 7011 2323 2323 363827 4704 12201 2847 58056 5937 2365 2048
internal_value=8.12121e-08 0.000428927 0.000767074 0.00156829 0.000577799 0.00283153 -0.000266148 0.000575594 0.000665171 0.001396 0.000554253 0.000741483 0.000911359 -0.000543468
internal_weight=717914 274975 110275 21257 11923 9334 442939 89018 85311 9600 80607 68406 60421 7985
internal_count=717914 274975 110275 21257 11923 9334 442939 89018 85311 9600 80607 68406 60421 7985
is_linear=0
shrinkage=0.05


Tree=22
num_leaves=15
num_cat=0
split_feature=0 0 0 1 1 1 0 0 1 1 0 2 2 1
split_gain=29.649 8.54714 6.17238 5.54397 8.14652 10.4835 6.75109 6.52058 5.89184 6.69006 5.41671 5.16937 5.92243 4.22502
threshold=2.9917087554931645 4.664483070373536 9.9139461517334002 7.0642073154449472 4.3665919303894052 3.1270717382431035 8.5536823272705096 6.719891071319581 8.4315757751464862 9.6770539283752459 1.1435822248458865 1.5000000000000002 1.0000000180025095e-35 26.225830078125004
decision_type=2 2 2 2 2 2 2 2 2 2 2 2 2 2
left_child=10 11 3 4 5 -3 8 -6 -5 -10 -1 12 -2 -13
right_child=1 2 -4 6 7 -7 -8 -9 9 -11 -12 13 -14 -15
leaf_value=-0.00064519531218307777 0.00028989824545562687 0.001686106422196954 -0.0018128690834095899 -0.0014082306605466464 0.0018996531948138478 -0.0015394126059793426 0.0033283957528578477 0.0050744616017393482 0.0024906405734914042 0.00051728344630707799 -0.00018560209894869721 0.0010567410547322751 -0.00034909799468199018 -0.0001502072275535841
leaf_weight=79112 96707 7702 2329 3707 7011 3732 2216 2103 4540 76935 337996 25732 58001 10091
leaf_count=79112 96707 7702 2329 3707 7011 3732 2216 2103 4540 76935 337996 25732 58001 10091
internal_value=8.33803e-08 0.000378449 0.000728763 0.000783764 0.00152265 0.000632888 0.000609892 0.00263698 0.000538788 0.000627536 -0.000272786 0.000175668 5.03275e-05 0.000716808
internal_weight=717914 300806 110275 107946 20548 11434 87398 9114 85182 81475 417108 190531 154708 35823
internal_count=717914 300806 110275 107946 20548 11434 87398 9114 85182 81475 417108 190531 154708 35823
is_linear=0
shrinkage=0.05


Tree=23
num_leaves=15
num_cat=0
split_feature=0 0 0 1 1 2 1 0 1 0 1 1 0 0
split_gain=26.947 7.39631 4.84857 8.61619 11.8206 7.67117 3.62985 3.81749 3.52323 3.49313 11.4372 7.56668 4.34934 3.39182
threshold=3.6627779006958012 1.9955905079841616 5.7656588554382333 33.630130767822273 31.537603378295902 1.0000000180025095e-35 1.3781368732452395 3.7093478441238408 2.5951888561248784 5.2262580394744882 8.5559525489807147 23.881891250610355 5.1244020462036142 3.8044918775558476
decision_type=2 2 2 2 2 2 2 2 2 2 2 2 2 2
left_child=1 -1 5 4 -4 9 -7 -8 -9 12 -11 -12 -2 -10
right_child=2 -3 3 -5 -6 6 7 8 13 10 11 -13 -14 -15
leaf_value=-0.00040164433166270456 0.00064547790903928112 -2.0467170852905248e-05 0.00087460513514085042 -0.0016646877319759401 0.0040757358243166111 0.0018612478223315608 0.0018271563868151306 -0.0019427732782839856 -0.0013270310514381677 0.0048043057354962802 -0.00053300068945037434 0.0024789646543192816 -0.0015568095213320751 3.3490268358684137e-05
leaf_weight=232636 63984 280950 42703 3015 3084 2529 2577 2568 4913 2138 4997 3565 2314 65941
leaf_count=232636 63984 280950 42703 3015 3084 2529 2577 2568 4913 2138 4997 3565 2314 65941
internal_value=8.63432e-08 -0.000193131 0.000485731 0.000920504 0.00109106 0.000349255 1.52582e-06 -6.05964e-05 -0.000127093 0.000703848 0.00154185 0.000722534 0.000568388 -6.10219e-05
internal_weight=717914 513586 204328 48802 45787 155526 78528 75999 73422 76998 10700 8562 66298 70854
internal_count=717914 513586 204328 48802 45787 155526 78528 75999 73422 76998 10700 8562 66298 70854
is_linear=0
shrinkage=0.05


Tree=24
num_leaves=15
num_cat=0
split_feature=0 0 0 0 1 1 2 1 2 1 2 0 0 0
split_gain=24.4457 7.22174 5.7372 4.61542 2.88925 7.35834 6.30716 5.21791 4.77813 4.49253 3.9469 3.55403 2.83247 6.93575
threshold=2.9566944837570195 4.8903739452362069 9.9139461517334002 0.98444759845733654 28.31158542633057 23.593543052673343 1.5000000000000002 22.55234527587891 1.0000000180025095e-35 31.394181251525882 1.5000000000000002 3.0043526887893681 4.4155619144439706 3.8044918775558476
decision_type=2 2 2 2 2 2 2 2 2 2 2 2 2 2
left_child=3 4 -3 -1 5 6 7 8 11 10 -6 -2 13 -7
right_child=1 2 -4 -5 9 12 -8 -9 -10 -11 -12 -13 -14 -15
leaf_value=-0.0006707260904735159 0.0020936123424316654 0.00076638889555916535 -0.0017418383230946707 -0.00018475038244571644 -0.00045044456459345997 0.00063869437444609824 0.00081962370327677548 -0.0016168450122925953 -0.00039815553956682262 0.00020861295459488917 -0.0023933461899641462 0.00021718831508700461 -4.4328158015923967e-05 0.0024657990358933576
leaf_weight=56650 2617 91388 2329 354871 13762 16084 26168 5016 40327 28289 3219 64179 5346 7669
leaf_count=56650 2617 91388 2329 354871 13762 16084 26168 5016 40327 28289 3219 64179 5346 7669
internal_value=8.84152e-08 0.000338219 0.000703877 -0.000251664 0.000177064 0.000272895 0.000120813 -4.23155e-05 3.15554e-05 -0.000177299 -0.000819942 0.000291007 0.000995451 0.00122939
internal_weight=717914 306393 93717 411521 212676 167406 138307 112139 107123 45270 16981 66796 29099 23753
internal_count=717914 306393 93717 411521 212676 167406 138307 112139 107123 45270 16981 66796 29099 23753
is_linear=0
shrinkage=0.05


Tree=25
num_leaves=15
num_cat=0
split_feature=0 0 1 1 0 0 1 1 1 0 1 0 0 1
split_gain=22.1158 6.45124 5.43316 8.80572 11.5319 6.39517 5.4236 5.73603 5.69613 5.282 10.0073 8.51234 7.79779 5.67472
threshold=2.9917087554931645 4.664483070373536 7.0642073154449472 4.3665919303894052 6.719891071319581 6.719891071319581 8.4315757751464862 9.6770539283752459 13.737462043762209 5.7656588554382333 33.630130767822273 8.5536823272705096 7.8191416263580331 31.537603378295902
decision_type=2 2 2 2 2 2 2 2 2 2 2 2 2 2
left_child=-1 -2 3 4 -3 -5 -4 -8 -9 -10 11 12 13 -11
right_child=1 2 6 5 -6 -7 7 8 9 10 -12 -13 -14 -15
leaf_value=-0.00023558413624045457 0.00015069299560319376 0.0012133427659807186 -0.0014102239672317742 0.0017408355063637004 -0.0027056400473941967 0.0047683284146295647 0.0022364062225055919 -0.00055307789707648278 0.00023689485540948942 0.0011920437137255538 -0.0016013479345425925 0.0042919858068877241 -0.0011626726237427434 0.0036931194678303386
leaf_weight=417108 190531 9600 3707 7011 2323 2323 4704 12201 38929 18363 3015 2365 3152 2582
leaf_count=417108 190531 9600 3707 7011 2323 2323 4704 12201 38929 18363 3015 2365 3152 2582
internal_value=8.375e-08 0.000326866 0.000631213 0.00134927 0.000448166 0.0024986 0.000459613 0.000541018 0.000441815 0.000619321 0.00112412 0.00143514 0.00115309 0.00150198
internal_weight=717914 300806 110275 21257 11923 9334 89018 85311 80607 68406 29477 26462 24097 20945
internal_count=717914 300806 110275 21257 11923 9334 89018 85311 80607 68406 29477 26462 24097 20945
is_linear=0
shrinkage=0.05


Tree=26
num_leaves=15
num_cat=0
split_feature=0 0 0 0 2 1 1 1 1 1 1 1 1 1
split_gain=20.0903 6.11513 4.33246 5.54846 6.79934 4.14457 8.49744 5.14635 7.71306 4.87915 7.33387 3.62965 6.29927 5.36759
threshold=3.6627779006958012 1.7805435657501223 9.9139461517334002 5.7656588554382333 1.0000000180025095e-35 14.751514434814455 11.186601161956789 8.8310446739196795 3.1270717382431035 5.0184702873229989 7.0642073154449472 15.944038867950441 17.365984916687015 19.017004013061527
decision_type=2 2 2 2 2 2 2 2 2 2 2 2 2 2
left_child=1 -1 3 4 -2 6 7 8 -5 -10 -11 -7 -13 -14
right_child=2 -3 -4 5 -6 11 -8 -9 9 10 -12 12 13 -15
leaf_value=-0.00039180044028850182 0.0006347273764592239 -3.4482400246139311e-05 -0.0017203258704969711 0.0023462255411651105 -2.6478037354590192e-05 0.0030850004774305396 -0.0013578515941769708 0.0027563391778190945 -0.0023138656117964152 0.0021718058965050917 -0.0015833097196415657 -0.0012119701955820121 0.0038551982665953641 0.0011573161871682451
leaf_weight=190100 76998 323486 2329 3737 78528 2644 5207 3216 2350 2786 2421 2549 2029 19534
leaf_count=190100 76998 323486 2329 3737 78528 2644 5207 3216 2350 2786 2421 2549 2029 19534
internal_value=8.78556e-08 -0.000166746 0.000419419 0.000444173 0.000300892 0.000923509 0.000373192 0.000994895 0.000491324 -0.000427829 0.000426173 0.00132876 0.00113498 0.00141285
internal_weight=717914 513586 204328 201999 155526 46473 19717 14510 11294 7557 5207 26756 24112 21563
internal_count=717914 513586 204328 201999 155526 46473 19717 14510 11294 7557 5207 26756 24112 21563
is_linear=0
shrinkage=0.05


Tree=27
num_leaves=15
num_cat=0
split_feature=0 0 1 1 1 0 1 1 1 2 1 1 0 1
split_gain=18.2407 5.37254 5.05339 10.6101 6.90182 10.2303 5.08599 4.88134 4.88077 4.6502 4.48757 6.99192 6.16445 4.77825
threshold=2.9917087554931645 4.664483070373536 7.4945485591888437 8.4315757751464862 4.3665919303894052 6.719891071319581 9.6770539283752459 3.3014614582061772 13.737462043762209 1.5000000000000002 23.593543052673343 28.31158542633057 3.2680516242980961 21.536832809448246
decision_type=2 2 2 2 2 2 2 2 2 2 2 2 2 2
left_child=-1 9 4 -4 5 7 -5 -3 -8 10 13 12 -12 -2
right_child=1 2 3 6 -6 -7 8 -9 -10 -11 11 -13 -14 -15
leaf_value=-0.00021393876163842813 -7.1625984115646118e-05 0.0018537196337948304 -0.0031421327521616582 0.0020832341644940323 0.0021388414987082633 -0.0025687256516154018 -0.00052753054836941261 -0.00061246883116408289 0.00055771396845284021 0.00064934004354637634 -0.00057062232255485231 -7.8162547989439743e-05 0.0015215966056820391 -0.0012801612297673854
leaf_weight=417108 92107 6753 2053 4704 10988 2323 12201 2847 68406 35823 4437 32245 16953 8966
leaf_count=417108 92107 6753 2053 4704 10988 2323 12201 2847 68406 35823 4437 32245 16953 8966
internal_value=8.85913e-08 0.000296864 0.000574603 0.000401184 0.00123542 0.000401747 0.000486812 0.00112246 0.000393402 0.000136093 1.72149e-05 0.000386842 0.00108754 -0.000178949
internal_weight=717914 300806 110275 87364 22911 11923 85311 9600 80607 190531 154708 53635 21390 101073
internal_count=717914 300806 110275 87364 22911 11923 85311 9600 80607 190531 154708 53635 21390 101073
is_linear=0
shrinkage=0.05


Tree=28
num_leaves=15
num_cat=0
split_feature=0 0 1 1 1 1 0 1 1 1 1 1 0 2
split_gain=16.5014 5.00682 4.56096 9.57987 6.23004 9.50414 6.5056 6.75862 4.74223 4.59137 4.40512 4.47444 11.2606 4.33804
threshold=2.9393748044967656 4.664483070373536 7.4945485591888437 8.4315757751464862 4.3665919303894052 3.7219537496566777 6.4467315673828134 2.5951888561248784 1.2401474714279177 9.6770539283752459 13.737462043762209 33.630130767822273 8.5536823272705096 1.0000000180025095e-35
decision_type=2 2 2 2 2 2 2 2 2 2 2 2 2 2
left_child=-1 -2 4 -4 5 6 7 8 -3 -5 -11 12 -12 -13
right_child=1 2 3 9 -6 -7 -8 -9 -10 10 11 13 -14 -15
leaf_value=-0.00020844370377864986 0.00012585737015414607 0.0020457187796878657 -0.0029857878225629359 0.0019792933514704695 0.0020319965674454139 -0.0026645743519063984 -0.001376691043073888 0.0040229803155040524 -0.00093774880900232961 -0.00050117562423876612 0.00053869010748867029 0.00056971739912603471 0.0040515430930744565 -0.0017587063651377504
leaf_weight=408662 198977 3080 2053 4704 10988 2099 2171 2240 2333 12201 58056 4038 2365 3947
leaf_count=408662 198977 3080 2053 4704 10988 2099 2171 2240 2333 12201 58056 4038 2365 3947
internal_value=8.40157e-08 0.000275641 0.000545872 0.000381119 0.00117367 0.000381604 0.0010345 0.00171941 0.000760488 0.000462483 0.000373732 0.000529832 0.000676838 -0.000581987
internal_weight=717914 309252 110275 87364 22911 11923 9824 7653 5413 85311 80607 68406 60421 7985
internal_count=717914 309252 110275 87364 22911 11923 9824 7653 5413 85311 80607 68406 60421 7985
is_linear=0
shrinkage=0.05


Tree=29
num_leaves=15
num_cat=0
split_feature=0 0 0 2 2 0 1 1 1 2 2 2 0 1
split_gain=14.8931 4.56553 4.85361 4.31606 9.11379 4.0745 3.0061 6.32287 4.84831 4.54608 4.73301 3.36168 4.09972 3.3725
threshold=2.9393748044967656 4.8903739452362069 9.9139461517334002 1.5000000000000002 1.0000000180025095e-35 1.5004979968070986 28.31158542633057 23.593543052673343 23.019564628601078 1.5000000000000002 1.0000000180025095e-35 1.0000000180025095e-35 4.664483070373536 30.62879848480225
decision_type=2 2 2 2 2 2 2 2 2 2 2 2 2 2
left_child=3 6 -3 4 5 -1 7 8 9 10 -2 -8 13 -13
right_child=1 2 -4 -5 -6 -7 11 -9 -10 -11 -12 12 -14 -15
leaf_value=-0.00038730819684879789 0.0002572184161053909 0.0006107004635399981 -0.001696202077497851 0.00012391616892710317 -0.00062280821741952984 8.4286460919016047e-05 0.00019657266167572929 0.00090174378853848352 -0.0017205801957904969 0.00073882309644954366 -0.00041646930006757597 -0.0014919899667253924 -0.002783704165836517 -5.4531591076701171e-05
leaf_weight=69361 68711 91388 2329 82966 121540 134795 23547 29215 3580 25774 41998 5585 2049 15076
leaf_count=69361 68711 91388 2329 82966 121540 134795 23547 29215 3580 25774 41998 5585 2049 15076
internal_value=8.31833e-08 0.000261868 0.000553196 -0.000198022 -0.000280032 -7.59466e-05 0.000135175 0.000232785 9.31957e-05 0.000140894 1.63716e-06 -0.000222001 -0.000655898 -0.000443633
internal_weight=717914 309252 93717 408662 325696 204156 215535 169278 140063 136483 110709 46257 22710 20661
internal_count=717914 309252 93717 408662 325696 204156 215535 169278 140063 136483 110709 46257 22710 20661
is_linear=0
shrinkage=0.05


Tree=30
num_leaves=15
num_cat=0
split_feature=0 0 0 0 2 1 1 1 1 2 0 1 1 1
split_gain=13.6055 4.89528 3.62382 4.41586 5.92314 3.61615 7.05486 4.86183 6.36529 7.33344 10.2941 3.29195 5.66809 4.86659
threshold=3.6627779006958012 1.5153242349624636 9.9139461517334002 5.7656588554382333 1.0000000180025095e-35 14.751514434814455 11.186601161956789 9.0996832847595233 3.1270717382431035 1.0000000180025095e-35 6.8343644142150888 15.944038867950441 17.365984916687015 19.017004013061527
decision_type=2 2 2 2 2 2 2 2 2 2 2 2 2 2
left_child=1 -1 3 4 -2 6 7 8 -5 -10 -11 -7 -13 -14
right_child=2 -3 -4 5 -6 11 -8 -9 9 10 -12 12 13 -15
leaf_value=-0.00038712845603388994 0.00055156019713832518 -4.1868955370439931e-05 -0.0016117547195655469 0.0021488555435625976 -6.5568934645108602e-05 0.0028462980922340265 -0.0012958080995359833 0.0028858466316841647 -0.002137644119067209 -0.0010716350955837668 0.0035096185430061226 -0.0012366304553021183 0.0035784470670262298 0.0010098089434209567
leaf_weight=141827 76998 371759 2329 3737 78528 2644 5207 2426 3351 2869 2127 2549 2029 19534
leaf_count=141827 76998 371759 2329 3737 78528 2644 5207 2426 3351 2869 2127 2549 2029 19534
internal_value=7.46987e-08 -0.000137218 0.000345155 0.000367797 0.000239976 0.000795417 0.000281424 0.000847926 0.000436742 -0.000331435 0.000881905 0.00117394 0.000989455 0.00125306
internal_weight=717914 513586 204328 201999 155526 46473 19717 14510 12084 8347 4996 26756 24112 21563
internal_count=717914 513586 204328 201999 155526 46473 19717 14510 12084 8347 4996 26756 24112 21563
is_linear=0
shrinkage=0.05


Tree=31
num_leaves=15
num_cat=0
split_feature=0 2 2 0 1 1 2 1 2 0 0 1 0 1
split_gain=12.3109 3.89712 8.22731 3.86337 6.47706 9.32741 3.98804 4.26685 6.14843 8.87371 8.20148 7.14332 3.95271 6.85911
threshold=2.9393748044967656 1.5000000000000002 1.0000000180025095e-35 5.7656588554382333 33.630130767822273 31.537603378295902 1.0000000180025095e-35 26.78071212768555 1.5000000000000002 5.2262580394744882 5.0169203281402597 23.333030700683597 4.6277542114257821 8.5559525489807147
decision_type=2 2 2 2 2 2 2 2 2 2 2 2 2 2
left_child=1 2 -1 6 5 -5 12 8 11 10 -10 -8 -2 -14
right_child=3 -3 -4 4 -6 -7 7 -9 9 -11 -12 -13 13 -15
leaf_value=-6.4060308357451382e-05 0.00021167766710489147 0.00012587676979303487 -0.00058364480601570809 0.00060197898570248565 -0.0015949329834073986 0.0034453591957407308 -0.0003967564423350706 -0.00050933978768338373 0.00067996243406985655 -0.001628919061238532 0.0037020810367518614 0.0011830434855443115 0.0023257668884637279 0.00046346798449312956
leaf_weight=204156 99760 82966 121540 42703 3015 3084 51575 34475 31533 3870 2408 8298 6356 22175
leaf_count=204156 99760 82966 121540 42703 3015 3084 51575 34475 31533 3870 2408 8298 6356 22175
internal_value=7.6997e-08 -0.000180037 -0.000257966 0.000238088 0.000646308 0.000794206 0.000161575 -3.11953e-05 0.000137588 0.00063667 0.000895399 -0.000177646 0.000360145 0.000879012
internal_weight=717914 408662 325696 309252 48802 45787 260450 132159 97684 37811 33941 59873 128291 28531
internal_count=717914 408662 325696 309252 48802 45787 260450 132159 97684 37811 33941 59873 128291 28531
is_linear=0
shrinkage=0.05


Tree=32
num_leaves=15
num_cat=0
split_feature=0 0 0 0 2 1 1 1 1 2 0 0 1 1
split_gain=11.1605 4.41217 3.24945 3.63994 4.88771 3.21896 6.36877 4.39021 5.7463 6.62081 9.29504 3.08751 3.37258 3.26502
threshold=3.6627779006958012 1.1435822248458865 9.9139461517334002 5.7656588554382333 1.0000000180025095e-35 14.751514434814455 11.186601161956789 9.0996832847595233 3.1270717382431035 1.0000000180025095e-35 6.8343644142150888 3.7093478441238408 1.3781368732452395 2.5951888561248784
decision_type=2 2 2 2 2 2 2 2 2 2 2 2 2 2
left_child=1 -1 3 4 -2 6 7 8 -5 -10 -11 -6 -13 -14
right_child=2 -3 -4 5 11 -7 -8 -9 9 10 -12 12 13 -15
leaf_value=-0.00046768278548444721 0.00050105351719127017 -6.1727108058333725e-05 -0.0015404424936330302 0.0020116807278664265 0.0015915307056839597 0.0010794257610277243 -0.0012611831887430734 0.002712170924817989 -0.0020610892465107752 -0.0010482338409916435 0.0033050010347595235 0.0017281835926405923 -0.0019271298372002324 -0.00011562577794232278
leaf_weight=79112 76998 434474 2329 3737 2723 26756 5207 2426 3351 2869 2127 2383 2568 70854
leaf_count=79112 76998 434474 2329 3737 2723 26756 5207 2426 3351 2869 2127 2383 2568 70854
internal_value=7.86731e-08 -0.000124268 0.000312619 0.000334059 0.00021801 0.000722297 0.000237371 0.000775635 0.000384932 -0.000344908 0.000808015 -5.95463e-05 -0.000119057 -0.000179239
internal_weight=717914 513586 204328 201999 155526 46473 19717 14510 12084 8347 4996 78528 75805 73422
internal_count=717914 513586 204328 201999 155526 46473 19717 14510 12084 8347 4996 78528 75805 73422
is_linear=0
shrinkage=0.05


Tree=33
num_leaves=15
num_cat=0
split_feature=0 0 1 1 1 0 1 2 1 1 1 1 2 1
split_gain=10.2748 5.19605 4.06696 8.21676 6.08422 8.24998 3.8539 4.34123 4.14356 4.06858 7.79398 3.82846 3.80705 5.86552
threshold=1.9955905079841616 4.664483070373536 7.4945485591888437 8.4315757751464862 4.3665919303894052 6.719891071319581 9.6770539283752459 1.0000000180025095e-35 10.429559230804445 11.311522006988527 12.298798561096193 3.3014614582061772 1.5000000000000002 30.494273185729984
decision_type=2 2 2 2 2 2 2 2 2 2 2 2 2 2
left_child=-1 -2 4 -4 5 11 7 -5 -8 -10 -11 -3 -12 -14
right_child=1 2 3 6 -6 -7 8 -9 9 10 12 -13 13 -15
leaf_value=-0.00027311327312489023 4.2318566673027977e-05 0.0015378902281944066 -0.0028409603064411069 0.0033992631022228188 0.0018737483762696493 -0.0024244276096091547 -0.0018892674039373695 0.0003512783460088835 0.0023485956878131083 -0.0022236784605884964 0.00056523860748586481 -0.00064596795534844554 0.00022113614172754249 -0.002000712147765421
leaf_weight=232636 375003 6753 2053 2140 10988 2323 2150 2564 2411 3008 56406 2847 12772 3860
leaf_count=232636 375003 6753 2053 2140 10988 2323 2150 2564 2411 3008 56406 2847 12772 3860
internal_value=7.78658e-08 0.000131045 0.000432739 0.000277177 0.00102554 0.000242942 0.000352539 0.00174217 0.000271238 0.000330677 0.000266399 0.000890242 0.000369241 -0.000295409
internal_weight=717914 485278 110275 87364 22911 11923 85311 4704 80607 78457 76046 9600 73038 16632
internal_count=717914 485278 110275 87364 22911 11923 85311 4704 80607 78457 76046 9600 73038 16632
is_linear=0
shrinkage=0.05


Tree=34
num_leaves=15
num_cat=0
split_feature=0 2 2 0 0 1 1 2 1 2 0 0 1 0
split_gain=9.38144 3.52196 7.43206 3.06722 2.96937 5.72908 8.33645 3.20375 3.74089 5.5762 8.12169 7.35447 6.4591 3.2251
threshold=2.9393748044967656 1.5000000000000002 1.0000000180025095e-35 1.5004979968070986 5.7656588554382333 33.630130767822273 31.537603378295902 1.0000000180025095e-35 26.78071212768555 1.5000000000000002 5.2262580394744882 5.0169203281402597 23.333030700683597 3.0043526887893681
decision_type=2 2 2 2 2 2 2 2 2 2 2 2 2 2
left_child=1 2 3 -1 7 6 -6 13 9 12 11 -11 -9 -2
right_child=4 -3 -4 -5 5 -7 -8 8 -10 10 -12 -13 -14 -15
leaf_value=-0.00031709368799982156 0.0015342466240132165 0.00013365741348935254 -0.00054078022860338019 9.2076236765560327e-05 0.00052311595026990844 -0.0015420881781006935 0.0032111698028794208 -0.00038253089827875917 -0.00047971846746745848 0.00064483300739083939 -0.0015661384310661774 0.0035066462450989017 0.0011197049358494767 0.0002670155745174448
leaf_weight=69361 5225 82966 121540 134795 42703 3015 3084 51575 34475 31533 3870 2408 8298 123066
leaf_count=69361 5225 82966 121540 134795 42703 3015 3084 51575 34475 31533 3870 2408 8298 123066
internal_value=7.2595e-08 -0.000157158 -0.000231241 -4.6946e-05 0.000207844 0.00056573 0.000704832 0.000140766 -3.20122e-05 0.000126027 0.000601317 0.000848842 -0.000174179 0.000318743
internal_weight=717914 408662 325696 204156 309252 48802 45787 260450 132159 97684 37811 33941 59873 128291
internal_count=717914 408662 325696 204156 309252 48802 45787 260450 132159 97684 37811 33941 59873 128291
is_linear=0
shrinkage=0.05


Tree=35
num_leaves=15
num_cat=0
split_feature=0 0 2 2 1 0 0 1 0 0 0 2 1 1
split_gain=8.63967 5.05258 3.93989 6.88554 6.3676 6.22374 4.86529 3.70754 3.08234 2.74928 3.43208 4.93802 3.6638 6.17227
threshold=3.8044918775558476 3.8610264062881474 1.5000000000000002 1.0000000180025095e-35 15.944038867950441 3.6375920772552495 3.6375920772552495 19.780621528625492 1.5004979968070986 9.9139461517334002 5.7656588554382333 1.0000000180025095e-35 17.845393180847172 13.580669879913332
decision_type=2 2 2 2 2 2 2 2 2 2 2 2 2 2
left_child=2 7 3 8 5 -4 -6 -2 -1 10 11 12 13 -3
right_child=1 9 4 -5 6 -7 -8 -9 -10 -11 -12 -13 -14 -15
leaf_value=-0.00030124132352462549 0.0006640116340893309 0.00045664724659542124 0.00046556161092842587 -0.00043099170972342622 -9.9959776554197177e-05 0.0032467940527108547 -0.002541308758120875 0.0032286308036734591 8.6753406210982983e-05 -0.0014573711242052499 0.00063772911702292354 -0.00016354338036606738 0.00081685595983096895 -0.0011593478888007609
leaf_weight=69361 3350 24609 47445 159306 55296 2091 2109 2431 195281 2329 46473 66965 33103 7765
leaf_count=69361 3350 24609 47445 159306 55296 2091 2109 2431 195281 2329 46473 66965 33103 7765
internal_value=7.33293e-08 0.000292301 -0.000102878 -0.000171288 0.000168314 0.000583594 -0.000190079 0.00174619 -1.49451e-05 0.000245833 0.000268085 0.000138341 0.000447063 6.88077e-05
internal_weight=717914 187025 530889 423948 106941 49536 57405 5781 264642 181244 178915 132442 65477 32374
internal_count=717914 187025 530889 423948 106941 49536 57405 5781 264642 181244 178915 132442 65477 32374
is_linear=0
shrinkage=0.05


Tree=36
num_leaves=15
num_cat=0
split_feature=0 0 1 1 1 0 1 2 1 1 1 2 1 1
split_gain=7.99817 4.04177 3.70558 7.38845 5.56835 7.47204 3.84004 6.52077 8.89926 3.46878 3.44919 3.88778 3.80053 3.62189
threshold=1.9955905079841616 4.664483070373536 7.4945485591888437 8.4315757751464862 4.3665919303894052 6.719891071319581 5.1529059410095224 1.0000000180025095e-35 5.7967550754547128 3.3014614582061772 9.6770539283752459 1.0000000180025095e-35 10.429559230804445 11.311522006988527
decision_type=2 2 2 2 2 2 2 2 2 2 2 2 2 2
left_child=-1 -2 4 -4 5 9 -6 -8 -9 -3 11 -5 -12 -14
right_child=1 2 3 10 6 -7 7 8 -10 -11 12 -13 13 -15
leaf_value=-0.00024096013968255008 3.7368954459127014e-05 0.0014314362266516882 -0.0027235629386039312 0.0031874672692078897 0.0034630923960008832 -0.0023395622950032782 -0.00050270921123241378 -7.7095584282832626e-05 0.0041142261096370654 -0.00064724001896565889 -0.001841346564094945 0.0003031952473247551 0.0021886162482002763 0.00022406167918570579
leaf_weight=232636 375003 6753 2053 2140 2535 2323 3271 2190 2992 2847 2150 2564 2411 76046
leaf_count=232636 375003 6753 2053 2140 2535 2323 3271 2190 2992 2847 2150 2564 2411 76046
internal_value=7.19905e-08 0.000115622 0.000381704 0.00023322 0.000947555 0.000198897 0.001759 0.00124447 0.00234617 0.000814947 0.000304685 0.00161932 0.000227775 0.000284704
internal_weight=717914 485278 110275 87364 22911 11923 10988 8453 5182 9600 85311 4704 80607 78457
internal_count=717914 485278 110275 87364 22911 11923 10988 8453 5182 9600 85311 4704 80607 78457
is_linear=0
shrinkage=0.05


Tree=37
num_leaves=15
num_cat=0
split_feature=0 0 1 1 1 0 0 1 1 1 2 2 1 1
split_gain=7.21867 3.64838 3.36065 5.9168 7.08195 5.45601 4.81334 6.7468 4.03062 3.29352 3.12119 6.72144 3.12092 3.11462
threshold=1.9955905079841616 4.664483070373536 7.0642073154449472 4.3665919303894052 3.7219537496566777 6.719891071319581 6.4467315673828134 2.5951888561248784 1.2401474714279177 19.780621528625492 1.5000000000000002 1.0000000180025095e-35 8.4315757751464862 9.6770539283752459
decision_type=2 2 2 2 2 2 2 2 2 2 2 2 2 2
left_child=9 10 3 4 6 -5 7 8 -3 -1 11 -2 -4 -14
right_child=1 2 12 5 -6 -7 -8 -9 -10 -11 -12 -13 13 -15
leaf_value=-6.0323545590840157e-05 0.00014861601254682172 0.0015697980094207511 -0.0011906200927812049 0.0011704645255862995 -0.0024404550076198577 0.0039649671878330432 -0.0013210947431735508 0.0036430631982919295 -0.001180260893648988 -0.00043884961706317145 0.00033048866708779178 -0.00033734142284521772 0.0015387250938918545 0.0002163901267639405
leaf_weight=129031 188275 3080 3707 7011 2099 2323 2171 2240 2333 103605 72357 114371 4704 80607
leaf_count=129031 188275 3080 3707 7011 2099 2323 2171 2240 2333 103605 72357 114371 4704 80607
internal_value=7.29935e-08 0.000109848 0.00036265 0.000927356 0.000188887 0.00186945 0.000752584 0.0013418 0.000384533 -0.000228913 3.55006e-05 -3.50341e-05 0.000227712 0.000289475
internal_weight=717914 485278 110275 21257 11923 9334 9824 7653 5413 232636 375003 302646 89018 85311
internal_count=717914 485278 110275 21257 11923 9334 9824 7653 5413 232636 375003 302646 89018 85311
is_linear=0
shrinkage=0.05


Tree=38
num_leaves=15
num_cat=0
split_feature=0 0 0 0 1 1 0 1 1 0 1 0 1 2
split_gain=6.62227 2.71538 2.45332 2.32387 5.07458 7.55671 2.65491 3.21584 7.20083 5.73189 8.73392 7.37903 7.59661 6.52723
threshold=2.9917087554931645 0.98444759845733654 3.0043526887893681 5.7656588554382333 33.630130767822273 31.537603378295902 5.8382956981658944 14.751514434814455 11.186601161956789 8.5536823272705096 28.31158542633057 7.8191416263580331 25.57122898101807 1.0000000180025095e-35
decision_type=2 2 2 2 2 2 2 2 2 2 2 2 2 2
left_child=1 -1 -2 -4 5 6 -5 8 -8 10 11 12 13 -9
right_child=2 -3 3 4 -6 -7 7 9 -10 -11 -12 -13 -14 -15
leaf_value=-0.00045065665295669849 0.0016251685895652098 -7.830489201998098e-05 0.00010296770796555046 -0.0012926982402662887 -0.0015034555130520205 0.0029973953767521342 0.00065576455529560581 0.0020984031380771634 -0.0014812249946580701 0.0034931720430332104 -0.0019928832788754509 -0.001341532457070538 0.0041671199786414443 -0.00033043648519964081
leaf_weight=56650 2894 360458 249110 2097 3015 3084 14439 6360 5411 2011 2603 2549 2348 4885
leaf_count=56650 2894 360458 249110 2097 3015 3084 14439 6360 5411 2011 2603 2549 2348 4885
internal_value=7.32824e-08 -0.000128886 0.000178891 0.000164787 0.000480259 0.000611184 0.000438191 0.000527874 7.27805e-05 0.000962859 0.000689684 0.00112323 0.00158608 0.00104392
internal_weight=717914 417108 300806 297912 48802 45787 42703 40606 19850 20756 18745 16142 13593 11245
internal_count=717914 417108 300806 297912 48802 45787 42703 40606 19850 20756 18745 16142 13593 11245
is_linear=0
shrinkage=0.05


Tree=39
num_leaves=15
num_cat=0
split_feature=0 0 0 0 1 0 1 1 1 1 1 1 1 2
split_gain=6.03315 2.56231 2.47528 2.80065 3.75613 2.97145 2.64951 5.01065 4.88421 4.61483 3.97833 4.05166 3.92762 8.57217
threshold=3.155624628067017 0.98444759845733654 9.9139461517334002 5.7656588554382333 33.493719100952156 5.8382956981658944 14.751514434814455 28.31158542633057 11.186601161956789 31.537603378295902 9.0996832847595233 3.1270717382431035 26.073238372802738 1.0000000180025095e-35
decision_type=2 2 2 2 2 2 2 2 2 2 2 2 2 2
left_child=1 -1 3 -2 5 -5 8 12 10 -9 11 -7 13 -8
right_child=2 -3 -4 4 -6 6 7 9 -10 -11 -12 -13 -14 -15
leaf_value=-0.00042812774703218545 0.0001252679727174871 -6.8070302477995373e-05 -0.0014356349780028264 -0.0013530538536856926 0.0023350302343987986 0.0016314383782657213 0.0021855921119025121 -0.001837330555010244 -0.0012059753523810529 0.0010337993609089841 0.0024238228692369398 -0.00042732667685324707 0.0031153482327560436 -0.00025302193394622594
leaf_weight=56650 226173 386289 2329 2190 2766 3417 7411 2787 5207 2792 2426 7887 2588 7002
leaf_count=56650 226173 386289 2329 2190 2766 3417 7411 2787 5207 2792 2426 7887 2588 7002
internal_value=7.42545e-08 -0.000114129 0.000184034 0.000197921 0.000551405 0.00043802 0.000532802 0.000898471 9.6543e-05 -0.0004012 0.000591032 0.000195894 0.00132495 0.00100153
internal_weight=717914 442939 274975 272646 46473 43707 41517 22580 18937 5579 13730 11304 17001 14413
internal_count=717914 442939 274975 272646 46473 43707 41517 22580 18937 5579 13730 11304 17001 14413
is_linear=0
shrinkage=0.05


Tree=40
num_leaves=15
num_cat=0
split_feature=0 1 0 1 1 1 0 1 2 1 1 1 0 2
split_gain=5.57903 2.97259 2.78643 3.16883 6.22321 4.7857 6.33123 3.34576 5.78713 8.33412 2.94157 3.39358 3.73956 2.94011
threshold=1.9955905079841616 19.780621528625492 4.664483070373536 7.4945485591888437 8.4315757751464862 4.3665919303894052 6.719891071319581 5.1529059410095224 1.0000000180025095e-35 5.7967550754547128 3.3014614582061772 1.8119870424270632 5.3713400363922128 1.5000000000000002
decision_type=2 2 2 2 2 2 2 2 2 2 2 2 2 2
left_child=1 -1 -2 5 -5 6 10 -7 -9 -10 11 12 -4 -6
right_child=2 -3 3 4 13 7 -8 8 9 -11 -12 -13 -14 -15
leaf_value=-4.1069078158310718e-05 3.16065741168358e-05 -0.00040067871608677193 0.0018634793082816425 -0.0025334057009576785 0.00040324191575071965 0.0031835665179832436 -0.002189861776294526 -0.00053297016143483914 -0.00019379360482211767 0.0038617504510848979 -0.00063254984018583436 0.0029019530532792938 -0.0009927690418790791 -0.00030128005793977149
leaf_weight=129031 375003 103605 2400 2053 66248 2535 2323 3271 2190 2992 2847 2177 2176 19063
leaf_count=129031 375003 103605 2400 2053 66248 2535 2323 3271 2190 2992 2847 2177 2176 19063
internal_value=7.46318e-08 -0.000201232 9.65808e-05 0.00031751 0.000180205 0.000840773 0.000146754 0.00159303 0.00111284 0.00215074 0.000713857 0.00128159 0.00050606 0.000245797
internal_weight=717914 232636 485278 110275 87364 22911 11923 10988 8453 5182 9600 6753 4576 85311
internal_count=717914 232636 485278 110275 87364 22911 11923 10988 8453 5182 9600 6753 4576 85311
is_linear=0
shrinkage=0.05


Tree=41
num_leaves=15
num_cat=0
split_feature=0 0 1 2 2 1 0 0 1 0 1 0 0 0
split_gain=5.05627 4.81109 3.354 3.35198 5.81235 5.52137 5.46603 4.59027 2.59686 5.42303 8.7916 6.22675 3.95912 3.13044
threshold=3.8044918775558476 3.8610264062881474 19.780621528625492 1.5000000000000002 1.0000000180025095e-35 15.944038867950441 3.6375920772552495 3.6375920772552495 17.365984916687015 4.3585500717163095 16.732419967651371 8.5536823272705096 7.2649805545806894 4.1896345615386972
decision_type=2 2 2 2 2 2 2 2 2 2 2 2 2 2
left_child=3 2 -2 4 -1 6 -5 -7 9 -3 11 12 -11 -10
right_child=1 8 -4 5 -6 7 -8 -9 13 10 -12 -13 -14 -15
leaf_value=1.8577445727119902e-06 0.00061311623206593367 -0.00071283902400412296 0.0030523050736576611 0.00044754009486324976 -0.00038039273177324184 -7.4744872952768639e-05 0.0030539917536336917 -0.0024460797150938087 0.00098465747565788775 0.00030212824799158612 -0.0022090472937073466 -0.0023717623881295766 0.0016902310075155053 0.00022735896795249042
leaf_weight=264642 3350 21190 2431 47445 159306 55296 2091 2109 16620 56067 3564 2040 5646 76117
leaf_count=264642 3350 21190 2431 47445 159306 55296 2091 2109 16620 56067 3564 2040 5646 76117
internal_value=7.39503e-08 0.00022363 0.00164233 -7.86847e-05 -0.000141785 0.000171456 0.000558157 -0.000162276 0.000178291 -1.54438e-05 0.000204155 0.000339386 0.000429376 0.000363171
internal_weight=717914 187025 5781 530889 423948 106941 49536 57405 181244 88507 67317 63753 61713 92737
internal_count=717914 187025 5781 530889 423948 106941 49536 57405 181244 88507 67317 63753 61713 92737
is_linear=0
shrinkage=0.05


Tree=42
num_leaves=15
num_cat=0
split_feature=0 0 1 0 1 2 2 1 1 1 1 2 1 1
split_gain=4.8378 2.66003 2.6121 2.60994 2.81726 2.69564 5.5966 2.55873 4.89184 3.97259 3.94017 4.94779 4.81004 5.34466
threshold=1.9955905079841616 2.0257014036178593 19.780621528625492 4.664483070373536 35.24212837219239 1.5000000000000002 1.0000000180025095e-35 1.2401474714279177 2.5951888561248784 7.0642073154449472 5.7967550754547128 1.5000000000000002 5.1529059410095224 4.1277208328247079
decision_type=2 2 2 2 2 2 2 2 2 2 2 2 2 2
left_child=2 -2 -1 5 7 6 -3 -5 -9 10 11 12 13 -10
right_child=1 3 -4 4 -6 -7 -8 8 9 -11 -12 -13 -14 -15
leaf_value=-3.724809313757535e-05 0.0011794869872123084 0.00011598205654459286 -0.00037434818033682874 0.001555469725124505 -0.0012617295328741854 0.00028923473401758996 -0.00033119169013670548 -0.001705018051724087 0.00077972570581639707 0.00021512037471323848 0.0025071162390269512 -0.0011833529058355957 -0.00069423762638542432 0.0039764362801959687
leaf_weight=129031 5528 185662 103605 4100 2837 71539 112274 2994 3241 86181 3746 2786 2201 2189
leaf_count=129031 5528 185662 103605 4100 2837 71539 112274 2994 3241 86181 3746 2786 2201 2189
internal_value=7.17602e-08 8.99386e-05 -0.000187386 7.73598e-05 0.000290816 1.36448e-05 -5.25361e-05 0.000331926 0.000283235 0.000342723 0.00111848 0.000617192 0.00127524 0.00207336
internal_weight=717914 485278 232636 479750 110275 369475 297936 107438 103338 100344 14163 10417 7631 5430
internal_count=717914 485278 232636 479750 110275 369475 297936 107438 103338 100344 14163 10417 7631 5430
is_linear=0
shrinkage=0.05


Tree=43
num_leaves=15
num_cat=0
split_feature=0 0 1 0 1 0 1 1 1 1 1 0 0 0
split_gain=4.36633 2.40115 2.35745 2.35581 2.58942 3.64322 2.96318 5.25423 3.18177 3.36551 5.56572 3.86578 10.5864 7.48553
threshold=1.9955905079841616 2.0257014036178593 19.780621528625492 4.664483070373536 33.630130767822273 6.2124750614166269 32.754985809326179 32.093601226806648 31.537603378295902 29.872469902038578 28.698990821838382 5.3057830333709726 5.2597839832305917 5.8382956981658944
decision_type=2 2 2 2 2 2 2 2 2 2 2 2 2 2
left_child=2 -2 -1 -3 6 -6 7 8 9 10 11 12 -5 -13
right_child=1 3 -4 4 5 -7 -8 -9 -10 -11 -12 13 -14 -15
leaf_value=-3.5385809047213678e-05 0.0011206192260634679 1.2962654472289921e-05 -0.00035563257281893013 0.00049629604188151173 3.7957287867901069e-05 -0.0024032495523736994 0.0021025239012444747 -0.0020910888492275044 0.0020646448820214967 -0.0010259093241613937 0.0025887105813399498 -0.00082318068061482 0.0040922455600811772 0.00043867799919097052
leaf_weight=129031 5528 369475 103605 30383 5937 2048 2331 2231 2646 4483 2746 16934 2185 38351
leaf_count=129031 5528 369475 103605 30383 5937 2048 2331 2231 2646 4483 2746 16934 2185 38351
internal_value=7.16784e-08 8.54473e-05 -0.000178018 7.34962e-05 0.000276294 -0.000590388 0.000344 0.000302786 0.000357643 0.000309928 0.000376133 0.000306688 0.000738732 5.2087e-05
internal_weight=717914 485278 232636 479750 110275 7985 102290 99959 97728 95082 90599 87853 32568 55285
internal_count=717914 485278 232636 479750 110275 7985 102290 99959 97728 95082 90599 87853 32568 55285
is_linear=0
shrinkage=0.05


Tree=44
num_leaves=15
num_cat=0
split_feature=0 0 1 2 2 1 0 1 0 1 1 1 1 0
split_gain=3.96139 2.35865 2.03416 1.95586 5.80163 4.63215 2.89614 3.57624 2.63095 2.46653 3.12988 2.29495 2.92427 2.16873
threshold=2.9917087554931645 3.0043526887893681 33.775814056396491 1.5000000000000002 1.0000000180025095e-35 31.821122169494632 2.5837135314941411 18.026355743408207 1.5004979968070986 30.815505981445316 28.428899765014652 22.55234527587891 23.725648880004886 2.5837135314941411
decision_type=2 2 2 2 2 2 2 2 2 2 2 2 2 2
left_child=2 -2 3 4 8 6 7 -5 -1 10 11 -9 -13 -10
right_child=1 -3 -4 5 -6 -7 -8 9 13 -11 -12 12 -14 -15
leaf_value=-0.00021981354335722859 0.001556462278211898 0.00012454769026524885 -0.00052250348784293435 0.00050174459252545366 -0.0004075320727060146 0.0016651909080186767 -0.00067154969127953873 -0.00075976951967913868 0.00029189732458265562 0.0013031541934868957 -0.0016459672451671016 0.0019828508322950909 -7.3180052136302817e-05 -0.00017087196954059555
leaf_weight=65316 2894 297912 26618 37202 115912 4737 11594 8508 95456 2279 4232 2151 8656 34447
leaf_count=65316 2894 297912 26618 37202 115912 4737 11594 8508 95456 2279 4232 2151 8656 34447
internal_value=7.2422e-08 0.000138375 -9.96684e-05 -7.08329e-05 -0.000127347 0.000150722 5.43739e-05 0.000187993 3.90259e-05 -0.000263982 -0.000416146 -0.000145974 0.000337502 0.000169179
internal_weight=717914 300806 417108 390490 311131 79359 74622 63028 195219 25826 23547 19315 10807 129903
internal_count=717914 300806 417108 390490 311131 79359 74622 63028 195219 25826 23547 19315 10807 129903
is_linear=0
shrinkage=0.05


Tree=45
num_leaves=15
num_cat=0
split_feature=0 0 1 1 0 0 1 0 0 1 2 2 1 1
split_gain=3.71414 2.18471 2.27587 2.03723 1.97384 2.80768 2.5408 2.40803 2.10367 4.01733 2.51796 4.72301 2.26712 2.61568
threshold=1.9955905079841616 2.0257014036178593 0.12903756648302081 19.780621528625492 4.8903739452362069 4.8109230995178232 25.124533653259281 9.9139461517334002 4.664483070373536 8.0914559364318865 1.5000000000000002 1.0000000180025095e-35 12.721934318542482 1.3781368732452395
decision_type=2 2 2 2 2 2 2 2 2 2 2 2 2 2
left_child=3 -2 -3 -1 5 8 -7 -6 10 -10 11 -4 13 -13
right_child=1 2 4 -5 7 6 -8 -9 9 -11 -12 12 -14 -15
leaf_value=-3.158921197339815e-05 0.0010662292108965183 0.0017051331374263456 9.7268448371507095e-05 -0.00032929247823510155 0.00030725608174053719 -0.00028016576892248712 -0.00248920683124682 -0.001317646021910991 0.0025660705490350849 0.00021320750831712164 0.00027313982491084524 0.00061062777069085031 -0.00015075997011214286 -0.00076119836226424555
leaf_weight=129031 5528 2102 184929 103605 90914 3495 2067 2329 2293 8558 71253 3853 73185 34772
leaf_count=129031 5528 2102 184929 103605 90914 3495 2067 2329 2293 8558 71253 3853 73185 34772
internal_value=7.08741e-08 7.88126e-05 6.7413e-05 -0.000164181 6.01703e-05 1.01084e-05 -0.0011041 0.000266533 2.64955e-05 0.000712312 6.25396e-06 -5.78377e-05 -0.000314363 -0.000624231
internal_weight=717914 485278 479750 232636 477648 384405 5562 93243 378843 10851 367992 296739 111810 38625
internal_count=717914 485278 479750 232636 477648 384405 5562 93243 378843 10851 367992 296739 111810 38625
is_linear=0
shrinkage=0.05


Tree=46
num_leaves=15
num_cat=0
split_feature=0 0 0 1 0 2 0 0 0 0 2 1 0 0
split_gain=3.35346 2.34139 2.37449 2.12272 2.06138 2.0184 4.24688 4.63675 1.93877 2.0029 1.902 2.40846 2.04993 3.8548
threshold=3.155624628067017 3.1245157718658452 3.1389131546020512 33.775814056396491 1.5469638705253603 1.5000000000000002 1.4684951305389407 1.38826459646225 0.67272633314132702 0.51612570881843578 1.0000000180025095e-35 30.059896469116214 3.0226904153823857 3.0653762817382817
decision_type=2 2 2 2 2 2 2 2 2 2 2 2 2 2
left_child=1 3 -3 4 5 -1 7 8 9 -7 -6 12 -12 -14
right_child=-2 2 -4 -5 10 6 -8 -9 -10 -11 11 -13 13 -15
leaf_value=-0.00029720208223780006 0.00013721853574088654 -0.0021272628548747803 -7.0223437385115859e-05 -0.00049421663311217078 0.00017070191864614767 0.00028547696371812001 -0.0016500388258707515 0.0023869297564228127 0.00037194917305549403 -0.0018632478651255105 -0.00021850035442835141 0.00049451015072753536 0.0021571663576149293 -0.00030969337773626153
leaf_weight=110145 274975 2799 2804 27868 134179 2142 2862 2572 18886 2182 114550 15394 2652 3904
leaf_count=110145 274975 2799 2804 27868 134179 2142 2862 2572 18886 2182 114550 15394 2652 3904
internal_value=6.83534e-08 -8.50752e-05 -0.00109978 -7.20502e-05 -4.33066e-05 -0.00019997 0.000173888 0.00037692 0.00015325 -0.000800621 3.70262e-05 -9.43794e-05 -0.000169269 0.000689954
internal_weight=717914 442939 5603 437336 409468 138789 28644 25782 23210 4324 270679 136500 121106 6556
internal_count=717914 442939 5603 437336 409468 138789 28644 25782 23210 4324 270679 136500 121106 6556
is_linear=0
shrinkage=0.05


Tree=47
num_leaves=15
num_cat=0
split_feature=0 0 1 1 0 1 0 0 0 1 0 0 1 1
split_gain=3.07973 4.49673 3.02121 2.60766 4.36634 7.89253 5.47805 3.439 2.93289 3.79276 2.59536 5.92109 3.4329 6.66251
threshold=3.8044918775558476 3.8610264062881474 19.780621528625492 17.365984916687015 4.3585500717163095 16.732419967651371 8.5536823272705096 7.2649805545806894 4.1896345615386972 18.466337203979496 8.5536823272705096 7.8191416263580331 33.192869186401374 34.416193008422859
decision_type=2 2 2 2 2 2 2 2 2 2 2 2 2 2
left_child=-1 2 -2 4 -3 6 7 -6 -5 -10 11 12 -11 -14
right_child=1 3 -4 8 5 -7 -8 -9 9 10 -12 -13 13 -15
leaf_value=-6.1402454043291523e-05 0.00056932226956134745 -0.00068919345459823736 0.0028842826677885577 0.00091752232007676732 0.00022759573510489078 -0.002152835961595424 -0.0022811342632054091 0.0015212794739800741 0.0016409879429203956 -3.2687847198576979e-05 0.0015963402470623332 -0.0023306223737650784 0.0024540700585000061 -4.3444805857683256e-05
leaf_weight=530889 3350 21190 2431 16620 56067 3564 2040 5646 4212 55368 2772 2530 4353 6882
leaf_count=530889 3350 21190 2431 16620 56067 3564 2040 5646 4212 55368 2772 2530 4353 6882
internal_value=6.42399e-08 0.000174537 0.0015461 0.000130707 -6.34253e-05 0.000133627 0.000261765 0.00034618 0.000315971 0.00018452 9.89882e-05 3.87272e-05 0.000129066 0.000925539
internal_weight=717914 187025 5781 181244 88507 67317 63753 61713 92737 76117 71905 69133 66603 11235
internal_count=717914 187025 5781 181244 88507 67317 63753 61713 92737 76117 71905 69133 66603 11235
is_linear=0
shrinkage=0.05


Tree=48
num_leaves=15
num_cat=0
split_feature=0 0 1 1 2 0 0 1 1 0 0 0 0 1
split_gain=2.92273 2.00588 2.05063 1.82016 1.69967 4.03082 9.05661 3.09786 2.45879 5.37474 3.12749 5.27235 3.40563 2.76055
threshold=1.9955905079841616 2.0257014036178593 0.12903756648302081 19.780621528625492 1.0000000180025095e-35 6.8343644142150888 7.2649805545806894 20.258383750915531 14.751514434814455 7.5308358669281015 3.830527782440186 3.9209799766540532 3.7336341142654423 27.866256713867191
decision_type=2 2 2 2 2 2 2 2 2 2 2 2 2 2
left_child=3 -2 -3 -1 8 -6 -7 -8 9 -4 12 -12 -10 -13
right_child=1 2 4 -5 5 6 7 -9 10 -11 11 13 -14 -15
leaf_value=-2.0313356684706781e-05 0.0010160550289536256 0.001613558788683418 1.7544171620950656e-05 -0.0003017083939669137 -8.4886996898372012e-05 0.0037944454109527428 0.00115411200709418 -0.00078850928999903537 0.00015718135092859309 -0.0022135538647670393 0.0028128192166623411 0.00074778846571614847 -0.0014731889848950245 -1.3085211365286467e-05
leaf_weight=129031 5528 2102 94183 103605 230300 2161 4008 4185 82782 2769 2510 32658 3322 18770
leaf_count=129031 5528 2102 94183 103605 230300 2161 4008 4185 82782 2769 2510 32658 3322 18770
internal_value=6.39379e-08 6.99145e-05 5.89915e-05 -0.000145641 5.21166e-05 -4.14817e-05 0.000923115 0.000162066 0.000147158 -4.63989e-05 0.000281153 0.000579657 9.41159e-05 0.000470139
internal_weight=717914 485278 479750 232636 477648 240654 10354 8193 236994 96952 140042 53938 86104 51428
internal_count=717914 485278 479750 232636 477648 240654 10354 8193 236994 96952 140042 53938 86104 51428
is_linear=0
shrinkage=0.05


Tree=49
num_leaves=15
num_cat=0
split_feature=0 1 0 0 2 2 0 0 0 0 0 0 0 1
split_gain=2.71273 2.26196 1.89101 2.50011 2.63963 5.25022 3.00513 2.3307 2.16981 2.15026 4.29227 3.69084 3.18021 2.27398
threshold=0.98444759845733654 0.12903756648302081 4.8903739452362069 4.8109230995178232 1.5000000000000002 1.0000000180025095e-35 4.6962068080902108 4.8509354591369638 9.9139461517334002 4.5934560298919687 4.3252618312835702 4.1627721786499032 3.9782660007476811 15.944038867950441
decision_type=2 2 2 2 2 2 2 2 2 2 2 2 2 2
left_child=-1 -2 3 4 5 6 -3 -5 -4 10 11 12 13 -6
right_child=1 2 8 7 9 -7 -8 -9 -10 -11 -12 -13 -14 -15
leaf_value=-0.000331969720680725 0.0014650394911917978 5.8590539935931265e-05 0.00026982795334994271 -0.0020854097989310687 0.00045477561128992616 -0.00027688499887154361 0.00154985336117438 -4.004377342569405e-05 -0.0012725917021817335 -0.0009106782903231524 0.0019171474874256874 -0.0017784376557261391 0.0018050154238825817 -2.7759601678851696e-05
leaf_weight=56650 2719 277064 90914 2784 45079 167665 3410 2778 2329 4069 3756 2298 3150 53249
leaf_count=56650 2719 277064 90914 2784 45079 167665 3410 2778 2329 4069 3756 2298 3150 53249
internal_value=6.52465e-08 2.8515e-05 2.25618e-05 -1.18503e-05 -1.3592e-06 -5.55446e-05 7.67759e-05 -0.00106574 0.000231169 0.00021621 0.000258933 0.000198737 0.000243682 0.000193485
internal_weight=717914 661264 658545 565302 559740 448139 280474 5562 93243 111601 107532 103776 101478 98328
internal_count=717914 661264 658545 565302 559740 448139 280474 5562 93243 111601 107532 103776 101478 98328
is_linear=0
shrinkage=0.05


Tree=50
num_leaves=15
num_cat=0
split_feature=0 0 0 1 1 1 1 0 0 0 1 1 1 1
split_gain=2.47956 1.82861 1.68336 4.24214 6.54855 2.55023 5.45665 2.66966 10.9121 4.11033 3.66093 4.01246 3.14329 2.58043
threshold=1.9955905079841616 2.0257014036178593 5.7656588554382333 33.630130767822273 31.537603378295902 3.1270717382431035 5.0184702873229989 7.5308358669281015 7.8191416263580331 8.5536823272705096 28.31158542633057 22.277522087097172 20.258383750915531 7.3180341720581064
decision_type=2 2 2 2 2 2 2 2 2 2 2 2 2 2
left_child=-1 -2 -3 4 5 -4 -7 10 -9 12 11 13 -10 -8
right_child=1 2 3 -5 -6 6 7 8 9 -11 -12 -13 -14 -15
leaf_value=-0.00013414200388284093 0.00096776511734454032 2.2449437211587167e-05 0.0014940867830479133 -0.0014813729892830716 0.0026732660494964704 -0.002044223984837145 0.001420172443536019 0.0042332482237798855 0.00045326884204959883 0.0015851931295262772 -0.0017546828473853559 0.0014666411044116289 -0.0021105563617011352 -0.00032724796750504772
leaf_weight=232636 5528 430948 3983 3015 3084 2593 2425 2081 2546 3102 2501 5280 2239 15953
leaf_count=232636 5528 430948 3983 3015 3084 2593 2425 2081 2546 3102 2501 5280 2239 15953
internal_value=6.25315e-08 6.43999e-05 5.39708e-05 0.000332259 0.000451982 0.000290973 0.000166858 0.00032608 0.00102192 0.000170322 6.0636e-05 0.000253202 -0.000748297 -9.60267e-05
internal_weight=717914 485278 479750 48802 45787 42703 38720 36127 9968 7887 26159 23658 4785 18378
internal_count=717914 485278 479750 48802 45787 42703 38720 36127 9968 7887 26159 23658 4785 18378
is_linear=0
shrinkage=0.05


Tree=51
num_leaves=15
num_cat=0
split_feature=0 1 2 0 0 2 0 0 1 1 1 1 1 1
split_gain=2.34533 2.00569 1.59994 3.53431 8.11712 3.60498 4.80071 3.63572 4.40709 10.0455 3.3327 9.07445 3.73739 7.97432
threshold=0.98444759845733654 0.12903756648302081 1.0000000180025095e-35 6.8343644142150888 7.2649805545806894 1.5000000000000002 5.3057830333709726 5.7656588554382333 26.921344757080082 11.186601161956789 35.24212837219239 34.005489349365241 31.821122169494632 26.482630729675297
decision_type=2 2 2 2 2 2 2 2 2 2 2 2 2 2
left_child=-1 -2 -3 5 -5 7 10 -4 9 -9 11 12 13 -7
right_child=1 2 3 4 -6 6 -8 8 -10 -11 -12 -13 -14 -15
leaf_value=-0.0003086682551885135 0.0013792207418390511 9.9165253318634451e-05 -0.00026711450568398567 0.0035703695265634342 0.00013158156221548529 0.0003652108189346925 -0.00089618587459971023 0.0025094661148492127 0.0027333927566888603 -0.0020027089860934436 0.0018262231306865201 -0.0022474247642862801 0.0013021400292732249 -0.00080508998170224135
leaf_weight=56650 2719 327918 183896 2161 8193 86372 10695 2254 2207 2700 3094 3758 7801 17496
leaf_count=56650 2719 327918 183896 2161 8193 86372 10695 2254 2207 2700 3094 3758 7801 17496
internal_value=6.39236e-08 2.6517e-05 2.09111e-05 -5.67024e-05 0.000852049 -8.61068e-05 0.000117866 -0.000224057 0.000880494 5.11865e-05 0.000209439 0.000165947 0.000247359 0.000168021
internal_weight=717914 661264 658545 330627 10354 320273 129216 191057 7161 4954 118521 115427 111669 103868
internal_count=717914 661264 658545 330627 10354 320273 129216 191057 7161 4954 118521 115427 111669 103868
is_linear=0
shrinkage=0.05


Tree=52
num_leaves=15
num_cat=0
split_feature=0 2 2 1 1 1 1 0 0 1 0 2 1 0
split_gain=2.19723 1.78681 3.50771 1.78628 1.72244 5.46122 5.39582 3.88718 8.63844 6.89399 3.32129 3.75468 3.1953 3.41814
threshold=2.9393748044967656 1.5000000000000002 1.0000000180025095e-35 7.6534869670867929 28.31158542633057 23.333030700683597 23.019564628601078 5.1745252609252939 6.5541508197784433 31.961916923522953 4.6962068080902108 1.0000000180025095e-35 29.61739540100098 3.8044918775558476
decision_type=2 2 2 2 2 2 2 2 2 2 2 2 2 2
left_child=1 2 -1 -4 5 6 -2 10 -9 -10 12 -12 -6 -14
right_child=4 -3 3 -5 7 -7 -8 8 9 -11 11 -13 13 -15
leaf_value=-2.1849041638278006e-06 8.4032299400613647e-05 0.00013111120685204759 -0.00070941471337339921 -0.0002415645176326229 -0.0011679812842044131 0.00067367528721750227 -0.0020793689185722125 0.0012492635199939353 0.00060760756889350178 -0.003394842401867517 -0.00016286401968646674 -0.0024059248469326033 -0.00036583216888358801 0.00063612700845361249
leaf_weight=204156 196958 82966 25935 95605 6766 42965 2915 11804 2175 2114 3637 3824 22366 13728
leaf_count=204156 196958 82966 25935 95605 6766 42965 2915 11804 2175 2114 3637 3824 22366 13728
internal_value=6.58373e-08 -7.60266e-05 -0.000128794 -0.000341448 0.000100618 0.000162327 5.23782e-05 -0.000125007 0.000551188 -0.00136846 -0.000341326 -0.00131419 -0.000171705 1.53238e-05
internal_weight=717914 408662 325696 121540 309252 242838 199873 66414 16093 4289 50321 7461 42860 36094
internal_count=717914 408662 325696 121540 309252 242838 199873 66414 16093 4289 50321 7461 42860 36094
is_linear=0
shrinkage=0.05


Tree=53
num_leaves=15
num_cat=0
split_feature=1 0 2 0 0 1 2 0 1 0 1 1 1 1
split_gain=2.1022 2.08519 1.52189 3.19473 7.24115 2.63405 2.45234 4.28265 3.35021 6.67461 5.34241 4.86771 4.60668 4.50064
threshold=0.12903756648302081 1.1239969134330752 1.0000000180025095e-35 6.8343644142150888 7.2649805545806894 20.258383750915531 1.5000000000000002 5.3057830333709726 25.762697219848636 4.7363896369934091 30.494273185729984 29.61739540100098 22.40629863739014 21.661662101745609
decision_type=2 2 2 2 2 2 2 2 2 2 2 2 2 2
left_child=-1 -2 -3 6 -5 -6 -4 8 12 10 11 -10 13 -8
right_child=1 2 3 4 5 -7 7 -9 9 -11 -12 -13 -14 -15
leaf_value=0.0013313712704639373 -0.00025295470680765137 0.00010158306306073588 -0.00019693654855987947 0.0033782881766134931 0.0010451286231872277 -0.00074616707086772494 0.00028872590466020697 -0.0008669872428966384 -0.00034514148443786567 -0.002707827108092213 0.00053663951755518143 -0.0028272958758124413 0.0013838186465701221 -0.0019200972642913292
leaf_weight=2943 76032 317811 185540 2161 4008 4185 69010 10695 11159 2525 17529 2391 9549 2376
leaf_count=2943 76032 317811 185540 2161 4008 4185 69010 10695 11159 2525 17529 2391 9549 2376
internal_value=5.75566e-08 -5.44101e-06 2.40159e-05 -5.27507e-05 0.000810828 0.000130337 -8.15476e-05 8.94086e-05 0.000178779 -0.000240835 -3.95993e-05 -0.000784898 0.00035301 0.000214949
internal_weight=717914 714971 638939 321128 10354 8193 310774 125234 114539 33604 31079 13550 80935 71386
internal_count=717914 714971 638939 321128 10354 8193 310774 125234 114539 33604 31079 13550 80935 71386
is_linear=0
shrinkage=0.05


Tree=54
num_leaves=15
num_cat=0
split_feature=0 2 2 1 1 0 0 0 1 0 1 1 1 2
split_gain=2.04497 2.64553 4.39687 2.20116 4.59461 3.90085 3.24688 2.98087 4.84505 5.25586 2.67834 2.47546 3.83596 3.70549
threshold=4.664483070373536 1.5000000000000002 1.0000000180025095e-35 7.0642073154449472 5.7967550754547128 4.8903739452362069 5.2597839832305917 5.6355636119842538 3.1270717382431035 7.036393642425538 8.4315757751464862 9.6770539283752459 10.429559230804445 1.0000000180025095e-35
decision_type=2 2 2 2 2 2 2 2 2 2 2 2 2 2
left_child=1 2 -1 4 5 -2 -7 -8 -9 -10 -5 13 -13 -12
right_child=3 -3 -4 10 -6 6 7 8 9 -11 11 12 -14 -15
leaf_value=2.8242673982310993e-05 0.0020154764838406017 0.00017369776052760116 -0.00028228924641491258 -0.0012249309534186409 0.0022420549546250698 -0.001336419282879503 0.0020298966593759321 0.0012566421778120978 -0.0026163287297787086 0.00068200796571409429 0.002790723729940256 -0.0019976478688616024 0.00013823847051085535 -2.3735857260637435e-05
leaf_weight=304971 2817 120650 182018 3707 3746 3513 2242 4103 2576 2260 2140 2150 78457 2564
leaf_count=304971 2817 120650 182018 3707 3746 3513 2242 4103 2576 2260 2140 2150 78457 2564
internal_value=5.34428e-08 -3.58969e-05 -8.78258e-05 0.000198133 0.000655143 0.000314581 -1.2648e-05 0.000404095 -5.48651e-06 -0.0010767 8.89398e-05 0.000146168 8.10281e-05 0.00125986
internal_weight=717914 607639 486989 110275 21257 17511 14694 11181 8939 4836 89018 85311 80607 4704
internal_count=717914 607639 486989 110275 21257 17511 14694 11181 8939 4836 89018 85311 80607 4704
is_linear=0
shrinkage=0.05


Tree=55
num_leaves=15
num_cat=0
split_feature=0 0 0 0 1 0 1 1 1 1 1 1 2 0
split_gain=1.8807 1.70367 1.59499 1.97735 4.13865 2.4657 2.61497 4.62681 3.81707 3.85702 3.73859 3.33134 3.33408 6.85032
threshold=1.9955905079841616 2.0257014036178593 9.9139461517334002 5.7656588554382333 33.493719100952156 5.8382956981658944 14.751514434814455 28.31158542633057 11.186601161956789 9.0996832847595233 31.394181251525882 3.1270717382431035 1.0000000180025095e-35 6.8343644142150888
decision_type=2 2 2 2 2 2 2 2 2 2 2 2 2 2
left_child=-1 -2 3 -3 5 -5 8 -8 9 11 -9 -7 -13 -14
right_child=1 2 -4 4 -6 6 7 10 -10 -11 -12 12 13 -15
leaf_value=-0.00011682639731519776 0.0009280412970575358 1.8979857876539747e-05 -0.001256471517410117 -0.0013881125027894335 0.0022343346685610747 0.0012466178258417723 0.0011027627400918712 -0.0019228509964812641 -0.0012550343330475654 0.00213817718737441 0.00066581671570320868 -0.0018750807432995138 -0.0014981647982826517 0.0023193541265285472
leaf_weight=232636 5528 430948 2329 2190 2766 3417 17001 2630 5207 2426 2949 3159 2601 2127
leaf_count=232636 5528 430948 2329 2190 2766 3417 17001 2630 5207 2426 2949 3159 2601 2127
internal_value=5.34685e-08 5.60854e-05 4.6019e-05 5.23991e-05 0.000362228 0.000243268 0.000329636 0.000692914 -0.000103665 0.000333579 -0.000555766 -5.52607e-05 -0.000620157 0.000220505
internal_weight=717914 485278 479750 477421 46473 43707 41517 22580 18937 13730 5579 11304 7887 4728
internal_count=717914 485278 479750 477421 46473 43707 41517 22580 18937 13730 5579 11304 7887 4728
is_linear=0
shrinkage=0.05


Tree=56
num_leaves=15
num_cat=0
split_feature=1 0 1 1 0 0 1 0 0 0 2 0 0 1
split_gain=1.82954 1.80091 1.51796 6.70317 5.83994 2.97182 2.87216 8.90678 6.93649 8.69725 15.2152 4.51103 3.11907 2.88344
threshold=0.12903756648302081 0.98444759845733654 33.775814056396491 33.192869186401374 3.6375920772552495 6.2124750614166269 19.616192817687992 8.5536823272705096 8.1905436515808123 7.2649805545806894 1.0000000180025095e-35 7.2649805545806894 6.4467315673828134 8.8310446739196795
decision_type=2 2 2 2 2 2 2 2 2 2 2 2 2 2
left_child=-1 -2 3 5 -5 -3 7 11 9 10 -8 12 -7 -13
right_child=1 2 -4 4 -6 6 8 -9 -10 -11 -12 13 -14 -15
leaf_value=0.0012420293503097486 -0.00027614926767296257 -9.3544008356019951e-06 -0.0002664565920690195 0.00058144350950872011 0.003274941765034347 0.0011859022427181446 -0.00066547672026488682 -0.0027180956294540547 0.0032229614026809484 -0.0016139554971767297 0.004498317111270001 0.00037316755531467243 -0.00062786202258195288 0.0025164689501076284
leaf_weight=2943 56426 572451 43728 7481 2746 3361 3264 2422 2897 3333 2521 2809 7975 3557
leaf_count=2943 56426 572451 43728 7481 2746 3361 3264 2422 2897 3333 2521 2809 7975 3557
internal_value=5.17276e-08 -5.07786e-06 1.81521e-05 3.83985e-05 0.00130715 1.69155e-05 0.000484686 0.0001193 0.00109606 0.000417508 0.00158869 0.00050883 -8.95295e-05 0.0015728
internal_weight=717914 714971 658545 614817 10227 604590 32139 20124 12015 9118 5785 17702 11336 6366
internal_count=717914 714971 658545 614817 10227 604590 32139 20124 12015 9118 5785 17702 11336 6366
is_linear=0
shrinkage=0.05


Tree=57
num_leaves=15
num_cat=0
split_feature=1 0 1 1 1 0 0 0 0 1 1 1 0 0
split_gain=1.65172 1.62544 1.41041 1.41882 6.00026 5.27283 2.77534 2.5142 2.40659 3.23686 6.51575 4.19079 6.26222 7.85222
threshold=0.12903756648302081 0.98444759845733654 0.27160012722015386 33.775814056396491 33.192869186401374 3.6375920772552495 2.8414651155471806 2.0700807571411137 6.2124750614166269 4.1277208328247079 7.0642073154449472 19.616192817687992 8.1905436515808123 7.2649805545806894
decision_type=2 2 2 2 2 2 2 2 2 2 2 2 2 2
left_child=-1 -2 -3 4 8 6 7 -6 -4 -10 -11 -12 13 -13
right_child=1 2 3 -5 5 -7 -8 -9 9 10 11 12 -14 -15
leaf_value=0.0011801380387392187 -0.00026234423643907732 -0.0011149972530131108 -2.4738563493784595e-06 -0.00025313677757438471 0.00022772695685880975 0.0031117888367100596 -0.00083629201109880328 0.0024716755815642113 -0.00099944236831131452 0.0028434354175075546 -0.0002399659306415376 0.0015095881317124234 0.0030623676833750188 -0.0015334989422321427
leaf_weight=2943 56426 2729 569862 43728 2831 2746 2424 2226 3459 2940 13585 5785 2897 3333
leaf_count=2943 56426 2729 569862 43728 2831 2746 2424 2226 3459 2940 13585 5785 2897 3333
internal_value=5.66053e-08 -4.81734e-06 1.72519e-05 2.19804e-05 4.16388e-05 0.00124198 0.00055241 0.0012184 2.12219e-05 0.000443082 0.000618202 0.000361638 0.00104149 0.000396755
internal_weight=717914 714971 658545 655816 612088 10227 7481 5057 601861 31999 28540 25600 12015 9118
internal_count=717914 714971 658545 655816 612088 10227 7481 5057 601861 31999 28540 25600 12015 9118
is_linear=0
shrinkage=0.05


Tree=58
num_leaves=15
num_cat=0
split_feature=0 1 1 1 1 1 0 0 1 0 0 0 0 1
split_gain=1.54019 1.55564 4.83393 4.86586 3.49017 5.0347 7.5307 8.82055 3.4113 4.04046 4.41051 4.34032 2.59912 2.39823
threshold=2.9393748044967656 28.31158542633057 23.333030700683597 23.019564628601078 29.303289413452152 29.755519866943363 6.4467315673828134 5.3713400363922128 32.907075881958015 4.5126798152923593 3.7817831039428715 3.4789394140243535 3.1389131546020512 31.666419029235843
decision_type=2 2 2 2 2 2 2 2 2 2 2 2 2 2
left_child=-1 2 3 -2 -3 -6 7 8 9 10 11 -7 -10 -11
right_child=1 4 -4 -5 5 6 -8 -9 12 13 -12 -13 -14 -15
leaf_value=-6.3647425660403987e-05 6.951031277475792e-05 -0.0010987122835592303 0.00062397714168653865 -0.0019849040805666636 0.0018775164036337101 -0.00035833032049408789 -0.0023103816587578211 0.0015799567123605568 -0.0011551776276818959 -0.0010375899022969873 0.00081561943589560928 -0.0028577548399574635 0.00039521307304033376 -0.0032543923572402253
leaf_weight=408662 196958 8149 42965 2915 3373 7423 3621 7913 3120 3086 5622 2259 19824 2024
leaf_count=408662 196958 8149 42965 2915 3373 7423 3621 7913 3120 3086 5622 2259 19824 2024
internal_value=6.01691e-08 8.42461e-05 0.000142891 3.94504e-05 -0.000130175 5.45055e-06 -0.000109905 4.59232e-05 -0.000234343 -0.000704365 -0.000297385 -0.000943842 0.000183974 -0.00192028
internal_weight=717914 309252 242838 199873 66414 58265 54892 51271 43358 20414 15304 9682 22944 5110
internal_count=717914 309252 242838 199873 66414 58265 54892 51271 43358 20414 15304 9682 22944 5110
is_linear=0
shrinkage=0.05


Tree=59
num_leaves=15
num_cat=0
split_feature=1 0 0 0 1 0 1 1 1 1 2 1 1 0
split_gain=1.49267 1.42901 1.32565 1.41584 3.89979 2.11986 2.39783 4.33843 3.20878 3.17364 9.29962 5.15859 4.96933 4.62921
threshold=0.12903756648302081 0.98444759845733654 9.9139461517334002 5.7656588554382333 33.493719100952156 5.8382956981658944 14.751514434814455 28.31158542633057 31.394181251525882 25.57122898101807 1.0000000180025095e-35 21.82566070556641 17.50726413726807 6.8343644142150888
decision_type=2 2 2 2 2 2 2 2 2 2 2 2 2 2
left_child=-1 -2 3 -3 5 -5 -7 9 -9 10 11 13 -12 -8
right_child=1 2 -4 4 -6 6 7 8 -10 -11 12 -13 -14 -15
leaf_value=0.0011218759379886896 -0.00024604743854827901 1.7908407328688637e-07 -0.0011721101038357231 -0.0013410430790688473 0.0021044718466811628 -0.00017048032701518433 0.001537498354164188 -0.0018778994066240722 0.00052050316423907055 0.0024837845846325626 -0.0027097911060876396 -0.00014306821640014484 0.00023818879772708165 0.0045959471499026272
leaf_weight=2943 56426 610217 2329 2190 2766 18463 3096 2630 2949 2947 2045 2152 4692 2069
leaf_count=2943 56426 610217 2329 2190 2766 18463 3096 2630 2949 2947 2045 2152 4692 2069
internal_value=5.10608e-08 -4.58228e-06 1.61106e-05 2.03455e-05 0.000287813 0.000171125 0.000252119 0.000597589 -0.000611466 0.000994476 0.000680637 0.00191363 -0.000659353 0.00276917
internal_weight=717914 714971 658545 656216 45999 43233 41043 22580 5579 17001 14054 7317 6737 5165
internal_count=717914 714971 658545 656216 45999 43233 41043 22580 5579 17001 14054 7317 6737 5165
is_linear=0
shrinkage=0.05


Tree=60
num_leaves=15
num_cat=0
split_feature=1 1 0 0 2 1 1 1 0 0 1 0 0 0
split_gain=1.52303 5.11588 4.83095 2.5546 2.60962 9.33952 3.14881 2.78704 5.65318 2.2937 2.29036 4.47584 3.4786 3.935
threshold=33.775814056396491 33.192869186401374 3.6375920772552495 6.2124750614166269 1.0000000180025095e-35 27.225621223449711 7.6534869670867929 17.50726413726807 7.8191416263580331 5.7033410072326669 24.024094581604007 8.1905436515808123 7.2649805545806894 6.4467315673828134
decision_type=2 2 2 2 2 2 2 2 2 2 2 2 2 2
left_child=1 3 -3 -1 10 6 -6 -8 -9 -2 11 12 13 -5
right_child=9 2 -4 4 5 -7 7 8 -10 -11 -12 -13 -14 -15
leaf_value=-2.0844974868808043e-05 -0.00017798096651609394 0.00048219590423816979 0.0029012602513321089 0.0020009012843001822 0.0016497768402616343 0.0039902468072064278 -0.00086384737841597179 0.0022417289474029527 -0.0011991430570003937 -0.0015322746298053081 -0.0010396431603048081 -0.0013612921959695202 0.0024276329213295594 -0.00053836400828327061
leaf_weight=627510 43663 8240 2746 2237 3753 2100 5102 2847 2042 3358 4032 2975 2565 4744
leaf_count=627510 43663 8240 2746 2237 3753 2100 5102 2847 2042 3358 4032 2975 2565 4744
internal_value=5.19707e-08 1.93336e-05 0.00108894 1.51077e-06 0.000434401 0.000892867 0.00041705 -4.71963e-05 0.000805058 -0.000275003 -4.7031e-06 0.000329131 0.000856823 0.000277019
internal_weight=717914 670893 10986 659907 32397 15844 13744 9991 4889 47021 16553 12521 9546 6981
internal_count=717914 670893 10986 659907 32397 15844 13744 9991 4889 47021 16553 12521 9546 6981
is_linear=0
shrinkage=0.05


Tree=61
num_leaves=15
num_cat=0
split_feature=1 1 0 0 2 1 1 0 1 0 0 2 2 0
split_gain=1.37479 4.61841 4.36182 2.30673 2.35594 8.43328 2.84255 2.68901 5.11232 2.22896 2.60325 2.18877 3.43504 7.3349
threshold=33.775814056396491 33.192869186401374 3.6375920772552495 6.2124750614166269 1.0000000180025095e-35 27.225621223449711 7.6534869670867929 7.5308358669281015 17.50726413726807 2.8414651155471806 2.0700807571411137 1.0000000180025095e-35 1.5000000000000002 5.3057830333709726
decision_type=2 2 2 2 2 2 2 2 2 2 2 2 2 2
left_child=1 3 9 11 -5 6 -6 8 -8 10 -3 -1 -13 -14
right_child=-2 2 -4 4 5 -7 7 -9 -10 -11 -12 12 13 -15
leaf_value=7.406044261537105e-05 -0.00026127096162109988 0.00015398300765547094 0.0027567236679241392 -4.4230143710131057e-06 0.001567507247949575 0.0037916800890635685 -0.0019115253071808843 0.00099315975452674249 0.0010047412326914769 -0.00081341508459561909 0.0023278020046259475 -0.00024774267929960671 0.00017846955389146305 -0.0015296044293471849
leaf_weight=312136 47021 3590 2746 16553 3753 2100 3581 3834 2576 2424 2226 188874 119877 6623
leaf_count=312136 47021 3590 2746 16553 3753 2100 3581 3834 2576 2424 2226 188874 119877 6623
internal_value=5.55762e-08 1.83748e-05 0.00103465 1.44071e-06 0.000412793 0.000848408 0.000396264 -4.48276e-05 -0.000691751 0.000458115 0.000988552 -1.98028e-05 -0.000112702 8.89283e-05
internal_weight=717914 670893 10986 659907 32397 15844 13744 9991 6157 8240 5816 627510 315374 126500
internal_count=717914 670893 10986 659907 32397 15844 13744 9991 6157 8240 5816 627510 315374 126500
is_linear=0
shrinkage=0.05


Tree=62
num_leaves=15
num_cat=0
split_feature=1 0 2 1 1 0 1 0 2 2 0 1 1 1
split_gain=1.34765 1.27963 1.34119 3.21974 3.65982 2.23703 1.29375 1.25324 1.41879 1.67008 3.37546 5.64463 5.38004 2.79722
threshold=0.12903756648302081 1.1435822248458865 1.5000000000000002 11.573187351226808 7.4945485591888437 1.0257255434989931 0.27160012722015386 9.9139461517334002 1.0000000180025095e-35 1.5000000000000002 5.7656588554382333 27.603961944580082 12.972082614898683 26.482630729675297
decision_type=2 2 2 2 2 2 2 2 2 2 2 2 2 2
left_child=-1 2 -2 4 -4 -5 -3 8 -8 10 -10 12 -12 -11
right_child=1 6 3 5 -6 -7 7 -9 9 13 11 -13 -14 -15
leaf_value=0.0010659963946417713 -0.00029831458440709714 -0.0010824315056078935 0.00019969255732556071 -0.00066624206506091168 0.0028718413060407491 0.0011438524643279434 0.00010346248739285056 -0.0011314125041002911 -0.00019699674551791011 0.00023307660932888409 0.0013081501843769747 0.002557905218046328 -0.0010640293637243592 -0.0002971130688329632
leaf_weight=2943 62855 2644 3436 8369 2035 2134 313905 2329 176767 94178 4537 2956 5029 33797
leaf_count=2943 62855 2644 3436 8369 2035 2134 313905 2329 176767 94178 4537 2956 5029 33797
internal_value=5.8419e-08 -4.3441e-06 -0.000194352 0.000214654 0.00119705 -0.000297729 1.92038e-05 2.38187e-05 2.80993e-05 -4.64668e-05 -0.000140789 0.000652191 6.12484e-05 9.30462e-05
internal_weight=717914 714971 78829 15974 5471 10503 636142 633498 631169 317264 189289 12522 9566 127975
internal_count=717914 714971 78829 15974 5471 10503 636142 633498 631169 317264 189289 12522 9566 127975
is_linear=0
shrinkage=0.05


Tree=63
num_leaves=15
num_cat=0
split_feature=1 0 1 1 1 0 0 0 0 1 1 1 0 2
split_gain=1.21668 1.19231 1.20191 4.02244 3.53231 4.39036 3.32987 2.98317 3.48346 2.6057 6.24529 6.61069 2.81864 4.43787
threshold=0.12903756648302081 1.7805435657501223 13.863571166992189 16.732419967651371 17.365984916687015 4.2556700706481942 2.5681040287017827 8.5536823272705096 7.2649805545806894 5.2967031002044687 5.0184702873229989 4.9152944087982187 2.5083326101303105 1.5000000000000002
decision_type=2 2 2 2 2 2 2 2 2 2 2 2 2 2
left_child=-1 -2 7 6 5 -5 -4 8 9 10 11 12 13 -3
right_child=1 2 3 4 -6 -7 -8 -9 -10 -11 -12 -13 -14 -15
leaf_value=0.0010128770084465396 -0.00011164831526758175 0.00025580104805949752 0.0012185328518989238 -0.00014724362558735468 6.0345831220118647e-05 -0.0022711980878009456 0.00026055683682559732 -0.0019585352793244346 0.0012915746228256534 -0.00021768070026924411 0.0020976304258880194 -0.0027506338554486656 -5.8346615583074681e-05 0.0021489554372524367
leaf_weight=2943 189482 14275 12770 7294 268009 3642 31284 2040 4774 120795 3921 2036 50705 3944
leaf_count=2943 189482 14275 12770 7294 268009 3642 31284 2040 4774 120795 3921 2036 50705 3944
internal_value=5.88243e-08 -4.1243e-06 3.46483e-05 9.45195e-05 2.43908e-05 -0.00085601 0.00053846 -6.08543e-05 -4.14447e-05 -7.40313e-05 0.000157696 5.02218e-05 0.000133346 0.00066658
internal_weight=717914 714971 525489 322999 278945 10936 44054 202490 200450 195676 74881 70960 68924 18219
internal_count=717914 714971 525489 322999 278945 10936 44054 202490 200450 195676 74881 70960 68924 18219
is_linear=0
shrinkage=0.05


Tree=64
num_leaves=15
num_cat=0
split_feature=0 1 1 1 1 0 0 1 0 0 0 1 0 2
split_gain=1.23092 1.51811 4.34607 3.13694 4.58062 7.01564 7.4156 3.07142 4.44658 2.65282 3.85662 2.4785 5.0192 2.26186
threshold=2.9393748044967656 28.31158542633057 27.603961944580082 29.303289413452152 29.755519866943363 6.4467315673828134 5.3713400363922128 33.192869186401374 4.7363896369934091 3.7817831039428715 3.5449024438858037 30.960071563720707 4.1330070495605478 1.0000000180025095e-35
decision_type=2 2 2 2 2 2 2 2 2 2 2 2 2 2
left_child=-1 2 -2 -3 -5 6 7 8 9 10 -6 -11 -13 -10
right_child=1 3 -4 4 5 -7 -8 -9 13 11 -12 12 -14 -15
leaf_value=-5.6896663759980768e-05 9.8805670967635226e-05 -0.0010547196890815795 0.0014323284626739407 0.0017777329087944032 -0.00029868304487615547 -0.0022418411360922721 0.001439026631808688 0.00021935610523148583 -0.00082018474743722676 -0.00099483171902352437 -0.0026576038567321259 0.0027453030788951766 -0.00028988786679669525 -0.0030483233701487904
leaf_weight=408662 236576 8149 6262 3373 8299 3621 7913 20522 2141 2191 2181 2340 3236 2448
leaf_count=408662 236576 8149 6262 3373 8299 3621 7913 20522 2141 2191 2181 2340 3236 2448
internal_value=5.64712e-08 7.53168e-05 0.00013325 -0.000136502 -7.91985e-06 -0.000117948 3.24589e-05 -0.000224518 -0.000623335 -0.000272975 -0.000791665 0.000427011 0.000986482 -0.00201283
internal_weight=717914 309252 242838 66414 58265 54892 51271 43358 22836 18247 10480 7767 5576 4589
internal_count=717914 309252 242838 66414 58265 54892 51271 43358 22836 18247 10480 7767 5576 4589
is_linear=0
shrinkage=0.05


Tree=65
num_leaves=15
num_cat=0
split_feature=1 1 0 0 0 0 0 0 1 0 0 0 0 2
split_gain=1.25739 4.1076 3.77199 2.12058 2.0512 2.32976 2.03155 2.21995 4.87013 5.40682 6.02756 5.18031 8.81975 10.2688
threshold=33.775814056396491 33.192869186401374 3.6375920772552495 5.7033410072326669 2.8414651155471806 2.0700807571411137 6.2124750614166269 6.3429889678955087 19.616192817687992 8.5536823272705096 7.2649805545806894 8.1905436515808123 7.2649805545806894 1.0000000180025095e-35
decision_type=2 2 2 2 2 2 2 2 2 2 2 2 2 2
left_child=1 6 4 -2 5 -3 -1 -8 9 10 -9 12 13 -10
right_child=3 2 -4 -5 -6 -7 7 8 11 -11 -12 -13 -14 -15
leaf_value=-1.8335787646586103e-05 -0.00015658349621669674 0.00015913037552632483 0.0025774206407275253 -0.0014587563208625933 -0.00077993485863318758 0.0022156423419931446 0.001785986711748031 -0.00069406984506286567 -0.00041719242943313785 -0.0024293542600778558 0.0012728117652410326 0.0029046609620963851 -0.0015361690181412504 0.0041202009498912716
leaf_weight=627510 43663 3590 2746 3358 2424 2226 2600 9648 2569 2422 6518 2897 3333 2410
leaf_count=627510 43663 3590 2746 3358 2424 2226 2600 9648 2569 2422 6518 2897 3333 2410
internal_value=5.10186e-08 1.75706e-05 0.000975996 -0.000249868 0.000439841 0.000948686 1.6004e-06 0.000387639 0.000265065 -0.000231348 9.92575e-05 0.00108774 0.000451758 0.00178291
internal_weight=717914 670893 10986 47021 8240 5816 659907 32397 29797 18588 16166 11209 8312 4979
internal_count=717914 670893 10986 47021 8240 5816 659907 32397 29797 18588 16166 11209 8312 4979
is_linear=0
shrinkage=0.05


Tree=66
num_leaves=15
num_cat=0
split_feature=2 2 0 1 1 0 1 1 0 1 1 0 0 0
split_gain=1.17065 2.51085 4.30995 4.30622 6.62749 3.89102 3.10213 12.1046 4.20903 3.72761 7.93875 5.6881 4.07729 5.25983
threshold=1.0000000180025095e-35 1.5000000000000002 5.7656588554382333 27.603961944580082 12.972082614898683 7.036393642425538 33.885906219482429 35.071567535400398 7.5308358669281015 30.960071563720707 27.603961944580082 4.1627721786499032 5.2262580394744882 5.0169203281402597
decision_type=2 2 2 2 2 2 2 2 2 2 2 2 2 2
left_child=-1 2 -2 4 5 -4 8 -8 9 10 12 -11 13 -3
right_child=1 6 3 -5 -6 -7 7 -9 -10 11 -12 -13 -14 -15
leaf_value=6.4204627624952197e-05 -0.00022971438973656895 0.00020795611998220581 0.0025740730807194429 0.0023758839508552024 -0.0010454135699093541 -0.00017655011328131183 -0.0025037618345685277 0.0011585978481619033 0.0021649503591763164 0.0014783515731270529 -0.0011733617675397559 -0.0012291594779577568 -0.00076673382190276494 0.0024452855472952006
leaf_weight=357253 201851 96005 3162 2956 5222 2160 4835 4214 2550 9881 12229 2405 10500 2691
leaf_count=357253 201851 96005 3162 2956 5222 2160 4835 4214 2550 9881 12229 2405 10500 2691
internal_value=5.37256e-08 -6.3491e-05 -0.000171857 0.000692755 0.000219087 0.00145946 9.71091e-05 -0.000798853 0.000156664 0.000118205 3.41951e-05 0.000947784 0.000169526 0.0002692
internal_weight=717914 360661 215351 13500 10544 5322 145310 9049 136261 133711 121425 12286 109196 98696
internal_count=717914 360661 215351 13500 10544 5322 145310 9049 136261 133711 121425 12286 109196 98696
is_linear=0
shrinkage=0.05


Tree=67
num_leaves=15
num_cat=0
split_feature=1 1 0 0 0 0 0 1 1 1 0 0 1 0
split_gain=1.07014 3.62861 3.43507 1.95925 1.86075 2.09911 1.79124 2.60766 4.55135 2.00439 1.74905 2.00016 4.36937 4.86865
threshold=33.775814056396491 33.192869186401374 3.6375920772552495 5.7033410072326669 2.8414651155471806 2.0700807571411137 3.3972306251525883 34.416193008422859 34.94244575500489 35.495138168334968 6.2124750614166269 6.3429889678955087 19.616192817687992 8.5536823272705096
decision_type=2 2 2 2 2 2 2 2 2 2 2 2 2 2
left_child=1 10 4 6 5 -3 -2 -8 -9 -10 -1 -12 13 -13
right_child=3 2 -4 -5 -6 -7 7 8 9 -11 11 12 -14 -15
leaf_value=-1.7291038158946886e-05 -0.00034608835546424315 0.00014063676030036731 0.0024452493553888677 -0.0013924952709935634 -0.00075634206867678389 0.0020926605295655447 0.0014563640329204632 -0.0016885887242014974 0.0014907635237106547 -0.00036606894400546445 0.0016867174974785314 8.6585117020388102e-05 0.001022292832569224 -0.0023128873695171886
leaf_weight=627510 30948 3590 2746 3358 2424 2226 3786 3008 3386 2535 2600 16166 11209 2422
leaf_count=627510 30948 3590 2746 3358 2424 2226 3786 3008 3386 2535 2600 16166 11209 2422
internal_value=5.47851e-08 1.62174e-05 0.000917029 -0.000230506 0.000405399 0.000890059 -0.000140843 0.0003586 -0.000107973 0.000696508 1.20716e-06 0.000359401 0.000243056 -0.00022714
internal_weight=717914 670893 10986 47021 8240 5816 43663 12715 8929 5921 659907 32397 29797 18588
internal_count=717914 670893 10986 47021 8240 5816 43663 12715 8929 5921 659907 32397 29797 18588
is_linear=0
shrinkage=0.05


Tree=68
num_leaves=15
num_cat=0
split_feature=1 1 0 0 0 1 1 2 0 1 1 0 0 0
split_gain=1.07716 5.51268 2.57009 6.92058 2.89513 3.06301 2.06078 3.5113 4.93833 1.96277 1.84463 2.04625 1.53627 4.19091
threshold=28.31158542633057 28.878820419311527 6.5541508197784433 5.2262580394744882 4.5566120147705087 33.775814056396491 27.465895652771 1.5000000000000002 4.1627721786499032 30.815505981445316 28.041254997253422 2.0107263326644902 2.4640786647796635 2.8105616569519047
decision_type=2 2 2 2 2 2 2 2 2 2 2 2 2 2
left_child=6 -2 3 4 12 9 -1 8 10 -6 11 -8 -3 -14
right_child=1 2 -4 -5 5 -7 7 -9 -10 -11 -12 -13 13 -15
leaf_value=1.5154891769644363e-05 -0.0011811827852115182 -0.00019997555439997384 -0.0013399555988758238 0.0012437152510034158 -0.00056233291199150122 0.00026040285347857424 -5.2784953605760486e-05 -0.00088269509534675671 0.0029598613425974342 -0.0024032351713105049 -0.0003892701243205584 0.0016570890355896721 0.0010005041749935888 -6.5890410435540461e-05
leaf_weight=547970 11275 63467 3654 10364 2510 3351 2963 3311 2448 3437 3921 4261 11694 43288
leaf_count=547970 11275 63467 3654 10364 2510 3351 2963 3311 2448 3437 3921 4261 11694 43288
internal_value=5.45087e-08 -0.000117606 -3.29394e-05 1.73482e-06 -9.91154e-05 -0.000948197 3.19336e-05 0.000575511 0.00093109 -0.00162851 0.000483216 0.000956663 -3.23899e-05 0.000161059
internal_weight=717914 153040 141765 138111 127747 9298 564874 16904 13593 5947 11145 7224 118449 54982
internal_count=717914 153040 141765 138111 127747 9298 564874 16904 13593 5947 11145 7224 118449 54982
is_linear=0
shrinkage=0.05


Tree=69
num_leaves=15
num_cat=0
split_feature=1 2 2 0 1 1 0 1 1 0 0 1 0 1
split_gain=1.06263 1.04014 2.31056 3.27606 4.10548 5.53616 3.17813 2.71035 10.8622 3.77443 3.42346 5.22922 4.68926 2.79768
threshold=0.12903756648302081 1.0000000180025095e-35 1.5000000000000002 5.7656588554382333 27.603961944580082 12.972082614898683 7.036393642425538 33.885906219482429 35.071567535400398 7.5308358669281015 4.5934560298919687 31.821122169494632 4.3252618312835702 26.225830078125004
decision_type=2 2 2 2 2 2 2 2 2 2 2 2 2 2
left_child=-1 -2 3 -3 5 6 -5 9 -9 10 11 12 13 -4
right_child=1 2 7 4 -6 -7 -8 8 -10 -11 -12 -13 -14 -15
leaf_value=0.00094658089728854103 5.6718283069928406e-05 -0.0002182507414696639 0.00018962307258685665 0.0024041068033751035 0.0022330048871431591 -0.0010177354708046284 -0.00013816176512143022 -0.0023620904363348266 0.0011072255306878492 0.0020479191089486904 -0.00046468968834162384 0.0015039244378383324 0.0019853521007788919 -0.00050733397120990287
leaf_weight=2943 355895 201053 83449 2840 2956 5222 2160 4835 4214 2550 21708 7410 3288 17391
leaf_count=2943 355895 201053 83449 2840 2956 5222 2160 4835 4214 2550 21708 7410 3288 17391
internal_value=5.18131e-08 -3.85752e-06 -6.38966e-05 -0.000168184 0.000595253 0.000119928 0.00130776 9.03495e-05 -0.000747037 0.000146201 0.000109656 0.000221469 0.000130071 6.93866e-05
internal_weight=717914 714971 359076 214231 13178 10222 5000 144845 9049 135796 133246 111538 104128 100840
internal_count=717914 714971 359076 214231 13178 10222 5000 144845 9049 135796 133246 111538 104128 100840
is_linear=0
shrinkage=0.05


Tree=70
num_leaves=15
num_cat=0
split_feature=0 0 0 1 1 0 2 0 0 0 1 1 1 1
split_gain=0.97487 0.925823 4.58642 1.5527 4.29076 3.0597 1.18471 2.07609 2.52872 1.90891 4.59511 5.79749 2.63108 2.92291
threshold=0.98444759845733654 7.8191416263580331 7.5308358669281015 8.9667987823486346 21.395910263061527 8.5536823272705096 1.0000000180025095e-35 7.036393642425538 6.719891071319581 4.6277542114257821 5.3958992958068857 4.0068042278289804 12.298798561096193 10.09392833709717
decision_type=2 2 2 2 2 2 2 2 2 2 2 2 2 2
left_child=-1 2 6 -3 -5 -6 9 8 -8 -2 11 -11 13 -12
right_child=1 3 -4 4 5 -7 7 -9 -10 10 12 -13 -14 -15
leaf_value=-0.00019899137382888073 3.3812347485625127e-05 -0.0015647530342904855 0.0021127994793781863 0.0011988868136515148 -0.0024424629609236903 0.00012474790708446676 -5.3354979434182186e-05 -0.0015212481555430249 0.0014598227405788536 0.00057709605781744715 0.00010783484780682684 0.0038239473647628235 0.00040446620292573391 -0.0017310224168665758
leaf_weight=56650 275846 2392 2609 3510 2235 2401 320044 2374 2775 4205 6053 2036 31434 3350
leaf_count=56650 275846 2392 2609 3510 2235 2401 320044 2374 2775 4205 6053 2036 31434 3350
internal_value=5.46397e-08 1.71095e-05 2.46415e-05 -0.000447575 -0.000118009 -0.00111549 1.62031e-05 -5.11604e-05 -4.03027e-05 8.40395e-05 0.000378267 0.00164074 0.000184973 -0.000548436
internal_weight=717914 661264 650726 10538 8146 4636 648117 325193 322819 322924 47078 6241 40837 9403
internal_count=717914 661264 650726 10538 8146 4636 648117 325193 322819 322924 47078 6241 40837 9403
is_linear=0
shrinkage=0.05


Tree=71
num_leaves=15
num_cat=0
split_feature=1 1 0 0 0 2 1 0 2 1 0 0 0 1
split_gain=0.976073 4.94929 2.46547 6.09831 3.1092 2.69052 1.92503 3.71684 3.70108 4.55576 5.58073 6.51689 4.84636 3.48342
threshold=28.31158542633057 28.878820419311527 6.5541508197784433 5.1745252609252939 4.6962068080902108 1.0000000180025095e-35 23.333030700683597 3.2680516242980961 1.5000000000000002 27.603961944580082 4.3252618312835702 3.9782660007476811 4.6277542114257821 21.661662101745609
decision_type=2 2 2 2 2 2 2 2 2 2 2 2 2 2
left_child=6 -2 3 4 -3 -6 13 -8 9 10 11 -9 -12 -1
right_child=1 2 -4 -5 5 -7 7 8 -10 -11 12 -13 -14 -15
leaf_value=2.4302934042202495e-05 -0.0011197132903004343 -3.5814264704054126e-05 -0.0013118623628814053 0.0011341802981482015 -0.00013180290616145681 -0.002099393231704588 -4.0588092542436803e-06 0.00072517807236889141 -0.00030988436398860598 0.0024007625497132843 -0.0017551872781008766 0.0034435430893848575 0.00048094816910861435 -0.00052456008948685692
leaf_weight=434765 11275 120223 3654 10945 3450 3493 62492 8474 8142 4279 3235 2974 9556 30957
leaf_count=434765 11275 120223 3654 10945 3450 3493 62492 8474 8142 4279 3235 2974 9556 30957
internal_value=5.35212e-08 -0.00011195 -3.17262e-05 2.23482e-06 -9.52717e-05 -0.00112329 3.03998e-05 0.000230432 0.000630046 0.000898415 0.000632319 0.00143375 -8.55271e-05 -1.2191e-05
internal_weight=717914 153040 141765 138111 127166 6943 564874 99152 36660 28518 24239 11448 12791 465722
internal_count=717914 153040 141765 138111 127166 6943 564874 99152 36660 28518 24239 11448 12791 465722
is_linear=0
shrinkage=0.05


Tree=72
num_leaves=15
num_cat=0
split_feature=1 1 1 0 0 0 0 0 1 0 1 0 0 1
split_gain=0.96716 1.01265 1.01123 1.81436 2.89727 2.50159 3.05276 1.71336 1.70288 2.82333 2.3022 1.20789 1.97703 1.77758
threshold=0.12903756648302081 0.27160012722015386 1.3781368732452395 3.45921802520752 5.0169203281402597 2.6973187923431401 1.7805435657501223 1.0643947124481203 2.5951888561248784 4.8903739452362069 2.8366554975509648 3.3601080179214482 2.8577018976211552 1.9895564317703249
decision_type=2 2 2 2 2 2 2 2 2 2 2 2 2 2
left_child=-1 -2 3 5 -5 6 7 -3 9 11 -10 12 13 -4
right_child=1 2 8 4 -6 -7 -8 -9 10 -11 -12 -13 -14 -15
leaf_value=0.00090306136800096318 -0.00092924574453318487 0.00080195457586306959 0.00043722645148575983 0.0017594573025294378 -0.00038939399083284609 -0.00099090706910329976 0.0012912001870635794 -0.00097743500692745755 0.0010101177539529162 -0.0020000930734532913 -4.63738307314851e-06 0.0004873080750881012 -0.0016015012894634879 -0.00073888269427621286
leaf_weight=2943 2933 2070 6183 4463 2411 4314 5329 3863 5627 2549 661114 4472 2976 6667
leaf_count=2943 2933 2070 6183 4463 2411 4314 5329 3863 5627 2549 661114 4472 2976 6667
internal_value=5.14831e-08 -3.67811e-06 1.47449e-07 0.000330313 0.00100629 3.15344e-05 0.000423721 -0.000356308 -1.06059e-05 -0.000434964 3.94172e-06 -0.000237529 -0.000442527 -0.000173077
internal_weight=717914 714971 712038 22450 6874 15576 11262 5933 689588 22847 666741 20298 15826 12850
internal_count=717914 714971 712038 22450 6874 15576 11262 5933 689588 22847 666741 20298 15826 12850
is_linear=0
shrinkage=0.05


Tree=73
num_leaves=15
num_cat=0
split_feature=1 1 0 0 1 0 0 0 0 1 1 1 1 1
split_gain=0.92584 3.12748 2.94889 1.91868 1.7343 1.68501 1.83835 1.53851 1.46392 6.7497 2.76856 7.44667 5.96086 4.97029
threshold=33.775814056396491 33.192869186401374 3.6375920772552495 5.7033410072326669 33.038743972778327 2.8414651155471806 2.0700807571411137 2.7273492813110356 6.8343644142150888 27.603961944580082 21.395910263061527 15.17199754714966 10.09392833709717 4.5291097164154062
decision_type=2 2 2 2 2 2 2 2 2 2 2 2 2 2
left_child=1 4 5 7 8 6 -3 -2 -1 10 11 12 13 -10
right_child=3 2 -4 -5 -6 -7 -8 -9 9 -11 -12 -13 -14 -15
leaf_value=-6.9419186551410615e-06 -0.00040198093472571721 0.00013719941107996825 0.0022673305919557259 -0.0013642975566685925 -0.0012350597406922432 -0.0007281646589693164 0.0019639790096436451 0.00019300059769881641 -0.0014149682969085105 0.0028512023057202132 -0.00094356257089302318 0.0025257239257967259 -0.0020434274293556864 0.0014937847643857602
leaf_weight=636570 23385 3590 2746 3358 2815 2424 2226 20278 2114 2500 4801 3264 3089 4754
leaf_count=636570 23385 3590 2746 3358 2815 2424 2226 20278 2114 2500 4801 3264 3089 4754
internal_value=4.8233e-08 1.50817e-05 0.000851381 -0.000214405 1.14642e-06 0.000377336 0.000838547 -0.000125678 6.46108e-06 0.000422008 8.36378e-05 0.000457081 -0.000222894 0.000597703
internal_weight=717914 670893 10986 47021 659907 8240 5816 43663 657092 20522 18022 13221 9957 6868
internal_count=717914 670893 10986 47021 659907 8240 5816 43663 657092 20522 18022 13221 9957 6868
is_linear=0
shrinkage=0.05


Tree=74
num_leaves=15
num_cat=0
split_feature=1 1 0 0 0 1 1 0 2 1 0 0 0 1
split_gain=0.887505 4.50422 2.42696 5.50629 2.45097 2.70801 1.77033 3.39436 3.33584 4.06772 4.97632 5.88391 4.4242 3.34987
threshold=28.31158542633057 28.878820419311527 6.5541508197784433 5.2262580394744882 4.5566120147705087 33.775814056396491 23.333030700683597 3.2680516242980961 1.5000000000000002 27.603961944580082 4.3252618312835702 3.9782660007476811 4.6277542114257821 24.442849159240726
decision_type=2 2 2 2 2 2 2 2 2 2 2 2 2 2
left_child=6 -2 3 4 -3 -6 -1 -8 9 10 11 -9 -12 -14
right_child=1 2 -4 -5 5 -7 7 8 -10 -11 12 -13 13 -15
leaf_value=-1.1858652033502546e-05 -0.0010681375429616904 -2.5090039037255994e-05 -0.0013003225324121452 0.0011113036820522687 -0.0015074042075576286 0.00026862287628796227 -3.2770241204209046e-06 0.0006895401494406815 -0.00028965455910143927 0.0022770837259462181 -0.0016671213067753939 0.0032725197685772216 0.002040731991396439 -8.7628261120965354e-05
leaf_weight=465722 11275 118449 3654 10364 5947 3351 62492 8474 8142 4279 3235 2974 2494 7062
leaf_count=465722 11275 118449 3654 10364 5947 3351 62492 8474 8142 4279 3235 2974 2494 7062
internal_value=4.81288e-08 -0.000106753 -3.02213e-05 3.47346e-06 -8.64838e-05 -0.000867723 2.89849e-05 0.000220811 0.000602697 0.000857479 0.000606035 0.00136283 -7.18321e-05 0.000469401
internal_weight=717914 153040 141765 138111 127747 9298 564874 99152 36660 28518 24239 11448 12791 9556
internal_count=717914 153040 141765 138111 127747 9298 564874 99152 36660 28518 24239 11448 12791 9556
is_linear=0
shrinkage=0.05


Tree=75
num_leaves=15
num_cat=0
split_feature=1 1 1 0 0 0 0 0 1 0 1 0 0 1
split_gain=0.882482 0.912253 0.932037 1.66467 2.56052 2.25824 2.75559 1.54689 1.51937 2.51384 2.08312 1.0904 1.78495 1.60453
threshold=0.12903756648302081 0.27160012722015386 1.3781368732452395 3.45921802520752 5.0169203281402597 2.6973187923431401 1.7805435657501223 1.0643947124481203 2.5951888561248784 4.8903739452362069 2.8366554975509648 3.3601080179214482 2.8577018976211552 1.9895564317703249
decision_type=2 2 2 2 2 2 2 2 2 2 2 2 2 2
left_child=-1 -2 3 5 -5 6 7 -3 9 11 -10 12 13 -4
right_child=1 2 8 4 -6 -7 -8 -9 10 -11 -12 -13 -14 -15
leaf_value=0.00086262186219734731 -0.00088200449517348884 0.00076298515290668199 0.00041633895842026924 0.0016726190411638078 -0.00034754960116473881 -0.00094053841611657337 0.0012276993108917993 -0.00092775186707993995 0.00096063978925806169 -0.0018879056466675533 -4.6262672038170241e-06 0.00046393497551521705 -0.0015207575484671144 -0.00070105525338246791
leaf_weight=2943 2933 2070 6183 4463 2411 4314 5329 3863 5627 2549 661114 4472 2976 6667
leaf_count=2943 2933 2070 6183 4463 2411 4314 5329 3863 5627 2549 661114 4472 2976 6667
internal_value=4.82928e-08 -3.51429e-06 1.16688e-07 0.00031709 0.000964586 3.09011e-05 0.000403523 -0.000337569 -1.0207e-05 -0.000411048 3.53444e-06 -0.000224748 -0.000419521 -0.000163496
internal_weight=717914 714971 712038 22450 6874 15576 11262 5933 689588 22847 666741 20298 15826 12850
internal_count=717914 714971 712038 22450 6874 15576 11262 5933 689588 22847 666741 20298 15826 12850
is_linear=0
shrinkage=0.05


Tree=76
num_leaves=15
num_cat=0
split_feature=0 1 1 2 1 0 1 1 1 0 0 0 0 0
split_gain=0.858763 0.75989 2.96275 5.89415 2.00843 1.41249 10.8365 1.36643 4.58722 4.12969 2.5645 4.94619 3.33883 3.0603
threshold=0.98444759845733654 33.775814056396491 33.493719100952156 1.0000000180025095e-35 34.005489349365241 8.5536823272705096 18.904769897460941 28.31158542633057 28.878820419311527 6.2124750614166269 5.2262580394744882 3.2826570272445683 5.7033410072326669 2.4640786647796635
decision_type=2 2 2 2 2 2 2 2 2 2 2 2 2 2
left_child=-1 2 5 -4 -3 7 -7 -2 -9 10 11 13 -12 -10
right_child=1 4 3 -5 -6 6 -8 8 9 -11 12 -13 -14 -15
leaf_value=-0.00018677189729553517 4.5175284738213991e-05 -0.0010980015886460927 -0.00054594138657292361 0.0027843573003925228 -5.9544277261183384e-05 -0.0015316826906276962 0.0034182026378348873 -0.001147036218935448 -5.3234589071698984e-05 -0.0019531893711085407 0.0022745639726132021 -0.00066190891404201439 -0.00030749916490992115 0.00076453181160395
leaf_weight=56650 516397 5288 2523 2790 38440 2233 2172 10504 33195 2707 2785 22520 2264 17446
leaf_count=56650 516397 5288 2523 2790 38440 2233 2172 10504 33195 2707 2785 22520 2264 17446
internal_value=4.532e-08 1.60524e-05 3.03163e-05 0.00120483 -0.000185347 2.01041e-05 0.000911201 1.36312e-05 -0.000164533 -3.6866e-05 2.97029e-05 -4.55754e-05 0.00111843 0.000228584
internal_weight=717914 661264 617536 5313 43728 612223 4405 607818 91421 80917 78210 73161 5049 50641
internal_count=717914 661264 617536 5313 43728 612223 4405 607818 91421 80917 78210 73161 5049 50641
is_linear=0
shrinkage=0.05


Tree=77
num_leaves=15
num_cat=0
split_feature=2 2 0 1 1 0 1 1 0 0 1 0 1 1
split_gain=0.802259 2.19314 3.37539 3.33328 5.67143 3.05668 2.35382 9.76915 3.36431 3.15962 3.3891 4.34052 7.43802 2.39359
threshold=1.0000000180025095e-35 1.5000000000000002 5.7656588554382333 27.603961944580082 12.972082614898683 7.036393642425538 33.885906219482429 35.071567535400398 7.5308358669281015 5.3057830333709726 24.993594169616703 6.2124750614166269 13.293702602386476 31.394181251525882
decision_type=2 2 2 2 2 2 2 2 2 2 2 2 2 2
left_child=-1 2 -2 4 5 -4 8 -8 9 13 11 12 -11 -3
right_child=1 6 3 -5 -6 -7 7 -9 -10 10 -12 -13 -14 -15
leaf_value=5.315060736004973e-05 -0.0002050403378369209 0.00012331330348645892 0.0023299089916420049 0.0020921422865637445 -0.00097516095529749907 -0.00010824393989729658 -0.002214576602116936 0.0010755353368059181 0.0019449021639650255 -0.00049773506296145909 0.00090511067938021375 0.00010615887322577085 -0.0044512527711849685 0.00093427627711668783
leaf_weight=357253 201851 112516 3162 2956 5222 2160 4835 4214 2550 2869 2580 3830 2026 9890
leaf_count=357253 201851 112516 3162 2956 5222 2160 4835 4214 2550 2869 2580 3830 2026 9890
internal_value=4.42437e-08 -5.25603e-05 -0.000153839 0.000611313 0.000194575 0.00134201 9.75353e-05 -0.000682919 0.000149411 0.000115026 -0.000684387 -0.0011549 -0.0021398 0.000188907
internal_weight=717914 360661 215351 13500 10544 5322 145310 9049 136261 133711 11305 8725 4895 122406
internal_count=717914 360661 215351 13500 10544 5322 145310 9049 136261 133711 11305 8725 4895 122406
is_linear=0
shrinkage=0.05


Tree=78
num_leaves=15
num_cat=0
split_feature=0 0 1 1 0 2 2 0 0 1 0 1 1 0
split_gain=0.823464 4.12863 1.35536 5.60518 2.49899 1.07067 2.04693 2.84457 2.79941 2.52401 3.91922 6.71641 2.4458 12.0852
threshold=7.8191416263580331 7.5308358669281015 21.395910263061527 12.835483551025392 8.5536823272705096 1.0000000180025095e-35 1.5000000000000002 5.3057830333709726 5.1745252609252939 24.993594169616703 6.2124750614166269 13.293702602386476 25.762697219848636 4.6962068080902108
decision_type=2 2 2 2 2 2 2 2 2 2 2 2 2 2
left_child=1 5 3 -2 -4 -1 -7 8 12 10 11 -9 -8 -14
right_child=2 -3 4 -5 -6 6 7 9 -10 -11 -12 -13 13 -15
leaf_value=6.1088450609215355e-05 -0.0010836494128473118 0.0019881079357124127 -0.0022765217060390455 0.0021256943150273194 4.3829918949079114e-05 -0.00016086723079090541 0.00026183732357864343 -0.00047293464166332815 0.0019263195846944466 0.00051118876466823128 0.00010086481276327202 -0.004229783089237959 -3.909974254240093e-06 -0.0039893060394643595
leaf_weight=350994 3794 2609 2235 2108 2401 211394 90951 2869 2177 3376 3830 2026 35149 2001
leaf_count=350994 3794 2609 2235 2108 2401 211394 90951 2869 2177 3376 3830 2026 35149 2001
internal_value=4.2817e-08 6.58175e-06 -0.000438481 6.42791e-05 -0.0010773 -7.81831e-07 -6.21661e-05 8.43792e-05 0.000152507 -0.000648601 -0.00109744 -0.00203332 0.000122214 -0.00021959
internal_weight=717914 707376 10538 5902 4636 704767 353773 142379 130278 12101 8725 4895 128101 37150
internal_count=717914 707376 10538 5902 4636 704767 353773 142379 130278 12101 8725 4895 128101 37150
is_linear=0
shrinkage=0.05


Tree=79
num_leaves=15
num_cat=0
split_feature=0 0 2 0 0 0 2 1 1 1 1 0 0 0
split_gain=0.831579 3.37217 2.00747 3.4529 3.20538 2.861 2.12975 2.10399 2.90534 5.76063 5.90001 2.3529 2.78321 1.93669
threshold=4.6277542114257821 4.5934560298919687 1.5000000000000002 4.3252618312835702 4.1627721786499032 3.9782660007476811 1.0000000180025095e-35 15.944038867950441 30.960071563720707 34.005489349365241 35.071567535400398 3.5230578184127812 3.1936514377593999 3.4151197671890263
decision_type=2 2 2 2 2 2 2 2 2 2 2 2 2 2
left_child=1 2 6 4 5 7 -1 13 11 -10 -11 12 -9 -4
right_child=-2 -3 3 -5 -6 -7 -8 8 9 10 -12 -13 -14 -15
leaf_value=2.0659052721645304e-05 0.0001244338404757474 -0.0017262200364926449 0.00024047596626937019 0.0016585125398172478 -0.0017246382290416491 0.0016409622478639433 -0.00019646956224925795 -0.00032769446822632328 0.0012333501462302105 -0.0022066173437727712 0.00084852814029552973 -0.0015060715679758524 0.0010703120487555316 0.0012106780411037859
leaf_weight=302305 113159 2883 44822 3756 2298 3150 180278 35587 9931 3189 3115 3693 3946 5802
leaf_count=302305 113159 2883 44822 3756 2298 3150 180278 35587 9931 3189 3115 3693 3946 5802
internal_value=3.70455e-08 -2.32412e-05 -1.50553e-05 0.000168602 0.000120025 0.00015761 -6.04558e-05 0.00011502 -8.667e-05 0.000483436 -0.000698023 -0.000300855 -0.000187917 0.000351888
internal_weight=717914 604755 601872 119289 115533 113235 482583 110085 59461 16235 6304 43226 39533 50624
internal_count=717914 604755 601872 119289 115533 113235 482583 110085 59461 16235 6304 43226 39533 50624
is_linear=0
shrinkage=0.05


Tree=80
num_leaves=15
num_cat=0
split_feature=1 1 0 2 1 1 0 0 1 1 1 0 1 0
split_gain=0.771207 0.826349 0.829531 0.951437 2.59971 3.00928 2.33141 1.07934 0.874065 4.33844 2.62952 4.58514 2.47166 3.79159
threshold=0.12903756648302081 0.27160012722015386 1.1435822248458865 1.5000000000000002 12.432610034942629 7.6534869670867929 1.0257255434989931 0.64032983779907238 13.737462043762209 16.732419967651371 17.365984916687015 4.2556700706481942 15.17199754714966 3.6887723207473759
decision_type=2 2 2 2 2 2 2 2 2 2 2 2 2 2
left_child=-1 -2 3 -3 5 -5 7 -6 -4 12 11 -11 13 -10
right_child=1 2 8 4 6 -7 -8 -9 9 10 -12 -13 -14 -15
leaf_value=0.00080639482552044724 -0.00083940033503617601 -0.00024084076284971572 -5.6057229128620152e-05 9.3810199270949511e-05 -0.0015304334714973554 0.0024089832396350869 0.0012174301266535013 -0.00028346189481237718 0.00050845652750124116 -0.00011404200807771867 2.5516031001934517e-05 -0.002201813924902647 0.00077503861756706251 -0.00082956566093420894
leaf_weight=2943 2933 62620 239922 3459 2517 2353 2032 5559 17600 9400 324746 3642 30627 7561
leaf_count=2943 2933 62620 239922 3459 2517 2353 2032 5559 17600 9400 324746 3642 30627 7561
internal_value=3.54517e-08 -3.29496e-06 1.60836e-07 -0.0001531 0.000191955 0.00103364 -0.000292549 -0.00067351 1.9164e-05 6.50187e-05 -2.45021e-06 -0.000698296 0.00047346 0.000106205
internal_weight=717914 714971 712038 78540 15920 5812 10108 8076 633498 393576 337788 13042 55788 25161
internal_count=717914 714971 712038 78540 15920 5812 10108 8076 633498 393576 337788 13042 55788 25161
is_linear=0
shrinkage=0.05


Tree=81
num_leaves=15
num_cat=0
split_feature=0 0 1 2 0 0 0 0 1 0 0 0 1 1
split_gain=0.793107 3.03829 1.93976 1.76373 3.12915 2.88253 2.59191 1.95566 3.29627 3.04935 2.32033 2.02878 2.99331 1.83547
threshold=4.6277542114257821 4.5934560298919687 35.24212837219239 1.5000000000000002 4.3252618312835702 4.1627721786499032 3.9782660007476811 4.2313463687896737 29.303289413452152 4.0832352638244638 4.0506248474121103 4.3585500717163095 21.395910263061527 15.944038867950441
decision_type=2 2 2 2 2 2 2 2 2 2 2 2 2 2
left_child=1 3 -2 7 5 6 13 9 11 10 -1 -9 -13 -5
right_child=2 -3 -4 4 -6 -7 -8 8 -10 -11 -12 12 -14 -15
leaf_value=-4.5478094246810525e-05 0.00015475943743852353 -0.0016391744992153717 -0.0011671129651013349 0.00032731565402876995 0.001575560455276319 -0.0016383239361567677 0.001558485295360317 -0.0013752397225407368 0.00071241243996421973 0.0007758128911748072 -0.0015745619505477971 0.00018799117316444476 -0.0013724499508335581 -8.230210833178568e-05
leaf_weight=442660 110322 2883 2837 50624 3756 2298 3150 7956 4746 11342 2485 8634 4760 59461
leaf_count=442660 110322 2883 2837 50624 3756 2298 3150 7956 4746 11342 2485 8634 4760 59461
internal_value=3.34879e-08 -2.26999e-05 0.000121519 -1.49298e-05 0.000157217 0.000110974 0.000146616 -5.74849e-05 -0.000478377 -3.34138e-05 -5.40493e-05 -0.000743294 -0.000367173 0.000106078
internal_weight=717914 604755 113159 601872 119289 115533 113235 482583 26096 456487 445145 21350 13394 110085
internal_count=717914 604755 113159 601872 119289 115533 113235 482583 26096 456487 445145 21350 13394 110085
is_linear=0
shrinkage=0.05


Tree=82
num_leaves=15
num_cat=0
split_feature=0 0 1 1 0 2 0 0 0 1 1 1 0 0
split_gain=0.772209 3.67541 1.23271 5.12191 2.25947 1.00482 1.91643 2.34016 1.65406 4.26377 5.13298 2.36093 2.92579 5.95968
threshold=7.8191416263580331 7.5308358669281015 21.395910263061527 12.835483551025392 8.5536823272705096 1.0000000180025095e-35 7.036393642425538 6.719891071319581 4.6277542114257821 5.3958992958068857 4.0068042278289804 12.298798561096193 5.9012348651885995 5.2262580394744882
decision_type=2 2 2 2 2 2 2 2 2 2 2 2 2 2
left_child=1 5 3 -2 -4 8 7 -7 -1 10 -10 12 13 -11
right_child=2 -3 4 -5 -6 6 -8 -9 9 11 -12 -13 -14 -15
leaf_value=1.6627047183925629e-05 -0.0010424602344446937 0.0018759649798214745 -0.0021741602691997867 0.0020254120575307105 3.2232020813964029e-05 -6.199686122616999e-05 -0.0014729048644849722 0.0013931570072728168 0.00055034560309952349 -0.0012253593471018441 0.0036054853852901499 0.00035683673519949186 -0.0017361361116398713 0.0019406520361173317
leaf_weight=303916 3794 2609 2235 2108 2401 348624 2374 2775 4205 3523 2036 31434 3324 2556
leaf_count=303916 3794 2609 2235 2108 2401 348624 2374 2775 4205 3523 2036 31434 3324 2556
internal_value=2.9304e-08 6.36147e-06 -0.000424628 5.48552e-05 -0.00103385 -5.86199e-07 -6.00528e-05 -5.04662e-05 5.93513e-05 0.000335099 0.0015512 0.000148912 -0.000545815 0.000106835
internal_weight=717914 707376 10538 5902 4636 704767 353773 351399 350994 47078 6241 40837 9403 6079
internal_count=717914 707376 10538 5902 4636 704767 353773 351399 350994 47078 6241 40837 9403 6079
is_linear=0
shrinkage=0.05


Tree=83
num_leaves=15
num_cat=0
split_feature=1 1 0 1 0 1 0 1 0 0 0 0 0 1
split_gain=0.718012 1.3007 2.34415 1.74454 2.59917 2.49095 2.54466 1.61904 1.61821 1.56511 1.6096 1.35954 1.27084 9.33425
threshold=35.495138168334968 34.94244575500489 3.3796172142028813 33.775814056396491 5.6355636119842538 33.192869186401374 3.6375920772552495 33.038743972778327 1.5469638705253603 2.8414651155471806 2.0700807571411137 4.4427518844604501 8.5536823272705096 18.904769897460941
decision_type=2 2 2 2 2 2 2 2 2 2 2 2 2 2
left_child=1 3 8 5 11 7 9 12 -3 10 -7 -5 -1 -14
right_child=-2 2 -4 4 -6 6 -8 -9 -10 -11 -12 -13 13 -15
leaf_value=-1.9416083462935548e-07 -0.00040353341548357943 0.0011487489006037355 0.001526276790375314 -0.00040568026596348399 -0.0021091718915260543 0.00010720646164145364 0.0020744875899713481 -0.0011940315591734917 -0.00046709868170002802 -0.00074647419869439601 0.0018164879300226638 0.00075776211963613969 -0.0014162892650470471 0.0031777160194744452
leaf_weight=652687 10845 2196 3911 19948 2062 3590 2746 2815 5196 2424 2226 2863 2233 2172
leaf_count=652687 10845 2196 3911 19948 2062 3590 2746 2815 5196 2424 2226 2863 2233 2172
internal_value=3.06887e-08 6.22616e-06 0.00053805 -2.42114e-06 -0.000413524 1.28262e-05 0.000759183 3.89704e-07 1.38374e-05 0.000318872 0.000763407 -0.000259389 5.52473e-06 0.000850972
internal_weight=717914 707069 11303 695766 24873 670893 10986 659907 7392 8240 5816 22811 657092 4405
internal_count=717914 707069 11303 695766 24873 670893 10986 659907 7392 8240 5816 22811 657092 4405
is_linear=0
shrinkage=0.05


Tree=84
num_leaves=15
num_cat=0
split_feature=0 0 1 1 0 2 0 0 0 1 0 0 1 1
split_gain=0.75016 3.31757 1.27437 4.46545 1.83162 0.905403 1.73106 2.14014 1.47314 3.91707 4.30824 2.06049 2.23395 6.86756
threshold=7.8191416263580331 7.5308358669281015 21.395910263061527 12.835483551025392 8.5536823272705096 1.0000000180025095e-35 7.036393642425538 6.719891071319581 4.6277542114257821 5.1529059410095224 5.3057830333709726 6.3429889678955087 18.3222188949585 20.078397750854496
decision_type=2 2 2 2 2 2 2 2 2 2 2 2 2 2
left_child=1 5 3 -2 -4 8 7 -7 -1 10 -10 12 -11 -14
right_child=2 -3 4 -5 -6 6 -8 -9 9 11 -12 -13 13 -15
leaf_value=1.6247165296947844e-05 -0.00095563907041031244 0.0017825347236757377 -0.0020646421938437889 0.0019088985890085104 -7.7647636183812049e-05 -5.8691641190366621e-05 -0.0013995592967209736 0.0013328839364911797 0.0028196837046563896 -0.00013799705356287853 0.00010177853525918534 -0.00055230414189363865 0.0034123595725781605 0.00034653709177559548
leaf_weight=303916 3794 2609 2235 2108 2401 348624 2374 2775 3058 14556 2780 8420 2049 16215
leaf_count=303916 3794 2609 2235 2108 2401 348624 2374 2775 3058 14556 2780 8420 2049 16215
internal_value=3.1851e-08 6.27296e-06 -0.000418519 6.89777e-05 -0.00103795 -3.27845e-07 -5.6776e-05 -4.76647e-05 5.65672e-05 0.000316798 0.00152783 0.000145033 0.00032405 0.000692164
internal_weight=717914 707376 10538 5902 4636 704767 353773 351399 350994 47078 5838 41240 32820 18264
internal_count=717914 707376 10538 5902 4636 704767 353773 351399 350994 47078 5838 41240 32820 18264
is_linear=0
shrinkage=0.05


Tree=85
num_leaves=15
num_cat=0
split_feature=1 1 1 1 1 0 0 0 1 0 0 0 0 0
split_gain=0.705498 3.65268 1.77038 5.12406 2.63605 4.37304 3.00448 3.61025 3.45033 2.62657 2.50554 4.87917 4.03124 3.62291
threshold=28.31158542633057 28.698990821838382 15.17199754714966 16.732419967651371 17.365984916687015 4.2556700706481942 3.8044918775558476 4.1896345615386972 22.40629863739014 3.9782660007476811 6.1090059280395517 7.8191416263580331 5.3057830333709726 4.6277542114257821
decision_type=2 2 2 2 2 2 2 2 2 2 2 2 2 2
left_child=2 -2 -1 -4 5 -5 -6 8 -8 -10 12 -12 13 -9
right_child=1 -3 3 4 6 -7 7 10 9 -11 11 -13 -14 -15
leaf_value=-5.5991873105600263e-05 -0.0011080510447430845 -3.6277907793724169e-05 0.0006945119511346748 -0.00010837134037628394 -3.1815745445859465e-05 -0.0021147173789952643 0.00027074064312416259 -0.00026799196829890018 0.00075278460238900158 0.0028707862759757927 0.0016292442235128959 -0.00067632726760708092 -0.00091936475531336024 0.00095352567245112786
leaf_weight=304588 8402 144638 33928 10600 156836 3642 5455 12725 2490 3574 6940 3419 9086 11591
leaf_count=304588 8402 144638 33928 10600 156836 3642 5455 12725 2490 3574 6940 3419 9086 11591
internal_value=3.47554e-08 -9.51875e-05 2.58343e-05 0.000121586 3.56856e-05 -0.000622563 7.99093e-05 0.000396835 0.00118401 0.00200376 0.000189407 0.000868369 -2.13566e-05 0.000314436
internal_weight=717914 153040 564874 260286 226358 14242 212116 55280 11519 6064 43761 10359 33402 24316
internal_count=717914 153040 564874 260286 226358 14242 212116 55280 11519 6064 43761 10359 33402 24316
is_linear=0
shrinkage=0.05


Tree=86
num_leaves=15
num_cat=0
split_feature=1 1 1 0 0 0 0 0 1 0 1 1 1 1
split_gain=0.704898 0.755843 0.802307 1.38978 2.27347 2.17436 2.48916 1.88885 1.35007 2.30809 1.89014 1.10336 2.47835 1.87313
threshold=0.12903756648302081 0.27160012722015386 1.3781368732452395 3.3972306251525883 5.0169203281402597 2.6973187923431401 1.6577763557434084 1.1817864179611208 2.5951888561248784 4.8509354591369638 2.8366554975509648 8.4315757751464862 8.5559525489807147 5.2967031002044687
decision_type=2 2 2 2 2 2 2 2 2 2 2 2 2 2
left_child=-1 -2 3 5 -5 6 7 -3 9 -4 -10 13 -13 -12
right_child=1 2 8 4 -6 -7 -8 -9 10 -11 11 12 -14 -15
leaf_value=0.00077094912822452751 -0.00080279081469916778 0.00053099606177773294 -0.00020505696958548152 0.0015252293131940492 -0.00036708476720485997 -0.00094697322206493636 0.0010797673386343889 -0.0013676686109734832 0.00091522370453771718 -0.0017735810454228306 7.8781190165297236e-05 0.0014814519050235331 1.7391676929014206e-05 -0.00032958681679924655
leaf_weight=2943 2933 2637 20203 4617 2411 4160 6040 2585 5627 2644 50979 2896 544742 62497
leaf_count=2943 2933 2637 20203 4617 2411 4160 6040 2585 5627 2644 50979 2896 544742 62497
internal_value=3.43214e-08 -3.1497e-06 1.55384e-07 0.000294242 0.00087646 2.85226e-05 0.000389375 -0.000409701 -9.42294e-06 -0.000387273 3.53034e-06 -4.24317e-06 2.51608e-05 -0.000146137
internal_weight=717914 714971 712038 22450 7028 15422 11262 5222 689588 22847 666741 661114 547638 113476
internal_count=717914 714971 712038 22450 7028 15422 11262 5222 689588 22847 666741 661114 547638 113476
is_linear=0
shrinkage=0.05


Tree=87
num_leaves=15
num_cat=0
split_feature=0 0 0 2 0 0 0 1 2 1 0 0 1 0
split_gain=0.682161 0.740583 2.73064 1.67494 2.82717 2.59155 2.21421 2.00378 1.78682 1.72584 2.28329 2.23686 2.46993 2.08273
threshold=9.9139461517334002 4.6277542114257821 4.5934560298919687 1.5000000000000002 4.3252618312835702 4.1627721786499032 3.6887723207473759 29.432046890258793 1.0000000180025095e-35 15.944038867950441 3.4359222650527959 3.1936514377593999 22.55234527587891 3.4151197671890263
decision_type=2 2 2 2 2 2 2 2 2 2 2 2 2 2
left_child=1 2 3 8 5 6 9 -8 -1 13 11 12 -11 -5
right_child=-2 -3 -4 4 -6 -7 7 -9 -10 10 -12 -13 -14 -15
leaf_value=2.1237422277755393e-05 -0.00085245778613141305 0.00012163276046901311 -0.0015514090896401119 0.0002124950731329572 0.0015043370921702748 -0.001546447468928402 0.0004835398380281413 0.0022339765127149694 -0.00017764341042619369 -0.00062980879810094778 -0.0014718670962081144 0.0011479315588061487 0.00012361857658193246 0.0015360317746399234
leaf_weight=302305 2329 110830 2883 44822 3756 2298 7061 2121 180278 16144 2900 3716 33297 3174
leaf_count=302305 2329 110830 2883 44822 3756 2298 7061 2121 180278 16144 2900 3716 33297 3174
internal_value=3.30252e-08 2.81948e-06 -1.89564e-05 -1.15902e-05 0.000156168 0.000112212 0.000146007 0.000889873 -5.30604e-05 8.02859e-05 -0.00010813 -3.34676e-05 -0.000122476 0.000300323
internal_weight=717914 715585 604755 601872 119289 115533 113235 9182 482583 104053 56057 53157 49441 47996
internal_count=717914 715585 604755 601872 119289 115533 113235 9182 482583 104053 56057 53157 49441 47996
is_linear=0
shrinkage=0.05


Tree=88
num_leaves=15
num_cat=0
split_feature=1 1 0 0 0 2 1 1 1 0 0 0 1 0
split_gain=0.668729 3.28708 1.62973 4.49397 2.38283 2.03583 1.62937 4.59893 2.37653 3.99328 2.62894 3.2732 3.1013 2.37553
threshold=28.31158542633057 28.698990821838382 5.1745252609252939 6.5541508197784433 4.6962068080902108 1.0000000180025095e-35 15.17199754714966 16.732419967651371 17.365984916687015 4.2556700706481942 3.8044918775558476 4.1896345615386972 22.40629863739014 3.9782660007476811
decision_type=2 2 2 2 2 2 2 2 2 2 2 2 2 2
left_child=6 -2 4 -4 -3 -6 -1 -8 9 -9 -10 12 -12 -14
right_child=1 2 3 -5 5 -7 7 8 10 -11 11 -13 13 -15
leaf_value=-5.3349399584636741e-05 -0.0010535138489972545 -4.1734094623765695e-05 0.00097452132760598466 -0.0010243214504541875 -0.00012980334634684338 -0.0018212060947116781 0.00065978499846582734 -9.8025564027854204e-05 -2.6889662727883774e-05 -0.0020152699578323877 0.00025776003870685705 0.00017657134914889327 0.00071112422727659581 0.0027253370690955491
leaf_weight=304588 8402 122809 10945 3774 3531 3579 33928 10600 156836 3642 5455 43761 2490 3574
leaf_count=304588 8402 122809 10945 3774 3531 3579 33928 10600 156836 3642 5455 43761 2490 3574
internal_value=3.21756e-08 -9.26755e-05 -3.67916e-05 0.000461664 -9.32947e-05 -0.000982576 2.51505e-05 0.00011701 3.56297e-05 -0.000589378 7.76201e-05 0.000374078 0.00112361 0.00190079
internal_weight=717914 153040 144638 14719 129919 7110 564874 260286 226358 14242 212116 55280 11519 6064
internal_count=717914 153040 144638 14719 129919 7110 564874 260286 226358 14242 212116 55280 11519 6064
is_linear=0
shrinkage=0.05


Tree=89
num_leaves=15
num_cat=0
split_feature=1 1 0 1 0 1 0 0 0 1 0 2 1 0
split_gain=0.655421 1.1742 2.09011 1.56529 2.40366 2.30483 4.76952 1.46268 1.28819 8.33221 1.22684 1.27647 1.80113 1.64615
threshold=35.495138168334968 34.94244575500489 3.3796172142028813 33.775814056396491 5.6355636119842538 33.493719100952156 3.1389131546020512 1.5469638705253603 8.5536823272705096 18.904769897460941 4.4427518844604501 1.5000000000000002 34.005489349365241 3.1754547357559209
decision_type=2 2 2 2 2 2 2 2 2 2 2 2 2 2
left_child=1 3 7 5 10 8 -7 -3 -1 -10 11 12 -5 -14
right_child=-2 2 -4 4 -6 6 -8 -9 9 -11 -12 -13 13 -15
leaf_value=-2.0275548104443235e-06 -0.00038554341032026845 0.0010952415502178538 0.0014443932125168294 -0.0012342510323005975 -0.0020223024614084797 -0.00013841301625254108 0.002850919227970144 -0.0004409924619745416 -0.0012873754880028114 0.0030531349397514059 0.0007227777585857402 -0.0012028916393568177 0.00041687511211337857 -0.0008665755016898307
leaf_weight=660879 10845 2196 3911 3265 2062 3440 2169 5196 2233 2172 2863 3821 9481 3381
leaf_count=660879 10845 2196 3911 3265 2062 3440 2169 5196 2233 2172 2863 3821 9481 3381
internal_value=3.00433e-08 5.94932e-06 0.000511249 -2.26671e-06 -0.000391678 1.21761e-05 0.00102058 1.62518e-05 3.65909e-06 0.000854894 -0.000243456 -0.000382425 -0.000187406 7.90867e-05
internal_weight=717914 707069 11303 695766 24873 670893 5609 7392 665284 4405 22811 19948 16127 12862
internal_count=717914 707069 11303 695766 24873 670893 5609 7392 665284 4405 22811 19948 16127 12862
is_linear=0
shrinkage=0.05


Tree=90
num_leaves=15
num_cat=0
split_feature=1 1 1 1 2 0 1 0 0 0 0 2 1 2
split_gain=0.636583 0.677038 0.755282 1.93093 3.86824 2.28644 1.71176 1.48687 3.39175 2.18515 1.90598 1.51875 1.08586 1.08068
threshold=0.12903756648302081 0.27160012722015386 1.6539137959480288 2.5951888561248784 1.5000000000000002 3.7093478441238408 2.8366554975509648 3.3972306251525883 2.6973187923431401 3.8044918775558476 1.7805435657501223 1.0000000180025095e-35 1.9895564317703249 1.0000000180025095e-35
decision_type=2 2 2 2 2 2 2 2 2 2 2 2 2 2
left_child=-1 -2 7 4 5 12 -5 8 10 -9 11 -3 -4 -10
right_child=1 2 3 6 -6 -7 -8 9 13 -11 -12 -13 -14 -15
leaf_value=0.00073263656785587273 -0.00075980368077990757 0.00061142645365416717 0.0002840772803485111 0.00087075670033868189 0.0011156609044581213 -0.0018810442780445935 -4.2497047797753306e-06 0.0020785474152817348 -0.0003405534385055318 0.00030921872272044484 0.0010418437462939069 -0.00081254939113914047 -0.00082651951656603903 -0.0017590989295484683
leaf_weight=2943 2933 3605 3215 5627 2934 4038 661114 2393 2664 6390 6535 3875 6939 2709
leaf_count=2943 2933 3605 3215 5627 2934 4038 661114 2393 2664 6390 6535 3875 6939 2709
internal_value=2.99332e-08 -2.99586e-06 1.32177e-07 -1.03212e-05 -0.000534389 -0.00087606 3.14791e-06 0.000253807 9.21691e-06 0.000793102 0.000418711 -0.000126362 -0.000474944 -0.00105771
internal_weight=717914 714971 712038 683867 17126 14192 666741 28171 19388 8783 14015 7480 10154 5373
internal_count=717914 714971 712038 683867 17126 14192 666741 28171 19388 8783 14015 7480 10154 5373
is_linear=0
shrinkage=0.05


Tree=91
num_leaves=15
num_cat=0
split_feature=0 2 1 1 0 1 0 0 1 1 0 2 1 1
split_gain=0.623595 1.06197 2.75726 2.68815 1.86409 1.95594 0.83652 1.62935 0.839003 1.01638 0.770912 0.739734 0.720854 3.69737
threshold=1.1435822248458865 1.5000000000000002 11.573187351226808 7.4945485591888437 0.64032983779907238 29.755519866943363 0.73617714643478405 0.76534768939018261 20.078397750854496 32.093601226806648 0.92140913009643566 1.0000000180025095e-35 9.8477592468261737 9.6770539283752459
decision_type=2 2 2 2 2 2 2 2 2 2 2 2 2 2
left_child=1 6 3 -3 -4 10 8 -8 -1 11 -6 -10 13 -2
right_child=12 2 4 -5 5 -7 7 -9 9 -11 -12 -13 -14 -15
leaf_value=-0.00025051199829563569 -4.1231651259140582e-05 0.00029066946785960313 -0.001411311067974568 0.0025730268192177734 0.00026841943839692612 0.0014120377287856827 -0.0017192748138525268 -0.00028745669988557301 0.0010221373092603786 -0.00057657947399292577 -0.0008888954907130634 2.5141139515750307e-05 4.9298750459422423e-05 -0.001924774721223508
leaf_weight=12885 174266 3503 2575 2035 2700 2166 2087 38072 4712 2244 3062 3071 461901 2635
leaf_count=12885 174266 3503 2575 2035 2700 2166 2087 38072 4712 2244 3062 3071 461901 2635
internal_value=2.89023e-08 -0.00013238 0.000230767 0.00113247 -0.000245307 0.000134709 -0.000224762 -0.000362276 1.63175e-05 0.00035911 -0.000347067 0.000629282 1.64288e-05 -6.93949e-05
internal_weight=717914 79112 16041 5538 10503 7928 63071 40159 22912 10027 5762 7783 638802 176901
internal_count=717914 79112 16041 5538 10503 7928 63071 40159 22912 10027 5762 7783 638802 176901
is_linear=0
shrinkage=0.05


Tree=92
num_leaves=15
num_cat=0
split_feature=1 1 0 0 0 1 0 1 1 0 2 1 0 0
split_gain=0.627671 2.98354 2.23331 4.03446 2.36007 1.59922 3.0317 1.49265 2.92554 2.46177 3.19848 3.62089 4.39545 4.58798
threshold=28.31158542633057 28.878820419311527 6.5541508197784433 5.1745252609252939 4.5566120147705087 33.493719100952156 5.7033410072326669 23.333030700683597 21.661662101745609 3.2680516242980961 1.5000000000000002 27.603961944580082 4.3252618312835702 3.9782660007476811
decision_type=2 2 2 2 2 2 2 2 2 2 2 2 2 2
left_child=7 -2 3 4 -3 6 -5 8 -1 -9 11 12 13 -11
right_child=1 2 -4 5 -6 -7 -8 9 -10 10 -12 -13 -14 -15
leaf_value=2.0301834800180545e-05 -0.00087223372842570944 -1.6023173727863776e-05 -0.0012458770618092299 0.0015308425444798917 -0.00086802022448706289 0.0016799841972827306 -0.00059820774897278994 9.6629706811594323e-06 -0.00048269307429795079 0.00065464776102812643 -0.00034800747602000461 0.0021145496144274645 -9.9056412388476159e-05 0.0029356194851632017
leaf_weight=434765 11275 118449 3654 3255 8717 4271 3419 62492 30957 8474 8142 4279 12791 2974
leaf_count=434765 11275 118449 3654 3255 8717 4271 3419 62492 30957 8474 8142 4279 12791 2974
internal_value=2.64376e-08 -8.97902e-05 -2.7503e-05 4.81938e-06 -7.44897e-05 0.00092551 0.000440896 2.43614e-05 -1.31424e-05 0.000200502 0.000525723 0.00077521 0.000537997 0.00124925
internal_weight=717914 153040 141765 138111 127166 10945 6674 564874 465722 99152 36660 28518 24239 11448
internal_count=717914 153040 141765 138111 127166 10945 6674 564874 465722 99152 36660 28518 24239 11448
is_linear=0
shrinkage=0.05


Tree=93
num_leaves=15
num_cat=0
split_feature=1 1 0 1 0 0 0 0 1 0 1 0 1 0
split_gain=0.61636 1.05446 1.8811 1.48325 1.32658 0.982384 3.2123 1.13747 0.722951 0.710041 1.08767 1.80838 1.64555 1.9941
threshold=35.495138168334968 34.94244575500489 3.3796172142028813 34.820482254028327 1.5469638705253603 1.6269016861915591 2.4255527257919316 3.45921802520752 35.24212837219239 1.5469638705253603 20.522820472717289 1.2009132504463198 15.17199754714966 0.98444759845733654
decision_type=2 2 2 2 2 2 2 2 2 2 2 2 2 2
left_child=1 3 4 9 -3 -2 -7 -8 -6 10 12 -12 -1 -14
right_child=5 2 -4 -5 8 6 7 -9 -10 -11 11 -13 13 -15
leaf_value=-0.00011354301313367569 0.00054395045556646299 0.0010425852522831442 0.001369869904823883 -0.001158191565906803 -0.0010027207001838008 -0.0022505913200006893 0.00070972177521666914 -0.0006382282305719641 0.0001752085119866386 2.8378535379822975e-05 -3.0349447003299894e-05 -0.00059808277061043765 -0.00024560831250651749 0.00074281056992359128
leaf_weight=62749 2291 2196 3911 2753 2624 2223 2786 3545 2572 550188 34119 23809 7959 14189
leaf_count=62749 2291 2196 3911 2753 2624 2223 2786 3545 2572 550188 34119 23809 7959 14189
internal_value=2.81845e-08 5.76837e-06 0.000484613 -2.0175e-06 1.50183e-05 -0.000373879 -0.000620048 -4.48698e-05 -0.000420434 2.59205e-06 -9.67372e-05 -0.000263757 1.72432e-05 0.000387667
internal_weight=717914 707069 11303 695766 7392 10845 8554 6331 5196 693013 142825 57928 84897 22148
internal_count=717914 707069 11303 695766 7392 10845 8554 6331 5196 693013 142825 57928 84897 22148
is_linear=0
shrinkage=0.05


Tree=94
num_leaves=15
num_cat=0
split_feature=0 1 0 1 1 1 0 1 1 0 1 0 0 0
split_gain=0.599562 0.68626 3.20897 2.37971 2.30354 5.47496 3.80619 3.69656 3.90566 5.41874 2.25537 2.25024 1.96328 7.30826
threshold=9.9139461517334002 8.4315757751464862 8.5536823272705096 5.2967031002044687 5.0184702873229989 4.9152944087982187 3.1245157718658452 4.3665919303894052 4.6470987796783456 2.1921966075897221 8.5559525489807147 6.4467315673828134 3.8610264062881474 4.664483070373536
decision_type=2 2 2 2 2 2 2 2 2 2 2 2 2 2
left_child=1 3 10 4 5 7 -6 11 9 -9 -3 -1 -5 -14
right_child=-2 2 -4 12 6 -7 -8 8 -10 -11 -12 -13 13 -15
leaf_value=-1.5739666290265857e-06 -0.00079918882469379366 0.0014113801700137638 0.0019244631223305727 -0.00017656858376095699 -0.00010902380659473336 -0.0021379687354832638 0.0024548033460463272 -0.00022935431736734082 -3.3627497056201688e-05 0.0029541870264114187 1.4705662455796238e-05 -0.0015002867283845965 -0.0023901813848038194 -2.6230594730763827e-05
leaf_weight=84573 2329 2896 2216 47814 3285 2894 2577 2077 5580 3733 540906 2571 4980 9483
leaf_count=84573 2329 2896 2216 47814 3285 2894 2577 2077 5580 3733 540906 2571 4980 9483
internal_value=2.57905e-08 2.63811e-06 2.99249e-05 -8.5224e-05 5.74855e-05 1.74343e-06 0.00102032 6.47986e-05 0.000911481 0.00181767 2.21694e-05 -4.59574e-05 -0.000331052 -0.000841292
internal_weight=717914 715585 546018 169567 107290 101428 5862 98534 11390 5810 543802 87144 62277 14463
internal_count=717914 715585 546018 169567 107290 101428 5862 98534 11390 5810 543802 87144 62277 14463
is_linear=0
shrinkage=0.05


Tree=95
num_leaves=15
num_cat=0
split_feature=0 0 1 1 1 2 0 0 2 0 0 0 1 0
split_gain=0.595506 2.92656 1.25288 3.87219 1.85356 0.720422 1.6577 1.96877 1.21848 3.32629 2.46378 2.37598 2.30593 2.60231
threshold=7.8191416263580331 7.5308358669281015 21.395910263061527 12.835483551025392 28.31158542633057 1.0000000180025095e-35 7.036393642425538 6.719891071319581 1.5000000000000002 5.3057830333709726 5.1745252609252939 5.7656588554382333 24.993594169616703 6.2124750614166269
decision_type=2 2 2 2 2 2 2 2 2 2 2 2 2 2
left_child=1 5 3 -2 -4 -1 7 8 11 10 -10 -7 13 -11
right_child=2 -3 4 -5 -6 6 -8 -9 9 12 -12 -13 -14 -15
leaf_value=5.0137774984900728e-05 -0.00084380016599278963 0.0016738907954078602 -0.0018847010023131207 0.0018236862284951038 0.00012351615889135366 -0.00015979178080344908 -0.0013649876137441237 0.0012820714060761207 0.00010012686919959205 -0.0019446079229477821 0.0017926246961934842 0.00080456852863551847 0.00033794979475274429 0.00018578796160526013
leaf_weight=350994 3794 2609 2560 2108 2076 201851 2374 2775 128101 4895 2177 6586 2991 2023
leaf_count=350994 3794 2609 2560 2108 2076 201851 2374 2775 128101 4895 2177 6586 2991 2023
internal_value=2.544e-08 5.58611e-06 -0.000372893 0.000110411 -0.000987091 -6.135e-07 -5.09661e-05 -4.20502e-05 -5.26265e-05 6.13524e-05 0.000128545 -0.000129284 -0.000821293 -0.00132226
internal_weight=717914 707376 10538 5902 4636 704767 353773 351399 348624 140187 130278 208437 9909 6918
internal_count=717914 707376 10538 5902 4636 704767 353773 351399 348624 140187 130278 208437 9909 6918
is_linear=0
shrinkage=0.05


Tree=96
num_leaves=15
num_cat=0
split_feature=1 1 1 1 2 0 1 0 0 0 0 1 1 2
split_gain=0.580577 0.607371 0.705878 1.70657 3.45367 2.04801 1.55309 1.35905 3.08379 1.95356 1.69232 1.4316 0.980324 0.970018
threshold=0.12903756648302081 0.27160012722015386 1.6539137959480288 2.5951888561248784 1.5000000000000002 3.7093478441238408 2.8366554975509648 3.3972306251525883 2.6973187923431401 3.8044918775558476 1.7805435657501223 1.2401474714279177 1.9895564317703249 1.0000000180025095e-35
decision_type=2 2 2 2 2 2 2 2 2 2 2 2 2 2
left_child=-1 -2 7 4 5 12 -5 8 10 -9 11 -3 -4 -10
right_child=1 2 3 6 -6 -7 -8 9 13 -11 -12 -13 -14 -15
leaf_value=0.00069966309454150906 -0.00071967794146259164 -0.00056218158317314468 0.00027527067905476694 0.00082907377028060237 0.001056431312605602 -0.0017766723854123032 -4.3909950505022469e-06 0.0019763588914789736 -0.00032637964089250607 0.00030338735133489083 0.00098912296615550612 0.00094740394118345949 -0.00077996791058286476 -0.0016703577381369688
leaf_weight=2943 2933 5251 3215 5627 2934 4038 661114 2393 2664 6390 6535 2229 6939 2709
leaf_count=2943 2933 5251 3215 5627 2934 4038 661114 2393 2664 6390 6535 2229 6939 2709
internal_value=2.55487e-08 -2.86408e-06 9.86578e-08 -1.0007e-05 -0.000502689 -0.000825533 2.65541e-06 0.000245337 1.14944e-05 0.000760931 0.000401954 -0.000111669 -0.000445912 -0.00100584
internal_weight=717914 714971 712038 683867 17126 14192 666741 28171 19388 8783 14015 7480 10154 5373
internal_count=717914 714971 712038 683867 17126 14192 666741 28171 19388 8783 14015 7480 10154 5373
is_linear=0
shrinkage=0.05


Tree=97
num_leaves=15
num_cat=0
split_feature=1 1 1 1 0 0 0 2 0 1 0 0 0 0
split_gain=0.564358 2.71074 1.36865 2.58865 2.28765 2.18678 3.07974 3.61476 3.81047 2.08764 5.83151 3.53724 1.93622 3.2231
threshold=28.31158542633057 28.698990821838382 23.333030700683597 21.661662101745609 5.3057830333709726 3.2680516242980961 3.4151197671890263 1.5000000000000002 5.0169203281402597 21.251059532165531 4.1627721786499032 8.5536823272705096 7.2649805545806894 7.036393642425538
decision_type=2 2 2 2 2 2 2 2 2 2 2 2 2 2
left_child=2 -2 3 9 -5 -4 -7 -8 -9 11 -11 12 13 -1
right_child=1 -3 5 4 -6 6 7 8 -10 10 -12 -13 -14 -15
leaf_value=1.0161455121747298e-05 -0.00095768921516344507 -3.4392336394351331e-05 1.1900667383641365e-05 -0.00031045289744347643 -0.0017378123530311573 0.001949722042766533 0.00063041356647873612 -0.0015599818852119127 0.00075620931683420219 4.3307484102474189e-05 0.0030941535485461942 -0.0018981586888134859 0.00084343526925661756 -0.0019792372863403599
leaf_weight=414996 8402 144638 62492 27844 3113 3314 25990 4384 2972 6325 2072 2422 6914 2036
leaf_count=414996 8402 144638 62492 27844 3113 3314 25990 4384 2972 6325 2072 2422 6914 2036
internal_value=2.51316e-08 -8.51412e-05 2.31002e-05 -1.28121e-05 -0.000454501 0.000191766 0.000498284 0.000353496 -0.000624429 1.86477e-05 0.000798903 3.26276e-06 1.41701e-05 4.01747e-07
internal_weight=717914 153040 564874 465722 30957 99152 36660 33346 7356 434765 8397 426368 423946 417032
internal_count=717914 153040 564874 465722 30957 99152 36660 33346 7356 434765 8397 426368 423946 417032
is_linear=0
shrinkage=0.05


Tree=98
num_leaves=15
num_cat=0
split_feature=1 1 0 1 0 1 0 0 1 0 0 2 0 1
split_gain=0.558203 0.956887 1.70091 1.36873 2.30337 2.06495 4.20732 1.33367 6.99467 1.19639 1.1215 1.18174 1.7147 2.14575
threshold=35.495138168334968 34.94244575500489 3.3796172142028813 33.775814056396491 5.6355636119842538 33.493719100952156 3.1389131546020512 8.5536823272705096 18.904769897460941 1.5469638705253603 4.4427518844604501 1.5000000000000002 3.5680267810821538 34.005489349365241
decision_type=2 2 2 2 2 2 2 2 2 2 2 2 2 2
left_child=1 3 9 5 10 7 -7 -1 -9 -3 11 12 13 -5
right_child=-2 2 -4 4 -6 6 -8 8 -10 -11 -12 -13 -14 -15
leaf_value=-2.2733846844435916e-06 -0.00035580711771623409 0.00099093808752569786 0.0013034280510810063 -0.00120382839823644 -0.0019623038934931799 -0.00012250362329559986 0.0026851420267294084 -0.001093437737728759 0.0028836206269376354 -0.00039843426124769169 0.00070282358847078858 -0.0011432869357568007 -0.0014922388747989925 0.00034273760200302606
leaf_weight=660879 10845 2196 3911 2792 2062 3440 2169 2233 2172 5196 2863 3821 2108 11227
leaf_count=660879 10845 2196 3911 2792 2062 3440 2169 2233 2172 5196 2863 3821 2108 11227
internal_value=2.30759e-08 5.48574e-06 0.000461637 -1.93115e-06 -0.000366072 1.15744e-05 0.000966059 3.51277e-06 0.000869644 1.50987e-05 -0.000220984 -0.000353857 -0.000166223 3.40876e-05
internal_weight=717914 707069 11303 695766 24873 670893 5609 665284 4405 7392 22811 19948 16127 14019
internal_count=717914 707069 11303 695766 24873 670893 5609 665284 4405 7392 22811 19948 16127 14019
is_linear=0
shrinkage=0.05


Tree=99
num_leaves=15
num_cat=0
split_feature=0 0 1 1 1 2 0 0 0 0 0 1 2 0
split_gain=0.559501 2.52365 1.28721 3.26392 1.68311 0.629099 1.45315 1.78241 1.26049 1.79081 1.97472 1.21334 1.12199 3.05093
threshold=7.8191416263580331 7.5308358669281015 21.395910263061527 12.835483551025392 28.31158542633057 1.0000000180025095e-35 7.036393642425538 6.719891071319581 7.036393642425538 6.4467315673828134 6.1090059280395517 35.495138168334968 1.5000000000000002 5.3057830333709726
decision_type=2 2 2 2 2 2 2 2 2 2 2 2 2 2
left_child=1 5 3 -2 -4 8 7 12 9 10 11 -1 -7 -14
right_child=2 -3 4 -5 -6 6 -8 -9 -10 -11 -12 -13 13 -15
leaf_value=4.8333761113758986e-05 -0.00074770395524035194 0.0015546272186157566 -0.001839341726038385 0.0017013320070898214 7.4504045652096595e-05 -0.00012267259311065336 -0.0012776812773927916 0.0012208466953339322 0.0010549576501463771 -0.00091599081292692444 0.001031215327005176 -0.00075232546691192219 0.00012461080648358509 -0.00078506353513697013
leaf_weight=333241 3794 2609 2560 2108 2076 208437 2374 2775 3065 4839 5059 4790 130278 9909
leaf_count=333241 3794 2609 2560 2108 2076 208437 2374 2775 3065 4839 5059 4790 130278 9909
internal_value=2.27161e-08 5.41267e-06 -0.000361446 0.000128409 -0.000984006 -3.44397e-07 -4.73975e-05 -3.90497e-05 4.70812e-05 3.81725e-05 5.16565e-05 3.69663e-05 -4.91131e-05 6.02598e-05
internal_weight=717914 707376 10538 5902 4636 704767 353773 351399 350994 347929 343090 338031 348624 140187
internal_count=717914 707376 10538 5902 4636 704767 353773 351399 350994 347929 343090 338031 348624 140187
is_linear=0
shrinkage=0.05


Tree=100
num_leaves=15
num_cat=0
split_feature=0 2 1 1 0 0 0 0 1 1 1 1 1 0
split_gain=0.52386 0.90173 2.49776 2.42307 1.73816 1.19839 2.92495 0.779981 1.19271 0.778215 1.71976 1.28897 0.868809 0.76155
threshold=1.1435822248458865 1.5000000000000002 11.573187351226808 7.4945485591888437 1.0257255434989931 0.92140913009643566 0.76534768939018261 0.39938217401504522 15.42992687225342 32.375635147094734 30.368701934814457 29.161602020263675 23.019564628601078 0.73617714643478405
decision_type=2 2 2 2 2 2 2 2 2 2 2 2 2 2
left_child=1 7 3 -3 5 6 -4 8 -1 10 11 12 -9 -14
right_child=-2 2 4 -5 -6 -7 -8 9 -10 -11 -12 -13 13 -15
leaf_value=-0.00045575375707359754 1.5053173207895619e-05 0.0002723124198171463 -0.00096415832287694318 0.0024392009299655628 0.0010308556418668058 -0.0016056758950663858 0.0013353913267440489 -0.00032621321133750772 0.0011584313602306597 -0.00082471602703253287 0.00092927878042883241 -0.0014729658591269091 0.00080320844782899798 -0.00011304597021054687
leaf_weight=2102 638802 3503 4266 2035 2134 2069 2034 37596 2491 5441 3175 2119 3406 6741
leaf_count=2102 638802 3503 4266 2035 2134 2069 2034 37596 2491 5441 3175 2119 3406 6741
internal_value=2.184e-08 -0.000121338 0.000213292 0.00107152 -0.000239822 -0.000564674 -0.000220793 -0.000206465 0.00042031 -0.000255757 -0.000197244 -0.000269148 -0.000215421 0.000194997
internal_weight=717914 79112 16041 5538 10503 8369 6300 63071 4593 58478 53037 49862 47743 10147
internal_count=717914 79112 16041 5538 10503 8369 6300 63071 4593 58478 53037 49862 47743 10147
is_linear=0
shrinkage=0.05


Tree=101
num_leaves=15
num_cat=0
split_feature=1 1 2 0 1 0 1 0 0 0 0 1 0 0
split_gain=0.524304 1.52275 3.08566 1.83917 1.39243 1.28047 1.73041 1.32096 2.00059 1.98724 1.8155 1.62556 1.14664 1.10599
threshold=1.6539137959480288 2.5951888561248784 1.5000000000000002 3.2485842704772954 2.8366554975509648 4.7363896369934091 0.83170077204704296 2.4380450248718266 1.6101227998733523 2.9393748044967656 3.830527782440186 0.83170077204704296 1.1817864179611208 3.4789394140243535
decision_type=2 2 2 2 2 2 2 2 2 2 2 2 2 2
left_child=5 2 3 -2 -3 7 -7 8 12 11 13 -9 -1 -11
right_child=1 4 -4 -5 -6 6 -8 9 -10 10 -12 -13 -14 -15
leaf_value=0.0003834840905435784 -0.0003579268287773761 0.0007849566395665428 0.00099881074297373195 -0.0015479219734453823 -4.223907007841767e-06 3.4504482604895256e-05 0.0019676695498825614 -0.002042370060900345 0.00095828883478257007 0.00015393630624317288 -0.00083121214768357089 -0.00023008155680431008 -0.00086542380614096749 0.0015443276994301168
leaf_weight=3976 9167 5627 2934 5025 661114 2409 2219 2326 7717 4051 3108 2637 3401 2203
leaf_count=3976 9167 5627 2934 5025 661114 2409 2219 2326 7717 4051 3108 2637 3401 2203
internal_value=2.22987e-08 -9.51298e-06 -0.000474906 -0.000780065 2.4481e-06 0.000191494 0.000963649 6.97379e-05 0.000396008 -0.000274084 0.000154824 -0.00108184 -0.000192689 0.000645392
internal_weight=717914 683867 17126 14192 666741 34047 4628 29419 15094 14325 9362 4963 7377 6254
internal_count=717914 683867 17126 14192 666741 34047 4628 29419 15094 14325 9362 4963 7377 6254
is_linear=0
shrinkage=0.05


Tree=102
num_leaves=15
num_cat=0
split_feature=1 1 1 0 0 0 0 1 0 0 0 0 1 1
split_gain=0.535773 0.589545 5.0755 1.8564 2.97294 2.61662 2.97458 1.81931 3.66667 1.49179 4.05229 3.66503 2.11574 15.8674
threshold=0.12903756648302081 15.17199754714966 16.732419967651371 6.0124845504760751 5.2262580394744882 4.1098568439483651 3.4981788396835332 17.365984916687015 4.2556700706481942 3.8044918775558476 3.8610264062881474 3.7336341142654423 21.395910263061527 20.988759994506839
decision_type=2 2 2 2 2 2 2 2 2 2 2 2 2 2
left_child=-1 -2 3 4 5 6 -3 8 -4 11 -11 -9 13 -12
right_child=1 2 7 -5 -6 -7 -8 9 -10 10 12 -13 -14 -15
leaf_value=0.00067212170296043858 -5.5900496795912422e-05 0.00066137846139009975 -9.9739851615641262e-05 0.0020676706812244828 -0.0013308415648879445 0.001929733251769216 -0.0010807436794863482 -3.0188933895647484e-05 -0.0019369123430059091 0.002091580693391634 4.9868602663835412e-05 -0.0014326134048549008 -2.6929520470351208e-07 0.0044860963119983241
leaf_weight=2943 301645 23594 10600 2075 2008 3526 2725 265016 3642 2671 16408 4732 74041 2288
leaf_count=2943 301645 23594 10600 2075 2008 3526 2725 265016 3642 2671 16408 4732 74041 2288
internal_value=2.18346e-08 -2.75406e-06 3.60326e-05 0.00062185 0.000527045 0.00065245 0.000480662 -1.63696e-05 -0.000570576 5.26082e-06 0.000175181 -5.48429e-05 0.000119765 0.000594878
internal_weight=717914 714971 413326 33928 31853 29845 26319 379398 14242 365156 95408 269748 92737 18696
internal_count=717914 714971 413326 33928 31853 29845 26319 379398 14242 365156 95408 269748 92737 18696
is_linear=0
shrinkage=0.05


Tree=103
num_leaves=15
num_cat=0
split_feature=0 0 1 1 0 2 0 0 0 1 1 1 1 1
split_gain=0.509108 2.27921 1.26917 3.27933 5.89508 0.593631 1.33094 1.60195 1.11515 3.63477 3.99354 1.72761 2.64336 2.34724
threshold=7.8191416263580331 7.5308358669281015 9.6770539283752459 21.251059532165531 8.5536823272705096 1.0000000180025095e-35 7.036393642425538 6.719891071319581 4.6277542114257821 5.1529059410095224 1.8119870424270632 12.298798561096193 10.09392833709717 8.4315757751464862
decision_type=2 2 2 2 2 2 2 2 2 2 2 2 2 2
left_child=1 5 -2 -4 -5 8 7 -7 -1 10 -10 12 13 -11
right_child=2 -3 3 4 -6 6 -8 -9 9 11 -12 -13 -14 -15
leaf_value=1.0684273847731561e-05 0.00056073806392707216 0.0014774425115692174 -0.0020031505279865208 -0.0017527212952193002 0.0017470581434481062 -4.7563424462454848e-05 -0.0012234252903542543 0.0011563911055499745 -0.00014685500500858674 -0.00071683989185488837 0.0025150549582448351 0.00028747418008431743 -0.0016097350809044051 0.0012030644505063078
leaf_weight=303916 2824 2609 2896 2235 2583 348624 2374 2775 2364 3646 3474 31434 3350 2810
leaf_count=303916 2824 2609 2896 2235 2583 348624 2374 2775 2364 3646 3474 31434 3350 2810
internal_value=2.49145e-08 5.16641e-06 -0.000344782 -0.000676579 0.000123294 -3.0474e-07 -4.60122e-05 -3.80232e-05 4.57646e-05 0.000272178 0.00143875 0.000106727 -0.000472375 0.000119374
internal_weight=717914 707376 10538 7714 4818 704767 353773 351399 350994 47078 5838 41240 9806 6456
internal_count=717914 707376 10538 7714 4818 704767 353773 351399 350994 47078 5838 41240 9806 6456
is_linear=0
shrinkage=0.05


Tree=104
num_leaves=15
num_cat=0
split_feature=0 1 0 1 1 1 0 1 1 0 0 1 0 0
split_gain=0.50392 0.634163 2.65903 2.06651 2.12165 4.96756 3.43183 3.34434 3.48371 4.81292 2.05932 2.00175 1.78788 4.17005
threshold=9.9139461517334002 8.4315757751464862 8.5536823272705096 5.2967031002044687 5.0184702873229989 4.9152944087982187 3.1245157718658452 4.3665919303894052 4.6470987796783456 2.1921966075897221 6.4467315673828134 8.5559525489807147 3.5680267810821538 4.664483070373536
decision_type=2 2 2 2 2 2 2 2 2 2 2 2 2 2
left_child=1 3 11 4 5 7 -6 10 9 -9 -1 -3 -5 -14
right_child=-2 2 -4 12 6 -7 -8 8 -10 -11 -12 -13 13 -15
leaf_value=-5.375009234850419e-06 -0.00073267697141342629 0.0013303615365856582 0.0017532265806973514 -0.0001419192602464758 -9.7400327415571173e-05 -0.0020407026745590602 0.0023371000404984687 -0.00021054035745239741 -2.9753458297436379e-05 0.002789790204689193 -0.0014390998580504537 1.4558886140063941e-05 -0.0015555498508160164 -1.9565494168609899e-05
leaf_weight=84573 2329 2896 2216 44529 3285 2894 2577 2077 5580 3733 2571 540906 8265 9483
leaf_count=84573 2329 2896 2216 44529 3285 2894 2577 2077 5580 3733 2571 540906 8265 9483
internal_value=2.46837e-08 2.4196e-06 2.86503e-05 -8.20418e-05 5.09455e-05 -2.55019e-06 0.00097499 5.75125e-05 0.000862848 0.00171869 -4.78343e-05 2.15905e-05 -0.000311122 -0.000735326
internal_weight=717914 715585 546018 169567 107290 101428 5862 98534 11390 5810 87144 543802 62277 17748
internal_count=717914 715585 546018 169567 107290 101428 5862 98534 11390 5810 87144 543802 62277 17748
is_linear=0
shrinkage=0.05


Tree=105
num_leaves=15
num_cat=0
split_feature=1 0 1 0 1 1 1 0 2 1 2 1 0 0
split_gain=0.500207 2.61779 4.65985 3.13535 2.09072 2.1041 1.97792 2.93019 1.63704 1.25079 2.61638 3.90164 3.57854 1.02212
threshold=28.31158542633057 6.5541508197784433 31.961916923522953 5.1745252609252939 32.621036529541023 33.885906219482429 29.001466751098636 4.6962068080902108 1.0000000180025095e-35 27.465895652771 1.5000000000000002 27.866256713867191 3.3165787458419804 5.7033410072326669
decision_type=2 2 2 2 2 2 2 2 2 2 2 2 2 2
left_child=9 3 -3 6 13 -6 -2 -8 -9 -1 11 12 -11 -5
right_child=1 2 -4 4 5 -7 7 8 -10 10 -12 -13 -14 -15
leaf_value=8.6770668812614782e-06 -0.00071071535358626444 0.00032878093808000694 -0.0029624140558514797 0.00071100370684127408 0.0026055006848662039 0.00064343919766018162 5.7626537413314615e-06 -0.00027187400466324989 -0.0018378894732862306 0.00062841413818916616 -0.00081342453962674009 -9.7015806313075002e-05 0.0029539634506172592 -0.00058379305942371463
leaf_weight=547970 12538 2175 2114 3174 2260 3456 117733 3279 3397 3985 3311 6781 2827 2914
leaf_count=547970 12538 2175 2114 3174 2260 3456 117733 3279 3397 3985 3311 6781 2827 2914
internal_value=2.48134e-08 -8.01551e-05 -0.00129653 -4.49981e-05 0.000736539 0.0014224 -0.000112411 -5.20609e-05 -0.00107028 2.17488e-05 0.000445234 0.000752192 0.00159644 9.13127e-05
internal_weight=717914 153040 4289 148751 11804 5716 136947 124409 6676 564874 16904 13593 6812 6088
internal_count=717914 153040 4289 148751 11804 5716 136947 124409 6676 564874 16904 13593 6812 6088
is_linear=0
shrinkage=0.05


Tree=106
num_leaves=15
num_cat=0
split_feature=1 1 1 1 0 0 0 0 0 1 1 0 0 2
split_gain=0.488736 0.529618 0.608575 1.26244 1.2022 1.75824 2.3434 1.11138 0.972849 0.876106 1.80598 1.2223 4.34951 3.89816
threshold=0.12903756648302081 0.27160012722015386 1.3781368732452395 1.2401474714279177 1.6577763557434084 2.3330180644989018 3.3165787458419804 1.1024149060249331 5.0169203281402597 8.4315757751464862 8.5559525489807147 5.2597839832305917 5.5672395229339608 1.0000000180025095e-35
decision_type=2 2 2 2 2 2 2 2 2 2 2 2 2 2
left_child=-1 -2 3 4 7 -6 -7 -3 -8 11 -11 -4 -13 -14
right_child=1 2 9 -5 5 6 8 -9 -10 10 -12 12 13 -15
leaf_value=0.00064194335712023764 -0.00067198852422130015 0.00029658356383510946 -0.00016625053490016016 0.001227143769418412 0.0013174140845943752 -0.00083154847226421915 0.0010527062172338156 -0.0012621704036974513 -0.00020889495093896158 0.001263639980909924 1.385859030513567e-05 0.0020978480354615805 -0.0012649872185901785 0.00067825542549983329
leaf_weight=2943 2933 2006 128560 2904 3454 4654 4480 2640 2312 2896 544742 2766 4388 6236
leaf_count=2943 2933 2006 128560 2904 3454 4654 4480 2640 2312 2896 544742 2766 4388 6236
internal_value=2.39977e-08 -2.62724e-06 1.39361e-07 0.00025627 0.000111472 0.000330434 3.17087e-05 -0.000589957 0.000623581 -8.20275e-06 2.04906e-05 -0.000118894 0.000335567 -0.000124791
internal_weight=717914 714971 712038 22450 19546 14900 11446 4646 6792 689588 547638 141950 13390 10624
internal_count=717914 714971 712038 22450 19546 14900 11446 4646 6792 689588 547638 141950 13390 10624
is_linear=0
shrinkage=0.05


Tree=107
num_leaves=15
num_cat=0
split_feature=0 0 1 1 1 0 0 1 1 0 1 2 0 1
split_gain=0.46947 0.670838 0.576488 1.12608 0.869571 1.48858 1.24613 1.23401 0.862926 0.801492 0.616811 2.10455 2.83855 1.88346
threshold=0.98444759845733654 0.39938217401504522 35.838012695312507 35.495138168334968 34.94244575500489 3.3796172142028813 1.7805435657501223 34.820482254028327 35.24212837219239 2.4255527257919316 33.775814056396491 1.0000000180025095e-35 2.6468818187713627 33.493719100952156
decision_type=2 2 2 2 2 2 2 2 2 2 2 2 2 2
left_child=1 -1 3 4 7 6 -6 10 -8 -5 13 12 -12 -2
right_child=2 -3 -4 9 5 -7 8 -9 -10 -11 11 -13 -14 -15
leaf_value=0.00037592475737440633 1.3707886729153482e-05 -0.00019566083988668804 0.00075549452337252967 -0.0012664735952230856 0.00104677707461678 0.0012384080384258271 -0.0011092368126580025 -0.0010944499106414205 0.00025280713940977568 -0.00019642551485044084 -0.00067325418421624282 -0.00075805589910311031 0.00099731283315830882 0.00095831208036621705
leaf_weight=5699 612223 50951 2586 2813 2010 3911 2358 2516 2279 4616 4586 10370 5683 5313
leaf_count=5699 612223 50951 2586 2813 2010 3911 2358 2516 2279 4616 4586 10370 5683 5313
internal_value=2.57102e-08 -0.000138103 1.1861e-05 8.93004e-06 1.59169e-05 0.000465773 9.98835e-06 8.49654e-06 -0.000440714 -0.000602758 1.2862e-05 -0.000255954 0.00025133 2.18502e-05
internal_weight=717914 56650 661264 658678 651249 10558 6647 640691 4637 7429 638175 20639 10269 617536
internal_count=717914 56650 661264 658678 651249 10558 6647 640691 4637 7429 638175 20639 10269 617536
is_linear=0
shrinkage=0.05


Tree=108
num_leaves=15
num_cat=0
split_feature=1 0 1 0 1 1 1 0 1 2 1 1 0 0
split_gain=0.456154 2.3598 4.19692 2.8008 1.90408 2.23872 1.79028 2.69859 1.52499 1.18986 1.17782 2.29239 1.97957 1.89217
threshold=28.31158542633057 6.5541508197784433 31.961916923522953 5.1745252609252939 33.493719100952156 31.821122169494632 29.001466751098636 4.5566120147705087 32.907075881958015 1.0000000180025095e-35 23.333030700683597 21.661662101745609 5.3057830333709726 3.2680516242980961
decision_type=2 2 2 2 2 2 2 2 2 2 2 2 2 2
left_child=10 3 -3 6 5 -5 -2 -8 9 -9 11 -1 -13 -12
right_child=1 2 -4 4 -6 -7 7 8 -10 -11 13 12 -14 -15
leaf_value=1.7060128311984087e-05 -0.00067609622372978313 0.00031104491986624699 -0.0028123991569887017 0.00092271968473360316 0.0015375694546238456 -0.000832783388989479 1.3433363651068495e-05 -0.00066679161506671958 -0.00021430579439259915 -0.0023228576565944856 9.9255447550334382e-06 -0.00029419051986858617 -0.0016219708376265388 0.00046236061758345935
leaf_weight=434765 12538 2175 2114 4504 4271 3029 115959 2029 4073 2348 62492 27844 3113 36660
leaf_count=434765 12538 2175 2114 4504 4271 3029 115959 2029 4073 2348 62492 27844 3113 36660
internal_value=2.46702e-08 -7.65432e-05 -0.00123143 -4.31634e-05 0.000695502 0.000216668 -0.000106878 -4.94622e-05 -0.000911572 -0.00155844 2.077e-05 -1.25447e-05 -0.000428191 0.000177237
internal_weight=717914 153040 4289 148751 11804 7533 136947 124409 8450 4377 564874 465722 30957 99152
internal_count=717914 153040 4289 148751 11804 7533 136947 124409 8450 4377 564874 465722 30957 99152
is_linear=0
shrinkage=0.05


Tree=109
num_leaves=15
num_cat=0
split_feature=1 1 2 0 1 0 1 0 0 0 0 1 0 0
split_gain=0.445831 1.33309 2.79514 1.72243 1.27541 1.1856 1.57435 1.18856 1.71749 1.66615 1.66471 1.44384 0.967044 0.941131
threshold=1.6539137959480288 2.5951888561248784 1.5000000000000002 3.7093478441238408 2.8366554975509648 4.7363896369934091 0.83170077204704296 2.4380450248718266 2.9393748044967656 3.830527782440186 1.6101227998733523 0.83170077204704296 1.1817864179611208 3.4789394140243535
decision_type=2 2 2 2 2 2 2 2 2 2 2 2 2 2
left_child=5 2 3 -2 -3 7 -7 10 11 13 12 -9 -1 -10
right_child=1 4 -4 -5 -6 6 -8 8 9 -11 -12 -13 -14 -15
leaf_value=0.00036101151508271894 -0.00038654930502820812 0.00075132420575693909 0.00095839442036537022 -0.0016069094628904388 -3.9677452021100224e-06 3.3319352186774302e-05 0.001877256141066083 -0.001922891187742975 0.00014864229573516958 -0.00081254437138773893 0.00088182686869359324 -0.00021490997391403741 -0.00078591829409762465 0.0014312496059430346
leaf_weight=3976 10154 5627 2934 4038 661114 2409 2219 2326 4051 3108 7717 2637 3401 2203
leaf_count=3976 10154 5627 2934 4038 661114 2409 2219 2326 4051 3108 7717 2637 3401 2203
internal_value=1.91408e-08 -8.77365e-06 -0.000444219 -0.000734661 2.41776e-06 0.000176582 0.000919578 5.94257e-05 -0.000266708 0.00013204 0.000368916 -0.00101764 -0.000168103 0.00060201
internal_weight=717914 683867 17126 14192 666741 34047 4628 29419 14325 9362 15094 4963 7377 6254
internal_count=717914 683867 17126 14192 666741 34047 4628 29419 14325 9362 15094 4963 7377 6254
is_linear=0
shrinkage=0.05


Tree=110
num_leaves=15
num_cat=0
split_feature=1 1 1 0 0 0 0 1 0 1 2 1 0 1
split_gain=0.450228 0.513866 4.55139 1.68619 2.70495 2.35045 2.68765 1.64784 3.30467 1.42071 1.2242 1.78891 3.41148 2.71083
threshold=0.12903756648302081 15.17199754714966 16.732419967651371 6.0124845504760751 5.2262580394744882 4.1098568439483651 3.4981788396835332 17.365984916687015 4.2556700706481942 17.225962638854984 1.5000000000000002 12.432610034942629 1.0257255434989931 14.453992843627931
decision_type=2 2 2 2 2 2 2 2 2 2 2 2 2 2
left_child=-1 10 3 4 5 6 -3 8 9 -4 -2 12 -12 -13
right_child=1 2 7 -5 -6 -7 -8 -9 -10 -11 11 13 -14 -15
leaf_value=0.00061613067987040086 -0.00010372274949945497 0.00062666491850871221 0.00020430664285121445 0.0019663730310998514 -0.0012740832921352913 0.0018282752045068848 -0.0010293000091277343 4.648676459759129e-06 -0.0018405180240223867 -0.0012088920991244073 0.0013352914845860633 0.0011462470286354284 -0.00011182510872283084 -0.00057109438085543591
leaf_weight=2943 238982 23594 8351 2075 2008 3526 2725 365156 3642 2249 4455 8766 46336 3106
leaf_count=2943 238982 23594 8351 2075 2008 3526 2725 365156 3642 2249 4455 8766 46336 3106
internal_value=1.86785e-08 -2.52598e-06 3.36857e-05 0.000588433 0.000498081 0.0006177 0.000454885 -1.59372e-05 -0.00054338 -9.63883e-05 -5.21441e-05 0.00014455 1.53428e-05 0.000696847
internal_weight=717914 714971 413326 33928 31853 29845 26319 379398 14242 10600 301645 62663 50791 11872
internal_count=717914 714971 413326 33928 31853 29845 26319 379398 14242 10600 301645 62663 50791 11872
is_linear=0
shrinkage=0.05


Tree=111
num_leaves=15
num_cat=0
split_feature=0 0 1 1 1 1 0 1 0 1 0 0 1 1
split_gain=0.45738 0.608337 0.557893 0.507058 1.03709 0.777062 1.33798 1.14244 1.12519 0.779137 0.712996 0.572324 2.04736 2.52172
threshold=0.98444759845733654 0.39938217401504522 15.42992687225342 35.838012695312507 35.495138168334968 34.94244575500489 3.3796172142028813 34.820482254028327 1.7805435657501223 35.24212837219239 2.4255527257919316 6.8343644142150888 27.603961944580082 21.395910263061527
decision_type=2 2 2 2 2 2 2 2 2 2 2 2 2 2
left_child=1 2 -1 4 5 7 8 11 -7 -10 -6 -2 13 -13
right_child=3 -3 -4 -5 10 6 -8 -9 9 -11 -12 12 -14 -15
leaf_value=-0.00020172935113202842 4.10002966981632e-06 -0.00019113013788253465 0.00079293473843166881 0.00070911747845824448 -0.0012040775266990086 0.00099399517782393842 0.0011734202912877193 -0.0010525938420944245 -0.0010547118543040351 0.00023951941402565447 -0.00019480030171649629 0.00042382132447279857 0.0014745654048579624 -0.00091292328068130898
leaf_weight=2522 617145 50951 3177 2586 2813 2010 3911 2516 2358 2279 4616 13221 3008 4801
leaf_count=2522 617145 50951 3177 2586 2813 2010 3911 2516 2358 2279 4616 13221 3008 4801
internal_value=1.88501e-08 -0.00013632 0.00035318 1.17008e-05 8.95195e-06 1.56571e-05 0.000440912 8.64248e-06 8.79864e-06 -0.000419474 -0.000578069 1.28428e-05 0.000269284 6.74083e-05
internal_weight=717914 56650 5699 661264 658678 651249 10558 640691 6647 4637 7429 638175 21030 18022
internal_count=717914 56650 5699 661264 658678 651249 10558 640691 6647 4637 7429 638175 21030 18022
is_linear=0
shrinkage=0.05


Tree=112
num_leaves=15
num_cat=0
split_feature=0 0 1 1 1 1 1 0 0 1 0 1 1 0
split_gain=0.441567 0.544894 1.79622 8.50324 5.05866 4.58698 3.58521 3.95683 1.22643 1.22109 0.602705 2.39564 4.50822 1.67842
threshold=9.9139461517334002 6.8343644142150888 15.17199754714966 21.395910263061527 24.442849159240726 28.31158542633057 10.09392833709717 7.8191416263580331 6.5541508197784433 17.225962638854984 6.1090059280395517 17.50726413726807 5.648914337158204 6.0124845504760751
decision_type=2 2 2 2 2 2 2 2 2 2 2 2 2 2
left_child=1 8 6 -4 -5 -6 7 -3 10 -10 13 12 -12 -1
right_child=-2 2 3 4 5 -7 -8 -9 9 -11 11 -13 -14 -15
leaf_value=-1.096106476464735e-07 -0.00068585547507229311 0.0014055003218542647 0.0030138544327894222 -0.0020899534293669828 0.0023135412229497803 -0.00078234616735488197 -0.001696018327369944 -0.00121571868875039 5.9309742583437291e-05 -0.0014894244396237823 0.0014517789157034282 0.0011989687753105117 -0.0013080752179725379 -0.0012101378480848307
leaf_weight=677395 2329 3884 2882 2358 2337 2433 2885 2275 2359 2752 2352 4853 3952 2868
leaf_count=677395 2329 3884 2882 2358 2337 2433 2885 2275 2359 2752 2352 4853 3952 2868
internal_value=1.86075e-08 2.26046e-06 0.000265988 0.000727112 -0.000200392 0.000736111 -0.000244629 0.000436878 -4.95767e-06 -0.000775881 7.52159e-07 0.000365102 -0.000277715 -5.22882e-06
internal_weight=717914 715585 19054 10010 7128 4770 9044 6159 696531 5111 691420 11157 6304 680263
internal_count=717914 715585 19054 10010 7128 4770 9044 6159 696531 5111 691420 11157 6304 680263
is_linear=0
shrinkage=0.05


Tree=113
num_leaves=15
num_cat=0
split_feature=1 1 0 0 0 2 1 1 1 1 2 1 0 0
split_gain=0.41974 2.22566 1.19569 2.93503 1.6186 1.81171 1.5342 3.06406 1.1993 1.0642 2.356 3.48317 3.11521 0.972072
threshold=28.31158542633057 28.698990821838382 6.5541508197784433 5.2262580394744882 4.5566120147705087 1.5000000000000002 31.821122169494632 33.493719100952156 29.001466751098636 27.465895652771 1.5000000000000002 27.866256713867191 3.3165787458419804 4.2988338470458993
decision_type=2 2 2 2 2 2 2 2 2 2 2 2 2 2
left_child=9 13 3 4 8 -6 -5 -8 -3 -1 11 12 -11 -2
right_child=1 2 -4 6 5 -7 7 -9 -10 10 -12 -13 -14 -15
leaf_value=7.8596655715161192e-06 -0.00055119792833600953 -0.00078191686417725722 -0.00090454478865427163 0.0016784876923702273 -0.00032653283386413116 -0.0019807410204257625 -0.00088791582116965839 0.0012429945492785526 1.3949653964899524e-05 0.0005962986568299718 -0.00078382973344063775 -0.00010053444336670364 0.0027661245738096235 -0.0017911961674822161
leaf_weight=547970 6294 4925 3774 3380 7500 2116 2824 4160 115959 3985 3311 6781 2827 2108
leaf_count=547970 6294 4925 3774 3380 7500 2116 2824 4160 115959 3985 3311 6781 2827 2108
internal_value=1.6959e-08 -7.34312e-05 -2.74469e-05 -3.88533e-06 -6.82273e-05 -0.000692221 0.000805572 0.000381317 -1.85372e-05 1.9917e-05 0.00041054 0.000701829 0.00149952 -0.000864064
internal_weight=717914 153040 144638 140864 130500 9616 10364 6984 120884 564874 16904 13593 6812 8402
internal_count=717914 153040 144638 140864 130500 9616 10364 6984 120884 564874 16904 13593 6812 8402
is_linear=0
shrinkage=0.05


Tree=114
num_leaves=15
num_cat=0
split_feature=1 1 2 0 0 0 1 0 1 1 1 0 0 0
split_gain=0.426348 1.69111 1.91855 6.6424 3.35972 1.60791 1.44376 1.31504 5.89195 1.08847 1.11872 3.50364 1.78962 3.7015
threshold=33.775814056396491 33.192869186401374 1.0000000180025095e-35 3.1754547357559209 2.3684797286987309 5.7033410072326669 33.038743972778327 8.5536823272705096 18.904769897460941 32.907075881958015 28.31158542633057 6.5541508197784433 5.2597839832305917 4.2556700706481942
decision_type=2 2 2 2 2 2 2 2 2 2 2 2 2 2
left_child=1 6 4 -4 -3 -2 7 9 -9 10 -1 12 13 -12
right_child=5 2 3 -5 -6 -7 -8 8 -10 -11 11 -13 -14 -15
leaf_value=2.0811590770064092e-05 -6.4301700983383528e-05 0.0013712975568863665 -3.6833794903709199e-05 0.0034982315448781535 -0.001169060274328495 -0.0011981588196780944 -0.0011279460598816835 -0.00093708500814337838 0.0027131765810978984 0.00098147668983008802 -6.0936270327119285e-05 -0.0021422131577384313 0.00070959547864379857 -0.0011292347346276322
leaf_weight=561352 43663 2296 3624 2088 2978 3358 2815 2233 2172 2797 71177 2187 6033 9141
leaf_count=561352 43663 2296 3624 2088 2978 3358 2815 2233 2172 2797 71177 2187 6033 9141
internal_value=1.48454e-08 1.02165e-05 0.000625182 0.00125925 -6.26306e-05 -0.000145514 -3.05961e-08 4.81852e-06 0.00086484 -9.98952e-07 -5.24237e-06 -0.000170414 -0.000120233 -0.000182645
internal_weight=717914 670893 10986 5712 5274 47021 659907 657092 4405 652687 649890 88538 86351 80318
internal_count=717914 670893 10986 5712 5274 47021 659907 657092 4405 652687 649890 88538 86351 80318
is_linear=0
shrinkage=0.05


Tree=115
num_leaves=15
num_cat=0
split_feature=0 2 1 1 0 1 0 0 0 1 1 1 1 2
split_gain=0.419155 0.730058 2.09626 2.21242 1.59105 1.77783 0.702889 1.43849 0.698106 0.671082 0.909459 0.670076 1.18347 0.861417
threshold=1.1435822248458865 1.5000000000000002 11.573187351226808 7.4945485591888437 0.64032983779907238 29.755519866943363 0.73617714643478405 0.76534768939018261 0.92140913009643566 20.078397750854496 32.093601226806648 3.7219537496566777 10.429559230804445 1.0000000180025095e-35
decision_type=2 2 2 2 2 2 2 2 2 2 2 2 2 2
left_child=1 6 3 -3 -4 8 9 -8 -6 -1 -11 -9 13 -13
right_child=-2 2 4 -5 5 -7 7 11 -10 10 -12 12 -14 -15
leaf_value=-0.00020280774007028224 1.346060523649538e-05 0.0002152499690260827 -0.0012997754712628098 0.0022856407830974331 0.00025492135807732205 0.0013463187926725049 -0.0015862096248859315 -0.00086134519120437667 -0.00084639091964078261 0.00059797208709509676 -0.00054270378927992653 0.00086712511788963962 -0.00031789172404270914 -0.00027362545083217937
leaf_weight=12885 638802 3503 2575 2035 2700 2166 2087 3896 3062 7783 2244 4161 27278 2737
leaf_count=12885 638802 3503 2575 2035 2700 2166 2087 3896 3062 7783 2244 4161 27278 2737
internal_value=1.50985e-08 -0.000108541 0.000192555 0.000978787 -0.000222544 0.000128535 -0.000185138 -0.00031119 -0.000330782 3.58405e-05 0.000342407 -0.000240899 -0.000169938 0.000414755
internal_weight=717914 79112 16041 5538 10503 7928 63071 40159 5762 22912 10027 38072 34176 6898
internal_count=717914 79112 16041 5538 10503 7928 63071 40159 5762 22912 10027 38072 34176 6898
is_linear=0
shrinkage=0.05


Tree=116
num_leaves=15
num_cat=0
split_feature=1 1 1 0 0 0 0 0 1 0 0 0 0 1
split_gain=0.415433 4.05696 1.51067 3.02763 1.42273 2.44948 2.11217 2.43678 1.28367 1.19338 3.64543 3.36273 1.96775 3.75078
threshold=15.17199754714966 16.732419967651371 17.365984916687015 4.2556700706481942 6.0124845504760751 5.2262580394744882 4.1098568439483651 3.4981788396835332 17.225962638854984 3.8044918775558476 3.8610264062881474 3.7336341142654423 4.2988338470458993 18.466337203979496
decision_type=2 2 2 2 2 2 2 2 2 2 2 2 2 2
left_child=-1 4 3 8 5 6 7 -2 -3 11 -11 -4 -12 -14
right_child=1 2 9 -5 -6 -7 -8 -9 -10 10 12 -13 13 -15
leaf_value=-4.4292270513129619e-05 0.00059646793738894158 0.00019447055267673996 -2.4617256452228968e-05 -0.0017607747244966993 0.0018221622015135667 -0.0012129895985340811 0.0017348203979833067 -0.00098032091616921495 -0.0011488408597772717 0.001975150104068334 0.0005305192631624233 -0.001367959985918567 0.001467530959978773 -0.00010754929873484368
leaf_weight=304588 23594 8351 265016 3642 2075 2008 3526 2725 2249 2671 20999 4732 3993 67745
leaf_count=304588 23594 8351 265016 3642 2075 2008 3526 2725 2249 2671 20999 4732 3993 67745
internal_value=1.41006e-08 3.26646e-05 -1.41856e-05 -0.000519198 0.000556414 0.000473413 0.000587244 0.000432901 -9.13537e-05 5.52489e-06 0.000157503 -4.82324e-05 0.000104944 -1.96866e-05
internal_weight=717914 413326 379398 14242 33928 31853 29845 26319 10600 365156 95408 269748 92737 71738
internal_count=717914 413326 379398 14242 33928 31853 29845 26319 10600 365156 95408 269748 92737 71738
is_linear=0
shrinkage=0.05


Tree=117
num_leaves=15
num_cat=0
split_feature=1 1 2 0 1 0 1 0 0 2 1 0 1 0
split_gain=0.412266 1.16902 2.49114 1.59819 1.16245 1.02205 1.41247 1.08854 1.55443 1.64519 1.80175 1.47391 1.32278 0.970709
threshold=1.6539137959480288 2.5951888561248784 1.5000000000000002 3.2485842704772954 2.8366554975509648 4.7363896369934091 0.83170077204704296 2.4380450248718266 2.9393748044967656 1.5000000000000002 1.0911633968353274 1.6101227998733523 0.94819656014442455 3.5680267810821538
decision_type=2 2 2 2 2 2 2 2 2 2 2 2 2 2
left_child=5 2 3 -2 -3 7 -7 11 12 10 13 -1 -9 -10
right_child=1 4 -4 -5 -6 6 -8 8 9 -11 -12 -13 -14 -15
leaf_value=-0.00014811551996978206 -0.00029694514643445122 0.00071701107179642366 0.00090792622323439666 -0.0014061719688500101 -4.0567733594390446e-06 2.0241506049224129e-05 0.0017667559752879887 -0.0017046535579007243 0.00071072067171545797 -0.0010408061439943126 0.0017538405256537623 0.00083982386785423223 -6.5543683913157476e-05 -0.00067317044605948216
leaf_weight=7377 9167 5627 2934 5025 661114 2409 2219 2720 2444 2269 2039 7717 2243 2610
leaf_count=7377 9167 5627 2934 5025 661114 2409 2219 2720 2444 2269 2039 7717 2243 2610
internal_value=1.45661e-08 -8.44077e-06 -0.000416212 -0.000690406 2.03938e-06 0.000169801 0.000859651 6.10228e-05 -0.000251088 0.000128257 0.000503171 0.000357203 -0.000965488 -3.87007e-06
internal_weight=717914 683867 17126 14192 666741 34047 4628 29419 14325 9362 7093 15094 4963 5054
internal_count=717914 683867 17126 14192 666741 34047 4628 29419 14325 9362 7093 15094 4963 5054
is_linear=0
shrinkage=0.05


Tree=118
num_leaves=15
num_cat=0
split_feature=1 1 1 1 0 0 0 1 0 0 1 1 1 1
split_gain=0.418257 0.447821 0.475026 1.08589 0.99198 1.88475 1.84678 1.16722 1.0855 0.815531 0.742011 1.66221 1.11868 2.13471
threshold=0.12903756648302081 0.27160012722015386 1.3781368732452395 1.2401474714279177 1.7805435657501223 2.3330180644989018 3.3972306251525883 0.66382554173469555 5.0169203281402597 1.1024149060249331 8.4315757751464862 8.5559525489807147 5.2967031002044687 4.3665919303894052
decision_type=2 2 2 2 2 2 2 2 2 2 2 2 2 2
left_child=-1 -2 3 4 9 -6 7 -7 -8 -3 12 -12 13 -4
right_child=1 2 10 -5 5 6 8 -9 -10 -11 11 -13 -14 -15
leaf_value=0.0005938488529778495 -0.00061794298095679552 0.00029667502668107525 -0.00013569982545320763 0.0011268242160409213 0.0014563150387059292 -0.0016046456438756126 0.0010588045830960272 -5.3053785131272139e-05 -0.00029073288043224109 -0.00098381543268676757 0.0012117846614499697 1.2779762939354946e-05 -0.00026737826536989286 0.00045990346148586607
leaf_weight=2943 2933 2006 59307 2904 2849 2076 4163 2895 2312 3245 2896 544742 62497 20146
leaf_count=2943 2933 2006 59307 2904 2849 2076 4163 2895 2312 3245 2896 544742 62497 20146
internal_value=1.47889e-08 -2.43785e-06 1.06156e-07 0.000226396 9.21088e-05 0.000307969 2.11154e-05 -0.000702954 0.000577226 -0.000495005 -7.26403e-06 1.91423e-05 -0.000109133 1.53594e-05
internal_weight=717914 714971 712038 22450 19546 14295 11446 4971 6475 5251 689588 547638 141950 79453
internal_count=717914 714971 712038 22450 19546 14295 11446 4971 6475 5251 689588 547638 141950 79453
is_linear=0
shrinkage=0.05


Tree=119
num_leaves=15
num_cat=0
split_feature=0 0 0 1 0 2 0 0 1 1 1 0 0 0
split_gain=0.394018 0.53733 0.776137 1.93121 1.84744 0.545801 1.38009 1.58641 0.990135 4.48475 4.0109 4.91764 2.08356 3.5475
threshold=9.9139461517334002 8.5536823272705096 7.8191416263580331 14.016392230987551 7.5308358669281015 1.0000000180025095e-35 7.036393642425538 6.719891071319581 5.2967031002044687 6.2489676475524911 4.1277208328247079 4.3585500717163095 5.3057830333709726 4.6277542114257821
decision_type=2 2 2 2 2 2 2 2 2 2 2 2 2 2
left_child=1 2 4 -4 5 8 7 -7 10 -10 12 -12 13 -1
right_child=-2 -3 3 -5 -6 6 -8 -9 9 -11 11 -13 -14 -15
leaf_value=-2.965314773763988e-05 -0.00064787906630783159 0.00070799725472441282 0.00054219364223385925 -0.0013581011444239956 0.0013295970699667122 -4.6019957593432305e-05 -0.0012436151557973069 0.0011520810595392632 -0.0011295693666561375 4.1076571657228171e-05 0.00058415675611249494 0.0032582015129243879 -0.0014520188102677351 0.0020542101553356344
leaf_weight=35763 2329 2676 2238 3295 2609 348624 2374 2775 8409 289883 10415 2051 2317 2156
leaf_count=35763 2329 2676 2238 3295 2609 348624 2374 2775 8409 289883 10415 2051 2317 2156
internal_value=1.56305e-08 2.13334e-06 -5.26105e-07 -0.000589874 4.09197e-06 -8.33756e-07 -4.46611e-05 -3.6526e-05 4.33407e-05 8.03872e-06 0.000243109 0.00102637 2.43238e-07 8.93416e-05
internal_weight=717914 715585 712909 5533 707376 704767 353773 351399 350994 298292 52702 12466 40236 37919
internal_count=717914 715585 712909 5533 707376 704767 353773 351399 350994 298292 52702 12466 40236 37919
is_linear=0
shrinkage=0.05


Tree=120
num_leaves=15
num_cat=0
split_feature=0 0 1 1 1 1 0 1 0 1 2 0 0 0
split_gain=0.379476 0.55184 0.502276 0.471664 0.904157 0.714633 1.21477 1.03602 2.142 1.55593 2.00603 5.62778 2.89646 1.387
threshold=0.98444759845733654 0.39938217401504522 15.42992687225342 35.838012695312507 35.495138168334968 34.94244575500489 3.3796172142028813 33.775814056396491 5.43691110610962 33.192869186401374 1.0000000180025095e-35 3.1754547357559209 2.4939376115798955 4.4427518844604501
decision_type=2 2 2 2 2 2 2 2 2 2 2 2 2 2
left_child=1 2 -1 4 5 7 -7 9 13 -2 12 -12 -11 -9
right_child=3 -3 -4 -5 -6 6 -8 8 -10 10 11 -13 -14 -15
leaf_value=-0.00018450137399330573 9.5504677060988223e-06 -0.00017637227273545379 0.0007592987777176566 0.00068329412333205906 -0.00054010414495202696 1.0343321146829206e-05 0.0011200483924777673 -0.00031014860973815911 -0.0017373184516135294 0.0012978849124112603 -7.8069897554998394e-06 0.0033193455369498639 -0.0011488807607683714 0.00093442139017765533
leaf_weight=2522 607309 50951 3177 2586 7429 6647 3911 18230 2383 2112 3224 2088 2803 2542
leaf_count=2522 607309 50951 3177 2586 7429 6647 3911 18230 2383 2112 3224 2088 2803 2542
internal_value=1.74697e-08 -0.000124168 0.000342044 1.06581e-05 8.00696e-06 1.42676e-05 0.000422082 7.54074e-06 -0.000320737 1.98548e-05 0.000631147 0.00130378 -9.69929e-05 -0.000157466
internal_weight=717914 56650 5699 661264 658678 651249 10558 640691 23155 617536 10227 5312 4915 20772
internal_count=717914 56650 5699 661264 658678 651249 10558 640691 23155 617536 10227 5312 4915 20772
is_linear=0
shrinkage=0.05


Tree=121
num_leaves=15
num_cat=0
split_feature=1 1 1 1 0 0 0 0 0 1 1 0 0 1
split_gain=0.375445 0.42756 3.66614 1.35693 2.71531 1.3011 2.21249 1.90626 2.2015 1.1589 1.12123 2.02534 4.55566 2.28721
threshold=0.12903756648302081 15.17199754714966 16.732419967651371 17.365984916687015 4.2556700706481942 6.0124845504760751 5.2262580394744882 4.1098568439483651 3.4981788396835332 17.225962638854984 14.287138462066652 5.0169203281402597 3.6887723207473759 14.608026981353762
decision_type=2 2 2 2 2 2 2 2 2 2 2 2 2 2
left_child=-1 10 5 4 9 6 7 8 -3 -4 -2 12 13 -12
right_child=1 2 3 -5 -6 -7 -8 -9 -10 -11 11 -13 -14 -15
leaf_value=0.00056264105526824507 -2.3963446581563671e-05 0.0005662658558791869 0.00018432033962813657 4.8709358205754532e-06 -0.0016682320396571818 0.0017390373787847997 -0.0011535067606584925 0.0016476254579460585 -0.00093246799718010084 -0.001092041842564722 -0.0011712542482486697 0.00093866763174120993 -0.0028417000411898657 0.00021440353118916226
leaf_weight=2943 284597 23594 8351 365156 3642 2075 2008 3526 2725 2249 4742 2292 2043 7971
leaf_count=2943 284597 23594 8351 365156 3642 2075 2008 3526 2725 2249 4742 2292 2043 7971
internal_value=1.93994e-08 -2.30433e-06 3.07267e-05 -1.38097e-05 -0.000492436 0.00052861 0.000449238 0.000557422 0.000410796 -8.72592e-05 -4.75643e-05 -0.000441309 -0.000656146 -0.000302967
internal_weight=717914 714971 413326 379398 14242 33928 31853 29845 26319 10600 301645 17048 14756 12713
internal_count=717914 714971 413326 379398 14242 33928 31853 29845 26319 10600 301645 17048 14756 12713
is_linear=0
shrinkage=0.05


Tree=122
num_leaves=15
num_cat=0
split_feature=0 0 0 1 0 2 0 0 0 0 0 1 0 0
split_gain=0.351445 0.492158 0.698505 1.73676 1.6681 0.502186 1.26725 1.44781 0.942338 1.491 3.42527 1.09431 0.947196 9.94834
threshold=9.9139461517334002 8.5536823272705096 7.8191416263580331 14.016392230987551 7.5308358669281015 1.0000000180025095e-35 7.036393642425538 6.719891071319581 7.036393642425538 6.3429889678955087 6.1090059280395517 35.735187530517585 5.2262580394744882 5.3057830333709726
decision_type=2 2 2 2 2 2 2 2 2 2 2 2 2 2
left_child=1 2 4 -4 5 8 7 -7 9 10 11 12 -1 -14
right_child=-2 -3 3 -5 -6 6 -8 -9 -10 -11 -12 -13 13 -15
leaf_value=2.1474965667901171e-05 -0.00061187622429314365 0.000677558625663936 0.00051393901045243399 -0.0012881521134047384 0.0012633810483177073 -4.4142428578203876e-05 -0.0011917650312341648 0.0011004243441538667 0.00091299185482749616 -0.00071137611770173757 0.0016432480645481966 -0.0010095208280717462 0.0031498121558301362 -0.00015356577857683019
leaf_weight=319582 2329 2676 2238 3295 2609 348624 2374 2775 3065 6575 3323 2491 2744 13214
leaf_count=319582 2329 2676 2238 3295 2609 348624 2374 2775 3065 6575 3323 2491 2744 13214
internal_value=1.63278e-08 2.01636e-06 -5.28843e-07 -0.000559626 3.85219e-06 -8.2836e-07 -4.28682e-05 -3.50727e-05 4.15443e-05 3.38415e-05 4.8216e-05 3.24879e-05 4.02535e-05 0.000416071
internal_weight=717914 715585 712909 5533 707376 704767 353773 351399 350994 347929 341354 338031 335540 15958
internal_count=717914 715585 712909 5533 707376 704767 353773 351399 350994 347929 341354 338031 335540 15958
is_linear=0
shrinkage=0.05


Tree=123
num_leaves=15
num_cat=0
split_feature=1 1 1 0 0 0 0 0 2 1 0 0 1 0
split_gain=0.342632 3.2871 1.22345 2.4456 1.17937 2.06416 1.72163 1.98747 1.08084 1.6742 3.50531 2.48098 2.37008 4.71683
threshold=15.17199754714966 16.732419967651371 17.365984916687015 4.2556700706481942 6.0124845504760751 5.2262580394744882 4.1098568439483651 3.4981788396835332 1.5000000000000002 12.432610034942629 1.0257255434989931 0.82128500938415538 14.453992843627931 2.7140895128250127
decision_type=2 2 2 2 2 2 2 2 2 2 2 2 2 2
left_child=8 4 3 -3 5 6 7 -2 -1 10 11 -10 13 -11
right_child=1 2 -4 -5 -6 -7 -8 -9 9 12 -12 -13 -14 -15
leaf_value=-8.8378663839620562e-05 0.00053841691922690608 -8.2450163064934465e-05 5.2372146255915327e-06 -0.0015828493264751474 0.0016535258887533035 -0.0011225282679197652 0.0015661090845369718 -0.00088559856935592398 0.00030015503546657117 -0.00011075889313235377 -0.00010872350160596746 0.0026558599434112003 -0.00050690584605586912 0.0022094593626776145
leaf_weight=241460 23594 10600 365156 3642 2075 2008 3526 2725 2518 4200 46734 2004 3106 4566
leaf_count=241460 23594 10600 365156 3642 2075 2008 3526 2725 2518 4200 46734 2004 3106 4566
internal_value=1.84864e-08 2.96705e-05 -1.25008e-05 -0.000466977 0.000501113 0.000425546 0.000530043 0.000390698 -4.02189e-05 0.000143973 2.00039e-05 0.00134768 0.00067873 0.00109893
internal_weight=717914 413326 379398 14242 33928 31853 29845 26319 304588 63128 51256 4522 11872 8766
internal_count=717914 413326 379398 14242 33928 31853 29845 26319 304588 63128 51256 4522 11872 8766
is_linear=0
shrinkage=0.05


Tree=124
num_leaves=15
num_cat=0
split_feature=0 0 1 1 0 1 1 2 1 0 1 1 1 1
split_gain=0.36379 0.50618 0.462958 0.791875 0.663826 0.648623 1.14292 1.13259 0.98877 0.475023 2.2878 2.14096 3.67225 5.43907
threshold=0.98444759845733654 0.39938217401504522 35.838012695312507 35.495138168334968 2.4255527257919316 34.94244575500489 35.071567535400398 1.0000000180025095e-35 34.820482254028327 6.8343644142150888 27.603961944580082 21.395910263061527 15.17199754714966 10.09392833709717
decision_type=2 2 2 2 2 2 2 2 2 2 2 2 2 2
left_child=1 -1 3 5 -5 8 -7 -8 9 -2 11 12 13 -11
right_child=2 -3 -4 4 -6 6 7 -9 -10 10 -12 -13 -14 -15
leaf_value=0.00032493806872178942 3.2055027624616712e-06 -0.00017156879388715381 0.00067683841631215622 -0.0011091433544164499 -0.00013545271200458999 0.0012542017817603422 -0.00051118911093435361 0.00070022190549306226 -0.00098002366210757645 0.00066605374789680243 0.0015188847901774535 -0.00087185416531266951 0.0018125139265263773 -0.001856802830246548
leaf_weight=5699 617145 50951 2586 2813 4616 2858 3913 3787 2516 6868 3008 4801 3264 3089
leaf_count=5699 617145 50951 2586 2813 4616 2858 3913 3787 2516 6868 3008 4801 3264 3089
internal_value=2.06451e-08 -0.000121572 1.0439e-05 7.81249e-06 -0.000505137 1.36715e-05 0.000402195 8.47403e-05 7.26285e-06 1.11705e-05 0.000244798 3.142e-05 0.000359841 -0.0001177
internal_weight=717914 56650 661264 658678 7429 651249 10558 7700 640691 638175 21030 18022 13221 9957
internal_count=717914 56650 661264 658678 7429 651249 10558 7700 640691 638175 21030 18022 13221 9957
is_linear=0
shrinkage=0.05


Tree=125
num_leaves=15
num_cat=0
split_feature=0 1 0 0 0 0 0 1 2 0 0 1 0 1
split_gain=0.34781 0.44797 2.39686 2.02291 2.0241 3.66204 3.57427 2.32223 3.51531 1.91036 4.9004 4.75479 2.42962 1.53983
threshold=9.9139461517334002 8.4315757751464862 8.5536823272705096 7.5308358669281015 5.2597839832305917 5.5672395229339608 5.1244020462036142 3.1270717382431035 1.5000000000000002 4.664483070373536 4.1896345615386972 5.2967031002044687 4.8903739452362069 8.6797962188720721
decision_type=2 2 2 2 2 2 2 2 2 2 2 2 2 2
left_child=1 3 13 4 6 -6 9 -7 -9 10 -1 -12 -11 -3
right_child=-2 2 -4 -5 5 7 -8 8 -10 12 11 -13 -14 -15
leaf_value=-3.3013882643216047e-05 -0.00060869942508085353 0.00082853604886949791 0.0016614064609327052 -0.0014929381417933428 0.0020580231019323271 0.0010792001507511167 -0.0020177138451273505 0.00033379915493629602 -0.002225539458404356 0.0015862214507161986 -0.00043080295894157809 -0.0029212420302305365 -0.00032543308064309179 8.626960432260462e-06
leaf_weight=136691 2329 5778 2216 2448 3074 3605 2377 3997 2008 3807 5754 2867 2939 538024
leaf_count=136691 2329 5778 2216 2448 3074 3605 2377 3997 2008 3807 5754 2867 2939 538024
internal_value=2.05339e-08 2.0102e-06 2.40564e-05 -6.89773e-05 -4.80307e-05 0.000558898 -9.79117e-05 7.77238e-05 -0.00052429 -6.77703e-05 -0.000105976 -0.00126145 0.00075413 1.73537e-05
internal_weight=717914 715585 546018 169567 167119 12684 154435 9610 6005 152058 145312 8621 6746 543802
internal_count=717914 715585 546018 169567 167119 12684 154435 9610 6005 152058 145312 8621 6746 543802
is_linear=0
shrinkage=0.05


Tree=126
num_leaves=15
num_cat=0
split_feature=1 1 0 0 0 2 1 0 1 1 1 0 2 1
split_gain=0.346844 1.98832 1.12679 2.60428 1.61198 2.47717 1.35867 2.70468 1.02908 1.95088 1.92205 3.47364 3.02154 1.66449
threshold=28.31158542633057 28.698990821838382 6.5541508197784433 5.1745252609252939 4.7363896369934091 1.0000000180025095e-35 33.493719100952156 5.7033410072326669 23.333030700683597 21.661662101745609 22.277522087097172 3.6627779006958012 1.5000000000000002 21.251059532165531
decision_type=2 2 2 2 2 2 2 2 2 2 2 2 2 2
left_child=8 -2 3 4 -3 -6 7 -5 9 13 11 -11 -12 -1
right_child=1 2 -4 6 5 -7 -8 -9 -10 10 12 -13 -14 -15
leaf_value=5.4063542422698802e-07 -0.00081403790210932191 -2.2368717574886633e-05 -0.00087473704238700395 0.0013230673367229603 0.00016553699909536591 -0.0017843451784617097 0.001435264431030121 -0.00068775320043570768 0.00016436112273967532 -0.00031918540076036694 -0.00038747759086567985 -0.0022165981808238808 0.0012279773320328453 0.000710984515672878
leaf_weight=426368 8402 123414 3774 3255 3190 3315 4271 3419 99152 7598 16324 3527 3508 8397
leaf_count=426368 8402 123414 3774 3255 3190 3315 4271 3419 99152 7598 16324 3527 3508 8397
internal_value=1.77637e-08 -6.67487e-05 -2.32855e-05 -4.13062e-07 -6.28348e-05 -0.000829352 0.000739925 0.000293463 1.81075e-05 -1.30327e-05 -0.000396471 -0.00092218 -0.000101252 1.42781e-05
internal_weight=717914 153040 144638 140864 129919 6505 10945 6674 564874 465722 30957 11125 19832 434765
internal_count=717914 153040 144638 140864 129919 6505 10945 6674 564874 465722 30957 11125 19832 434765
is_linear=0
shrinkage=0.05


Tree=127
num_leaves=15
num_cat=0
split_feature=1 1 2 0 1 1 0 0 0 0 2 1 0 0
split_gain=0.344367 0.984631 2.23865 1.49474 1.09451 0.909777 0.865081 0.898683 2.68737 1.39929 1.25595 0.963898 1.34758 0.908607
threshold=1.6539137959480288 2.5951888561248784 1.5000000000000002 3.7093478441238408 2.8366554975509648 1.9895564317703249 5.9012348651885995 4.3252618312835702 3.7093478441238408 2.4380450248718266 1.0000000180025095e-35 1.2401474714279177 1.7805435657501223 2.9393748044967656
decision_type=2 2 2 2 2 2 2 2 2 2 2 2 2 2
left_child=6 2 3 5 -3 -2 7 8 9 10 11 12 -1 -11
right_child=1 4 -4 -5 -6 -7 -8 -9 -10 13 -12 -13 -14 -15
leaf_value=-0.00023506405722900582 0.00037686714068684159 0.00069567008006413686 0.00087327831296034753 -0.0014543981827302216 -4.0094699822509912e-06 -0.00063950692684111457 0.0011171795884288213 -0.00064793637312295712 0.001723889551138974 -0.00090300974240551779 -0.00011937799178592325 0.0017002585027670871 0.00134759663642751 2.5794876736922812e-05
leaf_weight=3141 3215 5627 2934 4038 661114 6939 2177 3651 2567 4963 7512 2102 2339 5595
leaf_count=3141 3215 5627 2934 4038 661114 6939 2177 3651 2567 4963 7512 2102 2339 5595
internal_value=1.54349e-08 -7.71231e-06 -0.000381945 -0.000641877 1.90586e-06 -0.000317644 0.000155191 8.91494e-05 0.00018471 3.00723e-05 0.000338838 0.000792382 0.000441679 -0.00041125
internal_weight=717914 683867 17126 14192 666741 10154 34047 31870 28219 25652 15094 7582 5480 10558
internal_count=717914 683867 17126 14192 666741 10154 34047 31870 28219 25652 15094 7582 5480 10558
is_linear=0
shrinkage=0.05


Tree=128
num_leaves=15
num_cat=0
split_feature=1 0 1 2 0 1 0 1 0 1 0 1 0 1
split_gain=0.340495 1.40773 1.38313 3.66347 1.11328 5.07078 0.729874 1.69631 1.69579 1.84651 1.29772 1.02156 0.943384 1.03189
threshold=33.775814056396491 5.7033410072326669 33.493719100952156 1.0000000180025095e-35 8.5536823272705096 18.904769897460941 2.7273492813110356 34.416193008422859 3.0226904153823857 34.94244575500489 4.1098568439483651 35.495138168334968 2.2913380861282353 35.24212837219239
decision_type=2 2 2 2 2 2 2 2 2 2 2 2 2 2
left_child=2 6 4 -4 -1 -6 12 10 -9 -10 -8 -11 -2 -14
right_child=1 -3 3 -5 5 -7 7 8 9 11 -12 -13 13 -15
leaf_value=-2.7500775914965331e-06 -7.542141484686409e-05 -0.0011149767797178356 -0.00056061185358846589 0.0019953807463112352 -0.00087774844118840311 0.0025085841139687423 0.00028832204723540139 0.0010743484173518936 -0.0011999137959773467 0.00061244904167118792 0.0018078311936132988 -0.00055029386248468034 -0.0014111307462460016 3.5852446624801861e-05
leaf_weight=660879 18235 3358 2647 2962 2233 2172 3636 2425 4306 4227 2285 3399 3118 2032
leaf_count=660879 18235 3358 2647 2962 2233 2172 3636 2425 4306 4227 2285 3399 3118 2032
internal_value=1.73541e-08 -0.000130036 9.13421e-06 0.000790305 2.53639e-06 0.000793871 -5.40487e-05 0.000165438 -0.000128335 -0.000373458 0.000876782 9.41586e-05 -0.000244363 -0.000841242
internal_weight=717914 47021 670893 5609 665284 4405 43663 20278 14357 11932 5921 7626 23385 5150
internal_count=717914 47021 670893 5609 665284 4405 43663 20278 14357 11932 5921 7626 23385 5150
is_linear=0
shrinkage=0.05


Tree=129
num_leaves=15
num_cat=0
split_feature=0 1 1 1 1 0 1 1 1 1 1 2 0 1
split_gain=0.33527 0.599495 0.827892 0.715141 1.91449 1.46182 1.00169 1.17544 0.942427 0.726313 0.69708 0.60413 0.562563 1.3609
threshold=1.1435822248458865 1.3781368732452395 3.7219537496566777 10.429559230804445 7.4945485591888437 0.82128500938415538 15.944038867950441 13.130472183227541 11.443456172943117 5.3958992958068857 17.225962638854984 1.0000000180025095e-35 1.2552440762519839 4.3665919303894052
decision_type=2 2 2 2 2 2 2 2 2 2 2 2 2 2
left_child=1 -1 -3 4 9 -6 7 8 -5 -4 -8 -9 13 -2
right_child=12 2 3 6 5 -7 10 11 -10 -11 -12 -13 -14 -15
leaf_value=0.00059878169782411278 -0.00090720669886831134 -0.00072958074010509935 0.00025496713419003499 -0.00082787800424204876 7.3741865834987661e-05 0.0015473523360459498 0.00074896623526305697 -0.00057234806335496773 0.00042584950417568466 -0.00068530820436600137 -9.8269411344886325e-05 -0.0015543496811154891 4.3101006076015872e-06 0.00046381584054546718
leaf_weight=2969 2052 5249 3604 2465 3189 3556 2572 3346 3791 4752 40653 2966 621919 14831
leaf_count=2969 2052 5249 3604 2465 3189 3556 2572 3346 3791 4752 40653 2966 621919 14831
internal_value=1.82442e-08 -9.70692e-05 -0.000124277 -7.93639e-05 0.000225781 0.000851778 -0.00016198 -0.00055469 -6.86792e-05 -0.000279941 -4.76951e-05 -0.00103552 1.20433e-05 0.00029674
internal_weight=717914 79112 76143 70894 15101 6745 55793 12568 6256 8356 43225 6312 638802 16883
internal_count=717914 79112 76143 70894 15101 6745 55793 12568 6256 8356 43225 6312 638802 16883
is_linear=0
shrinkage=0.05


Tree=130
num_leaves=15
num_cat=0
split_feature=1 1 1 1 0 0 1 0 0 0 0 0 2 2
split_gain=0.321614 0.408582 0.416062 0.969551 0.883205 0.570772 0.761105 2.03876 1.59032 1.68008 3.78085 2.97636 3.59309 3.86822
threshold=0.12903756648302081 0.27160012722015386 1.3781368732452395 1.2401474714279177 4.7363896369934091 9.9139461517334002 8.4315757751464862 8.5536823272705096 7.5308358669281015 5.2597839832305917 4.9276232719421396 5.5672395229339608 1.5000000000000002 1.0000000180025095e-35
decision_type=2 2 2 2 2 2 2 2 2 2 2 2 2 2
left_child=-1 -2 3 4 -3 6 8 -8 9 10 -4 -11 13 -13
right_child=1 2 5 -5 -6 -7 7 -9 -10 11 -12 12 -14 -15
leaf_value=0.00052074429535881701 -0.00059005535215874566 -6.3291381534485565e-05 -9.0210557978308298e-05 0.0010629021447759992 0.00084543118749193344 -0.00083103709973255085 1.650662443301948e-05 0.0015327815859957868 -0.0014462244439431536 0.0019240079478821165 -0.0017193340931355679 -0.00036678162638512465 -0.0016125460683479702 0.0023008204808510169
leaf_weight=2943 2933 16360 124904 2904 3186 2083 543802 2216 2174 2766 3656 3365 2355 2267
leaf_count=2943 2933 16360 124904 2904 3186 2083 543802 2216 2174 2766 3656 3365 2355 2267
internal_value=1.64528e-08 -2.13425e-06 2.95748e-07 0.000212075 8.51871e-05 -6.60186e-06 -4.09194e-06 2.26883e-05 -0.000107435 -8.64408e-05 -0.00013667 0.000513654 2.34349e-05 0.00070916
internal_weight=717914 714971 712038 22450 19546 689588 687505 546018 141487 139313 128560 10753 7987 5632
internal_count=717914 714971 712038 22450 19546 689588 687505 546018 141487 139313 128560 10753 7987 5632
is_linear=0
shrinkage=0.05


Tree=131
num_leaves=15
num_cat=0
split_feature=1 0 1 0 1 0 1 0 2 1 2 1 0 0
split_gain=0.324111 1.88874 3.71151 1.9842 1.79799 1.96634 1.29957 2.08355 1.08218 0.923673 2.10587 3.13153 2.81279 0.899599
threshold=28.31158542633057 6.5541508197784433 31.961916923522953 5.1745252609252939 32.621036529541023 5.7656588554382333 29.001466751098636 4.6962068080902108 1.0000000180025095e-35 27.465895652771 1.5000000000000002 27.866256713867191 3.3375228643417363 5.7033410072326669
decision_type=2 2 2 2 2 2 2 2 2 2 2 2 2 2
left_child=9 3 -3 6 13 -6 -2 -8 -9 -1 11 12 -11 -5
right_child=1 2 -4 4 5 -7 7 8 -10 10 -12 -13 -14 -15
leaf_value=6.270451730787852e-06 -0.00057326327220166373 0.00035255521092755944 -0.0025844970758241333 0.00057038715968459074 0.000292510600423591 0.0021468245381446867 9.3870743540935101e-06 -0.00024873249081816675 -0.0015221025204939179 0.00058933831571473649 -0.00074775962601655063 -0.00010395589526725039 0.0026671676149790432 -0.00064431270208180867
leaf_weight=547970 12538 2175 2114 3174 2854 2862 117733 3279 3397 4120 3311 6781 2692 2914
leaf_count=547970 12538 2175 2114 3174 2854 2862 117733 3279 3397 4120 3311 6781 2692 2914
internal_value=1.66683e-08 -6.45246e-05 -0.00109773 -3.4662e-05 0.000587064 0.00122309 -8.829e-05 -3.9372e-05 -0.000897979 1.75035e-05 0.000381422 0.000656818 0.00141317 -1.11278e-05
internal_weight=717914 153040 4289 148751 11804 5716 136947 124409 6676 564874 16904 13593 6812 6088
internal_count=717914 153040 4289 148751 11804 5716 136947 124409 6676 564874 16904 13593 6812 6088
is_linear=0
shrinkage=0.05


Tree=132
num_leaves=15
num_cat=0
split_feature=2 1 1 0 1 1 1 0 0 1 0 0 0 0
split_gain=0.329672 1.48211 7.16181 3.68771 2.5203 4.81126 4.18979 4.49479 4.1011 3.08105 3.20269 3.03361 2.94216 2.65648
threshold=1.5000000000000002 35.071567535400398 33.885906219482429 7.5308358669281015 30.960071563720707 26.482630729675297 25.423508644104007 5.2262580394744882 4.1627721786499032 7.6534869670867929 6.2124750614166269 3.5449024438858037 3.1099735498428349 2.5837135314941411
decision_type=2 2 2 2 2 2 2 2 2 2 2 2 2 2
left_child=-1 2 3 4 5 6 7 12 -6 -9 -11 -7 13 -2
right_child=1 -3 -4 -5 8 11 -8 9 -10 10 -12 -13 -14 -15
leaf_value=-1.7052720010188656e-05 0.00013099398082832666 0.00099014961152261798 -0.001849432428536848 0.0019866014400452057 0.0012034767943890014 -0.00034927920411367678 0.001623997467226961 0.00033464043334534115 -0.0010954225860136239 -0.0025482045251122316 -0.00029526262571746799 -0.0018268111426513593 0.00058894576556648608 -0.00071228307606969424
leaf_weight=572604 50805 4214 4835 2550 9881 11734 4466 3053 2405 3708 2745 4929 28553 11432
leaf_count=572604 50805 4214 4835 2550 9881 11734 4466 3053 2405 3708 2745 4929 28553 11432
internal_value=1.5978e-08 6.72729e-05 3.96419e-05 0.000106803 7.08079e-05 1.7323e-06 0.000127276 6.0474e-05 0.000752939 -0.000973378 -0.00159178 -0.000787174 0.000168817 -2.39929e-05
internal_weight=717914 145310 141096 136261 133711 121425 104762 100296 12286 9506 6453 16663 90790 62237
internal_count=717914 145310 141096 136261 133711 121425 104762 100296 12286 9506 6453 16663 90790 62237
is_linear=0
shrinkage=0.05


Tree=133
num_leaves=15
num_cat=0
split_feature=0 2 0 1 1 1 0 0 0 1 1 2 1 1
split_gain=0.307715 0.565872 1.84064 1.14325 1.60547 0.687441 0.648037 0.647162 1.27741 0.573075 0.820675 0.627598 0.558537 1.02465
threshold=1.1435822248458865 1.5000000000000002 0.64032983779907238 11.573187351226808 29.755519866943363 6.2489676475524911 0.92140913009643566 0.73617714643478405 0.76534768939018261 20.078397750854496 32.093601226806648 1.0000000180025095e-35 3.7219537496566777 10.429559230804445
decision_type=2 2 2 2 2 2 2 2 2 2 2 2 2 2
left_child=1 7 -3 5 6 -4 -5 9 -9 -1 11 -11 -10 -14
right_child=-2 2 3 4 -6 -7 -8 8 12 10 -12 -13 13 -15
leaf_value=-0.00016894709225137128 1.1534200677772554e-05 -0.00075905896302915193 0.00052045187063279178 0.00025558513004978866 0.0012850417602692232 0.0018123986437855889 -0.00080547808391505295 -0.0014828893605241785 -0.00078160753959890844 0.00093950775349849788 -0.00050593355689514965 2.1189293147177004e-05 0.00039367511084039932 -0.00028803793910224285
leaf_weight=12885 638802 3980 2119 2700 2166 2014 3062 2087 3896 4712 2244 3071 6898 27278
leaf_count=12885 638802 3980 2119 2700 2166 2014 3062 2087 3896 4712 2244 3071 6898 27278
internal_value=1.38991e-08 -9.29982e-05 0.000172086 0.000479728 0.000127798 0.00115287 -0.000308696 -0.000160434 -0.000281387 5.15964e-05 0.000334887 0.000577652 -0.000215152 -0.000150368
internal_weight=717914 79112 16041 12061 7928 4133 5762 63071 40159 22912 10027 7783 38072 34176
internal_count=717914 79112 16041 12061 7928 4133 5762 63071 40159 22912 10027 7783 38072 34176
is_linear=0
shrinkage=0.05


Tree=134
num_leaves=15
num_cat=0
split_feature=1 0 0 0 1 0 0 1 2 0 1 1 1 1
split_gain=0.305079 0.967174 2.55023 0.983264 0.571109 1.07304 0.991059 0.903821 0.581622 0.430898 2.18978 2.17653 3.15899 5.16874
threshold=35.495138168334968 1.6269016861915591 2.4255527257919316 3.45921802520752 34.94244575500489 3.3796172142028813 1.5469638705253603 34.820482254028327 1.0000000180025095e-35 6.8343644142150888 27.603961944580082 21.395910263061527 15.17199754714966 10.09392833709717
decision_type=2 2 2 2 2 2 2 2 2 2 2 2 2 2
left_child=4 -2 -3 -4 7 6 -6 9 -8 -1 11 12 13 -11
right_child=1 2 3 -5 5 -7 8 -9 -10 10 -12 -13 -14 -15
leaf_value=-5.0559718065628593e-06 0.00064742358111686952 -0.0019601893063714505 0.00070655436274448145 -0.00054669551674818388 0.00088997491815229603 0.001025061265346626 -0.00088025716564956889 -0.0009041976677232823 0.00017716272233841269 0.00066821253185115649 0.0014712242596404291 -0.00089475209827674868 0.0016944644779913571 -0.0017911472035319568
leaf_weight=671983 2291 2223 2786 3545 2196 3911 2708 2753 2488 6868 3008 4801 3264 3089
leaf_count=671983 2291 2223 2786 3545 2196 3911 2708 2753 2488 6868 3008 4801 3264 3089
internal_value=1.35247e-08 -0.000263045 -0.000507366 5.05022e-06 4.05198e-06 0.000356454 1.79656e-06 -1.67798e-06 -0.000374565 1.92029e-06 0.000224733 1.59841e-05 0.00034713 -9.57961e-05
internal_weight=717914 10845 8554 6331 707069 11303 7392 695766 5196 693013 21030 18022 13221 9957
internal_count=717914 10845 8554 6331 707069 11303 7392 695766 5196 693013 21030 18022 13221 9957
is_linear=0
shrinkage=0.05


Tree=135
num_leaves=15
num_cat=0
split_feature=0 0 1 1 0 2 0 0 1 1 1 0 0 0
split_gain=0.319219 1.49378 1.18569 3.16726 3.98999 0.479588 1.17869 1.37458 0.95463 3.91131 3.66893 6.62761 2.19047 2.93615
threshold=7.8191416263580331 7.5308358669281015 9.6770539283752459 21.251059532165531 8.5536823272705096 1.0000000180025095e-35 7.036393642425538 6.719891071319581 5.2967031002044687 6.2489676475524911 4.3665919303894052 4.0832352638244638 2.3854781389236455 2.1030952930450444
decision_type=2 2 2 2 2 2 2 2 2 2 2 2 2 2
left_child=1 5 -2 -4 -5 8 7 -7 10 -10 12 -12 13 -1
right_child=2 -3 3 4 -6 6 -8 -9 9 -11 11 -13 -14 -15
leaf_value=0.00020696155047469379 0.00060210373722982134 0.0011959842025835443 -0.0018974822031435634 -0.0013514117797385067 0.0015278926339816748 -4.274721894875482e-05 -0.0011494546565434624 0.0010725003966114636 -0.0010559907635132903 3.7253711623484502e-05 0.00042227390481303485 0.0035801463759861439 -0.00026531731991171804 0.0020769210532238587
leaf_weight=15690 2824 2609 2896 2235 2583 348624 2374 2775 8409 289883 7583 2119 24896 2414
leaf_count=15690 2824 2609 2896 2235 2583 348624 2374 2775 8409 289883 7583 2119 24896 2414
internal_value=1.30494e-08 4.08431e-06 -0.00027302 -0.000593757 0.000192193 -3.4493e-07 -4.1428e-05 -3.39098e-05 4.10634e-05 6.40024e-06 0.000237218 0.00111496 3.89621e-05 0.000457312
internal_weight=717914 707376 10538 7714 4818 704767 353773 351399 350994 298292 52702 9702 43000 18104
internal_count=717914 707376 10538 7714 4818 704767 353773 351399 350994 298292 52702 9702 43000 18104
is_linear=0
shrinkage=0.05


Tree=136
num_leaves=15
num_cat=0
split_feature=0 1 1 0 1 0 0 0 0 0 0 2 0 0
split_gain=0.32159 0.425077 2.49257 1.97751 1.57431 1.42987 4.14668 2.09695 4.0925 5.1401 2.92247 2.55522 4.90335 2.04475
threshold=9.9139461517334002 9.8477592468261737 9.6770539283752459 8.5536823272705096 10.602339267730715 5.2597839832305917 5.5672395229339608 3.8610264062881474 3.6375920772552495 3.5680267810821538 3.4359222650527959 1.5000000000000002 4.5126798152923593 5.0669009685516366
decision_type=2 2 2 2 2 2 2 2 2 2 2 2 2 2
left_child=1 2 5 4 -3 7 -7 8 9 10 -1 13 -13 -9
right_child=-2 3 -4 -5 -6 6 -8 11 -10 -11 -12 12 -14 -15
leaf_value=-6.921712085836063e-05 -0.00058531017056284067 0.00053898562431988351 -0.0015066069603407379 0.0015710982467238923 4.8924227528294268e-06 0.0017980099337664892 -1.3315751698319745e-05 -0.0001010835734075367 0.0011662224798426478 -0.0024301928865592733 0.0012051461549201698 -0.0031819856743852113 -1.2027035687229744e-05 -0.0015784231871914861
leaf_weight=133306 2329 14178 2925 2052 501162 4019 14644 21824 7081 2250 4646 2305 2579 2614
leaf_count=133306 2329 14178 2925 2052 501162 4019 14644 21824 7081 2250 4646 2305 2579 2614
internal_value=1.58533e-08 1.92905e-06 -6.03334e-05 2.57801e-05 1.95965e-05 -3.8593e-05 0.0003775 -8.25831e-05 -5.69709e-06 -6.49647e-05 -2.62144e-05 -0.000468644 -0.00151153 -0.000259688
internal_weight=717914 715585 198193 517392 515340 195268 18663 176605 147283 140202 137952 29322 4884 24438
internal_count=717914 715585 198193 517392 515340 195268 18663 176605 147283 140202 137952 29322 4884 24438
is_linear=0
shrinkage=0.05


Tree=137
num_leaves=15
num_cat=0
split_feature=2 1 1 1 1 1 0 0 0 1 1 1 0 1
split_gain=0.320248 1.32209 3.11409 4.19973 3.53792 2.31276 3.0657 2.25659 3.943 2.13253 3.95818 2.64301 4.62319 3.23216
threshold=1.5000000000000002 18.026355743408207 22.40629863739014 23.019564628601078 21.82566070556641 12.432610034942629 1.0257255434989931 1.8072209954261782 1.5296445488929751 11.443456172943117 10.750124931335451 7.4945485591888437 1.5775602459907534 5.7967550754547128
decision_type=2 2 2 2 2 2 2 2 2 2 2 2 2 2
left_child=-1 5 4 -4 -3 6 -2 8 -7 10 11 12 -8 -14
right_child=1 2 3 -5 -6 7 9 -9 -10 -11 -12 -13 13 -15
leaf_value=-1.6810140823032543e-05 0.0012644519199545823 -0.00039594836367321304 0.0023036577464896481 5.8507040250958336e-06 -0.0025112973077965487 0.00064209914189221839 -0.0014942455414399987 0.00092803572098550807 -0.0019619137381659221 -0.0012335317992637504 0.0018773236735524135 -0.00076094336599068658 7.2475066524781397e-05 0.0014250911167355165
leaf_weight=572604 4522 14103 2058 51755 2290 4797 3771 16977 2074 3786 2633 11489 19341 5714
leaf_count=572604 4522 14103 2058 51755 2290 4797 3771 16977 2074 3786 2633 11489 19341 5714
internal_value=1.28402e-08 6.63015e-05 -8.96829e-05 9.41387e-05 -0.0006928 0.000212106 2.2815e-05 0.000618765 -0.000145627 -9.75711e-05 2.8312e-06 -0.000120028 0.000135592 0.000381396
internal_weight=717914 145310 70206 53813 16393 75104 51256 23848 6871 46734 42948 40315 28826 25055
internal_count=717914 145310 70206 53813 16393 75104 51256 23848 6871 46734 42948 40315 28826 25055
is_linear=0
shrinkage=0.05


Tree=138
num_leaves=15
num_cat=0
split_feature=0 0 1 1 1 2 0 0 0 0 0 0 1 1
split_gain=0.310073 1.33716 1.11879 2.78211 1.38996 0.442336 1.05697 1.21898 0.911403 6.21421 1.96035 1.77344 1.948 3.64196
threshold=7.8191416263580331 7.5308358669281015 21.395910263061527 12.835483551025392 28.31158542633057 1.0000000180025095e-35 7.036393642425538 6.719891071319581 5.9012348651885995 5.7656588554382333 6.3429889678955087 5.3713400363922128 12.835483551025392 28.041254997253422
decision_type=2 2 2 2 2 2 2 2 2 2 2 2 2 2
left_child=1 5 3 -2 -4 -1 7 8 9 11 -10 -7 -13 -14
right_child=2 -3 4 -5 -6 6 -8 -9 10 -11 -12 12 13 -15
leaf_value=3.9601822976674753e-05 -0.00062148784240569283 0.0011317106025524578 -0.001626803755694667 0.0016396066813590751 0.00011221126799962592 -2.5541603130824379e-05 -0.0010888747646022056 0.0010094051341229633 -0.0011322779534210777 0.0024438851580322295 0.00032800480328909248 0.00031062937650432293 -0.0020561001538936005 0.00030425415706244671
leaf_weight=350994 3794 2609 2560 2108 2076 326443 2374 2775 5515 2515 3929 3275 4329 2618
leaf_count=350994 3794 2609 2560 2108 2076 326443 2374 2775 5515 2515 3929 3275 4329 2618
internal_value=1.22988e-08 4.02481e-06 -0.000269081 0.000187508 -0.000849508 -1.65804e-07 -3.9621e-05 -3.25017e-05 -4.08238e-05 -2.73261e-05 -0.00052505 -4.58589e-05 -0.00069404 -0.00116743
internal_weight=717914 707376 10538 5902 4636 704767 353773 351399 348624 339180 9444 336665 10222 6947
internal_count=717914 707376 10538 5902 4636 704767 353773 351399 348624 339180 9444 336665 10222 6947
is_linear=0
shrinkage=0.05


Tree=139
num_leaves=15
num_cat=0
split_feature=1 0 1 0 1 1 1 0 1 1 1 1 0 0
split_gain=0.307955 2.06725 3.39731 1.81665 1.61867 1.85716 1.14401 1.84084 1.08827 0.90382 1.73859 6.16091 2.389 1.60074
threshold=28.31158542633057 6.5541508197784433 31.961916923522953 5.1745252609252939 32.621036529541023 33.885906219482429 29.001466751098636 4.5566120147705087 32.907075881958015 23.333030700683597 21.395910263061527 21.251059532165531 8.5536823272705096 3.2287765741348271
decision_type=2 2 2 2 2 2 2 2 2 2 2 2 2 2
left_child=9 3 -3 6 -5 -6 -2 -8 -9 10 11 12 -1 -11
right_child=1 2 -4 4 5 -7 7 8 -10 13 -12 -13 -14 -15
leaf_value=9.5466772640645169e-06 -0.00053799528188299079 0.00024409789756094682 -0.0025662262775420189 -4.3490914510840485e-06 0.0022780202237079458 0.00043552359925020149 1.4871241520202843e-05 -0.0012955557309591145 -0.00016014527789352096 -2.4230874372123069e-06 -0.00034326684953263738 0.0023350911667506832 -0.0015620391055685147 0.00041191771438661153
leaf_weight=423946 12538 2175 2114 6088 2260 3456 115959 4377 4073 61697 36519 2835 2422 37455
leaf_count=423946 12538 2175 2114 6088 2260 3456 115959 4377 4073 61697 36519 2835 2422 37455
internal_value=1.22139e-08 -6.29e-05 -0.00114383 -3.16584e-05 0.000563239 0.00116672 -8.29723e-05 -3.70753e-05 -0.000749111 1.70577e-05 -1.21258e-05 1.60569e-05 5.82797e-07 0.000154121
internal_weight=717914 153040 4289 148751 11804 5716 136947 124409 8450 564874 465722 429203 426368 99152
internal_count=717914 153040 4289 148751 11804 5716 136947 124409 8450 564874 465722 429203 426368 99152
is_linear=0
shrinkage=0.05


Tree=140
num_leaves=15
num_cat=0
split_feature=2 1 1 0 1 0 1 1 0 0 0 0 1 0
split_gain=0.30601 1.31749 6.49606 3.42138 2.25805 3.83574 3.58993 3.71782 4.12936 3.62346 3.16866 2.71479 2.65158 2.85239
threshold=1.5000000000000002 35.071567535400398 33.885906219482429 7.5308358669281015 31.394181251525882 4.1627721786499032 26.482630729675297 25.423508644104007 5.2262580394744882 3.0852169990539555 3.0043526887893681 5.0169203281402597 7.6534869670867929 6.2124750614166269
decision_type=2 2 2 2 2 2 2 2 2 2 2 2 2 2
left_child=-1 2 3 4 6 10 7 8 11 -8 -6 -2 -10 -14
right_child=1 -3 -4 -5 5 -7 9 -9 12 -11 -12 -13 13 -15
leaf_value=-1.6433662105625216e-05 0.00011893298577632459 0.00093492519424370193 -0.0017603716279634089 0.0019133692544426142 0.00071195943236001538 -0.0010641736722206399 -8.8764509702617901e-05 0.0015311317623715051 0.00028088444850938573 -0.0015341183724663242 0.0029935287021119203 0.0018923415267452102 -0.0024089145287473708 -0.00028273235833020476
leaf_weight=572604 88588 4214 4835 2550 6278 2234 11471 4466 3053 6963 2003 2202 3708 2745
leaf_count=572604 88588 4214 4835 2550 6278 2234 11471 4466 3053 6963 2003 2202 3708 2745
internal_value=1.10967e-08 6.48095e-05 3.8758e-05 0.000102722 6.80504e-05 0.000770999 7.99469e-06 0.00012123 5.83032e-05 -0.000635248 0.00126677 0.000162149 -0.000932632 -0.00150631
internal_weight=717914 145310 141096 136261 133711 10515 123196 104762 100296 18434 8281 90790 9506 6453
internal_count=717914 145310 141096 136261 133711 10515 123196 104762 100296 18434 8281 90790 9506 6453
is_linear=0
shrinkage=0.05


Tree=141
num_leaves=15
num_cat=0
split_feature=0 0 1 1 1 0 1 1 2 1 0 1 1 1
split_gain=0.306352 0.466562 0.431274 0.407167 0.719138 0.551171 0.495075 1.06325 0.886543 0.758799 0.364209 1.97965 1.93739 2.74115
threshold=0.98444759845733654 0.39938217401504522 15.42992687225342 35.838012695312507 35.495138168334968 2.4255527257919316 34.94244575500489 35.071567535400398 1.0000000180025095e-35 34.820482254028327 6.8343644142150888 27.603961944580082 21.395910263061527 15.17199754714966
decision_type=2 2 2 2 2 2 2 2 2 2 2 2 2 2
left_child=1 2 -1 4 6 -6 9 -8 -9 10 -2 12 13 -12
right_child=3 -3 -4 -5 5 -7 7 8 -10 -11 11 -13 -14 -15
leaf_value=-0.00017080345810937454 3.5434953839882841e-06 -0.00015956971513029345 0.00070374914173500984 0.00063453036889345345 -0.0010320986899399812 -0.0001448024255517316 0.0011738962498005082 -0.00048121086389176231 0.00059055830588836263 -0.00085779171617024377 -8.356877747858307e-05 0.0014002663125542748 -0.00084264383603519584 0.0015841002394573946
leaf_weight=2522 617145 50951 3177 2586 2813 4616 2858 3913 3787 2516 9957 3008 4801 3264
leaf_count=2522 617145 50951 3177 2586 2813 4616 2858 3913 3787 2516 9957 3008 4801 3264
internal_value=1.27711e-08 -0.000111568 0.000317109 9.57338e-06 7.11017e-06 -0.000481714 1.26937e-05 0.000352129 4.5987e-05 7.09467e-06 1.05179e-05 0.000215088 1.66068e-05 0.000329031
internal_weight=717914 56650 5699 661264 658678 7429 651249 10558 7700 640691 638175 21030 18022 13221
internal_count=717914 56650 5699 661264 658678 7429 651249 10558 7700 640691 638175 21030 18022 13221
is_linear=0
shrinkage=0.05


Tree=142
num_leaves=15
num_cat=0
split_feature=1 1 2 0 1 2 0 0 0 0 0 0 2 0
split_gain=0.29906 0.84621 2.02726 1.42482 1.02214 0.943277 0.750609 0.834036 2.45177 1.24081 1.11139 1.00212 0.823211 0.791511
threshold=1.6539137959480288 2.5951888561248784 1.5000000000000002 3.2485842704772954 2.8366554975509648 1.0000000180025095e-35 5.9012348651885995 4.3252618312835702 3.7093478441238408 2.4380450248718266 1.6101227998733523 1.9281337857246401 1.0000000180025095e-35 2.9393748044967656
decision_type=2 2 2 2 2 2 2 2 2 2 2 2 2 2
left_child=6 2 3 -2 -3 -5 7 8 9 10 12 -12 -1 -11
right_child=1 4 -4 5 -6 -7 -8 -9 -10 13 11 -13 -14 -15
leaf_value=0.00043708073778981721 -0.00023004070767042751 0.00067216363864764327 0.00084035729933515076 -0.00058035925221771548 -3.9876064199990045e-06 -0.0019525512295603454 0.0010407050317486558 -0.00062697388365686281 0.0016453278916026685 -0.00084709823889671666 0.0014873015162783949 0.00030422070289356416 -0.00061951316119980148 1.9800523752319896e-05
leaf_weight=3484 9167 5627 2934 2482 661114 2543 2177 3651 2567 4963 2816 4901 3893 5595
leaf_count=3484 9167 5627 2934 2482 661114 2543 2177 3651 2567 4963 2816 4901 3893 5595
internal_value=1.37605e-08 -7.1877e-06 -0.000354119 -0.000601479 1.72881e-06 -0.00127728 0.000144622 8.31042e-05 0.000175164 2.7461e-05 0.000318217 0.000737303 -0.00012059 -0.000388119
internal_weight=717914 683867 17126 14192 666741 5025 34047 31870 28219 25652 15094 7717 7377 10558
internal_count=717914 683867 17126 14192 666741 5025 34047 31870 28219 25652 15094 7717 7377 10558
is_linear=0
shrinkage=0.05


Tree=143
num_leaves=15
num_cat=0
split_feature=1 0 0 0 1 0 0 0 1 0 0 1 1 0
split_gain=0.285844 5.51356 3.60442 2.46825 2.03482 1.54068 1.87185 3.21586 2.97575 1.72043 1.45308 1.33882 1.6955 1.15057
threshold=30.233297348022464 6.5541508197784433 5.5672395229339608 5.8382956981658944 30.059896469116214 4.6962068080902108 3.7817831039428715 3.5230578184127812 33.038743972778327 3.8905001878738408 3.4151197671890263 31.537603378295902 32.754985809326179 2.9271961450576787
decision_type=2 2 2 2 2 2 2 2 2 2 2 2 2 2
left_child=4 2 5 -4 -1 6 7 10 -9 -8 13 -11 -13 -2
right_child=1 -3 3 -5 -6 -7 9 8 -10 11 -12 12 -14 -15
leaf_value=7.6672924924727296e-06 1.5303866893198457e-05 -0.0021047411852640639 0.0023823531149952154 0.0003208415748804406 0.0013718613347051918 -0.00069639528154219173 0.0016772490224678249 -0.0028026448050270398 -0.00020671817004884411 0.0013781018814124149 0.0012587955196992542 -0.0011855757880028142 0.00038171197443027916 -0.00049411195760060242
leaf_weight=598748 64252 3232 2484 3484 2736 9254 2587 2064 2364 2118 2095 2300 6811 13385
leaf_count=598748 64252 3232 2484 3484 2736 9254 2587 2064 2364 2118 2095 2300 6811 13385
internal_value=1.41628e-08 -7.1692e-05 -1.34641e-05 0.00118143 1.38954e-05 -8.00714e-05 -2.17934e-05 -0.000110358 -0.00142033 0.000517387 -3.74383e-05 0.000248917 -1.48035e-05 -7.25742e-05
internal_weight=717914 116430 113198 5968 601484 107230 97976 84160 4428 13816 79732 11229 9111 77637
internal_count=717914 116430 113198 5968 601484 107230 97976 84160 4428 13816 79732 11229 9111 77637
is_linear=0
shrinkage=0.05


Tree=144
num_leaves=15
num_cat=0
split_feature=1 0 0 0 1 0 1 1 0 0 0 0 1 2
split_gain=0.289983 0.901479 2.18745 0.929817 0.461274 0.945183 0.960249 0.749973 0.413118 2.27594 14.1289 3.23074 3.15087 5.236
threshold=35.495138168334968 1.6269016861915591 2.4255527257919316 3.45921802520752 34.94244575500489 3.3796172142028813 35.24212837219239 34.820482254028327 4.664483070373536 5.3057830333709726 5.2597839832305917 5.6355636119842538 7.1983137130737314 1.5000000000000002
decision_type=2 2 2 2 2 2 2 2 2 2 2 2 2 2
left_child=4 -2 -3 -4 7 6 -6 8 -1 10 -10 12 -11 -14
right_child=1 2 3 -5 5 -7 -8 -9 9 11 -12 -13 13 -15
leaf_value=-1.4342030534691636e-05 0.00062255456708967946 -0.0018378572764271321 0.00066448775724634566 -0.00055422610400180576 -0.000561349632759429 0.0009481708285301616 0.00057758798616582669 -0.00082332386614172447 0.0001403326380994429 0.00078020615362095708 0.0039180656474422475 9.2544413188464089e-05 -0.00057701628207013696 -0.0032362011490834294
leaf_weight=586829 2291 2223 2786 3545 3828 3911 3564 2753 37507 2655 2640 52186 8864 2332
leaf_count=586829 2291 2223 2786 3545 3828 3911 3564 2753 37507 2655 2640 52186 8864 2332
internal_value=1.4365e-08 -0.000256454 -0.000492329 -1.77206e-05 3.95163e-06 0.000320659 -1.21805e-05 -1.19794e-06 2.07979e-06 9.28283e-05 0.000389664 -8.76638e-05 -0.000766206 -0.00113329
internal_weight=717914 10845 8554 6331 707069 11303 7392 695766 693013 106184 40147 66037 13851 11196
internal_count=717914 10845 8554 6331 707069 11303 7392 695766 693013 106184 40147 66037 13851 11196
is_linear=0
shrinkage=0.05


Tree=145
num_leaves=15
num_cat=0
split_feature=1 1 1 0 1 1 0 0 1 1 0 2 0 0
split_gain=0.29458 2.29775 2.01529 3.50934 2.54402 1.63925 2.05807 3.707 1.88018 1.25593 2.72849 1.40558 1.1215 3.3253
threshold=14.751514434814455 16.732419967651371 14.287138462066652 3.2111946344375615 14.453992843627931 13.863571166992189 3.6122051477432255 1.735420346260071 13.293702602386476 17.50726413726807 4.1330070495605478 1.0000000180025095e-35 3.8044918775558476 4.2988338470458993
decision_type=2 2 2 2 2 2 2 2 2 2 2 2 2 2
left_child=2 -2 5 4 -4 8 7 -7 -1 10 -3 -12 -11 -14
right_child=1 9 3 -5 -6 6 -8 -9 -10 12 11 -13 13 -15
leaf_value=-9.7981745571748941e-06 0.00037619571672949055 -3.6844831905832241e-05 -0.0015030745719071658 -0.0024214952333682059 0.00059001620149704199 -0.00059768920428577568 -0.00051114228403488103 0.0020241763853196841 -0.00066346264156662272 -4.4569132822118253e-05 -0.00070035238757650367 -0.0024372145434928896 0.00067409018177346305 -1.4216813893934454e-05
leaf_weight=267364 42334 12277 2266 2377 3999 2003 2620 4090 11463 268061 2734 2035 23298 70993
leaf_count=267364 42334 12277 2266 2377 3999 2003 2620 4090 11463 268061 2734 2035 23298 70993
internal_value=1.37459e-08 2.68544e-05 -3.82041e-05 -0.000790075 -0.000168227 -1.55799e-05 0.000659368 0.0011627 -3.66941e-05 -1.21347e-05 -0.000431437 -0.00144505 7.6017e-06 0.000155908
internal_weight=717914 421732 296182 8642 6265 287540 8713 6093 278827 379398 17046 4769 362352 94291
internal_count=717914 421732 296182 8642 6265 287540 8713 6093 278827 379398 17046 4769 362352 94291
is_linear=0
shrinkage=0.05


Tree=146
num_leaves=15
num_cat=0
split_feature=2 1 1 1 1 1 0 0 0 0 1 1 1 0
split_gain=0.282128 1.1623 2.8831 3.83244 3.06355 2.22205 2.82554 2.16241 3.86274 2.11766 1.87917 3.64708 2.23713 4.08488
threshold=1.5000000000000002 18.026355743408207 22.40629863739014 23.019564628601078 21.82566070556641 12.432610034942629 1.0257255434989931 3.2680516242980961 4.5934560298919687 0.82128500938415538 11.443456172943117 10.750124931335451 7.4945485591888437 1.5775602459907534
decision_type=2 2 2 2 2 2 2 2 2 2 2 2 2 2
left_child=-1 5 4 -4 -3 6 9 -7 -9 -2 11 12 13 -8
right_child=1 2 3 -5 -6 7 10 8 -10 -11 -12 -13 -14 -15
leaf_value=-1.578062427345187e-05 0.00023779464476484619 -0.0003880939621569734 0.002203535704785234 8.5057804151837644e-06 -0.0023565598457378498 0.00023608532664513672 -0.0014226805002680097 0.0026692054684866332 0.00045710646156235093 0.0024139873411368282 -0.0011685208010841963 0.0017913997041532734 -0.00071550478425818861 0.00034038313893787307
leaf_weight=572604 2518 14103 2058 51755 2290 15138 3771 3014 5696 2004 3786 2633 11489 25055
leaf_count=572604 2518 14103 2058 51755 2290 15138 3771 3014 5696 2004 3786 2633 11489 25055
internal_value=9.3819e-09 6.22278e-05 -8.40271e-05 9.28453e-05 -0.000664345 0.000198937 1.33975e-05 0.000597542 0.00122476 0.00120541 -0.000102175 -7.92336e-06 -0.000125853 0.000109327
internal_weight=717914 145310 70206 53813 16393 75104 51256 23848 8710 4522 46734 42948 40315 28826
internal_count=717914 145310 70206 53813 16393 75104 51256 23848 8710 4522 46734 42948 40315 28826
is_linear=0
shrinkage=0.05


Tree=147
num_leaves=15
num_cat=0
split_feature=0 0 1 1 1 0 1 1 2 1 0 1 1 1
split_gain=0.286196 0.427413 0.390412 0.378372 0.61468 0.434736 0.400968 0.977769 0.784816 0.635887 0.355116 1.98561 1.76496 2.52661
threshold=0.98444759845733654 0.39938217401504522 15.42992687225342 35.838012695312507 35.495138168334968 2.4255527257919316 34.94244575500489 35.071567535400398 1.0000000180025095e-35 34.820482254028327 6.8343644142150888 27.603961944580082 21.395910263061527 15.17199754714966
decision_type=2 2 2 2 2 2 2 2 2 2 2 2 2 2
left_child=1 2 -1 4 6 -6 9 -8 -9 10 -2 12 13 -12
right_child=3 -3 -4 -5 5 -7 7 8 -10 -11 11 -13 -14 -15
leaf_value=-0.00016176298305834369 3.2483276871616665e-06 -0.00015377928515013416 0.00067032987387910742 0.00061170595746165134 -0.00093386838969088516 -0.00014579144955720119 0.0011055549846135477 -0.00047203780535496638 0.00053636434151664136 -0.0007847441772238147 -8.4563981583011931e-05 0.0013990959213966885 -0.00080676307270501611 0.0015165081160021107
leaf_weight=2522 617145 50951 3177 2586 2813 4616 2858 3913 3787 2516 9957 3008 4801 3264
leaf_count=2522 617145 50951 3177 2586 2813 4616 2858 3913 3787 2516 9957 3008 4801 3264
internal_value=1.19116e-08 -0.000107836 0.000302462 9.25266e-06 6.87815e-06 -0.000445052 1.20402e-05 0.000317515 2.39651e-05 7.00138e-06 1.01351e-05 0.000212136 1.33574e-05 0.000311556
internal_weight=717914 56650 5699 661264 658678 7429 651249 10558 7700 640691 638175 21030 18022 13221
internal_count=717914 56650 5699 661264 658678 7429 651249 10558 7700 640691 638175 21030 18022 13221
is_linear=0
shrinkage=0.05


Tree=148
num_leaves=15
num_cat=0
split_feature=1 1 1 1 0 0 0 0 0 0 1 1 0 1
split_gain=0.279779 0.359523 0.354816 0.91152 0.769602 1.57328 1.34586 1.04388 0.724541 0.710933 0.549747 1.41043 2.10691 2.1068
threshold=0.12903756648302081 0.27160012722015386 1.3781368732452395 1.2401474714279177 1.7805435657501223 2.3330180644989018 3.3165787458419804 5.0169203281402597 1.1024149060249331 3.9782660007476811 8.4315757751464862 8.6797962188720721 3.2287765741348271 8.8310446739196795
decision_type=2 2 2 2 2 2 2 2 2 2 2 2 2 2
left_child=-1 -2 3 4 8 -6 -7 9 -3 -8 -4 12 -12 -13
right_child=1 2 10 -5 5 6 7 -9 -10 -11 11 13 -14 -15
leaf_value=0.00048569399795085502 -0.00055348953744681004 0.00030182862020349189 -9.3766784148958477e-05 0.0010208271662801103 0.0013121428736448896 -0.00065328828956710545 0.00031438724952946394 -0.00041222311591496992 -0.00090504937655815597 0.0015788342907908657 -0.00010084007656103956 -0.0013628251022397011 0.0018107588680211597 1.5441202943930246e-05
leaf_weight=2943 2933 2006 141950 2904 2849 4654 2434 2312 3245 2046 3081 2777 2697 539083
leaf_count=2943 2933 2006 141950 2904 2849 4654 2434 2312 3245 2046 3081 2777 2697 539083
internal_value=1.29054e-08 -1.99304e-06 2.864e-07 0.000195859 7.28316e-05 0.000262967 9.01456e-07 0.000449465 -0.000444298 0.000894086 -6.08333e-06 1.66459e-05 0.000793025 8.35265e-06
internal_weight=717914 714971 712038 22450 19546 14295 11446 6792 5251 4480 689588 547638 5778 541860
internal_count=717914 714971 712038 22450 19546 14295 11446 6792 5251 4480 689588 547638 5778 541860
is_linear=0
shrinkage=0.05


Tree=149
num_leaves=15
num_cat=0
split_feature=0 1 1 0 0 2 1 1 0 1 0 0 1 0
split_gain=0.271596 1.18463 3.29809 3.43107 1.17431 0.41521 1.00735 2.64559 2.63191 2.71152 3.35925 2.96832 3.14702 3.08787
threshold=7.8191416263580331 9.6770539283752459 21.251059532165531 8.5536823272705096 7.5308358669281015 1.0000000180025095e-35 22.55234527587891 21.82566070556641 5.7656588554382333 25.762697219848636 2.2460700273513798 2.4939376115798955 24.856550216674808 4.3585500717163095
decision_type=2 2 2 2 2 2 2 2 2 2 2 2 2 2
left_child=4 -2 -3 -4 5 -1 7 -7 9 10 -8 -12 13 -13
right_child=1 2 3 -5 -6 6 8 -9 -10 -11 11 12 -14 -15
leaf_value=3.8371351048214494e-05 0.00062286535482285134 -0.0019028291938938133 -0.001202017462299 0.001468045842532217 0.0010605561044458251 -7.1455785799580285e-05 -0.00021546227879332871 -0.0010432235026656884 0.0011223093045290128 -0.00010461412536772091 0.0026671695610472092 0.0007042783624526893 0.0018163158769679188 -0.0011627397702591868
leaf_weight=350994 2824 2896 2235 2583 2609 215731 11595 7229 5692 95897 2044 8412 4178 2995
leaf_count=350994 2824 2896 2235 2583 2609 215731 11595 7229 5692 95897 2044 8412 4178 2995
internal_value=1.41888e-08 -0.00025183 -0.000572438 0.000229518 3.7695e-06 -1.57642e-07 -3.8384e-05 -0.000103009 7.17629e-05 2.38856e-05 0.000445442 0.00088001 0.000644061 0.000213489
internal_weight=717914 10538 7714 4818 707376 704767 353773 222960 130813 125121 29224 17629 15585 11407
internal_count=717914 10538 7714 4818 707376 704767 353773 222960 130813 125121 29224 17629 15585 11407
is_linear=0
shrinkage=0.05


end of trees

feature_importances:
Column_0=979
Column_1=867
Column_2=254

parameters:
[boosting: gbdt]
[objective: regression]
[metric: l2]
[tree_learner: serial]
[device_type: cpu]
[data_sample_strategy: bagging]
[data: ]
[valid: ]
[num_iterations: 150]
[learning_rate: 0.05]
[num_leaves: 15]
[num_threads: 1]
[seed: 0]
[deterministic: 1]
[force_col_wise: 1]
[force_row_wise: 0]
[histogram_pool_size: -1]
[max_depth: -1]
[min_data_in_leaf: 2000]
[min_sum_hessian_in_leaf: 0.001]
[bagging_fraction: 1]
[pos_bagging_fraction: 1]
[neg_bagging_fraction: 1]
[bagging_freq: 0]
[bagging_seed: 7719]
[bagging_by_query: 0]
[feature_fraction: 1]
[feature_fraction_bynode: 1]
[feature_fraction_seed: 2437]
[extra_trees: 0]
[extra_seed: 11797]
[early_stopping_round: 0]
[early_stopping_min_delta: 0]
[first_metric_only: 0]
[max_delta_step: 0]
[lambda_l1: 0]
[lambda_l2: 10]
[linear_lambda: 0]
[min_gain_to_split: 0]
[drop_rate: 0.1]
[max_drop: 50]
[skip_drop: 0.5]
[xgboost_dart_mode: 0]
[uniform_drop: 0]
[drop_seed: 21238]
[top_rate: 0.2]
[other_rate: 0.1]
[min_data_per_group: 100]
[max_cat_threshold: 32]
[cat_l2: 10]
[cat_smooth: 10]
[max_cat_to_onehot: 4]
[top_k: 20]
[monotone_constraints: ]
[monotone_constraints_method: basic]
[monotone_penalty: 0]
[feature_contri: ]
[forcedsplits_filename: ]
[refit_decay_rate: 0.9]
[cegb_tradeoff: 1]
[cegb_penalty_split: 0]
[cegb_penalty_feature_lazy: ]
[cegb_penalty_feature_coupled: ]
[path_smooth: 0]
[interaction_constraints: ]
[verbosity: -1]
[saved_feature_importance_type: 0]
[use_quantized_grad: 0]
[num_grad_quant_bins: 4]
[quant_train_renew_leaf: 0]
[stochastic_rounding: 1]
[linear_tree: 0]
[max_bin: 255]
[max_bin_by_feature: ]
[min_data_in_bin: 3]
[bin_construct_sample_cnt: 200000]
[data_random_seed: 38]
[is_enable_sparse: 1]
[enable_bundle: 1]
[use_missing: 1]
[zero_as_missing: 0]
[feature_pre_filter: 1]
[pre_partition: 0]
[two_round: 0]
[header: 0]
[label_column: ]
[weight_column: ]
[group_column: ]
[ignore_column: ]
[categorical_feature: ]
[forcedbins_filename: ]
[precise_float_parser: 0]
[parser_config_file: ]
[objective_seed: 8855]
[num_class: 1]
[is_unbalance: 0]
[scale_pos_weight: 1]
[sigmoid: 1]
[boost_from_average: 1]
[reg_sqrt: 0]
[alpha: 0.9]
[fair_c: 1]
[poisson_max_delta_step: 0.7]
[tweedie_variance_power: 1.5]
[lambdarank_truncation_level: 30]
[lambdarank_norm: 1]
[label_gain: ]
[lambdarank_position_bias_regularization: 0]
[eval_at: ]
[multi_error_top_k: 1]
[auc_mu_weights: ]
[num_machines: 1]
[local_listen_port: 12400]
[time_out: 120]
[machine_list_filename: ]
[machines: ]
[gpu_platform_id: -1]
[gpu_device_id: -1]
[gpu_device_id_list: ]
[gpu_use_dp: 0]
[num_gpu: 1]

end of parameters

pandas_categorical:null
