tree
version=v4
num_class=1
num_tree_per_iteration=1
label_index=0
max_feature_idx=3
objective=regression
feature_names=Column_0 Column_1 Column_2 Column_3
feature_infos=[0.073584243655204773:14.344818115234375] [0.0024536035489290953:35.997413635253906] [0:2] [0:10]
tree_sizes=1388 1451 1451 1450 1356 1455 1452 1369 1548 1554 1554 1555 1453 1371 1456 1363 1364 1373 1466 1461 1362 1557 1370 1467 1555 1377 1359 1469 1559 1565 1473 1463 1467 1463 1463 1469 1459 1463 1464 1465 1369 1562 1470 1373 1371 1462 1475 1471 1470 1554 1472 1378 1473 1556 1467 1370 1466 1468 1566 1371 1472 1462 1378 1377 1375 1464 1472 1470 1474 1477 1469 1379 1370 1377 1556 1375 1474 1558 1278 1469 1469 1557 1466 1469 1459 1375 1466 1381 1469 1370 1284 1460 1463 1377 1567 1376 1382 1370 1471 1566 1375 1372 1472 1570 1381 1474 1372 1473 1381 1373 1376 1567 1471 1477 1375 1374 1476 1377 1373 1385 1565 1376 1389 1375 1378 1384 1471 1566 1467 1477 1563 1468 1376 1479 1386 1383 1476 1481 1377 1382 1476 1378 1383 1475 1473 1292 1379 1370 1379 1479

Tree=0
num_leaves=14
num_cat=0
split_feature=0 3 0 1 1 3 0 1 1 1 0 0 1
split_gain=11.1385 8.23408 2.05092 2.08068 1.8976 2.33455 1.65676 1.51533 1.22401 0.99221 0.839718 1.59784 0.812615
threshold=2.1276745796203618 2.7999999403953568 5.2800464630126962 28.416324615478519 20.131559371948246 2.1715686428978307 3.3666520118713383 9.0399641990661639 14.54577159881592 14.390244483947756 2.5892046689987187 3.6778954267501835 15.265819549560549
decision_type=2 2 2 2 2 2 2 2 2 2 2 2 2
left_child=4 2 3 10 7 -6 12 -1 -9 -8 -2 -12 -3
right_child=1 6 -4 -5 5 -7 9 8 -10 -11 11 -13 -14
leaf_value=0.068286711034791808 0.070552850141865242 0.071538542471062228 0.071024990043041261 0.067987280810406295 0.066894235894759096 0.068948676423113794 0.072952499195244408 0.07061454884637311 0.068879844653619599 0.07153419135086507 0.068737441016214804 0.070277821571612789 0.070197199182047504
leaf_weight=3225 2044 2028 2075 2320 2922 2637 2071 2003 2045 3188 3900 2948 2553
leaf_count=3225 2044 2028 2075 2320 2922 2637 2071 2003 2045 3188 3900 2948 2553
internal_value=0.0697414 0.0703968 0.0695848 0.0693173 0.0685605 0.0678656 0.0714923 0.0690935 0.0697382 0.0720978 0.0696659 0.0694004 0.0707936
internal_weight=35959 23127 13287 11212 12832 5559 9840 7273 4048 5259 8892 6848 4581
internal_count=35959 23127 13287 11212 12832 5559 9840 7273 4048 5259 8892 6848 4581
is_linear=0
shrinkage=1


Tree=1
num_leaves=14
num_cat=0
split_feature=0 3 0 1 1 3 0 1 1 2 1 1 1
split_gain=10.0565 7.43431 1.8518 1.87875 1.71325 2.10766 1.49578 1.36804 1.10524 0.936203 0.837124 2.02394 0.733791
threshold=2.1276745796203618 2.7999999403953568 5.2800464630126962 28.416324615478519 20.131559371948246 2.1715686428978307 3.3666520118713383 9.0399641990661639 14.54577159881592 1.0000000180025095e-35 7.0298006534576425 16.404028892517093 15.265819549560549
decision_type=2 2 2 2 2 2 2 2 2 2 2 2 2
left_child=4 2 3 10 7 -6 12 -1 -9 -8 -2 -12 -3
right_child=1 6 -4 -5 5 -7 9 8 -10 -11 11 -13 -14
leaf_value=-0.001382142405918827 0.00074527907544381445 0.0017077626426718025 0.0012197545987142951 -0.0016667531992350265 -0.0027052549737913083 -0.00075320017144201291 0.0028962416287388127 0.0008297447745903221 -0.00081865048634484317 0.0015501731221402764 -0.0013371952358944698 0.00042478804787966979 0.00043313453366562623
leaf_weight=3225 2310 2028 2075 2320 2922 2637 2675 2003 2045 2584 2925 3657 2553
leaf_count=3225 2310 2028 2075 2320 2922 2637 2675 2003 2045 2584 2925 3657 2553
internal_value=2.84379e-08 0.000622805 -0.000148776 -0.00040291 -0.00112201 -0.00178228 0.00166377 -0.000615582 -2.96957e-06 0.00223905 -7.16606e-05 -0.000359067 0.000999901
internal_weight=35959 23127 13287 11212 12832 5559 9840 7273 4048 5259 8892 6582 4581
internal_count=35959 23127 13287 11212 12832 5559 9840 7273 4048 5259 8892 6582 4581
is_linear=0
shrinkage=0.05


Tree=2
num_leaves=14
num_cat=0
split_feature=0 3 0 1 1 3 0 1 1 1 0 0 0
split_gain=9.07948 6.71226 1.67206 1.69635 1.54682 1.90281 1.35037 1.23506 0.997998 0.898939 0.757919 1.43939 0.724726
threshold=2.1276745796203618 2.7999999403953568 5.2800464630126962 28.416324615478519 20.131559371948246 2.1715686428978307 3.3666520118713383 9.0399641990661639 14.54577159881592 14.390244483947756 2.5892046689987187 3.6778954267501835 2.6541824340820317
decision_type=2 2 2 2 2 2 2 2 2 2 2 2 2
left_child=4 2 3 10 7 -6 12 -1 -9 -8 -2 -12 -3
right_child=1 6 -4 -5 5 -7 9 8 -10 -11 11 -13 -14
leaf_value=-0.0013132489840234434 0.00077454326795507755 0.0016256443302630893 0.0011590595203127972 -0.0015837731567381827 -0.0025704532245546478 -0.00071568237549882532 0.0029404192910074192 0.00078846400743615695 -0.00077791730842129343 0.0015918985471341579 -0.0009495682933304073 0.00051243683704049086 0.00036400914541975696
leaf_weight=3225 2044 2120 2075 2320 2922 2637 2071 2003 2045 3188 3900 2948 2461
leaf_count=3225 2044 2120 2075 2320 2922 2637 2071 2003 2045 3188 3900 2948 2461
internal_value=4.29866e-08 0.000591794 -0.00014136 -0.000382847 -0.00106609 -0.00169348 0.00158091 -0.000584897 -2.81962e-06 0.00212752 -6.80872e-05 -0.000320359 0.000950139
internal_weight=35959 23127 13287 11212 12832 5559 9840 7273 4048 5259 8892 6848 4581
internal_count=35959 23127 13287 11212 12832 5559 9840 7273 4048 5259 8892 6848 4581
is_linear=0
shrinkage=0.05


Tree=3
num_leaves=14
num_cat=0
split_feature=0 3 0 1 0 1 3 1 1 1 1 2 3
split_gain=8.19754 6.06246 1.58669 2.05548 1.51129 1.39655 1.71788 1.1284 1.56338 1.11501 0.901159 0.728056 0.494297
threshold=2.1276745796203618 2.6666667560736337 5.2800464630126962 28.416324615478519 3.387484192848206 20.131559371948246 2.1715686428978307 7.0298006534576425 16.404028892517093 9.0399641990661639 14.54577159881592 1.0000000180025095e-35 8.6124993906356657
decision_type=2 2 2 2 2 2 2 2 2 2 2 2 2
left_child=5 2 3 7 12 9 -7 -2 -9 -1 -11 -6 -3
right_child=1 4 -4 -5 11 6 -8 8 -10 10 -12 -13 -14
leaf_value=-0.001247789690114144 0.00092556561926295737 0.0014111274223490549 0.0011290226642781738 -0.0017168553525666666 0.0026423368569392569 -0.0024423691389884135 -0.00068003400972634813 -0.001238188772264229 0.000322011672485862 0.00074923664719476384 -0.00073921049655717626 0.0014593039187756941 0.00038246029114541186
leaf_weight=3225 2255 2078 2042 2285 2696 2922 2637 2876 3612 2003 2045 2609 2674
leaf_count=3225 2255 2078 2042 2285 2696 2922 2637 2876 3612 2003 2045 2609 2674
internal_value=6.64148e-08 0.000562343 -0.000147868 -0.000385112 0.00148456 -0.00101297 -0.0016091 -3.54942e-05 -0.000370435 -0.000555741 -2.67723e-06 0.00206436 0.000834304
internal_weight=35959 23127 13070 11028 10057 12832 5559 8743 6488 7273 4048 5305 4752
internal_count=35959 23127 13070 11028 10057 12832 5559 8743 6488 7273 4048 5305 4752
is_linear=0
shrinkage=0.05


Tree=4
num_leaves=13
num_cat=0
split_feature=0 3 0 1 0 1 3 0 1 1 1 1
split_gain=7.40109 5.48578 1.36011 1.37198 1.49167 1.26088 1.55092 1.11048 1.04267 1.00662 0.902558 0.813717
threshold=2.1276745796203618 2.7999999403953568 5.2800464630126962 11.231722831726076 2.9606319665908818 20.131559371948246 2.1715686428978307 4.2714335918426523 15.265819549560549 9.0399641990661639 23.454006195068363 14.54577159881592
decision_type=2 2 2 2 2 2 2 2 2 2 2 2
left_child=5 2 3 -2 -5 9 -7 8 -3 -1 -6 -11
right_child=1 7 -4 4 10 6 -8 -9 -10 11 -12 -13
leaf_value=-0.0011855932953857445 0.00045748753235282401 0.0017779645948257834 0.0010444038522561536 -0.0016016813160753041 -0.00089041637436985369 -0.0023206671962578492 -0.00064616054078352246 0.0022223164603788425 0.0005272503241502128 0.00071196100561936846 0.000500430159810194 -0.00070242973834354382
leaf_weight=3225 3598 2942 2075 2960 2232 2922 2637 3043 3855 2003 2422 2045
leaf_count=3225 3598 2942 2075 2960 2232 2922 2637 3043 3855 2003 2422 2045
internal_value=7.64333e-08 0.000534341 -0.000128455 -0.000346253 -0.000726162 -0.00096249 -0.00152892 0.00142854 0.00107042 -0.000528039 -0.000167081 -2.54204e-06
internal_weight=35959 23127 13287 11212 7614 12832 5559 9840 6797 7273 4654 4048
internal_count=35959 23127 13287 11212 7614 12832 5559 9840 6797 7273 4654 4048
is_linear=0
shrinkage=0.05


Tree=5
num_leaves=14
num_cat=0
split_feature=0 3 0 1 1 3 2 0 2 1 0 0 1
split_gain=6.68182 4.95258 1.22809 1.36881 1.13838 1.40019 1.11237 2.8495 1.64633 0.908774 0.738047 1.52472 0.73476
threshold=2.1276745796203618 2.7999999403953568 5.2800464630126962 28.416324615478519 20.131559371948246 2.1715686428978307 1.0000000180025095e-35 3.6989724636077885 1.5000000000000002 9.0399641990661639 2.7031795978546147 3.4418236017227177 14.54577159881592
decision_type=2 2 2 2 2 2 2 2 2 2 2 2 2
left_child=4 2 3 10 9 -6 7 -3 -8 -1 -2 -12 -11
right_child=1 6 -4 -5 5 -7 8 -9 -10 12 11 -13 -14
leaf_value=-0.0011264964550936618 0.00067945216469814194 0.00082280613336848198 0.00099243366324769356 -0.0014077817599697324 -0.0022050291986241378 -0.00061397462918822191 6.4190666974782242e-05 0.0032501505551238599 0.0019226692865109279 0.00067653939747404975 -0.0012323354472825287 0.00032925259297295431 -0.00066747946431293826
leaf_weight=3225 2505 2766 2075 2320 2922 2637 2918 2151 2005 2003 2699 3688 2045
leaf_count=3225 2505 2766 2075 2320 2922 2637 2918 2151 2005 2003 2699 3688 2045
internal_value=7.11537e-08 0.000507711 -0.000122051 -0.000329008 -0.000914526 -0.00145274 0.00135734 0.00188912 0.00082346 -0.000501718 -4.62816e-05 -0.000331534 -2.41412e-06
internal_weight=35959 23127 13287 11212 12832 5559 9840 4917 4923 7273 8892 6387 4048
internal_count=35959 23127 13287 11212 12832 5559 9840 4917 4923 7273 8892 6387 4048
is_linear=0
shrinkage=0.05


Tree=6
num_leaves=14
num_cat=0
split_feature=0 3 1 0 1 3 2 1 0 1 1 1 0
split_gain=6.03276 4.47852 1.23484 1.17719 1.02779 1.2641 0.852771 1.43216 1.20384 0.820438 0.663464 0.60766 0.491209
threshold=2.1276745796203618 2.6666667560736337 28.416324615478519 3.387484192848206 20.131559371948246 2.1715686428978307 1.0000000180025095e-35 16.404028892517093 3.7210886478424077 9.0399641990661639 14.54577159881592 14.390244483947756 2.6702957153320317
decision_type=2 2 2 2 2 2 2 2 2 2 2 2 2
left_child=4 2 6 12 9 -6 8 -8 -2 -1 -11 -5 -3
right_child=1 3 -4 11 5 -7 7 -9 -10 10 -12 -13 -14
leaf_value=-0.0010703456080396309 -7.1152470164938584e-05 0.001239798931715796 -0.0010821104411710817 0.002449850691797061 -0.0020951537878920452 -0.00058339153546968492 -0.0010065935591510419 0.0006679559358116553 0.0014823281853720272 0.00064288053696544148 -0.0006342675022859073 0.0013463526197681551 0.00022134470013003487
leaf_weight=3225 2979 2232 2683 2099 2922 2637 3132 2142 2134 2003 2045 3206 2520
leaf_count=3225 2979 2232 2683 2099 2922 2637 3132 2142 2134 2003 2045 3206 2520
internal_value=8.83144e-08 0.000482443 -0.000127979 0.00127508 -0.000868953 -0.00138036 0.000119281 -0.000326509 0.000578848 -0.000476709 -2.29206e-06 0.00178676 0.000701309
internal_weight=35959 23127 13070 10057 12832 5559 10387 5274 5113 7273 4048 5305 4752
internal_count=35959 23127 13070 10057 12832 5559 10387 5274 5113 7273 4048 5305 4752
is_linear=0
shrinkage=0.05


Tree=7
num_leaves=13
num_cat=0
split_feature=0 3 0 1 3 3 3 0 2 0 0 2
split_gain=5.44676 4.04496 1.07642 1.21006 1.46297 2.56953 1.01004 0.991998 0.977048 1.77978 0.91455 0.0783235
threshold=2.1276745796203618 2.7999999403953568 5.2800464630126962 11.231722831726076 0.91106719906050493 0.091966178977955823 7.5773808059669099 4.1764507293701181 1.5000000000000002 1.2132524251937868 1.6672472357749941 1.0000000180025095e-35
decision_type=2 2 2 2 2 2 2 2 2 2 2 2
left_child=8 2 3 -2 5 -5 -3 11 9 -1 -11 -8
right_child=1 6 -4 4 -6 -7 7 -9 -10 10 -12 -13
leaf_value=-0.0015081375915018361 0.00045032630646815524 0.001873467741996951 0.00093268787105734146 2.575471849273523e-06 0.00034312406263945281 -0.0022271752894649009 0.00059401101818488586 0.0017340281873820488 -0.0016775360773686084 0.00050704240313162506 -0.00066675458634749398 0.00015593874117873259
leaf_weight=3524 3598 3736 2075 2525 2453 2636 2075 2012 2660 3101 3547 2017
leaf_count=3524 3598 3736 2075 2525 2453 2636 2075 2012 2660 3101 3547 2017
internal_value=1.04766e-07 0.000458434 -0.000110704 -0.000304463 -0.000661262 -0.00113838 0.00122628 0.000827741 -0.000825652 -0.000601453 -0.000119291 0.000378986
internal_weight=35959 23127 13287 11212 7614 5161 9840 6104 12832 10172 6648 4092
internal_count=35959 23127 13287 11212 7614 5161 9840 6104 12832 10172 6648 4092
is_linear=0
shrinkage=0.05


Tree=8
num_leaves=15
num_cat=0
split_feature=0 3 2 0 1 1 1 3 3 3 3 0 0 0
split_gain=4.93249 4.28305 1.23442 1.51901 1.13221 0.986653 1.86376 0.874304 0.786277 0.533701 1.14293 1.00029 0.344946 0.302326
threshold=2.1971623897552495 2.6666667560736337 1.0000000180025095e-35 3.0686017274856572 29.303289413452152 8.5199499130249041 16.124675750732425 0.6720430278220898 7.7638882805973033 7.9583333736906452 1.1702898454834212 1.397660553455353 3.5047909021377568 4.1764507293701181
decision_type=2 2 2 2 2 2 2 2 2 2 2 2 2 2
left_child=4 2 3 -2 9 -3 -7 12 -8 10 11 -1 -4 -5
right_child=1 5 7 13 -6 6 8 -9 -10 -11 -12 -13 -14 -15
leaf_value=-0.001058110997216087 -0.00070837995951092154 0.00034241739450451551 -0.00065594329899732807 0.00047833162259900672 -0.0017096765832655598 0.00277753495539278 0.0017859467101035147 -0.0014053271451115092 0.00053362003789198464 5.9536993656950131e-05 -0.001431958551931253 0.00039783418018500706 0.00026556792754601929 0.0013402408950046948
leaf_weight=2080 2209 2319 2009 2028 2510 2116 2047 2344 3242 2819 3434 2700 2035 2067
leaf_count=2080 2209 2319 2009 2028 2510 2116 2047 2344 3242 2819 3434 2700 2035 2067
internal_value=1.06608e-07 0.000455221 -0.000149801 0.000346314 -0.000752966 0.00124425 0.00152583 -0.000639169 0.00102076 -0.000533963 -0.000737474 -0.000236602 -0.000192714 0.000915596
internal_weight=35959 22416 12692 6304 13543 9724 7405 6388 5289 11033 8214 4780 4044 4095
internal_count=35959 22416 12692 6304 13543 9724 7405 6388 5289 11033 8214 4780 4044 4095
is_linear=0
shrinkage=0.05


Tree=9
num_leaves=15
num_cat=0
split_feature=0 3 2 0 1 1 1 3 1 3 3 2 0 0
split_gain=4.45346 3.86724 1.1146 1.37158 1.02227 0.890883 1.68292 0.789402 0.71197 0.482088 1.21153 0.94844 0.311475 0.272986
threshold=2.1971623897552495 2.6666667560736337 1.0000000180025095e-35 3.0686017274856572 29.303289413452152 8.5199499130249041 16.124675750732425 0.6720430278220898 23.832257270812992 6.0384617134840521 1.1702898454834212 1.0000000180025095e-35 3.5047909021377568 4.1764507293701181
decision_type=2 2 2 2 2 2 2 2 2 2 2 2 2 2
left_child=4 2 3 -2 9 -3 -7 12 -8 10 11 -1 -4 -5
right_child=1 5 7 13 -6 6 8 -9 -10 -11 -12 -13 -14 -15
leaf_value=0.00045747469277250232 -0.00067312049301662073 0.00032537006756559516 -0.00062330847192583808 0.00045453239490276896 -0.0016245319748945588 0.002639311462260496 0.00023204342790455391 -0.0013353592038015932 0.0014259984266757389 4.6392692250072924e-06 -0.0015050927223284273 -0.00094899873086476492 0.0002523542694386817 0.0012735518741994903
leaf_weight=2463 2209 2319 2009 2028 2510 2116 2026 2344 3263 3246 3007 2317 2035 2067
leaf_count=2463 2209 2319 2009 2028 2510 2116 2026 2344 3263 3246 3007 2317 2035 2067
internal_value=1.15386e-07 0.000432566 -0.000142338 0.000329086 -0.000715455 0.00118232 0.00144989 -0.000607351 0.000969944 -0.000507357 -0.000720514 -0.00022484 -0.000183127 0.000870038
internal_weight=35959 22416 12692 6304 13543 9724 7405 6388 5289 11033 7787 4780 4044 4095
internal_count=35959 22416 12692 6304 13543 9724 7405 6388 5289 11033 7787 4780 4044 4095
is_linear=0
shrinkage=0.05


Tree=10
num_leaves=15
num_cat=0
split_feature=0 3 2 0 2 3 2 1 0 1 0 0 0 0
split_gain=4.03576 2.9543 0.981695 2.39157 1.48395 0.910257 1.96397 1.8898 0.860819 1.10106 0.783228 1.18348 0.637999 0.0459237
threshold=2.1276745796203618 2.7999999403953568 1.0000000180025095e-35 3.6989724636077885 1.5000000000000002 3.9615384985709334 1.0000000180025095e-35 17.29234600067139 5.2800464630126962 28.416324615478519 2.7031795978546147 3.4418236017227177 1.432555139064789 1.4503152370452883
decision_type=2 2 2 2 2 2 2 2 2 2 2 2 2 2
left_child=5 8 3 -3 -4 6 7 -1 9 10 -2 -12 -7 -8
right_child=1 2 4 -5 -6 12 13 -9 -10 -11 11 -13 -14 -15
leaf_value=0.00082851920532144214 0.00073607436532383116 0.00057407289465899144 -0.00017003020823466231 0.0027967455793517005 0.0015936835978593836 0.00042152341364574871 -0.0019960163722593828 -0.0013155719085729449 0.00084129938362712074 -0.0012325614860741389 -0.0010990051974521875 0.00027680447379943769 -0.00074133981416318352 -0.001614817309099504
leaf_weight=2021 2505 2766 2918 2151 2005 2366 2032 2071 2075 2320 2699 3688 2333 2009
leaf_count=2021 2505 2766 2918 2151 2005 2366 2032 2071 2075 2320 2699 3688 2333 2009
internal_value=1.14533e-07 0.000394636 0.00105084 0.00155011 0.000550056 -0.000710682 -0.00103048 -0.000257187 -9.17586e-05 -0.000265035 -1.1498e-05 -0.00030539 -0.000156173 -0.00181096
internal_weight=35959 23127 9840 4917 4923 12832 8133 4092 13287 11212 8892 6387 4699 4041
internal_count=35959 23127 9840 4917 4923 12832 8133 4092 13287 11212 8892 6387 4699 4041
is_linear=0
shrinkage=0.05


Tree=11
num_leaves=15
num_cat=0
split_feature=0 3 2 0 1 1 1 3 3 1 1 1 3 0
split_gain=3.6483 3.18211 1.00869 1.22157 0.88429 0.798538 1.51887 0.71236 0.711589 0.494155 0.971127 1.28001 0.278571 0.222299
threshold=2.1971623897552495 2.6666667560736337 1.0000000180025095e-35 3.0686017274856572 29.303289413452152 8.5199499130249041 16.124675750732425 0.6720430278220898 7.7638882805973033 22.744544029235843 14.390244483947756 9.0399641990661639 0.063164892959319541 4.1764507293701181
decision_type=2 2 2 2 2 2 2 2 2 2 2 2 2 2
left_child=4 2 3 -2 9 -3 -7 12 -8 10 11 -1 -4 -5
right_child=1 5 7 13 -6 6 8 -9 -10 -11 -12 -13 -14 -15
leaf_value=-0.00081960352303996065 -0.00062734822142395785 0.00026056131790800729 -0.00058300192442534962 0.00045369329177442604 -0.0014930261247846715 0.0024547544110878282 0.001596873656645785 -0.0012639175210237027 0.00040613342082392983 0.00018289561745497059 -0.0013243037475755843 0.00075408679248735293 0.00024509401838351878 0.0011932401712550582
leaf_weight=3411 2209 2319 2022 2028 2510 2116 2047 2344 3242 2383 3172 2067 2022 2067
leaf_count=3411 2209 2319 2022 2028 2510 2116 2047 2344 3242 2383 3172 2067 2022 2067
internal_value=1.07426e-07 0.000391518 -0.000129979 0.000318483 -0.000647555 0.00107162 0.00132493 -0.000572349 0.000869129 -0.000454033 -0.00062951 -0.000225515 -0.000169371 0.000828986
internal_weight=35959 22416 12692 6304 13543 9724 7405 6388 5289 11033 8650 5478 4044 4095
internal_count=35959 22416 12692 6304 13543 9724 7405 6388 5289 11033 8650 5478 4044 4095
is_linear=0
shrinkage=0.05


Tree=12
num_leaves=14
num_cat=0
split_feature=0 2 0 1 3 3 0 0 3 3 3 1 3
split_gain=3.33652 1.94728 2.78929 1.89099 3.51054 1.22471 1.13786 3.87577 0.92534 0.620286 0.900155 1.71365 0.432421
threshold=3.111780166625977 1.0000000180025095e-35 4.9803133010864267 27.863700866699222 2.2499999199062608 2.256578903678816 2.1276745796203618 2.3991304636001591 2.9999998994171668 0.12660256836423761 7.9583333736906452 14.390244483947756 1.2000000149011616
decision_type=2 2 2 2 2 2 2 2 2 2 2 2 2
left_child=3 2 12 6 -5 -3 9 -8 -9 -1 11 -11 -2
right_child=1 5 -4 4 -6 -7 7 8 -10 10 -12 -13 -14
leaf_value=0.00028661164207274977 9.4832695187297867e-06 -0.00058570430082678735 0.002708297488504925 -0.0025276498992233038 0.0001772186313203798 0.00072704838798610472 0.0021774856550424416 -0.0010009676864076919 0.0003909654326417595 -0.00017828809469966824 8.8932580172964096e-05 -0.0019708536473911956 0.00094092718640885465
leaf_weight=2062 2192 3915 2088 2559 2248 3236 2036 2822 2057 2730 2536 2600 2878
leaf_count=2062 2192 3915 2088 2559 2248 3236 2036 2822 2057 2730 2536 2600 2878
internal_value=1.22043e-07 0.000592318 0.00117471 -0.000391367 -0.00126497 8.53368e-06 -0.000141437 0.000350689 -0.000414525 -0.000484218 -0.000686391 -0.00105476 0.000539031
internal_weight=35959 14309 7158 21650 4807 7151 16843 6915 4879 9928 7866 5330 5070
internal_count=35959 14309 7158 21650 4807 7151 16843 6915 4879 9928 7866 5330 5070
is_linear=0
shrinkage=0.05


Tree=13
num_leaves=13
num_cat=0
split_feature=0 3 2 3 3 1 1 3 0 1 1 1
split_gain=3.0144 2.32546 1.06972 0.993935 0.896236 0.865452 1.08891 0.842679 0.704882 0.626961 0.512493 0.00263849
threshold=2.2565510272979741 2.6666667560736337 1.0000000180025095e-35 0.74999997485429171 7.3541665587884761 19.969761848449711 25.549051284790043 1.8944443600597236 1.5098375082015993 23.683607101440433 16.404028892517093 10.140483856201174
decision_type=2 2 2 2 2 2 2 2 2 2 2 2
left_child=5 2 3 -2 -3 8 -7 -8 -1 -6 -4 -10
right_child=1 4 10 -5 9 6 7 -9 11 -11 -12 -13
leaf_value=-0.00070133214878829152 -8.7495329669052855e-05 0.001574013224867265 -0.0010264263389765302 0.0012395414581481854 0.00019327422200938701 -0.0019415634751140957 -0.0012560383508417943 0.00018650976225553751 0.00019394698768008178 0.0012766867808224095 -0.00011659018169104974 0.00027781517556740588
leaf_weight=3941 3980 3622 2928 2175 3819 2085 2013 2022 2003 2047 3277 2047
leaf_count=3941 3980 3622 2928 2175 3819 2085 2013 2022 2003 2047 3277 2047
internal_value=1.33212e-07 0.000367985 -8.40405e-05 0.000382691 0.000956307 -0.000569268 -0.00101624 -0.000534482 -0.000226107 0.000572871 -0.000546882 0.000236917
internal_weight=35959 21848 12360 6155 9488 14111 6120 4035 7991 5866 6205 4050
internal_count=35959 21848 12360 6155 9488 14111 6120 4035 7991 5866 6205 4050
is_linear=0
shrinkage=0.05


Tree=14
num_leaves=14
num_cat=0
split_feature=0 2 3 1 0 2 2 0 0 0 0 0 3
split_gain=2.83814 2.2406 1.60236 3.08944 2.07928 1.23716 3.00154 0.882131 2.37788 1.45729 0.647759 0.48026 1.43121
threshold=4.9353501796722421 1.0000000180025095e-35 0.74999997485429171 28.187615394592289 2.2406398057937627 1.5000000000000002 1.0000000180025095e-35 2.5569663047790532 1.5098375082015993 3.424350500106812 3.2911728620529179 1.6672472357749941 3.6306816862765312
decision_type=2 2 2 2 2 2 2 2 2 2 2 2 2
left_child=2 -2 3 7 11 6 10 8 -1 -9 -6 12 -4
right_child=1 -3 4 -5 5 -7 -8 9 -10 -11 -12 -13 -14
leaf_value=-0.0010774544494797399 0.0023386332542630738 0.00011854632150773637 -0.0011836329109693622 -0.0022297538564819953 0.0015329423217741631 0.0016404392566584916 -0.00089802047294789073 -0.001686198725612819 0.0011462632738928021 0.00017187903121286985 0.00045479067941847011 -0.00092077554189864356 0.00048935694657921511
leaf_weight=2028 2141 2412 2095 2400 2844 2133 3279 2081 2922 2127 2745 3506 3246
leaf_count=2028 2141 2412 2095 2400 2844 2133 3279 2081 2922 2127 2745 3506 3246
internal_value=1.23942e-07 0.00116536 -0.00016912 -0.000636865 0.000103444 0.00056215 0.000301236 -0.000217446 0.000234877 -0.000748823 0.00100517 -0.000466936 -0.000167857
internal_weight=35959 4553 31406 11558 19848 11001 8868 9158 4950 4208 5589 8847 5341
internal_count=35959 4553 31406 11558 19848 11001 8868 9158 4950 4208 5589 8847 5341
is_linear=0
shrinkage=0.05


Tree=15
num_leaves=13
num_cat=0
split_feature=0 1 3 2 0 3 0 0 0 2 3 1
split_gain=2.64738 1.62435 2.80958 1.54011 2.25981 0.954645 0.889973 0.67138 3.17615 1.3088 0.71541 0.393385
threshold=3.111780166625977 27.863700866699222 2.2499999199062608 1.0000000180025095e-35 4.9803133010864267 2.256578903678816 1.1476519703865053 2.3991304636001591 2.1276745796203618 1.0000000180025095e-35 2.9999998994171668 17.027730941772464
decision_type=2 2 2 2 2 2 2 2 2 2 2 2
left_child=1 6 -3 4 11 -5 -1 8 9 -8 -9 -2
right_child=3 2 -4 5 -6 -7 7 10 -10 -11 -12 -13
leaf_value=-0.00088259416961667672 0.00093966392033138074 -0.002287877440654592 0.00013203054412769339 -0.00051619987067413171 0.002425920515324712 0.00064280933530648889 0.00048353483292616856 -0.00093082216432717382 0.0020427420302229901 -0.00089784397920706662 0.0002932109031341898 5.7967584701395044e-05
leaf_weight=3088 2383 2559 2248 3915 2088 3236 3445 2822 2036 3395 2057 2687
leaf_count=3088 2383 2559 2248 3915 2088 3236 3445 2822 2036 3395 2057 2687
internal_value=1.16326e-07 -0.000348607 -0.00115828 0.000527621 0.00104555 8.445e-06 -0.000116976 5.54219e-05 0.000314304 -0.000202415 -0.000415222 0.000473416
internal_weight=35959 21650 4807 14309 7158 7151 16843 13755 8876 6840 4879 5070
internal_count=35959 21650 4807 14309 7158 7151 16843 13755 8876 6840 4879 5070
is_linear=0
shrinkage=0.05


Tree=16
num_leaves=13
num_cat=0
split_feature=0 1 2 1 1 3 3 2 0 1 1 1
split_gain=2.39025 1.48044 2.13103 1.82261 1.77474 1.48235 1.40672 1.48117 1.41049 1.21025 0.791775 0.427954
threshold=3.111780166625977 14.251132011413576 1.5000000000000002 18.503173828125004 9.0399641990661639 2.2000000149011618 9.414285823216245 1.0000000180025095e-35 4.6334328651428232 4.9547131061553964 16.235810279846195 27.183247566223148
decision_type=2 2 2 2 2 2 2 2 2 2 2 2
left_child=1 4 3 -3 9 11 7 8 -2 -1 -9 -5
right_child=6 2 -4 5 -6 -7 -8 10 -10 -11 -12 -13
leaf_value=0.00029603369602107781 0.00019203220356889242 -0.0016594642408517821 -0.001941782544774757 -0.00014019134781752539 0.0011084774864156869 0.0007153919226316253 0.0013995943329351557 -0.0009854426088583973 0.0018514360147441568 -0.0011871054683635059 0.00021474722228726802 -0.0011243433352952678
leaf_weight=3060 3450 2093 2619 2218 3193 3786 3332 2592 2029 2484 2906 2197
leaf_count=3060 3450 2093 2619 2218 3193 3786 3332 2592 2029 2484 2906 2197
internal_value=1.31414e-07 -0.000331224 -0.000671125 -0.000346273 0.000171331 -9.51703e-06 0.000501364 0.000227686 0.000808801 -0.000369431 -0.000351837 -0.000631361
internal_weight=35959 21650 12913 10294 8737 8201 14309 10977 5479 5544 5498 4415
internal_count=35959 21650 12913 10294 8737 8201 14309 10977 5479 5544 5498 4415
is_linear=0
shrinkage=0.05


Tree=17
num_leaves=13
num_cat=0
split_feature=0 3 3 2 3 1 1 1 1 1 3 3
split_gain=2.16679 1.68317 0.868188 0.712287 0.79161 0.676199 1.10999 0.741405 0.916116 0.571607 0.551613 0.529773
threshold=2.2565510272979741 2.6666667560736337 7.3541665587884761 1.0000000180025095e-35 0.74999997485429171 19.969761848449711 25.549051284790043 12.217059135437013 5.6839787960052499 23.683607101440433 1.8944443600597236 0.6720430278220898
decision_type=2 2 2 2 2 2 2 2 2 2 2 2
left_child=5 3 -3 4 -2 7 -7 8 -1 -4 -8 -5
right_child=1 2 9 11 -6 6 10 -9 -10 -11 -12 -13
leaf_value=0.00016479267902797824 -0.00011125990000386867 0.0014202902744401371 7.3323527312530842e-05 -9.7515789035612689e-05 0.0010729702768502828 -0.0018117334514671946 -0.00097563452346771044 0.00040979420914569978 -0.0012183631763971539 0.0011074090965693245 0.00019134630472039793 -0.0010548545107267734
leaf_weight=2244 3980 3622 3819 3926 2175 2085 2013 3196 2551 2047 2022 2279
leaf_count=2244 3980 3622 3819 3926 2175 2085 2013 3196 2551 2047 2022 2279
internal_value=1.07309e-07 0.000311983 0.000812507 -7.25846e-05 0.000308275 -0.000482647 -0.000877728 -0.000179351 -0.000572068 0.000435449 -0.000391815 -0.000450263
internal_weight=35959 21848 9488 12360 6155 14111 6120 7991 4795 5866 4035 6205
internal_count=35959 21848 9488 12360 6155 14111 6120 7991 4795 5866 4035 6205
is_linear=0
shrinkage=0.05


Tree=18
num_leaves=14
num_cat=0
split_feature=0 2 1 2 1 3 3 1 3 0 3 2 0
split_gain=2.07417 1.61063 1.26787 2.31782 2.16857 2.27929 2.65242 1.78156 1.84432 1.439 1.92544 0.665411 0.393371
threshold=4.9353501796722421 1.0000000180025095e-35 14.390244483947756 1.5000000000000002 16.790926933288578 0.91106719906050493 0.10128205695522034 8.5199499130249041 4.4999998398125216 1.9719609618186953 3.4868420156910882 1.0000000180025095e-35 2.4855715036392216
decision_type=2 2 2 2 2 2 2 2 2 2 2 2 2
left_child=2 -2 3 7 -4 6 -6 8 -1 -7 -11 -12 -9
right_child=1 -3 4 -5 5 9 -8 12 -10 10 11 -13 -14
leaf_value=-1.9265538947299833e-05 0.0019909822012186915 0.00010866004804626661 -0.0018762621596388161 0.0015660411960937643 6.7475964663474847e-05 -0.00052428435825296025 -0.0019794894525463091 0.00021976090858381558 -0.0018631548167994914 0.0018512408992672974 0.00068841590345514701 -0.00058337883957855637 0.0012007515168265832
leaf_weight=3966 2141 2412 2203 2609 3170 3742 3149 2090 2051 2332 2050 2044 2000
leaf_count=3966 2141 2412 2203 2609 3170 3742 3149 2090 2051 2332 2050 2044 2000
internal_value=9.04103e-08 0.000996226 -0.000144593 0.000240445 -0.000406547 -0.000209145 -0.000954121 -0.000102951 -0.000649836 0.00025431 0.000707813 5.35762e-05 0.000701222
internal_weight=35959 4553 31406 12716 18690 16487 6319 10107 6017 10168 6426 4094 4090
internal_count=35959 4553 31406 12716 18690 16487 6319 10107 6017 10168 6426 4094 4090
is_linear=0
shrinkage=0.05


Tree=19
num_leaves=14
num_cat=0
split_feature=0 2 1 3 1 0 2 0 1 0 3 1 1
split_gain=1.87281 1.4543 1.20172 2.23054 1.31951 1.55534 2.87666 1.67633 1.50123 1.39234 0.896971 0.73717 0.915591
threshold=4.9353501796722421 1.0000000180025095e-35 28.021887779235843 2.3416666609545556 25.549051284790043 2.1276745796203618 1.5000000000000002 3.6778954267501835 19.488263130187992 3.0486352443695073 2.8333332857324032 12.217059135437013 5.6839787960052499
decision_type=2 2 2 2 2 2 2 2 2 2 2 2 2
left_child=2 -2 4 -4 5 8 7 9 11 10 -7 12 -1
right_child=1 -3 3 -5 -6 6 -8 -9 -10 -11 -12 -13 -14
leaf_value=0.00012990795303119955 0.0018918954526858829 0.00010324955071180057 -0.0015509778722877917 0.00025012522178956194 0.0012212689050432339 -0.00059915115993063863 0.0017510150388448959 0.00084732657940214402 -0.0017652470217427989 -0.001441990574565688 0.00077534209582133236 0.00040348776083225376 -0.0013252988524046067
leaf_weight=2030 2141 2412 3713 3189 2103 2767 2591 3225 2078 2617 2063 2732 2298
leaf_count=2030 2141 2412 3713 3189 2103 2767 2591 3225 2078 2617 2063 2732 2298
internal_value=9.76557e-08 0.000946644 -0.000137383 -0.000719638 2.68465e-05 -8.57805e-05 0.000259988 -0.000103311 -0.000587369 -0.000515578 -1.16857e-05 -0.000238672 -0.000644024
internal_weight=35959 4553 31406 6902 24504 22401 13263 10672 9138 7447 4830 7060 4328
internal_count=35959 4553 31406 6902 24504 22401 13263 10672 9138 7447 4830 7060 4328
is_linear=0
shrinkage=0.05


Tree=20
num_leaves=13
num_cat=0
split_feature=0 1 3 3 2 0 1 0 0 0 0 3
split_gain=1.71476 1.33626 2.05383 1.25091 1.18648 1.01307 0.763365 0.722901 0.750821 2.66 1.17896 0.572651
threshold=3.111780166625977 27.863700866699222 2.2499999199062608 9.414285823216245 1.0000000180025095e-35 4.6334328651428232 16.235810279846195 1.1476519703865053 2.3991304636001591 2.1276745796203618 1.6672472357749941 2.9999998994171668
decision_type=2 2 2 2 2 2 2 2 2 2 2 2
left_child=1 7 -3 4 5 -2 -6 -1 9 10 -9 -10
right_child=3 2 -4 -5 6 -7 -8 8 11 -11 -12 -13
leaf_value=-0.00076051951269417192 0.00016403246978099844 -0.0019807085278628084 8.8389172656895708e-05 0.001271646132527477 -0.00097414428124662574 0.0015703640409032629 0.00020433011379908397 0.00054629529526868149 -0.00087413429613158165 0.0019403645651348803 -0.000764726387532101 0.00022110673059144416
leaf_weight=3088 3450 2559 2248 3332 2592 2029 2906 3394 2822 2036 3446 2057
leaf_count=3088 3450 2559 2248 3332 2592 2029 2906 3394 2822 2036 3446 2057
internal_value=1.02373e-07 -0.000280553 -0.00101492 0.000424643 0.000166618 0.000686742 -0.000352015 -7.04877e-05 8.48645e-05 0.000358618 -0.000114351 -0.00041287
internal_weight=35959 21650 4807 14309 10977 5479 5498 16843 13755 8876 6840 4879
internal_count=35959 21650 4807 14309 10977 5479 5498 16843 13755 8876 6840 4879
is_linear=0
shrinkage=0.05


Tree=21
num_leaves=15
num_cat=0
split_feature=0 2 1 1 2 2 1 3 3 3 3 0 0 0
split_gain=1.56267 1.19908 1.09475 2.04918 2.19058 1.97829 1.61238 1.74226 1.3736 1.68365 0.994916 1.02459 0.346086 0.32894
threshold=4.9353501796722421 1.0000000180025095e-35 14.390244483947756 16.790926933288578 1.5000000000000002 1.5000000000000002 8.5199499130249041 4.4999998398125216 0.50675675022593392 1.0000000180025095e-35 4.9999998483274704 2.6054308414459233 2.4855715036392216 2.5746812820434575
decision_type=2 2 2 2 2 2 2 2 2 2 2 2 2 2
left_child=2 -2 5 -4 8 6 7 -1 9 -5 11 -10 -8 -12
right_child=1 -3 3 4 -6 -7 12 -9 10 -11 13 -13 -14 -15
leaf_value=7.574007814734616e-06 0.0017230458072893693 9.8891671462077331e-05 -0.0017975664227711211 0.00032209478549590935 -0.0013369242395673683 0.0014569660087721409 0.00022833955963800519 -0.0017845024362314261 0.00028288725608354142 -0.0016809292599676837 0.00031361423179493886 0.0017705089255530264 0.0011486416293499232 -0.00055375360553794751
leaf_weight=3966 2141 2412 2203 2183 3255 2609 2090 2051 2538 2005 2367 2125 2000 2014
leaf_count=3966 2141 2412 2203 2183 3255 2609 2090 2051 2538 2005 2367 2125 2000 2014
internal_value=1.06339e-07 0.000864735 -0.000125476 -0.000368893 -0.000177019 0.000232306 -8.49523e-05 -0.000605234 0.000109106 -0.00063857 0.000455655 0.000963157 0.000680069 -8.54785e-05
internal_weight=35959 4553 31406 18690 16487 12716 10107 6017 13232 4188 9044 4663 4090 4381
internal_count=35959 4553 31406 18690 16487 12716 10107 6017 13232 4188 9044 4663 4090 4381
is_linear=0
shrinkage=0.05


Tree=22
num_leaves=13
num_cat=0
split_feature=0 1 3 3 2 0 1 0 0 0 2 3
split_gain=1.44246 1.19842 1.82867 1.1838 1.00513 0.834575 0.717821 0.650811 0.694638 2.40074 1.18792 0.542576
threshold=3.111780166625977 27.863700866699222 2.2499999199062608 9.414285823216245 1.0000000180025095e-35 4.6334328651428232 16.235810279846195 1.1476519703865053 2.3991304636001591 2.1276745796203618 1.0000000180025095e-35 2.9999998994171668
decision_type=2 2 2 2 2 2 2 2 2 2 2 2
left_child=1 7 -3 4 5 -2 -6 -1 9 10 -9 -10
right_child=3 2 -4 -5 6 -7 -8 8 11 -11 -12 -13
leaf_value=-0.00071310038572628266 0.0001428223749330939 -0.0018640750771863339 8.8292821567986942e-05 0.0012134386832602301 -0.00094212805199049934 0.0014192411848459811 0.00020064570389490439 0.00055632039617441544 -0.0008387328281306679 0.0018550142749359578 -0.00075966068650806112 0.00022732259693525575
leaf_weight=3088 3450 2559 2248 3332 2592 2029 2906 3445 2822 2036 3395 2057
leaf_count=3088 3450 2559 2248 3332 2592 2029 2906 3445 2822 2036 3395 2057
internal_value=1.03791e-07 -0.000257306 -0.00095276 0.000389481 0.000138497 0.000617234 -0.000338841 -5.83753e-05 8.90219e-05 0.00035233 -9.70157e-05 -0.000389735
internal_weight=35959 21650 4807 14309 10977 5479 5498 16843 13755 8876 6840 4879
internal_count=35959 21650 4807 14309 10977 5479 5498 16843 13755 8876 6840 4879
is_linear=0
shrinkage=0.05


Tree=23
num_leaves=14
num_cat=0
split_feature=0 3 3 1 0 3 3 3 2 0 0 1 2
split_gain=1.32582 1.2296 0.818351 0.587149 1.07283 0.816181 2.30163 0.582329 2.05494 0.794464 0.934095 0.516082 0.234731
threshold=2.2565510272979741 2.6666667560736337 7.3541665587884761 6.8785724639892587 4.7865087985992441 0.10128205695522034 0.91106719906050493 5.8090908278857425 1.5000000000000002 1.1269598007202151 1.8904238343238833 23.683607101440433 1.0000000180025095e-35
decision_type=2 2 2 2 2 2 2 2 2 2 2 2 2
left_child=7 3 -3 -2 5 -5 -7 8 9 -1 -11 -4 -9
right_child=1 2 11 4 -6 6 -8 12 -10 10 -12 -13 -14
leaf_value=-0.0010383485070894422 0.00060589167862457364 0.0012618265201473204 -3.7735022896788344e-05 0.00016739335853224578 0.00067765192890518067 -0.0019481916522310419 0.00020916762272401177 -0.00025949587798197352 -0.0019871517451704665 0.00057129322808200246 -0.00076573671170663095 0.00094454921484257845 0.00048149273828278921
leaf_weight=2123 2456 3622 3819 2621 2339 2591 2353 2129 2064 3645 2023 2047 2127
leaf_count=2123 2456 3622 3819 2621 2339 2591 2353 2129 2064 3645 2023 2047 2127
internal_value=1.06711e-07 0.000244065 0.000671868 -8.4611e-05 -0.000256281 -0.000545554 -0.000923089 -0.000377518 -0.000588425 -0.000215801 9.35777e-05 0.000306067 0.000111085
internal_weight=35959 21848 9488 12360 9904 7565 4944 14111 9855 7791 5668 5866 4256
internal_count=35959 21848 9488 12360 9904 7565 4944 14111 9855 7791 5668 5866 4256
is_linear=0
shrinkage=0.05


Tree=24
num_leaves=15
num_cat=0
split_feature=0 0 1 2 1 2 1 3 3 3 3 0 3 0
split_gain=1.19793 1.09162 0.958962 1.90168 1.85484 1.88605 1.51453 1.62411 1.10824 1.45499 0.999277 0.882218 0.51816 0.341266
threshold=4.9353501796722421 6.0247890949249276 14.390244483947756 1.5000000000000002 16.790926933288578 1.5000000000000002 11.357594013214113 4.2499999022111368 0.50675675022593392 1.0000000180025095e-35 4.9999998483274704 2.6054308414459233 0.30000000134110472 2.5746812820434575
decision_type=2 2 2 2 2 2 2 2 2 2 2 2 2 2
left_child=2 -2 3 6 -4 8 7 12 9 -6 11 -10 -1 -12
right_child=1 -3 4 -5 5 -7 -8 -9 10 -11 13 -13 -14 -15
leaf_value=-0.00045997418195432784 0.001450682199253526 -0.00010473109713424983 -0.0016969237013659837 0.0014257008602303995 0.00033166880742312984 -0.0012314186548132444 0.0010818322339682588 -0.001379058164969491 0.00029881755653469967 -0.0015302816115117662 0.00028595652497832131 0.0016794243052196134 0.00055068250114709868 -0.00059754896544970547
leaf_weight=2206 2519 2034 2203 2609 2183 3255 2169 2776 2538 2005 2367 2125 2956 2014
leaf_count=2206 2519 2034 2203 2609 2183 3255 2169 2776 2538 2005 2367 2125 2956 2014
internal_value=8.58834e-08 0.000757113 -0.000109868 0.000224987 -0.00033769 -0.00015515 -8.60652e-05 -0.000406144 0.000110336 -0.00056126 0.000421608 0.000930229 0.00011872 -0.000120638
internal_weight=35959 4553 31406 12716 18690 16487 10107 7938 13232 4188 9044 4663 5162 4381
internal_count=35959 4553 31406 12716 18690 16487 10107 7938 13232 4188 9044 4663 5162 4381
is_linear=0
shrinkage=0.05


Tree=25
num_leaves=13
num_cat=0
split_feature=0 0 0 2 0 1 3 2 0 0 3 2
split_gain=1.14861 1.16484 1.58042 1.16741 1.06902 0.912525 0.542922 1.84497 0.720201 0.844127 0.395341 0.213132
threshold=2.2565510272979741 2.5569663047790532 2.9606319665908818 1.0000000180025095e-35 4.9803133010864267 17.430292129516605 5.8090908278857425 1.5000000000000002 1.1269598007202151 1.8904238343238833 0.89736842799962724 1.0000000180025095e-35
decision_type=2 2 2 2 2 2 2 2 2 2 2 2
left_child=6 -2 -3 4 10 -5 7 8 -1 -10 -4 -8
right_child=1 2 3 5 -6 -7 11 -9 9 -11 -12 -13
leaf_value=-0.0009851388660321982 0.0011705615819810396 -0.00086223599719257703 -0.00015128585210971601 -0.00067163312630272938 0.0017047259273116049 0.00040978726199354361 -0.00023280879167750408 -0.0018803877433303477 0.00054670356581310638 -0.00072431000321564523 0.00071238228406609585 0.00047328775715546942
leaf_weight=2123 2836 3561 2151 3859 2088 3925 2129 2064 3645 2023 3428 2127
leaf_count=2123 2836 3561 2151 3859 2088 3925 2129 2064 3645 2023 3428 2127
internal_value=8.30225e-08 0.000227152 8.58835e-05 0.000304813 0.000742316 -0.000126512 -0.000351399 -0.000555048 -0.000201977 9.25818e-05 0.000379718 0.000120356
internal_weight=35959 21848 19012 15451 7667 7784 14111 9855 7791 5668 5579 4256
internal_count=35959 21848 19012 15451 7667 7784 14111 9855 7791 5668 5579 4256
is_linear=0
shrinkage=0.05


Tree=26
num_leaves=13
num_cat=0
split_feature=3 0 3 2 3 0 1 3 3 1 0 0
split_gain=1.04418 1.38973 1.24694 1.90254 1.5762 0.90794 1.32918 0.888035 1.17778 0.522131 0.368249 1.20938
threshold=3.3100959732095343 1.1476519703865053 1.9198717289811829 1.5000000000000002 1.0645833297166993 3.3666520118713383 17.027730941772464 0.10128205695522034 0.50675675022593392 14.390244483947756 1.6672472357749941 2.2406398057937627
decision_type=2 2 2 2 2 2 2 2 2 2 2 2
left_child=1 -1 3 4 7 10 -7 9 -9 -3 -2 -12
right_child=5 2 -4 -5 -6 6 -8 8 -10 -11 11 -13
leaf_value=-0.001354299030269376 0.00045886717253689125 -1.45506903747036e-05 -0.001017464230283052 -0.00096800709021472209 0.0015475695407211614 0.0017498162655489508 0.00010344842615856428 -0.00094561245829353146 0.00050363664210506043 0.001025257407198679 -0.001138763442656115 0.0003399257141862867
leaf_weight=2386 3387 2049 2973 3341 2316 2316 2595 3214 2472 2928 2151 3831
leaf_count=2386 3387 2049 2973 3341 2316 2316 2595 3214 2472 2928 2151 3831
internal_value=7.20377e-08 -0.000218568 -7.74814e-05 9.42727e-05 0.000368255 0.000331918 0.000881844 0.000110898 -0.00031577 0.000598004 4.30279e-05 -0.000192793
internal_weight=35959 21679 19293 16320 12979 14280 4911 10663 5686 4977 9369 5982
internal_count=35959 21679 19293 16320 12979 14280 4911 10663 5686 4977 9369 5982
is_linear=0
shrinkage=0.05


Tree=27
num_leaves=14
num_cat=0
split_feature=0 2 3 1 1 2 0 3 2 0 3 3 3
split_gain=0.954397 1.4167 1.36708 1.30182 1.14306 2.08803 0.854584 0.59219 0.707834 0.550593 0.460227 0.460157 0.183546
threshold=1.5388837456703188 1.0000000180025095e-35 1.2499999525025507 9.8924860954284686 17.748370170593265 1.5000000000000002 3.6989724636077885 4.0333333015441903 1.0000000180025095e-35 2.6541824340820317 0.20000000372529025 1.8377192846412529 1.7142857720657281
decision_type=2 2 2 2 2 2 2 2 2 2 2 2 2
left_child=7 2 10 12 -5 11 9 8 -1 -4 -2 -6 -3
right_child=1 3 6 4 5 -7 -8 -9 -10 -11 -12 -13 -14
leaf_value=-0.00022233812116115716 0.00033148568122163955 0.00019989200594593959 0.00098735414812347179 -0.0013032478675560565 0.0010386587221078384 -0.0012286910928607075 0.0016070339503629972 8.4004514058307861e-05 -0.0014612018474140531 -4.7453583288981644e-05 -0.00052244524872379499 1.2428855683889693e-06 0.00087116774544407274
leaf_weight=2270 3345 2064 2892 3207 2166 2783 2849 2650 2342 2306 2969 2101 2015
leaf_count=2270 3345 2064 2892 3207 2166 2783 2849 2650 2342 2306 2969 2101 2015
internal_value=7.24768e-08 0.000129684 0.000480529 -0.000221863 -0.000522211 -0.000165579 0.000912239 -0.000511582 -0.000853241 0.000529071 -7.02451e-05 0.00052905 0.000532817
internal_weight=35959 28697 14361 14336 10257 7050 8047 7262 4612 5198 6314 4267 4079
internal_count=35959 28697 14361 14336 10257 7050 8047 7262 4612 5198 6314 4267 4079
is_linear=0
shrinkage=0.05


Tree=28
num_leaves=15
num_cat=0
split_feature=0 0 1 1 1 1 2 1 0 0 0 0 1 2
split_gain=0.897056 1.00751 0.943062 1.963 1.45777 1.16814 1.20562 2.59829 1.439 1.08358 1.18997 1.12853 0.621916 0.703596
threshold=4.9353501796722421 6.0247890949249276 28.021887779235843 31.147220611572269 33.847778320312507 25.549051284790043 1.5000000000000002 11.357594013214113 3.7210886478424077 3.2190680503845219 1.1269598007202151 1.6672472357749941 17.748370170593265 1.0000000180025095e-35
decision_type=2 2 2 2 2 2 2 2 2 2 2 2 2 2
left_child=2 -2 5 -4 -5 6 8 -8 9 10 -1 -12 13 -13
right_child=1 -3 3 4 -6 -7 7 -9 -10 -11 11 12 -14 -15
leaf_value=-0.0013295942415854837 0.0013215095618845346 -0.00017248362070597368 -0.0016843958551097712 0.00092459359731190613 -0.00091977903423982898 0.001174220183991529 0.0019817225055597846 -0.00042622323698546715 0.00074830483547002659 -0.0015091815623363173 0.00086534415989053494 -0.00019380048973782914 0.00034101160375538228 -0.0013394140715989288
leaf_weight=2191 2519 2034 2625 2250 2027 2103 2054 2444 3049 2043 2539 3589 2359 2133
leaf_count=2191 2519 2034 2625 2250 2027 2103 2054 2444 3049 2043 2539 3589 2359 2133
internal_value=7.35258e-08 0.00065517 -9.50756e-05 -0.000610878 5.03829e-05 5.03996e-05 -5.55813e-05 0.000675316 -0.000239488 -0.000442614 -0.000271482 -5.21386e-05 -0.000341119 -0.000622445
internal_weight=35959 4553 31406 6902 4277 24504 22401 4498 17903 14854 12811 10620 8081 5722
internal_count=35959 4553 31406 6902 4277 24504 22401 4498 17903 14854 12811 10620 8081 5722
is_linear=0
shrinkage=0.05


Tree=29
num_leaves=15
num_cat=0
split_feature=3 2 3 0 0 0 2 0 1 3 0 3 1 3
split_gain=0.876712 0.964467 0.715332 1.14783 0.841092 0.678256 0.671258 1.16129 1.49749 0.665791 1.07102 0.889735 0.528392 0.443266
threshold=5.8090908278857425 1.0000000180025095e-35 1.5505050007432928 1.6808392405509951 2.5892046689987187 3.9688709974288945 1.5000000000000002 3.5670152902603154 18.748026847839359 0.10128205695522034 1.7853217124938967 1.2499999525025507 17.58101844787598 0.14285715083990794
decision_type=2 2 2 2 2 2 2 2 2 2 2 2 2 2
left_child=1 5 3 -3 -5 9 7 8 -2 -1 -11 -12 -4 -6
right_child=6 2 12 4 13 -7 -8 -9 -10 10 11 -13 -14 -15
leaf_value=0.00059805645889937425 -0.00095247274810075127 -0.0012503231953909771 -0.0015922348250011907 0.00095034306723818386 -0.00082343105594602441 0.00080947178384251387 0.0011505063247028487 0.0010454068669580937 0.00062669028715117562 -0.0011892570418818274 -0.00059422221845739284 0.00081306039137542187 -0.00044296069608213177 0.00017239435370575433
leaf_weight=2755 3178 2024 2011 2036 2006 2952 2211 2651 2828 2328 2171 2306 2001 2501
leaf_count=2755 3178 2024 2011 2036 2006 2952 2211 2651 2828 2328 2171 2306 2001 2501
internal_value=6.68108e-08 -0.000162414 -0.000471412 -0.000212884 0.000109453 0.000148367 0.000374992 0.000175827 -0.000209098 -5.64062e-05 -0.000321854 0.000130833 -0.00102156 -0.000271675
internal_weight=35959 25091 12579 8567 6543 12512 10868 8657 6006 9560 6805 4477 4012 4507
internal_count=35959 25091 12579 8567 6543 12512 10868 8657 6006 9560 6805 4477 4012 4507
is_linear=0
shrinkage=0.05


Tree=30
num_leaves=14
num_cat=0
split_feature=3 0 3 2 3 1 0 3 3 1 1 2 1
split_gain=0.815198 1.01606 1.12634 1.63647 1.37165 0.907412 1.19789 0.73789 0.902424 0.729193 0.660064 0.450759 0.309095
threshold=3.3100959732095343 1.1476519703865053 1.9198717289811829 1.5000000000000002 1.0645833297166993 20.131559371948246 3.0275350809097294 0.042572466128698867 0.50675675022593392 25.549051284790043 9.4434771537780779 1.0000000180025095e-35 16.555461883544925
decision_type=2 2 2 2 2 2 2 2 2 2 2 2 2
left_child=1 -1 3 4 7 6 10 12 -9 -7 -2 -11 -3
right_child=5 2 -4 -5 -6 9 -8 8 -10 11 -12 -13 -14
leaf_value=-0.0011642456153016178 -0.00049406400266619464 0.00015847045853002538 -0.00096586094982824017 -0.00089446087410064053 0.0014449811426413396 -0.00091234759913293498 0.0013768144782169793 -0.00072495176654688157 0.00049996259500765584 0.00074525264807335774 0.00068094946190156336 -0.00030180995803904778 0.00099930017824527472
leaf_weight=2386 2215 2079 2973 3341 2316 2116 3282 3807 2472 2072 2573 2022 2305
leaf_count=2386 2215 2079 2973 3341 2316 2116 3282 3807 2472 2072 2573 2022 2305
internal_value=5.40329e-08 -0.000193131 -7.24905e-05 9.07458e-05 0.000344847 0.000293265 0.000642583 0.000104768 -0.000242683 -0.000160983 0.000137474 0.00022864 0.000601826
internal_weight=35959 21679 19293 16320 12979 14280 8070 10663 6279 6210 4788 4094 4384
internal_count=35959 21679 19293 16320 12979 14280 8070 10663 6279 6210 4788 4094 4384
is_linear=0
shrinkage=0.05


Tree=31
num_leaves=14
num_cat=0
split_feature=3 0 3 1 1 1 0 0 1 0 1 1 2
split_gain=0.735885 0.917446 1.01694 1.57796 1.045 1.67343 1.17364 1.87992 0.819228 1.08144 0.658423 0.595967 0.407017
threshold=3.3100959732095343 1.1476519703865053 1.9198717289811829 28.021887779235843 9.0399641990661639 4.5696845054626474 2.3991304636001591 4.0365433692932138 20.131559371948246 3.0275350809097294 25.549051284790043 9.4434771537780779 1.0000000180025095e-35
decision_type=2 2 2 2 2 2 2 2 2 2 2 2 2
left_child=1 -1 3 4 5 -3 -6 -8 9 11 -10 -2 -12
right_child=8 2 -4 -5 6 -7 7 -9 10 -11 12 -13 -14
leaf_value=-0.0011062762467177717 -0.00046947177423208725 0.00067342702263701584 -0.00091772979748278591 -0.00084930894991747791 0.0014329629062109881 -0.0013129641732727276 -0.00053981023321212132 0.0013515939144353884 -0.00086694481442404266 0.0013081828519161752 0.00070816891740001209 0.00064703378858193433 -0.00028679369085701068
leaf_weight=2386 2215 2158 2973 3523 3120 2066 3272 2181 2116 3282 2072 2573 2022
leaf_count=2386 2215 2158 2973 3523 3120 2066 3272 2181 2116 3282 2072 2573 2022
internal_value=5.75636e-08 -0.000183489 -6.88526e-05 8.62539e-05 0.000344275 -0.000298943 0.000661174 0.000217771 0.00027864 0.000610551 -0.000152971 0.00013062 0.000217262
internal_weight=35959 21679 19293 16320 12797 4224 8573 5453 14280 8070 6210 4788 4094
internal_count=35959 21679 19293 16320 12797 4224 8573 5453 14280 8070 6210 4788 4094
is_linear=0
shrinkage=0.05


Tree=32
num_leaves=14
num_cat=0
split_feature=1 1 3 0 2 1 0 3 1 3 1 3 2
split_gain=0.694988 1.72544 1.22157 0.97548 0.964385 2.54162 1.31389 1.13092 1.45884 0.432175 1.65675 1.04115 0.241585
threshold=2.363445639610291 4.4012467861175546 9.414285823216245 3.387484192848206 1.5000000000000002 19.641646385192875 4.6637978553771982 4.9999998483274704 31.001002311706547 0.98214284231772242 16.908832550048832 0.12660256836423761 1.0000000180025095e-35
decision_type=2 2 2 2 2 2 2 2 2 2 2 2 2
left_child=-1 -2 4 12 6 -6 7 8 9 11 -11 -3 -4
right_child=1 2 3 -5 5 -7 -8 -9 -10 10 -12 -13 -14
leaf_value=-0.00081432164344686698 0.0014759757404941539 5.701815304704253e-05 0.0004708184979951607 0.0013287051542425108 0.00026624822988476418 -0.0019933847420954371 0.00093807618371889744 -0.0013032180314460665 0.0011165690514265269 -0.00088405743215735932 0.00095695336002307784 -0.0011519523343980025 -0.00023497070435339872
leaf_weight=2432 2010 3709 2401 2517 2578 2392 2892 2078 2223 2307 2576 3414 2430
leaf_count=2432 2010 3709 2401 2517 2578 2392 2892 2078 2223 2307 2576 3414 2430
internal_value=5.15216e-08 5.93502e-05 -3.14348e-05 0.000532679 -0.000203089 -0.000823104 -4.22426e-05 -0.000216568 -5.70697e-05 -0.000275126 8.71286e-05 -0.000523235 0.000116053
internal_weight=35959 33527 31517 7348 24169 4970 19199 16307 14229 12006 4883 7123 4831
internal_count=35959 33527 31517 7348 24169 4970 19199 16307 14229 12006 4883 7123 4831
is_linear=0
shrinkage=0.05


Tree=33
num_leaves=14
num_cat=0
split_feature=0 0 0 1 3 3 3 1 1 1 1 1 3
split_gain=0.649491 1.14999 1.16219 0.78058 0.678917 1.30728 1.2611 1.39865 0.471595 0.979699 0.67261 0.768568 0.222436
threshold=2.2565510272979741 2.5569663047790532 2.9606319665908818 31.147220611572269 0.063164892959319541 0.6720430278220898 3.3100959732095343 18.349617004394535 19.969761848449711 25.549051284790043 12.217059135437013 5.6839787960052499 1.8944443600597236
decision_type=2 2 2 2 2 2 2 2 2 2 2 2 2
left_child=8 -2 -3 4 -4 -6 -7 -8 10 -10 11 -1 -11
right_child=1 2 3 -5 5 6 7 -9 9 12 -12 -13 -14
leaf_value=0.00028902780175141745 0.0011081664031360099 -0.0007825510501105736 -0.00069644288723317736 0.001070699658598928 0.0012841872199398231 -0.00081821890381034146 0.0011025045487159546 -0.00056564703994492385 -0.0014714292221961779 -0.00050919838238318077 0.00054973624330354679 -0.00097744256982458728 0.00023157029926279199
leaf_weight=2244 2836 3561 2360 2278 2330 3274 3116 2093 2085 2013 3196 2551 2022
leaf_count=2244 2836 3561 2360 2278 2330 3274 3116 2093 2085 2013 3196 2551 2022
internal_value=5.21173e-08 0.000170802 3.04669e-05 0.000218229 7.01108e-05 0.000237905 -5.06485e-05 0.000432434 -0.000264252 -0.00059416 -1.1162e-05 -0.000385382 -0.000138333
internal_weight=35959 21848 19012 15451 13173 10813 8483 5209 14111 6120 7991 4795 4035
internal_count=35959 21848 19012 15451 13173 10813 8483 5209 14111 6120 7991 4795 4035
is_linear=0
shrinkage=0.05


Tree=34
num_leaves=14
num_cat=0
split_feature=1 1 1 3 1 0 1 1 1 2 3 3 2
split_gain=0.676823 1.98554 1.49328 1.36901 0.949577 1.46651 1.25462 1.49857 1.76685 1.79577 0.966256 0.67931 0.260717
threshold=28.021887779235843 31.147220611572269 25.549051284790043 1.0156249842839327 20.131559371948246 2.3701189756393437 17.748370170593265 14.390244483947756 9.0399641990661639 1.0000000180025095e-35 0.25290698448086285 1.5119048332428049 1.0000000180025095e-35
decision_type=2 2 2 2 2 2 2 2 2 2 2 2 2
left_child=2 -2 4 -3 6 -6 7 8 10 -10 -1 -12 -13
right_child=1 3 -4 -5 5 -7 -8 -9 9 -11 11 12 -14
leaf_value=-0.0010380535050043911 -0.0014346587395486846 -0.00080679210142373798 0.0013068585532238284 0.00088209911767607614 -0.0015973042742233009 0.00010240991433887379 0.0012611885136585748 -0.00089963540236143191 0.0018543099822933798 3.4061543016579372e-05 0.00089438082406620434 -0.00057887229602238111 0.00016040498772788985
leaf_weight=2406 2944 2000 2394 2968 2146 3082 2277 3561 2744 2668 2012 2312 2445
leaf_count=2406 2944 2000 2394 2968 2146 3082 2277 3561 2744 2668 2012 2312 2445
internal_value=4.69481e-08 -0.000408072 0.000115281 0.000201936 3.6139e-06 -0.00059701 0.000157567 1.8479e-05 0.000243073 0.000958684 -0.000179624 0.000126581 -0.00019936
internal_weight=35959 7912 28047 4968 25653 5228 20425 18148 14587 5412 9175 6769 4757
internal_count=35959 7912 28047 4968 25653 5228 20425 18148 14587 5412 9175 6769 4757
is_linear=0
shrinkage=0.05


Tree=35
num_leaves=14
num_cat=0
split_feature=1 1 3 2 1 0 3 1 0 3 1 3 2
split_gain=0.634944 1.55369 1.05098 0.857463 2.26446 1.14846 1.04901 1.29159 0.826033 0.401434 1.56263 0.998015 0.212522
threshold=2.363445639610291 4.4012467861175546 9.414285823216245 1.5000000000000002 19.641646385192875 4.6637978553771982 4.9999998483274704 31.001002311706547 3.387484192848206 0.98214284231772242 16.908832550048832 0.12660256836423761 1.0000000180025095e-35
decision_type=2 2 2 2 2 2 2 2 2 2 2 2 2
left_child=-1 -2 3 5 -5 6 7 9 12 11 -11 -3 -4
right_child=1 2 8 4 -6 -7 -8 -9 -10 10 -12 -13 -14
leaf_value=-0.00077835270904906919 0.001400996653790229 7.7395081873407644e-05 0.00044316953991878068 0.00025495525276870648 -0.0018779088018270524 0.00087954890704657605 -0.0012465137076715562 0.0010579566921335582 0.0012263391822933487 -0.00084564449295695401 0.00094231161584184197 -0.0011062132239149306 -0.00021880958689060389
leaf_weight=2432 2010 3709 2401 2578 2392 2892 2078 2223 2517 2307 2576 3414 2430
leaf_count=2432 2010 3709 2401 2578 2392 2892 2078 2223 2517 2307 2576 3414 2430
internal_value=4.65412e-08 5.67257e-05 -2.94225e-05 -0.000188641 -0.000773276 -3.69741e-05 -0.000199956 -4.63491e-05 0.000493822 -0.00025153 9.75801e-05 -0.000490655 0.000110429
internal_weight=35959 33527 31517 24169 4970 19199 16307 14229 7348 12006 4883 7123 4831
internal_count=35959 33527 31517 24169 4970 19199 16307 14229 7348 12006 4883 7123 4831
is_linear=0
shrinkage=0.05


Tree=36
num_leaves=14
num_cat=0
split_feature=1 1 1 3 1 0 2 0 0 2 1 1 1
split_gain=0.63656 1.74819 1.36452 1.25173 0.844806 1.30088 1.21985 2.39822 1.779 1.47627 1.29804 2.90979 0.571458
threshold=28.021887779235843 31.147220611572269 25.549051284790043 1.0156249842839327 20.131559371948246 2.3701189756393437 1.5000000000000002 4.9006550312042245 2.6702957153320317 1.0000000180025095e-35 8.5199499130249041 15.265819549560549 9.8924860954284686
decision_type=2 2 2 2 2 2 2 2 2 2 2 2 2
left_child=2 -2 4 -3 6 -6 7 9 -8 10 -1 -12 -11
right_child=1 3 -4 -5 5 -7 8 -9 -10 12 11 -13 -14
leaf_value=-0.00059869064611646418 -0.0013590155473327448 -0.00078784973627509891 0.0012508477742567675 0.0008270682511441745 -0.0015035794252670374 9.7271069611825972e-05 0.0018808126361240119 0.0015419987779096032 -0.00015223999646424269 -0.00041743764111790691 0.0016486775475774197 -0.00075713291753381779 -0.0014642655939999902
leaf_weight=3721 2944 2000 2394 2968 2146 3082 2215 2055 2081 2588 2947 2178 2640
leaf_count=3721 2944 2000 2394 2968 2146 3082 2215 2055 2081 2588 2947 2178 2640
internal_value=4.71278e-08 -0.000395746 0.000111801 0.000176664 5.05622e-06 -0.000561465 0.000150267 -4.93067e-05 0.000897927 -0.000282589 0.000111203 0.000626783 -0.000947844
internal_weight=35959 7912 28047 4968 25653 5228 20425 16129 4296 14074 8846 5125 5228
internal_count=35959 7912 28047 4968 25653 5228 20425 16129 4296 14074 8846 5125 5228
is_linear=0
shrinkage=0.05


Tree=37
num_leaves=14
num_cat=0
split_feature=1 3 3 1 0 3 0 1 1 1 3 1 1
split_gain=0.644974 0.835131 1.24421 1.32082 0.767015 1.19348 1.14167 0.698299 0.701488 1.32623 1.18675 1.0672 0.247521
threshold=32.301969528198249 3.3100959732095343 1.9198717289811829 28.021887779235843 2.2406398057937627 6.9999997206032392 1.432555139064789 23.454006195068363 3.8378313779830937 9.0399641990661639 0.042572466128698867 14.856813430786135 16.555461883544925
decision_type=2 2 2 2 2 2 2 2 2 2 2 2 2
left_child=1 2 3 7 6 -6 -3 8 -1 -10 -11 -12 -7
right_child=-2 4 -4 -5 5 12 -8 -9 9 10 11 -13 -14
leaf_value=0.00089517286532943036 -0.00061035288055742677 0.00071658412579795596 -0.0010706250305841049 -0.0011623214182091602 0.0016197514176078472 0.00061161625378092091 -0.00079928219705949211 0.00099793348571228105 -0.0010677390637020743 0.001134266012645495 0.00066617802189367797 -0.00083230206004876255 -6.5860043389023964e-05
leaf_weight=2039 3853 2303 2985 2001 2407 2757 2673 2321 2688 2413 2004 2889 2626
leaf_count=2039 3853 2303 2985 2001 2407 2757 2673 2321 2688 2413 2004 2889 2626
internal_value=4.76322e-08 7.34683e-05 -0.000133703 3.78472e-05 0.000387184 0.000696625 -9.76765e-05 0.000205848 5.23636e-05 -0.000120311 0.000229246 -0.000218471 0.000281612
internal_weight=35959 32106 19340 16355 12766 7790 4976 14354 12033 9994 7306 4893 5383
internal_count=35959 32106 19340 16355 12766 7790 4976 14354 12033 9994 7306 4893 5383
is_linear=0
shrinkage=0.05


Tree=38
num_leaves=14
num_cat=0
split_feature=1 1 3 2 1 0 3 1 0 3 1 3 0
split_gain=0.613043 1.36886 0.914604 0.830439 1.92349 0.947798 1.00532 1.21242 0.715723 0.395709 1.44878 0.992685 0.201918
threshold=2.363445639610291 4.4012467861175546 9.414285823216245 1.5000000000000002 19.641646385192875 4.6637978553771982 4.9999998483274704 31.001002311706547 3.387484192848206 0.77777776765970608 16.908832550048832 0.12660256836423761 2.1567411422729497
decision_type=2 2 2 2 2 2 2 2 2 2 2 2 2
left_child=-1 -2 3 5 -5 6 7 9 12 11 -11 -3 -4
right_child=1 2 8 4 -6 -7 -8 -9 -10 10 -12 -13 -14
leaf_value=-0.00076479730326799601 0.0013175354401633145 7.022268087223135e-05 -0.00018628765173313679 0.00019879794453661951 -0.0017670460852781168 0.00080821984164974956 -0.0011969818761635245 0.0010478120281929657 0.0011448619362667044 -0.00076891496446406297 0.00088189196067662223 -0.0011534153753978073 0.00046211897888251863
leaf_weight=2432 2010 3709 2655 2578 2392 2892 2078 2223 2517 2512 2800 2985 2176
leaf_count=2432 2010 3709 2655 2578 2392 2892 2078 2223 2517 2512 2800 2985 2176
internal_value=5.96241e-08 5.57527e-05 -2.511e-05 -0.00017364 -0.000748987 -2.4389e-05 -0.000172455 -2.20973e-05 0.000463006 -0.000220906 0.000101261 -0.000476331 0.000106122
internal_weight=35959 33527 31517 24169 4970 19199 16307 14229 7348 12006 5312 6694 4831
internal_count=35959 33527 31517 24169 4970 19199 16307 14229 7348 12006 5312 6694 4831
is_linear=0
shrinkage=0.05


Tree=39
num_leaves=14
num_cat=0
split_feature=1 3 3 0 3 0 0 0 0 3 3 1 1
split_gain=0.614044 0.723487 1.15881 0.638664 1.14218 1.03457 0.541287 1.5793 0.711954 0.675544 0.565137 0.383994 0.285407
threshold=32.301969528198249 3.3100959732095343 1.5505050007432928 2.2406398057937627 7.3541665587884761 1.432555139064789 3.4840801954269414 2.5569663047790532 1.397660553455353 0.18301435838576727 0.11834734520358153 16.124675750732425 18.748026847839359
decision_type=2 2 2 2 2 2 2 2 2 2 2 2 2
left_child=1 2 6 5 -5 -3 7 8 -1 -10 -8 -4 -6
right_child=-2 3 11 4 12 -7 10 -9 9 -11 -12 -13 -14
leaf_value=-0.00039556824354400707 -0.00059552699291049534 0.00069633017112423836 -0.0013515486417100386 0.0015125223732263399 -8.6610840645998761e-05 -0.00074667711091670882 -0.00011655060811511505 -0.0010439654332935042 0.0012827122402397889 8.5764803894056101e-05 0.00097613007149181482 -0.00037780960070768395 0.00066133831734907077
leaf_weight=2497 3853 2303 2047 2547 3077 2673 2044 3216 2209 2518 2794 2015 2166
leaf_count=2497 3853 2303 2047 2547 3077 2673 2044 3216 2209 2518 2794 2015 2166
internal_value=5.79396e-08 7.16965e-05 -0.000121132 0.00036369 0.000646054 -7.87651e-05 7.85782e-05 -0.000124055 0.000286351 0.000646644 0.000515197 -0.000870629 0.000223054
internal_weight=35959 32106 19340 12766 7790 4976 15278 10440 7224 4727 4838 4062 5243
internal_count=35959 32106 19340 12766 7790 4976 15278 10440 7224 4727 4838 4062 5243
is_linear=0
shrinkage=0.05


Tree=40
num_leaves=13
num_cat=0
split_feature=1 1 1 1 1 1 1 1 2 0 3 3
split_gain=0.55434 0.669466 1.12349 1.1215 0.78343 1.16402 1.28584 1.46834 1.47551 1.11168 0.884533 0.684789
threshold=32.301969528198249 30.07149696350098 27.863700866699222 25.549051284790043 20.131559371948246 17.748370170593265 14.390244483947756 9.0399641990661639 1.0000000180025095e-35 2.3701189756393437 0.25290698448086285 4.4000000298023236
decision_type=2 2 2 2 2 2 2 2 2 2 2 2
left_child=1 2 3 4 5 6 7 10 -9 -6 -1 -12
right_child=-2 -3 -4 -5 9 -7 -8 8 -10 -11 11 -13
leaf_value=-0.00099505350579703433 -0.00056582772343843684 0.00093009029969186871 -0.0011036881707052397 0.0011585792299846113 -0.0014187825279352896 0.0012005405028548384 -0.00084689499791454229 0.0016758146625358685 2.5859865236555987e-05 6.1165330185596287e-05 0.00058463769335302185 -0.00042261168224892276
leaf_weight=2406 3853 2095 2104 2254 2146 2277 3561 2744 2668 3082 3641 3128
leaf_count=2406 3853 2095 2104 2254 2146 2277 3561 2744 2668 3082 3641 3128
internal_value=6.20012e-08 6.81287e-05 7.66738e-06 9.18214e-05 -2.32413e-06 0.000137515 3.5517e-06 0.000211602 0.00086397 -0.000547876 -0.000173728 0.000119244
internal_weight=35959 32106 30011 27907 25653 20425 18148 14587 5412 5228 9175 6769
internal_count=35959 32106 30011 27907 25653 20425 18148 14587 5412 5228 9175 6769
is_linear=0
shrinkage=0.05


Tree=41
num_leaves=15
num_cat=0
split_feature=1 1 3 2 1 3 1 0 1 1 1 1 1 3
split_gain=0.537632 1.26251 0.850473 1.09819 1.63035 0.968195 0.999359 1.65542 0.893919 0.627902 0.653229 0.374025 0.678487 1.14313
threshold=2.363445639610291 4.4012467861175546 5.7499996880069508 1.5000000000000002 19.641646385192875 3.577380805966909 9.0399641990661639 4.5269806385040292 31.001002311706547 16.012206077575687 23.683607101440433 13.971977710723879 19.641646385192875 0.50675675022593392
decision_type=2 2 2 2 2 2 2 2 2 2 2 2 2 2
left_child=-1 -2 3 5 -5 6 -3 8 11 -4 -11 -8 -13 -14
right_child=1 2 9 4 -6 -7 7 -9 -10 10 -12 12 13 -15
leaf_value=-0.00071620770942049333 0.0012639964019820916 -0.00084164504940339091 0.00089135106701539776 1.9514723603309406e-05 -0.0018830992648551535 -0.0010491086658842763 0.00042336654894225677 0.0015694950409935041 0.00098845626693742764 -0.00060707924662163116 0.00046176017620387801 -0.0010363478124760731 -0.00073797589083317739 0.00083621845843603751
leaf_weight=2432 2010 2300 3568 2348 2153 2001 2023 2099 2018 2296 3751 2353 2431 2176
leaf_count=2432 2010 2300 3568 2348 2153 2001 2023 2099 2018 2296 3751 2353 2431 2176
internal_value=6.28426e-08 5.22181e-05 -2.54396e-05 -0.000197519 -0.000892735 -1.7283e-05 0.000117381 0.000286273 4.02305e-05 0.000366339 5.55977e-05 -0.000173647 -0.000347535 5.75577e-06
internal_weight=35959 33527 31517 21902 4501 17401 15400 13100 11001 9615 6047 8983 6960 4607
internal_count=35959 33527 31517 21902 4501 17401 15400 13100 11001 9615 6047 8983 6960 4607
is_linear=0
shrinkage=0.05


Tree=42
num_leaves=14
num_cat=0
split_feature=1 3 3 0 3 0 1 1 1 2 0 1 1
split_gain=0.534526 0.632204 1.10131 0.559691 1.08875 0.933621 0.543742 1.07888 1.03085 1.0665 0.740784 0.351726 0.235105
threshold=32.301969528198249 3.3100959732095343 1.5505050007432928 2.2406398057937627 6.9999997206032392 1.432555139064789 4.1542353630065927 9.0399641990661639 19.009214401245121 1.0000000180025095e-35 3.0275350809097294 16.124675750732425 16.555461883544925
decision_type=2 2 2 2 2 2 2 2 2 2 2 2 2
left_child=1 2 6 5 -5 -3 -1 -8 9 -9 -10 -4 -6
right_child=-2 3 11 4 12 -7 7 8 10 -11 -12 -13 -14
leaf_value=0.00083759022753363823 -0.00055563074420625325 0.00066195717748201619 -0.0013043157000815712 0.0014858242742288555 0.00052958079352683743 -0.00070884083011202087 -0.00099648588990850417 0.0014374190912284941 -0.00073118288824785117 -3.5338404180373746e-05 0.00040280103364194312 -0.00037229232716407879 -0.0001305055882752701
leaf_weight=2047 3853 2303 2047 2407 2757 2673 2386 2483 3508 2424 2430 2015 2626
leaf_count=2047 3853 2303 2047 2407 2757 2673 2386 2483 3508 2424 2430 2015 2626
internal_value=5.39026e-08 6.68931e-05 -0.00011336 0.000339845 0.000604176 -7.43508e-05 8.13284e-05 -3.62189e-05 0.000175772 0.000711302 -0.000267227 -0.000844025 0.000207925
internal_weight=35959 32106 19340 12766 7790 4976 15278 13231 10845 4907 5938 4062 5383
internal_count=35959 32106 19340 12766 7790 4976 15278 13231 10845 4907 5938 4062 5383
is_linear=0
shrinkage=0.05


Tree=43
num_leaves=13
num_cat=0
split_feature=1 1 3 2 1 0 3 3 3 3 0 2
split_gain=0.517102 1.1297 0.678726 0.788883 1.37765 1.00312 1.37004 0.956479 1.15452 0.830299 0.453673 0.333072
threshold=2.363445639610291 4.8357656002044687 9.414285823216245 1.5000000000000002 19.641646385192875 4.3094809055328378 3.4868420156910882 1.7142857720657281 0.10128205695522034 0.48212006764387288 2.1567411422729497 1.0000000180025095e-35
decision_type=2 2 2 2 2 2 2 2 2 2 2 2
left_child=-1 -2 3 5 -5 6 7 8 -3 -10 -4 -12
right_child=1 2 10 4 -6 -7 -8 -9 9 -11 11 -13
leaf_value=-0.0007024036084962202 0.0010826444370598519 0.00050134586656646295 -0.00013234523470457193 9.3763825300286787e-05 -0.0015800235662560389 0.00072615036543044996 -0.0011278107935132542 0.00095406014816775591 -0.0013739287503620697 -0.00015013760835604786 0.0011156467862225865 0.00026697136946789813
leaf_weight=2432 2450 3871 2624 2516 2392 3687 3102 2340 2206 3708 2299 2332
leaf_count=2432 2450 3871 2624 2516 2392 3687 3102 2340 2206 3708 2299 2332
internal_value=5.84441e-08 5.12083e-05 -3.04286e-05 -0.000159391 -0.00072354 -1.26951e-05 -0.000191955 4.82016e-05 -0.00016918 -0.000608177 0.00039266 0.000689781
internal_weight=35959 33527 31077 23822 4908 18914 15227 12125 9785 5914 7255 4631
internal_count=35959 33527 31077 23822 4908 18914 15227 12125 9785 5914 7255 4631
is_linear=0
shrinkage=0.05


Tree=44
num_leaves=13
num_cat=0
split_feature=1 1 1 1 1 1 1 1 2 0 3 3
split_gain=0.471213 0.616409 0.98755 1.05797 0.62626 1.11856 1.13548 1.22034 1.254 0.927607 0.772768 0.717353
threshold=32.301969528198249 30.07149696350098 27.863700866699222 25.549051284790043 20.131559371948246 17.748370170593265 14.390244483947756 9.0399641990661639 1.0000000180025095e-35 2.3701189756393437 0.25290698448086285 4.4000000298023236
decision_type=2 2 2 2 2 2 2 2 2 2 2 2
left_child=1 2 3 4 5 6 7 10 -9 -6 -1 -12
right_child=-2 -3 -4 -5 9 -7 -8 8 -10 -11 11 -13
leaf_value=-0.0009374669896777695 -0.00052168682195704176 0.00088990728028477814 -0.0010371588801354626 0.0011197970974514675 -0.0012910570911777012 0.0011593462710605736 -0.00081320025132099964 0.0015246507272392883 3.6558787215450778e-06 6.0810370432661903e-05 0.00058041349036438278 -0.00045049469013387107
leaf_weight=2406 3853 2095 2104 2254 2146 2277 3561 2744 2668 3082 3641 3128
leaf_count=2406 3853 2095 2104 2254 2146 2277 3561 2744 2668 3082 3641 3128
internal_value=5.09996e-08 6.2807e-05 4.79184e-06 8.36913e-05 -7.74699e-06 0.000117283 -1.40292e-05 0.000181489 0.000776223 -0.000495512 -0.000169786 0.000104062
internal_weight=35959 32106 30011 27907 25653 20425 18148 14587 5412 5228 9175 6769
internal_count=35959 32106 30011 27907 25653 20425 18148 14587 5412 5228 9175 6769
is_linear=0
shrinkage=0.05


Tree=45
num_leaves=14
num_cat=0
split_feature=1 1 3 2 1 3 1 0 0 0 0 1 1
split_gain=0.456235 1.04083 0.621296 1.02958 1.18775 0.981869 0.73188 0.60405 1.29831 1.27715 0.452153 0.415382 0.602907
threshold=2.363445639610291 4.8357656002044687 5.7499996880069508 1.5000000000000002 19.641646385192875 3.4868420156910882 32.000644683837898 2.9606319665908818 2.2136027812957768 1.4133759140968325 3.9399646520614628 16.012206077575687 23.683607101440433
decision_type=2 2 2 2 2 2 2 2 2 2 2 2 2
left_child=-1 -2 3 5 -5 6 7 8 9 -3 -9 -4 -13
right_child=1 2 11 4 -6 -7 -8 10 -10 -11 -12 12 -14
leaf_value=-0.00065977296070667685 0.0010381333768151027 -0.00072227041810148584 0.00074436594068712084 -6.2446806844914182e-05 -0.001696061463804827 -0.0010164051623895508 0.0010192114113691359 0.00091084734668353095 -0.0012202674631588239 0.00088417015190213875 2.3292902201580207e-08 -0.00057981365319566681 0.00044703258228775153
leaf_weight=2432 2450 2209 3442 2293 2153 2086 2030 2403 2497 2787 3130 2296 3751
leaf_count=2432 2450 2209 3442 2293 2153 2086 2030 2403 2497 2787 3130 2296 3751
internal_value=5.24411e-08 4.80977e-05 -3.0262e-05 -0.000178468 -0.000855565 -2.45749e-06 0.000138606 6.93703e-07 -0.000291737 0.000173853 0.000396527 0.000306747 5.68333e-05
internal_weight=35959 33527 31077 21588 4446 17142 15056 13026 7493 4996 5533 9489 6047
internal_count=35959 33527 31077 21588 4446 17142 15056 13026 7493 4996 5533 9489 6047
is_linear=0
shrinkage=0.05


Tree=46
num_leaves=14
num_cat=0
split_feature=1 3 3 1 1 1 1 3 3 3 0 1 2
split_gain=0.455123 0.569747 1.08777 1.11784 0.686981 0.607909 1.04384 0.981712 0.915797 0.526109 1.12578 0.481488 0.554323
threshold=32.301969528198249 3.3100959732095343 1.9198717289811829 28.021887779235843 23.454006195068363 3.8378313779830937 9.0399641990661639 0.042572466128698867 0.73508773343715006 7.5773808059669099 2.4855715036392216 8.5199499130249041 1.0000000180025095e-35
decision_type=2 2 2 2 2 2 2 2 2 2 2 2 2
left_child=1 2 3 4 5 -1 -7 -8 -9 10 -3 -11 -13
right_child=-2 9 -4 -5 -6 6 7 8 -10 11 -12 12 -14
leaf_value=0.0008378764745998247 -0.00051271572098099004 -0.00010522462876960322 -0.00098545184198640424 -0.0010531260608214062 0.00099117412622198495 -0.00094798275708439278 0.0010258044346651387 -0.00079374684626143995 0.00058636493796621536 -0.00054031461236334912 0.0015066083023905601 0.00078736356904523033 -0.00015738780132160479
leaf_weight=2039 3853 2001 2985 2001 2321 2688 2413 2804 2089 2221 2349 3102 3093
leaf_count=2039 3853 2001 2985 2001 2321 2688 2413 2804 2089 2221 2349 3102 3093
internal_value=3.71059e-08 6.17124e-05 -0.000109405 5.09894e-05 0.000205533 5.32967e-05 -0.000107453 0.000202665 -0.000204533 0.000320831 0.000766624 8.97768e-05 0.000316181
internal_weight=35959 32106 19340 16355 14354 12033 9994 7306 4893 12766 4350 8416 6195
internal_count=35959 32106 19340 16355 14354 12033 9994 7306 4893 12766 4350 8416 6195
is_linear=0
shrinkage=0.05


Tree=47
num_leaves=14
num_cat=0
split_feature=1 1 3 2 1 3 1 3 3 1 3 0 2
split_gain=0.433337 0.941143 0.549702 0.615158 1.13352 0.907721 0.876939 1.7124 1.57432 1.06802 0.906207 0.399387 0.266794
threshold=2.363445639610291 4.8357656002044687 9.414285823216245 1.5000000000000002 19.641646385192875 4.9999998483274704 22.897038459777836 0.048199770489419015 0.50675675022593392 11.231722831726076 0.98214284231772242 2.1567411422729497 1.0000000180025095e-35
decision_type=2 2 2 2 2 2 2 2 2 2 2 2 2
left_child=-1 -2 3 5 -5 6 7 -3 -8 -9 -11 -4 -13
right_child=1 2 11 4 -6 -7 8 9 -10 10 -12 12 -14
leaf_value=-0.00064301026006759209 0.00098829911404166759 0.00094166837588530172 -0.00013943390751969292 9.9426888704205177e-05 -0.0014187791479265258 -0.00091873393560085593 -0.00024625593292287184 0.00026131484529011271 0.0012621598372727504 -0.0017917238971763901 -0.00039230426359012759 0.0010130627838745589 0.0002534029010363361
leaf_weight=2432 2450 2466 2624 2516 2392 2409 3286 2445 3636 2111 2561 2299 2332
leaf_count=2432 2450 2466 2624 2516 2392 2409 3286 2445 3636 2111 2561 2299 2332
internal_value=4.41558e-08 4.68682e-05 -2.76449e-05 -0.000143704 -0.000641878 -1.41621e-05 0.000118342 -0.000191365 0.000546765 -0.000584725 -0.0010271 0.000353113 0.000631896
internal_weight=35959 33527 31077 23822 4908 18914 16505 9583 6922 7117 4672 7255 4631
internal_count=35959 33527 31077 23822 4908 18914 16505 9583 6922 7117 4672 7255 4631
is_linear=0
shrinkage=0.05


Tree=48
num_leaves=14
num_cat=0
split_feature=1 1 1 1 1 2 0 0 2 1 1 0 1
split_gain=0.419144 0.593551 0.856409 0.918941 0.540789 1.13851 1.83634 1.65938 1.13347 0.965138 2.20343 0.815193 0.495505
threshold=32.301969528198249 30.07149696350098 27.863700866699222 25.549051284790043 20.131559371948246 1.5000000000000002 4.9006550312042245 2.6702957153320317 1.0000000180025095e-35 8.5199499130249041 15.265819549560549 2.3701189756393437 9.8924860954284686
decision_type=2 2 2 2 2 2 2 2 2 2 2 2 2
left_child=1 2 3 4 5 6 8 -7 9 -1 -11 -6 -10
right_child=-2 -3 -4 -5 11 7 -8 -9 12 10 -12 -13 -14
leaf_value=-0.00055713363736285988 -0.00049203635879478734 0.0008708383659228327 -0.00096801396269195576 0.0010413950206630323 -0.0012084959324290944 0.0017783268220497696 0.0013064540977294238 -0.00018503507415508824 -0.00037922159528157719 0.0013888613169501898 -0.00070458385520665761 5.8807597522554406e-05 -0.0013539374576368643
leaf_weight=3721 3853 2095 2104 2254 2146 2215 2055 2081 2588 2947 2178 3082 2640
leaf_count=3721 3853 2095 2104 2254 2146 2215 2055 2081 2588 2947 2178 3082 2640
internal_value=3.17884e-08 5.92191e-05 2.29057e-06 7.57655e-05 -9.4522e-06 0.000106734 -8.60497e-05 0.000829045 -0.000290158 5.49422e-05 0.000499559 -0.000462712 -0.000873072
internal_weight=35959 32106 30011 27907 25653 20425 16129 4296 14074 8846 5125 5228 5228
internal_count=35959 32106 30011 27907 25653 20425 16129 4296 14074 8846 5125 5228 5228
is_linear=0
shrinkage=0.05


Tree=49
num_leaves=15
num_cat=0
split_feature=1 1 1 1 3 2 3 1 3 1 1 1 3 0
split_gain=0.385823 0.854591 0.569316 2.14429 1.03594 0.721691 1.18772 0.698411 1.34323 1.33517 1.09928 1.29016 0.832186 0.227574
threshold=2.363445639610291 4.8357656002044687 9.0399641990661639 11.231722831726076 1.7142857720657281 1.5000000000000002 2.256578903678816 23.683607101440433 0.14285714855911785 20.459387779235843 27.863700866699222 31.001002311706547 5.6666665714648063 2.8447800874710087
decision_type=2 2 2 2 2 2 2 2 2 2 2 2 2 2
left_child=-1 -2 4 -4 -3 7 -7 8 -5 12 -9 -12 -10 -13
right_child=1 2 3 5 -6 6 -8 10 9 -11 11 13 -14 -15
leaf_value=-0.00060673835714869962 0.00094131878686460008 -0.0013486677676844301 0.001576016547573501 0.00091700432983456224 0.00020232242393615799 -0.0013336918998223166 0.00020461792189828293 0.0011105684318416099 -0.00060788286044341868 -0.0016338601525836397 -0.00092575328262886668 0.00015638907686128608 0.00061424181211244171 0.00090870479221053912
leaf_weight=2432 2450 2108 2133 2020 2185 2646 2374 3269 3661 2011 2414 2010 2235 2011
leaf_count=2432 2450 2108 2133 2020 2185 2646 2374 3269 3661 2011 2414 2010 2235 2011
internal_value=3.84775e-08 4.4221e-05 -2.67831e-05 5.896e-05 -0.000560628 -7.28936e-05 -0.000607252 6.39911e-05 -0.000230762 -0.000524769 0.000365444 -1.42169e-05 -0.000144356 0.000533961
internal_weight=35959 33527 31077 26784 4293 24651 5020 19631 9927 7907 9704 6435 5896 4021
internal_count=35959 33527 31077 26784 4293 24651 5020 19631 9927 7907 9704 6435 5896 4021
is_linear=0
shrinkage=0.05


Tree=50
num_leaves=14
num_cat=0
split_feature=1 1 1 1 0 1 1 1 1 3 3 1 0
split_gain=0.403176 0.546321 0.704668 0.767511 0.456489 0.503847 0.732459 0.715904 2.122 0.887769 0.804577 0.955621 0.745054
threshold=32.301969528198249 30.07149696350098 27.863700866699222 25.549051284790043 1.1476519703865053 2.363445639610291 4.8357656002044687 9.0399641990661639 11.507899284362795 0.12660256836423761 3.7499998742714582 16.65339279174805 2.7944523096084599
decision_type=2 2 2 2 2 2 2 2 2 2 2 2 2
left_child=1 2 3 4 -1 -6 -7 -8 -9 -10 11 -11 -12
right_child=-2 -3 -4 -5 5 6 7 8 9 10 12 -13 -14
leaf_value=-0.00060252021549403445 -0.00048256551346506502 0.00083674704385770489 -0.0008766857109006221 0.00095260694143358749 -0.00065251158881187918 0.0010108311590661093 -0.00056744458521839356 0.001663309124618673 0.00080273503909372213 -0.0015183049102868579 0.00087076256375270421 -0.00014429843401559143 -0.00038334342803861325
leaf_weight=2856 3853 2095 2104 2254 2189 2168 3819 2110 2457 2056 2268 3272 2458
leaf_count=2856 3853 2095 2104 2254 2189 2168 3819 2110 2457 2056 2268 3272 2458
internal_value=3.89868e-08 5.8088e-05 3.47092e-06 7.01191e-05 -7.76169e-06 6.6981e-05 0.000143686 4.12421e-05 0.00020051 -4.73247e-05 -0.000255654 -0.000676359 0.000219068
internal_weight=35959 32106 30011 27907 25653 22797 20608 18440 14621 12511 10054 5328 4726
internal_count=35959 32106 30011 27907 25653 22797 20608 18440 14621 12511 10054 5328 4726
is_linear=0
shrinkage=0.05


Tree=51
num_leaves=13
num_cat=0
split_feature=1 1 1 1 1 1 1 3 2 1 0 0
split_gain=0.363986 0.493291 0.636293 0.692984 0.465105 1.10747 0.903169 1.12653 2.38675 1.11838 1.22879 0.744223
threshold=32.301969528198249 30.07149696350098 27.863700866699222 25.549051284790043 20.131559371948246 17.748370170593265 14.390244483947756 0.063164892959319541 1.5000000000000002 9.0399641990661639 3.2605168819427495 2.3701189756393437
decision_type=2 2 2 2 2 2 2 2 2 2 2 2
left_child=1 2 3 4 5 6 7 -1 9 10 -9 -6
right_child=-2 -3 -4 -5 11 -7 -8 8 -10 -11 -12 -13
leaf_value=-0.00077875024989497638 -0.00045849969311658172 0.00079510843801390129 -0.00083305879316052664 0.00090518697468968236 -0.0011402969670693732 0.0011372723385454319 -0.00074300191314323038 0.00011676132864181968 0.0017124526178922965 0.00070147900279975844 -0.0013738465248146568 7.0544246199946681e-05
leaf_weight=2687 3853 2095 2104 2254 2146 2277 3561 3761 2530 3434 2175 3082
leaf_count=2687 3853 2095 2104 2254 2146 2277 3561 3761 2530 3434 2175 3082
internal_value=4.96747e-08 5.52052e-05 3.30661e-06 6.66388e-05 -7.36427e-06 0.000100385 -3.02662e-05 0.000144118 0.000352979 -1.55281e-05 -0.000430802 -0.000427712
internal_weight=35959 32106 30011 27907 25653 20425 18148 14587 11900 9370 5936 5228
internal_count=35959 32106 30011 27907 25653 20425 18148 14587 11900 9370 5936 5228
is_linear=0
shrinkage=0.05


Tree=52
num_leaves=14
num_cat=0
split_feature=1 1 1 1 0 0 1 1 1 0 2 1 1
split_gain=0.328589 0.445423 0.574534 0.625714 0.443561 1.63808 0.54371 0.764634 0.828016 0.440722 1.25881 1.10056 1.33075
threshold=32.301969528198249 30.07149696350098 27.863700866699222 25.549051284790043 2.1276745796203618 2.4292459487915044 19.009214401245121 12.217059135437013 5.6839787960052499 3.6989724636077885 1.0000000180025095e-35 17.748370170593265 9.8924860954284686
decision_type=2 2 2 2 2 2 2 2 2 2 2 2 2
left_child=1 2 3 4 6 -6 7 8 -1 11 -11 12 -7
right_child=-2 -3 -4 -5 5 9 -8 -9 -10 10 -12 -13 -14
leaf_value=0.00026379185791252074 -0.00043563407034620061 0.00075554187917479621 -0.0007916028702065793 0.00086012749546246633 0.0014812400273797462 -3.6209866182106068e-06 -0.00096167046004404027 0.00061515204971504208 -0.0011195637985950949 0.00090966195345236012 -0.00042087243231149019 0.00063101538726416189 -0.0016127193093249609
leaf_weight=2030 3853 2095 2104 2254 2011 2961 2238 2572 2298 3539 3553 2191 2260
leaf_count=2030 3853 2095 2104 2254 2011 2961 2238 2572 2298 3539 3553 2191 2260
internal_value=4.87348e-08 5.24538e-05 3.13753e-06 6.33177e-05 -7.00185e-06 0.000147633 -0.000286328 -6.62077e-05 -0.000471604 -3.81662e-05 0.000243427 -0.000307567 -0.000701898
internal_weight=35959 32106 30011 27907 25653 16515 9138 6900 4328 14504 7092 7412 5221
internal_count=35959 32106 30011 27907 25653 16515 9138 6900 4328 14504 7092 7412 5221
is_linear=0
shrinkage=0.05


Tree=53
num_leaves=15
num_cat=0
split_feature=1 1 3 2 2 1 1 0 0 0 0 1 0 0
split_gain=0.318527 0.70372 0.562411 1.75759 1.4914 0.874051 0.54335 0.66949 0.827935 1.04161 0.483091 0.469112 0.700071 0.45178
threshold=2.363445639610291 4.4012467861175546 4.3333334003885602 1.5000000000000002 1.5000000000000002 19.641646385192875 31.001002311706547 3.6524949073791508 2.0476689338684086 1.4133759140968325 2.9288891553878789 18.748026847839359 2.6871799230575566 3.0069479942321782
decision_type=2 2 2 2 2 2 2 2 2 2 2 2 2 2
left_child=-1 -2 3 6 11 -5 7 8 9 -3 -10 12 -4 -13
right_child=1 2 4 5 -6 -7 -8 -9 10 -11 -12 13 -14 -15
leaf_value=-0.00055127640622740909 0.00094489409197770925 -0.00053584789872119143 -0.0010750022441071616 -0.00039072251341361151 0.001407767832978118 -0.0018319843059683748 0.00072442609161493289 0.00049829404185922576 -0.0011022736117555628 0.00096573583085009641 -0.00011754169174140585 0.0007315674826415756 0.00023782930050621185 -0.00025059232062570893
leaf_weight=2432 2010 2327 2029 2206 2273 2013 2599 3812 3143 2274 2063 2715 2017 2046
leaf_count=2432 2010 2327 2029 2206 2273 2013 2599 3812 3143 2274 2063 2715 2017 2046
internal_value=4.86717e-08 4.01934e-05 -1.77853e-05 -0.000173282 0.000268926 -0.00108109 6.3399e-05 -6.3188e-05 -0.000281722 0.00020678 -0.000713024 -2.62613e-05 -0.000421561 0.000309852
internal_weight=35959 33527 31517 20437 11080 4219 16218 13619 9807 4601 5206 8807 4046 4761
internal_count=35959 33527 31517 20437 11080 4219 16218 13619 9807 4601 5206 8807 4046 4761
is_linear=0
shrinkage=0.05


Tree=54
num_leaves=14
num_cat=0
split_feature=1 1 0 0 2 0 0 0 0 0 1 1 3
split_gain=0.321036 0.407824 1.97462 0.751104 0.732536 2.01886 0.929769 1.90902 0.740328 1.02733 0.927118 0.713623 0.561494
threshold=32.301969528198249 26.775197029113773 2.8591554164886479 5.7254586219787607 1.5000000000000002 2.2136027812957768 3.6778954267501835 3.0486352443695073 1.1269598007202151 1.6672472357749941 17.748370170593265 8.7910180091857928 2.2899159870951808
decision_type=2 2 2 2 2 2 2 2 2 2 2 2 2
left_child=1 3 -3 4 6 -6 7 8 -1 -10 11 -11 -8
right_child=-2 2 -4 -5 5 -7 12 -9 9 10 -12 -13 -14
leaf_value=-0.00082831490285521195 -0.00043060475407018754 -0.00041667563006130308 0.0015171916007589029 -0.00095571744271486154 -0.00059652545587098136 0.0014256313044334714 2.0495417005177462e-05 -0.0014728397652077313 0.001017268878561613 7.8968472277342539e-05 0.00065520957185813758 -0.0010941466448227332 0.0011533622244193065
leaf_weight=2277 3853 2935 2384 2006 2108 2953 2334 2718 2629 2583 2540 2590 2049
leaf_count=2277 3853 2935 2384 2006 2108 2953 2334 2718 2629 2583 2540 2590 2049
internal_value=4.14534e-08 5.18407e-05 0.000451313 -2.76199e-05 4.7864e-05 0.00058385 -8.99193e-05 -0.000273469 -1.41749e-05 0.000165701 -0.000125499 -0.000509361 0.000551517
internal_weight=35959 32106 5319 26787 24781 5061 19720 15337 12619 10342 7713 5173 4383
internal_count=35959 32106 5319 26787 24781 5061 19720 15337 12619 10342 7713 5173 4383
is_linear=0
shrinkage=0.05


Tree=55
num_leaves=13
num_cat=0
split_feature=1 1 1 1 2 1 0 0 0 0 0 3
split_gain=0.291561 0.645147 0.517253 1.80425 0.655548 1.11049 0.588084 1.00558 0.555784 0.73556 0.746453 0.318999
threshold=2.363445639610291 5.0514471530914316 9.0399641990661639 11.231722831726076 1.5000000000000002 23.563646316528324 4.9803133010864267 3.9399646520614628 2.9606319665908818 2.4125087261199956 1.5388837456703188 2.3416666609545556
decision_type=2 2 2 2 2 2 2 2 2 2 2 2
left_child=-1 -2 -3 -4 6 -6 7 8 9 10 -5 -12
right_child=1 2 3 4 5 -7 -8 -9 -10 -11 11 -13
leaf_value=-0.00052743151396277953 0.0007714853941712457 -0.00055691238856823229 0.0014436837262747654 -0.00032977956570944531 0.00015221666720932072 -0.0013332888184166417 0.0008073690505321098 -0.00097601734428354962 0.00064806469176228434 -0.0007706162014528839 0.00022760350211191731 0.0010737122428306131
leaf_weight=2432 2745 3998 2133 3950 2556 2464 2320 2446 3681 2735 2468 2031
leaf_count=2432 2745 3998 2133 3950 2556 2464 2320 2446 3681 2735 2468 2031
internal_value=4.03955e-08 3.84483e-05 -2.715e-05 5.21051e-05 -6.88419e-05 -0.000578125 6.16189e-05 -3.8734e-05 0.000116046 -5.94801e-05 0.000171358 0.0006111
internal_weight=35959 33527 30782 26784 24651 5020 19631 17311 14865 11184 8449 4499
internal_count=35959 33527 30782 26784 24651 5020 19631 17311 14865 11184 8449 4499
is_linear=0
shrinkage=0.05


Tree=56
num_leaves=14
num_cat=0
split_feature=1 1 0 0 2 0 0 0 0 0 1 1 3
split_gain=0.272647 0.390832 1.76003 0.701885 0.66862 1.82972 0.862609 1.77682 0.655922 0.934562 0.839452 0.67544 0.507168
threshold=32.301969528198249 26.775197029113773 2.8591554164886479 5.7254586219787607 1.5000000000000002 2.2136027812957768 3.6778954267501835 3.0486352443695073 1.1269598007202151 1.6672472357749941 17.748370170593265 8.7910180091857928 2.2899159870951808
decision_type=2 2 2 2 2 2 2 2 2 2 2 2 2
left_child=1 3 -3 4 6 -6 7 8 -1 -10 11 -11 -8
right_child=-2 2 -4 -5 5 -7 12 -9 9 10 -12 -13 -14
leaf_value=-0.00078162977658163824 -0.00039681893464302254 -0.00038065624076426182 0.001445129001386691 -0.00092717650353813311 -0.00056868604793245401 0.0013564190657966654 2.446897929277696e-05 -0.0014225608238258606 0.00096621709244983263 8.3362942355232563e-05 0.00061915961918894739 -0.0010579149376053116 0.001101160091884272
leaf_weight=2277 3853 2935 2384 2006 2108 2953 2334 2718 2629 2583 2540 2590 2049
leaf_count=2277 3853 2935 2384 2006 2108 2953 2334 2718 2629 2583 2540 2590 2049
internal_value=4.71341e-08 4.77833e-05 0.000438845 -3.00033e-05 4.29667e-05 0.000555037 -8.86672e-05 -0.000265462 -1.53062e-05 0.000154007 -0.000123729 -0.000488987 0.00052917
internal_weight=35959 32106 5319 26787 24781 5061 19720 15337 12619 10342 7713 5173 4383
internal_count=35959 32106 5319 26787 24781 5061 19720 15337 12619 10342 7713 5173 4383
is_linear=0
shrinkage=0.05


Tree=57
num_leaves=14
num_cat=0
split_feature=1 1 3 2 2 1 1 0 0 0 2 0 1
split_gain=0.266876 0.584918 0.466794 1.66058 1.34398 0.69775 0.502868 0.586438 1.23514 0.868293 0.439715 0.695086 0.403528
threshold=2.363445639610291 4.4012467861175546 4.3333334003885602 1.5000000000000002 1.5000000000000002 19.641646385192875 31.001002311706547 2.9606319665908818 2.0476689338684086 1.4133759140968325 1.0000000180025095e-35 2.2406398057937627 15.152253627777101
decision_type=2 2 2 2 2 2 2 2 2 2 2 2 2
left_child=-1 -2 3 6 10 -5 7 8 9 -3 11 -4 -9
right_child=1 2 4 5 -6 -7 -8 12 -10 -11 -12 -13 -14
leaf_value=-0.00050460368825724249 0.0008615987199811913 -0.00048123083706406766 -0.000466789372585583 -0.000422871708382944 0.0013262297599760432 -0.0017111453674369947 0.00070824284064655539 -0.00017174812666464101 -0.0010747315032692576 0.00088975282604426332 -0.00049030521724973775 0.0006845161063698806 0.00067866190130589363
leaf_weight=2432 2010 2327 2132 2206 2273 2013 2599 2345 3252 2274 3303 3372 3421
leaf_count=2432 2010 2327 2132 2206 2273 2013 2599 2345 3252 2274 3303 3372 3421
internal_value=4.56214e-08 3.67917e-05 -1.60671e-05 -0.000157731 0.000245137 -0.00104013 7.23202e-05 -4.94675e-05 -0.000330436 0.000196825 -3.50698e-05 0.000238515 0.000333106
internal_weight=35959 33527 31517 20437 11080 4219 16218 13619 7853 4601 8807 5504 5766
internal_count=35959 33527 31517 20437 11080 4219 16218 13619 7853 4601 8807 5504 5766
is_linear=0
shrinkage=0.05


Tree=58
num_leaves=15
num_cat=0
split_feature=1 0 0 1 0 0 0 0 3 1 1 1 1 0
split_gain=0.262793 0.381957 0.622616 0.613526 0.839989 2.00983 0.812731 0.767757 0.704455 0.796616 2.66633 1.45853 0.561803 0.473169
threshold=32.301969528198249 0.89863094687461864 1.5388837456703188 29.441926002502445 2.3991304636001591 2.1276745796203618 2.6541824340820317 1.809703052043915 0.063164892959319541 11.231722831726076 6.1421737670898446 18.049483299255375 15.66848945617676 3.7457928657531743
decision_type=2 2 2 2 2 2 2 2 2 2 2 2 2 2
left_child=1 -1 12 4 5 7 -6 -4 -8 10 -10 -11 -3 -13
right_child=-2 2 3 -5 6 -7 8 -9 9 11 -12 13 -14 -15
leaf_value=0.00070503528370410287 -0.00038958756641191937 -0.0011139424175671195 0.00059786695586857338 0.00093023093876623726 -0.0010963243489728308 0.001754512044541742 -0.00076913799127258976 -0.00069900279312418926 -0.00039653763468628153 -0.0010584768303605325 0.0020112112614754998 0.00092844823149145427 4.4603766368441836e-06 -9.7998674379967904e-05
leaf_weight=2053 3853 2182 2122 2024 2041 2149 2662 2446 2670 2938 2006 2057 2302 2454
leaf_count=2053 3853 2182 2122 2024 2041 2149 2662 2446 2670 2938 2006 2057 2302 2454
internal_value=4.09105e-08 4.69065e-05 1.72839e-06 9.70878e-05 2.51038e-05 0.000497383 -0.000163593 -9.65702e-05 -3.41969e-05 0.000127658 0.000638472 -0.000193425 -0.000541043 0.000371076
internal_weight=35959 32106 30053 25569 23545 6717 16828 4568 14787 12125 4676 7449 4484 4511
internal_count=35959 32106 30053 25569 23545 6717 16828 4568 14787 12125 4676 7449 4484 4511
is_linear=0
shrinkage=0.05


Tree=59
num_leaves=13
num_cat=0
split_feature=1 1 3 1 1 1 1 3 2 1 0 1
split_gain=0.257308 1.46857 1.01694 0.624399 0.469192 0.873389 0.732147 0.933732 1.92774 1.08464 1.18886 0.652626
threshold=28.021887779235843 31.147220611572269 1.0156249842839327 25.549051284790043 20.131559371948246 17.748370170593265 14.390244483947756 0.063164892959319541 1.5000000000000002 9.0399641990661639 3.2605168819427495 22.897038459777836
decision_type=2 2 2 2 2 2 2 2 2 2 2 2
left_child=3 -2 -3 4 5 6 7 -1 9 10 -9 -6
right_child=1 2 -4 -5 11 -7 -8 8 -10 -11 -12 -13
leaf_value=-0.00069212857858609545 -0.0011345170968877891 -0.00059680358213882979 0.00085893881644889369 0.00084162506482606978 -0.0009945814588941278 0.0010279261762940692 -0.00065063925293492751 0.0001365762267341268 0.0015599997814810711 0.00071310289472796573 -0.0013295698638947349 0.00012153788641122534
leaf_weight=2687 2944 2000 2968 2394 2548 2277 3561 3761 2530 3434 2175 2680
leaf_count=2687 2944 2000 2968 2394 2548 2277 3561 3761 2530 3434 2175 2680
internal_value=5.70914e-08 -0.00025158 0.00027287 7.11078e-05 -1.09863e-06 0.000107121 -8.91392e-06 0.000148083 0.000338224 7.01974e-06 -0.000401965 -0.000423292
internal_weight=35959 7912 4968 28047 25653 20425 18148 14587 11900 9370 5936 5228
internal_count=35959 7912 4968 28047 25653 20425 18148 14587 11900 9370 5936 5228
is_linear=0
shrinkage=0.05


Tree=60
num_leaves=14
num_cat=0
split_feature=1 1 0 0 1 3 3 2 3 1 3 0 2
split_gain=0.254394 0.344432 1.52651 0.619419 0.611858 1.40375 1.32722 2.23505 0.964559 0.90638 1.26836 0.805848 0.505184
threshold=32.301969528198249 26.775197029113773 2.8591554164886479 5.7254586219787607 14.390244483947756 0.12660256836423761 0.033908048241568713 1.5000000000000002 7.5773808059669099 17.748370170593265 1.3999999701976784 2.5264420509338383 1.0000000180025095e-35
decision_type=2 2 2 2 2 2 2 2 2 2 2 2 2
left_child=1 3 -3 4 6 -6 -1 8 12 -7 -11 -12 -8
right_child=-2 2 -4 -5 5 9 7 -9 -10 10 11 -13 -14
leaf_value=-0.00080151232883493529 -0.00038329921930415039 -0.00034993733552854563 0.0013504269123187809 -0.00086968263969523947 0.00088923971934912183 -0.0012953347245975788 0.0008379059625240146 0.0018667535271271558 -0.0006444721388098114 -0.0011958029050249124 -0.0003743728377845648 0.00098071795416682594 -0.00010814722239677879
leaf_weight=2375 3853 2935 2384 2006 2238 2589 3771 2343 2744 2102 2211 2160 2248
leaf_count=2375 3853 2935 2384 2006 2238 2589 3771 2343 2744 2102 2211 2160 2248
internal_value=5.23082e-08 4.61629e-05 0.000413278 -2.68609e-05 4.16881e-05 -0.000229569 0.000269062 0.000498518 0.000130976 -0.000506551 -0.000189551 0.000295977 0.000484977
internal_weight=35959 32106 5319 26787 24781 11300 13481 11106 8763 9062 6473 4371 6019
internal_count=35959 32106 5319 26787 24781 11300 13481 11106 8763 9062 6473 4371 6019
is_linear=0
shrinkage=0.05


Tree=61
num_leaves=14
num_cat=0
split_feature=1 1 3 1 1 1 2 1 1 2 1 0 1
split_gain=0.234659 1.3833 0.916761 0.549183 0.423844 0.789991 0.758099 1.5743 1.43677 0.868663 0.705717 0.600332 0.50308
threshold=28.021887779235843 31.147220611572269 1.0156249842839327 25.549051284790043 20.131559371948246 17.748370170593265 1.0000000180025095e-35 9.8924860954284686 9.0399641990661639 1.5000000000000002 4.1542353630065927 2.3701189756393437 13.971977710723879
decision_type=2 2 2 2 2 2 2 2 2 2 2 2 2
left_child=3 -2 -3 4 5 6 8 9 10 -8 -1 -6 -10
right_child=1 2 -4 -5 11 -7 7 -9 12 -11 -12 -13 -14
leaf_value=0.00035119584332878978 -0.0010971834986116123 -0.00055702281144621524 0.0008251715845210149 0.00079051964779707276 -0.001041087967394675 0.00097877742683384248 -0.00028950626743983815 -0.0010725342690260651 0.0014095968318083203 0.0010292641690196334 -0.00090916346827327622 4.6465804300279708e-05 0.00035226357498593019
leaf_weight=2074 2944 2000 2968 2394 2146 2277 3049 3988 2530 2101 2371 3082 2035
leaf_count=2074 2944 2000 2968 2394 2146 2277 3049 3988 2530 2101 2371 3082 2035
internal_value=4.83404e-08 -0.000240259 0.000268731 6.79001e-05 1.81758e-07 0.000103038 -7.31832e-06 -0.00032803 0.000317952 0.000249453 -0.000321622 -0.000401091 0.000940056
internal_weight=35959 7912 4968 28047 25653 20425 18148 9138 9010 5150 4445 5228 4565
internal_count=35959 7912 4968 28047 25653 20425 18148 9138 9010 5150 4445 5228 4565
is_linear=0
shrinkage=0.05


Tree=62
num_leaves=13
num_cat=0
split_feature=1 0 0 1 1 0 3 0 0 3 3 3
split_gain=0.246292 0.356609 0.645521 0.593985 0.785102 0.94197 0.628678 0.571466 0.561805 0.872204 0.551937 0.200292
threshold=32.301969528198249 0.96341988444328319 1.5098375082015993 29.441926002502445 20.810085296630863 2.3991304636001591 2.9999998753460591 2.0199079513549809 3.6778954267501835 1.6770832793942378 2.9999999680689409 0.40000001519918454
decision_type=2 2 2 2 2 2 2 2 2 2 2 2
left_child=1 -1 -3 4 5 7 11 -4 10 -10 -7 -6
right_child=-2 2 3 -5 6 8 -8 -9 9 -11 -12 -13
leaf_value=0.00062429757048730735 -0.0003771407431914321 -0.00060659709197759075 0.00031368914581699885 0.0009008905932024803 -0.00038255513908002346 -0.0007787457418205572 -0.0010017507451705319 0.0014002422744394335 0.00092277841962161693 -0.00029283119345875321 0.00018783522934754442 0.00032112783584838924
leaf_weight=2447 3853 3839 2834 2055 2015 3547 2841 2112 2904 2982 2520 2010
leaf_count=2447 3853 3839 2834 2055 2015 3547 2841 2112 2904 2982 2520 2010
internal_value=5.72702e-08 4.54277e-05 -2.52602e-06 8.74893e-05 1.68037e-05 0.000199982 -0.000433681 0.000779549 -4.02867e-05 0.000307467 -0.000377617 -3.12258e-05
internal_weight=35959 32106 29659 25820 23765 16899 6866 4946 11953 5886 6067 4025
internal_count=35959 32106 29659 25820 23765 16899 6866 4946 11953 5886 6067 4025
is_linear=0
shrinkage=0.05


Tree=63
num_leaves=13
num_cat=0
split_feature=1 1 1 1 2 1 0 0 0 0 0 3
split_gain=0.246048 0.54388 0.486263 1.42837 0.589407 0.983053 0.50248 1.02971 0.43411 0.600098 0.589776 0.306834
threshold=2.363445639610291 5.0514471530914316 9.0399641990661639 11.231722831726076 1.5000000000000002 23.563646316528324 4.9803133010864267 3.9399646520614628 2.9606319665908818 2.4125087261199956 1.5388837456703188 2.3416666609545556
decision_type=2 2 2 2 2 2 2 2 2 2 2 2
left_child=-1 -2 -3 -4 6 -6 7 8 9 10 -5 -12
right_child=1 2 3 4 5 -7 -8 -9 -10 -11 11 -13
leaf_value=-0.00048448510552566047 0.00070840536756771786 -0.00053852310293629312 0.0012901347473562956 -0.00026028316222634362 0.00014858344519534097 -0.0012490753366613027 0.00075738969436530215 -0.00097318524999988299 0.00060208759262321207 -0.00066559694385186522 0.00020008009367278803 0.0010297519963889665
leaf_weight=2432 2745 3998 2133 3950 2556 2464 2320 2446 3681 2735 2468 2031
leaf_count=2432 2745 3998 2133 3950 2556 2464 2320 2446 3681 2735 2468 2031
internal_value=7.15268e-08 3.53545e-05 -2.48757e-05 5.19679e-05 -5.56478e-05 -0.000538558 6.80524e-05 -2.47157e-05 0.000131902 -2.32502e-05 0.000185223 0.000576075
internal_weight=35959 33527 30782 26784 24651 5020 19631 17311 14865 11184 8449 4499
internal_count=35959 33527 30782 26784 24651 5020 19631 17311 14865 11184 8449 4499
is_linear=0
shrinkage=0.05


Tree=64
num_leaves=13
num_cat=0
split_feature=1 1 1 1 2 1 3 1 1 3 0 1
split_gain=0.222162 0.491025 0.438983 1.28972 0.532175 0.887581 0.498545 1.30175 1.35132 0.97894 0.561956 0.471161
threshold=2.363445639610291 5.0514471530914316 9.0399641990661639 11.231722831726076 1.5000000000000002 23.563646316528324 0.033908048241568713 23.683607101440433 27.863700866699222 0.98214284231772242 3.424350500106812 31.147220611572269
decision_type=2 2 2 2 2 2 2 2 2 2 2 2
left_child=-1 -2 -3 -4 6 -6 -5 9 -9 -8 -11 -10
right_child=1 2 3 4 5 -7 7 8 11 10 -12 -13
leaf_value=-0.00046036009207075325 0.00067311367142130834 -0.00051166414867768756 0.0012259290324445223 0.00062779924541679372 0.00014118320594991057 -0.0011868740199086699 -0.0013653454544835103 0.0013035136112545505 -0.00064823454913908861 0.00019627492320020874 -0.00082227656557225302 0.00031402744585103267
leaf_weight=2432 2745 3998 2133 3265 2556 2464 2288 2742 2073 3959 2046 3258
leaf_count=2432 2745 3998 2133 3265 2556 2464 2288 2742 2073 3959 2046 3258
internal_value=7.57992e-08 3.36025e-05 -2.36263e-05 4.9386e-05 -5.28737e-05 -0.00051174 6.46674e-05 -4.79916e-05 0.000403716 -0.000487673 -0.000151552 -6.06686e-05
internal_weight=35959 33527 30782 26784 24651 5020 19631 16366 8073 8293 6005 5331
internal_count=35959 33527 30782 26784 24651 5020 19631 16366 8073 8293 6005 5331
is_linear=0
shrinkage=0.05


Tree=65
num_leaves=14
num_cat=0
split_feature=1 1 0 0 1 3 0 0 0 1 3 0 0
split_gain=0.211237 0.367528 1.3412 0.584287 0.500014 1.24471 1.23012 1.47374 1.46095 0.792712 1.1296 0.75594 0.459529
threshold=32.301969528198249 26.775197029113773 2.8591554164886479 5.7254586219787607 14.390244483947756 0.12660256836423761 4.0009002685546884 2.9131472110748295 2.1971623897552495 17.748370170593265 1.3999999701976784 2.5264420509338383 1.5098375082015993
decision_type=2 2 2 2 2 2 2 2 2 2 2 2 2
left_child=1 3 -3 4 6 -6 7 8 12 -7 -11 -12 -1
right_child=-2 2 -4 -5 5 9 -8 -9 -10 10 11 -13 -14
leaf_value=-0.00053587688247554979 -0.00034925915817077464 -0.00029417715342871527 0.0012997065036814256 -0.00085191789657117288 0.00084154017311195662 -0.0012104718493269346 0.0013036741162006987 -0.00091519520369476878 0.0013175104355526573 -0.001125968606639754 -0.00036739705821234873 0.00094505132496191201 0.00037920315962844463
leaf_weight=2855 3853 2935 2384 2006 2238 2589 2248 3033 2722 2102 2211 2160 2623
leaf_count=2855 3853 2935 2384 2006 2238 2589 2248 3033 2722 2102 2211 2160 2623
internal_value=6.48931e-08 4.20825e-05 0.000421307 -3.33479e-05 3.32315e-05 -0.000211981 0.000238778 2.46957e-05 0.000373032 -0.000472805 -0.000176349 0.000281847 -9.78217e-05
internal_weight=35959 32106 5319 26787 24781 11300 13481 11233 8200 9062 6473 4371 5478
internal_count=35959 32106 5319 26787 24781 11300 13481 11233 8200 9062 6473 4371 5478
is_linear=0
shrinkage=0.05


Tree=66
num_leaves=14
num_cat=0
split_feature=1 1 3 2 2 1 0 0 0 1 1 2 0
split_gain=0.207324 0.437745 0.37335 1.47701 1.20734 0.474896 0.673881 1.33724 0.968655 0.455075 0.423958 0.364273 0.591349
threshold=2.363445639610291 4.4012467861175546 4.3333334003885602 1.5000000000000002 1.5000000000000002 32.000644683837898 2.9606319665908818 2.0476689338684086 1.4133759140968325 19.641646385192875 15.152253627777101 1.0000000180025095e-35 2.2406398057937627
decision_type=2 2 2 2 2 2 2 2 2 2 2 2 2
left_child=-1 -2 3 5 11 6 7 8 -3 -5 -8 12 -4
right_child=1 2 4 9 -6 -7 10 -9 -10 -11 -12 -13 -14
leaf_value=-0.00044472698513093169 0.00074599062603071921 -0.00049343426198563084 -0.00044671355726057655 -0.00047284431115100886 0.0012449917521043605 0.00076968155744159888 -0.00015039514151779271 -0.0010916380328960069 0.00093000319886199989 -0.0015143279093366028 0.00071079963917741263 -0.00045957319760299474 0.00061518517241172029
leaf_weight=2432 2010 2403 2132 2206 2273 2137 2345 3337 2359 2013 3637 3303 3372
leaf_count=2432 2010 2403 2132 2206 2273 2137 2345 3337 2359 2013 3637 3303 3372
internal_value=6.77147e-08 3.24555e-05 -1.32725e-05 -0.000139966 0.000220329 7.69916e-05 -2.86059e-05 -0.000325711 0.00021218 -0.00097217 0.000373516 -4.52388e-05 0.00020379
internal_weight=35959 33527 31517 20437 11080 16218 14081 8099 4762 4219 5982 8807 5504
internal_count=35959 33527 31517 20437 11080 16218 14081 8099 4762 4219 5982 8807 5504
is_linear=0
shrinkage=0.05


Tree=67
num_leaves=14
num_cat=0
split_feature=1 0 0 1 0 0 1 0 1 0 0 1 3
split_gain=0.208229 0.374073 0.499888 0.522759 0.673685 1.77622 0.841638 0.699363 0.450336 1.1707 1.092 0.920565 0.408939
threshold=32.301969528198249 0.96341988444328319 1.5388837456703188 29.441926002502445 2.3991304636001591 2.1276745796203618 25.39705848693848 1.809703052043915 18.176328659057621 3.5047909021377568 5.236952781677247 9.8924860954284686 1.9198717289811829
decision_type=2 2 2 2 2 2 2 2 2 2 2 2 2
left_child=1 -1 12 4 5 7 8 -4 9 11 -11 -6 -3
right_child=-2 2 3 -5 6 -7 -8 -9 -10 10 -12 -13 -14
leaf_value=0.00063465618102183992 -0.00034676464621868805 -1.5058460288591524e-05 0.00053592303680539976 0.00084387291419311689 -0.00014909227414656168 0.0016131664272706994 -0.0010637173333190998 -0.00070186230995666248 0.00043137736518475325 0.00079120458133383458 -0.00064935212634203857 -0.0015340842644748619 -0.0010138960649302175
leaf_weight=2447 3853 2028 2122 2024 2709 2149 2227 2446 3972 3762 2011 2147 2062
leaf_count=2447 3853 2028 2122 2024 2709 2149 2227 2446 3972 3762 2011 2147 2062
internal_value=6.35241e-08 4.17809e-05 -7.33134e-06 7.48258e-05 8.38594e-06 0.000431342 -0.000160596 -0.000126952 -2.22144e-05 -0.000191965 0.000289138 -0.000763338 -0.000519874
internal_weight=35959 32106 29659 25569 23545 6717 16828 4568 14601 10629 5773 4856 4090
internal_count=35959 32106 29659 25569 23545 6717 16828 4568 14601 10629 5773 4856 4090
is_linear=0
shrinkage=0.05


Tree=68
num_leaves=14
num_cat=0
split_feature=1 1 3 0 2 3 3 1 0 0 0 3 2
split_gain=0.192669 0.387795 0.348143 0.442148 0.295732 0.801965 0.747496 0.649282 0.521961 0.971093 1.04209 0.424647 0.155012
threshold=2.363445639610291 4.4012467861175546 9.414285823216245 3.387484192848206 1.5000000000000002 3.8660712086177544 1.3999999701976784 32.000644683837898 2.9606319665908818 2.0980983972549443 1.4133759140968325 0.18301435838576727 1.0000000180025095e-35
decision_type=2 2 2 2 2 2 2 2 2 2 2 2 2
left_child=-1 -2 4 12 5 7 -6 8 9 10 -3 -10 -4
right_child=1 2 3 -5 6 -7 -8 -9 11 -11 -12 -13 -14
leaf_value=-0.00042873404206477804 0.0007028666368864609 -0.00056627131673456915 0.00029336121442965926 0.00082529197134207732 -0.0009514367358671469 -0.00070109288331173512 0.0002956579395952426 0.00095802098876965032 -0.00020363695803589764 -0.00094706038950900578 0.00090677594732326407 0.00068902848037929098 -0.00027193387060475796
leaf_weight=2432 2010 2326 2401 2517 2957 3471 2013 2081 2063 3065 2461 3732 2430
leaf_count=2432 2010 2326 2401 2517 2957 3471 2013 2081 2063 3065 2461 3732 2430
internal_value=5.16817e-08 3.12737e-05 -1.17665e-05 0.000289384 -0.000103406 -1.43399e-05 -0.000446746 0.000137568 1.18495e-05 -0.000253673 0.000191335 0.000371439 9.0426e-06
internal_weight=35959 33527 31517 7348 24169 19199 4970 15728 13647 7852 4787 5795 4831
internal_count=35959 33527 31517 7348 24169 19199 4970 15728 13647 7852 4787 5795 4831
is_linear=0
shrinkage=0.05


Tree=69
num_leaves=14
num_cat=0
split_feature=1 0 0 1 0 0 1 2 1 0 0 0 3
split_gain=0.212319 0.355947 0.435683 0.469692 0.608947 1.6795 0.757764 0.635348 0.407171 1.0183 0.986044 0.821419 0.374622
threshold=32.301969528198249 0.96341988444328319 1.5388837456703188 29.441926002502445 2.3991304636001591 2.1276745796203618 25.39705848693848 1.0000000180025095e-35 18.176328659057621 3.5047909021377568 5.236952781677247 2.8952434062957768 1.9198717289811829
decision_type=2 2 2 2 2 2 2 2 2 2 2 2 2
left_child=1 -1 12 4 5 7 8 -4 9 11 -11 -6 -3
right_child=-2 2 3 -5 6 -7 -8 -9 -10 10 -12 -13 -14
leaf_value=0.00062051517706693737 -0.00035016031139204813 -1.1182005872707016e-06 0.00044202450027869939 0.00079994261787501373 -6.0133862651662589e-05 0.001559314838331151 -0.0010096011661887758 -0.00073515629676183022 0.00040995022023874138 0.00074303514672097648 -0.00062583768364833908 -0.0013597039862236744 -0.00095706210654129429
leaf_weight=2447 3853 2028 2339 2024 2412 2149 2227 2229 3972 3762 2011 2444 2062
leaf_count=2447 3853 2028 2339 2024 2412 2149 2227 2229 3972 3762 2011 2444 2062
internal_value=5.74478e-08 4.21826e-05 -5.72551e-06 7.09739e-05 7.99652e-06 0.000410118 -0.000152661 -0.000132743 -2.13555e-05 -0.000182766 0.000265936 -0.000715651 -0.000484222
internal_weight=35959 32106 29659 25569 23545 6717 16828 4568 14601 10629 5773 4856 4090
internal_count=35959 32106 29659 25569 23545 6717 16828 4568 14601 10629 5773 4856 4090
is_linear=0
shrinkage=0.05


Tree=70
num_leaves=14
num_cat=0
split_feature=1 1 3 1 1 1 2 1 1 2 1 1 0
split_gain=0.196394 1.24313 0.839925 0.567099 0.388272 0.687333 0.649762 1.38117 1.31579 0.765654 0.618464 0.577269 0.407089
threshold=28.021887779235843 31.147220611572269 1.0156249842839327 25.549051284790043 20.131559371948246 17.748370170593265 1.0000000180025095e-35 9.8924860954284686 9.0399641990661639 1.5000000000000002 4.1542353630065927 22.897038459777836 2.7657041549682622
decision_type=2 2 2 2 2 2 2 2 2 2 2 2 2
left_child=3 -2 -3 4 5 6 8 9 10 -8 -1 -6 -10
right_child=1 2 -4 -5 11 -7 7 -9 12 -11 -12 -13 -14
leaf_value=0.0003078540994013019 -0.0010321478261469522 -0.00052770454633027663 0.00079530899113396591 0.00079643292946965686 -0.00092805170724268081 0.00090861750948507632 -0.0002731743966202328 -0.0010054317110565723 0.00042033385973621695 0.00096493531350618379 -0.00087207181767003604 0.00012163286389204249 0.0013664279061244324
leaf_weight=2074 2944 2000 2968 2394 2548 2277 3049 3988 2331 2101 2371 2680 2234
leaf_count=2074 2944 2000 2968 2394 2548 2277 3049 3988 2331 2101 2371 2680 2234
internal_value=4.72969e-08 -0.000219796 0.000262705 6.21207e-05 -6.69068e-06 9.17573e-05 -1.11767e-05 -0.000308087 0.000289959 0.000232817 -0.000322073 -0.000390753 0.000885304
internal_weight=35959 7912 4968 28047 25653 20425 18148 9138 9010 5150 4445 5228 4565
internal_count=35959 7912 4968 28047 25653 20425 18148 9138 9010 5150 4445 5228 4565
is_linear=0
shrinkage=0.05


Tree=71
num_leaves=13
num_cat=0
split_feature=1 1 0 0 2 0 1 3 1 3 3 0
split_gain=0.206556 0.358896 1.17624 0.507983 0.488101 1.54415 0.637614 0.709827 1.32691 0.766555 0.382212 0.306283
threshold=32.301969528198249 26.775197029113773 2.8591554164886479 5.7254586219787607 1.5000000000000002 2.2136027812957768 23.683607101440433 0.091966178977955823 14.390244483947756 7.5773808059669099 1.7142857720657281 2.2136027812957768
decision_type=2 2 2 2 2 2 2 2 2 2 2 2
left_child=1 3 -3 4 6 -6 7 -1 9 10 -9 -10
right_child=-2 2 -4 -5 5 -7 -8 8 11 -11 -12 -13
leaf_value=0.00046726440126395815 -0.00034537239720658293 -0.00025374973439625334 0.0012389476732919105 -0.00079618100170165918 -0.00056550098145225619 0.0012029063735332327 0.00070664893038074937 1.2315657741200851e-05 -0.00049162603531941579 -0.00063578930936126913 0.00082866480845495089 -0.0012480175441720602
leaf_weight=3355 3853 2935 2384 2006 2108 2953 2252 3208 2283 2744 2583 3295
leaf_count=3355 3853 2935 2384 2006 2108 2953 2252 3208 2283 2744 2583 3295
internal_value=5.94341e-08 4.16089e-05 0.000416353 -3.29304e-05 2.91503e-05 0.000466669 -8.33156e-05 -0.000185505 -0.000340905 5.11873e-05 0.000377238 -0.000939871
internal_weight=35959 32106 5319 26787 24781 5061 19720 17468 14113 8535 5791 5578
internal_count=35959 32106 5319 26787 24781 5061 19720 17468 14113 8535 5791 5578
is_linear=0
shrinkage=0.05


Tree=72
num_leaves=13
num_cat=0
split_feature=1 1 1 1 0 3 3 3 1 3 1 0
split_gain=0.190136 0.343332 0.401189 1.12899 0.501356 1.35971 1.18121 1.26571 1.25164 1.22205 1.54729 0.0652081
threshold=2.363445639610291 5.0514471530914316 9.0399641990661639 11.231722831726076 4.0009002685546884 1.7817460176952391 4.1715684632073584 0.10128205695522034 20.810085296630863 0.48212006764387288 24.662733078002933 2.2136027812957768
decision_type=2 2 2 2 2 2 2 2 2 2 2 2
left_child=-1 -2 -3 -4 6 -6 7 -5 -8 -9 -11 -10
right_child=1 2 3 4 5 -7 8 9 11 10 -12 -13
leaf_value=-0.00042590029364125915 0.00056582756226914246 -0.0004833384038379134 0.0011538047990193746 0.00057117532178234821 0.00032310052586175512 -0.0011959009202614074 0.0014562689769464833 -0.00158787504866999 0.00026602627786035874 -0.0009189557933244665 0.00064822635576302463 -0.00013206143175382596
leaf_weight=2432 2745 3998 2133 3593 2907 2970 2653 2108 2013 3421 2902 2084
leaf_count=2432 2745 3998 2133 3593 2907 2970 2653 2108 2013 3421 2902 2084
internal_value=5.81398e-08 3.10743e-05 -1.67808e-05 5.30158e-05 -4.26624e-05 -0.000445269 8.35393e-05 -0.000213601 0.000612379 -0.000548326 -0.000199795 6.37045e-05
internal_weight=35959 33527 30782 26784 24651 5877 18774 12024 6750 8431 6323 4097
internal_count=35959 33527 30782 26784 24651 5877 18774 12024 6750 8431 6323 4097
is_linear=0
shrinkage=0.05


Tree=73
num_leaves=13
num_cat=0
split_feature=0 0 1 2 3 1 3 2 3 3 3 1
split_gain=0.202472 0.780109 0.758262 0.337339 2.97187 0.765664 1.09363 0.646611 0.599596 0.467822 0.978975 0.290839
threshold=4.9353501796722421 4.390364646911622 15.403133392333986 1.5000000000000002 4.1715684632073584 19.641646385192875 1.9198717289811829 1.0000000180025095e-35 5.6666665714648063 0.50675675022593392 4.999999906867747 10.005051612854006
decision_type=2 2 2 2 2 2 2 2 2 2 2 2
left_child=1 3 -2 5 -5 6 7 11 -8 -7 -11 -1
right_child=2 -3 -4 4 -6 9 8 -9 -10 10 -12 -13
leaf_value=0.00090945852221596668 -0.00040923756794876659 -0.00097158884647544725 0.00088676400573518106 -0.00048088685067945345 0.0018647835273644998 -0.00023375169876000223 -0.0014152594167422216 -0.00052103927347018979 -0.00040988740137892267 0.0010488971150514571 -0.00012016199619709974 7.8386944790481816e-05
leaf_weight=2143 2023 2109 2530 3755 2096 3341 2380 2421 3941 3683 3473 2064
leaf_count=2143 2023 2109 2530 3755 2096 3341 2380 2421 3941 3683 3473 2064
internal_value=5.85765e-08 -4.51456e-05 0.000311287 2.1855e-05 0.000361149 -6.29345e-05 -0.000320082 0.000128652 -0.00079007 0.000254283 0.000482145 0.000502879
internal_weight=35959 31406 4553 29297 5851 23446 12949 6628 6321 10497 7156 4207
internal_count=35959 31406 4553 29297 5851 23446 12949 6628 6321 10497 7156 4207
is_linear=0
shrinkage=0.05


Tree=74
num_leaves=15
num_cat=0
split_feature=1 1 0 3 3 3 3 1 0 0 0 3 1 0
split_gain=0.209491 1.17391 0.830993 0.481533 1.54922 0.986284 1.33459 0.855197 1.11711 0.505546 1.40899 1.20262 0.467264 0.156685
threshold=28.021887779235843 31.147220611572269 2.4567490816116337 0.6720430278220898 0.26794872424129906 3.3100959732095343 1.8944443600597236 10.494718551635744 2.5569663047790532 1.6672472357749941 2.4855715036392216 7.4365078333373935 13.971977710723879 3.6989724636077885
decision_type=2 2 2 2 2 2 2 2 2 2 2 2 2 2
left_child=3 -2 -3 4 7 6 12 -1 -9 -7 -11 -12 -5 -13
right_child=1 2 -4 5 -6 9 -8 8 -10 10 11 13 -14 -15
leaf_value=-0.00072615407305546761 -0.0010163987617333428 -0.00050472232705030967 0.0007997746159622177 0.00050617732721774662 0.0013364969790249472 0.00080709075414931689 -0.0014428331925651176 0.001219104376333553 -0.00037352783979495522 -0.0010043179166058758 0.0014156191568846102 -0.00038907517280260546 -0.00053456125107035257 0.00023100850873240442
leaf_weight=2811 2944 2125 2843 2147 2806 2622 2630 2101 2294 2418 2015 2008 2147 2048
leaf_count=2811 2944 2125 2843 2147 2806 2622 2630 2101 2294 2418 2015 2008 2147 2048
internal_value=5.87932e-08 -0.000226997 0.000241899 6.41687e-05 0.000342049 -9.01986e-05 -0.000558163 -4.65021e-05 0.000388858 0.000201661 1.39318e-05 0.000420472 -1.42249e-05 -7.61776e-05
internal_weight=35959 7912 4968 28047 10012 18035 6924 7206 4395 11111 8489 6071 4294 4056
internal_count=35959 7912 4968 28047 10012 18035 6924 7206 4395 11111 8489 6071 4294 4056
is_linear=0
shrinkage=0.05


Tree=75
num_leaves=13
num_cat=0
split_feature=1 1 0 1 1 2 1 1 2 1 0 0
split_gain=0.219866 0.334607 1.0723 0.524075 0.6438 0.591756 1.27322 1.18604 0.622191 0.545097 0.480069 0.393671
threshold=32.301969528198249 26.775197029113773 2.8591554164886479 20.131559371948246 17.748370170593265 1.0000000180025095e-35 9.8924860954284686 9.0399641990661639 1.5000000000000002 4.1542353630065927 3.1276804208755498 2.7657041549682622
decision_type=2 2 2 2 2 2 2 2 2 2 2 2
left_child=1 3 -3 4 5 7 8 9 -7 -1 -5 -9
right_child=-2 2 -4 10 -6 6 -8 11 -10 -11 -12 -13
leaf_value=0.00029245529832160993 -0.00035632759198766433 -0.00023506111024587586 0.0011901707742016255 -6.9910545891985139e-05 0.00088498430431331772 -0.00022541977356881844 -0.00095809935565271422 0.00039029424090635304 0.00089071758000677781 -0.00081526701316920992 -0.00095575634874769185 0.0013204792206116588
leaf_weight=2074 3853 2935 2384 3819 2277 3049 3988 2331 2101 2371 2543 2234
leaf_count=2074 3853 2935 2384 3819 2277 3049 3988 2331 2101 2371 2543 2234
internal_value=6.03524e-08 4.29276e-05 0.000404769 -2.90461e-05 9.44157e-05 -5.20846e-06 -0.000288559 0.000282169 0.000230765 -0.000298917 -0.000424942 0.000847395
internal_weight=35959 32106 5319 26787 20425 18148 9138 9010 5150 4445 6362 4565
internal_count=35959 32106 5319 26787 20425 18148 9138 9010 5150 4445 6362 4565
is_linear=0
shrinkage=0.05


Tree=76
num_leaves=14
num_cat=0
split_feature=1 0 0 1 0 0 3 0 1 1 1 0 0
split_gain=0.198505 0.318999 0.333204 0.613771 0.439834 0.873169 0.663754 0.554969 0.763149 0.705427 0.805412 1.58573 0.954992
threshold=32.301969528198249 0.89863094687461864 1.5388837456703188 15.66848945617676 2.4125087261199956 2.1701763868331914 2.7499999674037121 2.7336801290512089 26.775197029113773 22.187371253967289 6.1421737670898446 3.3435643911361699 4.1764507293701181
decision_type=2 2 2 2 2 2 2 2 2 2 2 2 2
left_child=1 -1 3 -3 5 6 -4 -6 9 10 -9 -12 -13
right_child=-2 2 4 -5 7 -7 -8 8 -10 -11 11 12 -14
leaf_value=0.00064225618534136846 -0.00033855737131058538 -0.00099641133602640397 0.00052519341174676231 0.00017196046116094919 -0.00072223724929235751 0.0012723915095473575 -0.0006007591064316059 -0.00060717859104778005 0.00085152972363631305 -0.0009241641237160939 0.0015064037417093371 -0.00092185039330728528 0.00042169219741760786
leaf_weight=2053 3853 2182 3149 2302 2707 2037 2225 3156 2495 2161 2103 2161 3375
leaf_count=2053 3853 2182 3149 2302 2707 2037 2225 3156 2495 2161 2103 2161 3375
internal_value=7.61416e-08 4.08079e-05 -4.78616e-07 -0.000397544 6.92823e-05 0.000393609 5.87647e-05 -6.32322e-05 5.26173e-05 -0.000101771 6.35627e-05 0.000341106 -0.000103482
internal_weight=35959 32106 30053 4484 25569 7411 5374 18158 15451 12956 10795 7639 5536
internal_count=35959 32106 30053 4484 25569 7411 5374 18158 15451 12956 10795 7639 5536
is_linear=0
shrinkage=0.05


Tree=77
num_leaves=15
num_cat=0
split_feature=1 1 3 1 0 0 0 3 2 1 1 1 0 1
split_gain=0.199765 1.16627 0.739123 0.437611 0.32565 1.21179 0.896 0.751115 0.844326 0.593908 0.628625 0.886754 0.349083 0.27831
threshold=28.021887779235843 31.147220611572269 1.0156249842839327 25.549051284790043 2.1567411422729497 2.8952434062957768 3.4840801954269414 1.6770832793942378 1.0000000180025095e-35 19.009214401245121 12.217059135437013 5.6839787960052499 4.6005828380584726 14.251132011413576
decision_type=2 2 2 2 2 2 2 2 2 2 2 2 2 2
left_child=3 -2 -3 4 9 13 -7 12 -9 10 11 -1 -8 -6
right_child=1 2 -4 -5 5 6 7 8 -10 -11 -12 -13 -14 -15
leaf_value=0.00038154196269818798 -0.0010084800280103395 -0.00049574656343806902 0.00074534016102309995 0.00070773321265959338 0.0011173930103080439 -0.00085202618163295074 0.0010819769477221021 0.0003517074064424977 -0.0010758917031964239 -0.00093058415824539816 0.00060325947994855961 -0.0010335922903226655 0.00015074588116100631 0.00035639982748433889
leaf_weight=2079 2944 2000 2968 2394 2807 3216 2011 2128 2001 2290 2643 2348 2012 2118
leaf_count=2079 2944 2000 2968 2394 2807 3216 2011 2128 2001 2290 2643 2348 2012 2118
internal_value=7.62242e-08 -0.000221646 0.000245716 6.26802e-05 2.23001e-06 0.000137232 -0.000146671 0.000132298 -0.000341065 -0.000232664 -5.61046e-06 -0.000369657 0.000617774 0.000791513
internal_weight=35959 7912 4968 28047 25653 16293 11368 8152 4129 9360 7070 4427 4023 4925
internal_count=35959 7912 4968 28047 25653 16293 11368 8152 4129 9360 7070 4427 4023 4925
is_linear=0
shrinkage=0.05


Tree=78
num_leaves=12
num_cat=0
split_feature=1 0 1 1 3 0 3 3 1 1 1
split_gain=0.192649 0.304404 0.409886 0.40525 1.04421 0.921961 0.471707 1.27995 0.57786 0.855727 0.502999
threshold=32.301969528198249 0.96341988444328319 2.5520198345184331 11.231722831726076 0.28801845025598177 3.5047909021377568 5.4999999348074242 1.9198717289811829 16.235810279846195 23.984110832214359 23.683607101440433
decision_type=2 2 2 2 2 2 2 2 2 2 2
left_child=1 -1 -3 4 -4 -6 7 8 -5 -10 -8
right_child=-2 2 3 6 5 -7 10 -9 9 -11 -12
leaf_value=0.00057502328476707182 -0.0003335273304720452 -0.0006321183575292461 -0.00058018996760190262 -0.0006046671911631538 0.00024304639313601261 0.0015656317087294029 -8.4034817885363591e-05 -0.0010607634249150579 0.00083863572837467872 -0.00024673236296142339 0.00084465264523096153
leaf_weight=2447 3853 2379 2190 2471 3839 2000 3595 3490 3512 3742 2441
leaf_count=2447 3853 2379 2190 2471 3839 2000 3595 3490 3512 3742 2441
internal_value=7.38076e-08 4.02002e-05 -4.10399e-06 5.08747e-05 0.000349047 0.000697966 -7.36004e-05 -0.000240825 5.42122e-05 0.000279176 0.000292309
internal_weight=35959 32106 29659 27280 8029 5839 19251 13215 9725 7254 6036
internal_count=35959 32106 29659 27280 8029 5839 19251 13215 9725 7254 6036
is_linear=0
shrinkage=0.05


Tree=79
num_leaves=14
num_cat=0
split_feature=1 1 0 0 1 3 2 3 3 1 3 0 0
split_gain=0.173921 0.292966 0.923122 0.468735 0.446503 1.19427 1.73767 0.971931 0.795839 0.638139 1.05606 0.715258 0.373033
threshold=32.301969528198249 26.775197029113773 2.8591554164886479 5.7254586219787607 14.390244483947756 0.033908048241568713 1.5000000000000002 0.12660256836423761 7.5773808059669099 17.748370170593265 1.3999999701976784 2.5264420509338383 2.5892046689987187
decision_type=2 2 2 2 2 2 2 2 2 2 2 2 2
left_child=1 3 -3 4 5 -1 8 -6 12 -9 -11 -12 -7
right_child=-2 2 -4 -5 7 6 -8 9 -10 10 11 -13 -14
leaf_value=-0.00079076335822486708 -0.0003168941200151208 -0.00021687914402348298 0.0011055065892361384 -0.0007623153984877176 0.00072974383324043188 5.7770632940912089e-05 0.001648833032534814 -0.001093553322286179 -0.00058604358024384349 -0.0010838886890367967 -0.00035421961345451453 0.00092243129829721888 0.00084490458636623785
leaf_weight=2375 3853 2935 2384 2006 2238 3103 2343 2589 2744 2102 2211 2160 2916
leaf_count=2375 3853 2935 2384 2006 2238 3103 2343 2589 2744 2102 2211 2160 2916
internal_value=7.74128e-08 3.82036e-05 0.000376782 -2.91423e-05 3.04909e-05 0.000224728 0.000442405 -0.000201229 0.000118325 -0.000431698 -0.000165698 0.000277323 0.000439879
internal_weight=35959 32106 5319 26787 24781 13481 11106 11300 8763 9062 6473 4371 6019
internal_count=35959 32106 5319 26787 24781 13481 11106 11300 8763 9062 6473 4371 6019
is_linear=0
shrinkage=0.05


Tree=80
num_leaves=14
num_cat=0
split_feature=0 0 1 1 1 3 3 0 3 3 0 0 0
split_gain=0.170492 0.760745 0.683643 0.262886 0.564798 0.376755 1.17485 0.901554 1.63956 0.804659 0.851154 0.723456 0.393723
threshold=4.9353501796722421 4.390364646911622 15.403133392333986 2.5520198345184331 5.0514471530914316 0.10128205695522034 0.91106719906050493 2.4855715036392216 4.9999998483274704 4.3333334003885602 1.6672472357749941 2.3163263797760014 2.5569663047790532
decision_type=2 2 2 2 2 2 2 2 2 2 2 2 2
left_child=1 3 -2 -1 -5 12 11 9 -9 -8 -11 -7 -6
right_child=2 -3 -4 4 5 6 7 8 -10 10 -12 -13 -14
leaf_value=-0.00050761272675353382 -0.0003984519239714971 -0.00095627903470644072 0.00083210890386808175 0.0008443308167190894 0.00078118081146141913 -0.00017131113291240572 -0.0007791545372009556 0.001405725964186783 -0.00015731671868285553 0.0008210483969572918 -0.00049590075605948126 -0.0013913431809800866 -0.00013164296697989051
leaf_weight=2139 2023 2109 2530 2141 2790 2474 3671 3059 3697 2585 2318 2384 2039
leaf_count=2139 2023 2109 2530 2141 2790 2474 3671 3059 3697 2585 2318 2384 2039
internal_value=7.49953e-08 -4.14059e-05 0.000285668 2.47568e-05 6.68584e-05 1.01127e-08 -9.49261e-05 0.000119889 0.000551434 -0.000220399 0.00019869 -0.000771654 0.000396274
internal_weight=35959 31406 4553 29297 27158 25017 20188 15330 6756 8574 4903 4858 4829
internal_count=35959 31406 4553 29297 27158 25017 20188 15330 6756 8574 4903 4858 4829
is_linear=0
shrinkage=0.05


Tree=81
num_leaves=15
num_cat=0
split_feature=1 1 0 3 3 3 3 1 0 0 0 3 1 0
split_gain=0.173854 1.11814 0.710422 0.435994 1.43029 0.924325 1.15291 0.680052 0.943948 0.44802 1.20828 1.03962 0.383198 0.14527
threshold=28.021887779235843 31.147220611572269 2.9398705959320073 0.6720430278220898 0.26794872424129906 3.3100959732095343 1.8944443600597236 10.494718551635744 2.5569663047790532 1.6672472357749941 2.4855715036392216 7.4365078333373935 13.971977710723879 3.6989724636077885
decision_type=2 2 2 2 2 2 2 2 2 2 2 2 2 2
left_child=3 -2 -3 4 7 6 12 -1 -9 -7 -11 -12 -5 -13
right_child=1 2 -4 5 -6 9 -8 8 -10 10 11 13 -14 -15
leaf_value=-0.00065650774564699355 -0.00097720771635254836 -0.00030644026660228886 0.00089007736115106432 0.00043549803436588089 0.0012783991010951209 0.00076407297014250938 -0.0013636977025986983 0.0011010075984596599 -0.00036295063102771669 -0.00092554794586701544 0.001319116384598691 -0.00036920306231889199 -0.00050698727408744358 0.00022785816496576159
leaf_weight=2811 2944 2657 2311 2147 2806 2622 2630 2101 2294 2418 2015 2008 2147 2048
leaf_count=2811 2944 2657 2311 2147 2806 2622 2630 2101 2294 2418 2015 2008 2147 2048
internal_value=6.7016e-08 -0.000206776 0.000250822 5.84699e-05 0.000322885 -8.84158e-05 -0.000541443 -5.04462e-05 0.000337795 0.000194128 1.73974e-05 0.000393865 -3.58277e-05 -6.79094e-05
internal_weight=35959 7912 4968 28047 10012 18035 6924 7206 4395 11111 8489 6071 4294 4056
internal_count=35959 7912 4968 28047 10012 18035 6924 7206 4395 11111 8489 6071 4294 4056
is_linear=0
shrinkage=0.05


Tree=82
num_leaves=14
num_cat=0
split_feature=0 1 1 3 3 3 1 1 1 0 0 3 0
split_gain=0.178944 0.438877 0.714101 1.87066 0.482301 1.76407 0.950422 0.742536 1.18279 0.627575 0.621335 0.469045 0.353509
threshold=1.1476519703865053 33.562898635864265 28.021887779235843 1.7499999301508098 1.8944443600597236 3.3100959732095343 16.404028892517093 16.124675750732425 9.4434771537780779 2.5019209384918217 3.6778954267501835 0.28801845025598177 2.8447800874710087
decision_type=2 2 2 2 2 2 2 2 2 2 2 2 2
left_child=-1 2 4 -4 6 -6 10 8 -7 -8 11 -2 -9
right_child=1 -3 3 -5 5 7 9 12 -10 -11 -12 -13 -14
leaf_value=-0.00031557087954868398 -0.0008110845026490798 0.00069823916408004623 -0.0016059231046312021 0.00038811032269051569 -0.0013645102332136463 -8.0071812592886777e-05 0.0015072327187564934 -0.00082235117159852101 0.0013716548507528722 0.00037920599775477862 0.00061794088058380399 0.00013610327780816956 0.0001033379755275858
leaf_weight=3982 2685 2333 2270 2423 2332 3346 2060 2013 2405 3073 2404 2533 2100
leaf_count=3982 2685 2333 2270 2423 2332 3346 2060 2013 2405 3073 2404 2533 2100
internal_value=7.12657e-08 3.94636e-05 -1.26004e-05 -0.000577766 9.38897e-05 -0.000130873 0.000308736 0.000161865 0.00052835 0.000833961 -4.56044e-05 -0.000351906 -0.000350612
internal_weight=35959 31977 29644 4693 24951 12196 12755 9864 5751 5133 7622 5218 4113
internal_count=35959 31977 29644 4693 24951 12196 12755 9864 5751 5133 7622 5218 4113
is_linear=0
shrinkage=0.05


Tree=83
num_leaves=14
num_cat=0
split_feature=0 0 0 0 1 0 1 1 0 0 1 0 0
split_gain=0.188077 1.01009 0.581663 0.646698 0.878891 0.493879 0.618584 0.771917 1.29346 0.472098 0.812148 0.788819 0.650812
threshold=3.2911728620529179 2.9606319665908818 2.7031795978546147 2.2565510272979741 17.430292129516605 2.0323077440261845 25.247751235961918 14.390244483947756 1.5098375082015993 4.9353501796722421 26.204829216003422 3.6989724636077885 6.0247890949249276
decision_type=2 2 2 2 2 2 2 2 2 2 2 2 2
left_child=1 2 3 5 -5 6 7 8 -1 10 11 -2 -11
right_child=9 -3 -4 4 -6 -7 -8 -9 -10 12 -12 -13 -14
leaf_value=-0.0004808061291004717 -0.00085333213499830729 0.0010187304543225809 -0.00078260583517558106 0.0013555544203947192 -0.00010369347300524001 -0.00079736510659995539 0.00058169149429927714 -0.00076260810009175987 0.0011692667304316476 0.00079196888317156376 -0.0011751134842458871 0.00034489568894172833 -0.00040800266555461373
leaf_weight=2855 2095 2566 2281 2018 2098 2133 3530 3574 2019 2519 2294 3943 2034
leaf_count=2855 2095 2566 2281 2018 2098 2133 3530 3574 2019 2519 2294 3943 2034
internal_value=7.05269e-08 8.5512e-05 -3.16937e-05 6.2656e-05 0.000613301 -9.82806e-05 2.67712e-05 -0.000205516 0.000203713 -0.000152883 -0.000376451 -7.1576e-05 0.000256176
internal_weight=35959 23074 20508 18227 4116 14111 11978 8448 4874 12885 8332 6038 4553
internal_count=35959 23074 20508 18227 4116 14111 11978 8448 4874 12885 8332 6038 4553
is_linear=0
shrinkage=0.05


Tree=84
num_leaves=14
num_cat=0
split_feature=1 1 0 0 1 0 0 0 1 0 1 1 0
split_gain=0.179486 0.335006 0.849621 0.448321 0.434338 0.951493 1.49574 1.03164 0.751391 0.659583 1.19143 0.30618 0.25866
threshold=32.301969528198249 26.775197029113773 3.111780166625977 5.236952781677247 14.390244483947756 3.5047909021377568 2.87615978717804 1.5098375082015993 16.790926933288578 3.2911728620529179 20.131559371948246 7.9174790382385263 2.0047438144683842
decision_type=2 2 2 2 2 2 2 2 2 2 2 2 2
left_child=1 3 -3 4 5 6 7 -1 -6 10 -10 -9 -12
right_child=-2 2 -4 -5 8 -7 -8 11 9 -11 12 -13 -14
leaf_value=-0.00045684973128427663 -0.00032193669840599177 -0.0001053747867506582 0.0011877487036218535 -0.00062920824844593301 -0.001002497603343527 0.0010169483522427332 -0.0012084248813254404 0.0003826586697693381 0.0012666596099288911 -0.00066136735311649692 -0.00059843058832456111 0.0011566118786942295 0.00020013655184445466
leaf_weight=2855 3853 3242 2077 2813 2273 2967 2034 2915 2081 2523 2038 2287 2001
leaf_count=2855 3853 3242 2077 2813 2273 2967 2034 2915 2081 2523 2038 2287 2001
internal_value=6.55915e-08 3.87969e-05 0.000400854 -3.32183e-05 3.69456e-05 0.000231449 -2.85204e-07 0.000305831 -0.000195723 1.73617e-05 0.000297793 0.000724485 -0.000203288
internal_weight=35959 32106 5319 26787 23974 13058 10091 8057 10916 8643 6120 5202 4039
internal_count=35959 32106 5319 26787 23974 13058 10091 8057 10916 8643 6120 5202 4039
is_linear=0
shrinkage=0.05


Tree=85
num_leaves=13
num_cat=0
split_feature=0 0 0 0 0 1 1 0 0 1 0 1
split_gain=0.169373 0.95337 0.540934 1.0561 0.467412 0.575503 0.688655 1.08222 0.449827 0.76715 0.670325 0.616896
threshold=3.2911728620529179 2.9606319665908818 2.5569663047790532 2.2565510272979741 2.0323077440261845 25.247751235961918 14.390244483947756 1.5098375082015993 4.9353501796722421 26.204829216003422 3.6989724636077885 15.403133392333986
decision_type=2 2 2 2 2 2 2 2 2 2 2 2
left_child=1 2 3 4 5 6 7 -1 9 10 -2 -10
right_child=8 -3 -4 -5 -6 -7 -8 -9 11 -11 -12 -13
leaf_value=-0.00043408698331947433 -0.00078766277021012881 0.00098778729252811648 -0.00059201024049205261 0.00096373136315869214 -0.00077216065054834645 0.00056483257853756836 -0.00072065861710585318 0.0010752502131498637 -0.00039560431666233657 -0.0011395375203335334 0.00031690859009824882 0.00077330780992370134
leaf_weight=2855 2095 2566 3561 2836 2133 3530 3574 2019 2023 2294 3943 2530
leaf_count=2855 2095 2566 3561 2836 2133 3530 3574 2019 2023 2294 3943 2530
internal_value=6.54547e-08 8.11472e-05 -3.27195e-05 8.50816e-05 -9.2065e-05 2.95871e-05 -0.000194469 0.00019206 -0.000145083 -0.000363316 -6.70123e-05 0.000254205
internal_weight=35959 23074 20508 16947 14111 11978 8448 4874 12885 8332 6038 4553
internal_count=35959 23074 20508 16947 14111 11978 8448 4874 12885 8332 6038 4553
is_linear=0
shrinkage=0.05


Tree=86
num_leaves=14
num_cat=0
split_feature=1 0 1 3 1 1 0 3 2 1 0 1 3
split_gain=0.164258 0.334612 0.351853 0.334601 1.04569 0.950007 1.10294 2.0251 0.647352 1.16868 1.26075 0.463135 0.348828
threshold=32.301969528198249 0.96341988444328319 2.5520198345184331 0.063164892959319541 14.251132011413576 11.231722831726076 3.6778954267501835 3.9615384985709334 1.5000000000000002 23.683607101440433 3.0069479942321782 19.009214401245121 2.2000000149011618
decision_type=2 2 2 2 2 2 2 2 2 2 2 2 2
left_child=1 -1 -3 4 -4 6 7 -5 9 11 -11 12 -7
right_child=-2 2 3 5 -6 8 -8 -9 -10 10 -12 -13 -14
leaf_value=0.0005978444803661345 -0.00030798039086385118 -0.00059119552781498495 -0.0012071674997795121 0.0011497036520574844 0.00028437010535137632 0.00045133905420358393 0.0015925675576958613 -0.00097925128311616158 -0.00071489167276773892 -3.032184720758106e-05 0.0015567903452197046 -0.0008453997870721885 -0.00039480007484915953
leaf_weight=2447 3853 2379 2001 2471 2820 2136 2036 2022 3242 2865 2211 2669 2807
leaf_count=2447 3853 2379 2001 2471 2820 2136 2036 2022 3242 2865 2211 2669 2807
internal_value=5.99558e-08 3.71119e-05 -9.33699e-06 4.1603e-05 -0.000335924 0.000122756 0.000630214 0.000191556 -8.54941e-05 7.5764e-05 0.000662693 -0.000315981 -2.89881e-05
internal_weight=35959 32106 29659 27280 4821 22459 6529 4493 15930 12688 5076 7612 4943
internal_count=35959 32106 29659 27280 4821 22459 6529 4493 15930 12688 5076 7612 4943
is_linear=0
shrinkage=0.05


Tree=87
num_leaves=13
num_cat=0
split_feature=0 0 0 0 0 1 1 0 0 1 0 0
split_gain=0.177782 0.851176 0.479269 0.966491 0.415358 0.519306 0.616186 0.999169 0.400297 0.715529 0.582161 0.572189
threshold=3.2911728620529179 2.9606319665908818 2.5569663047790532 2.2565510272979741 2.0323077440261845 25.247751235961918 14.390244483947756 1.5098375082015993 4.9353501796722421 26.204829216003422 3.6989724636077885 6.0247890949249276
decision_type=2 2 2 2 2 2 2 2 2 2 2 2
left_child=1 2 3 4 5 6 7 -1 9 10 -2 -10
right_child=8 -3 -4 -5 -6 -7 -8 -9 11 -11 -12 -13
leaf_value=-0.00041723012768492967 -0.00073991918580554143 0.00093980479029832453 -0.00055090926304877269 0.00092696826035223935 -0.00072415546740745224 0.00054006699990016697 -0.00067894633275414112 0.0010330356863619218 0.00073044103151596992 -0.0011041577800783545 0.00028945640788864891 -0.00039469312263794559
leaf_weight=2855 2095 2566 3561 2836 2133 3530 3574 2019 2519 2294 3943 2034
leaf_count=2855 2095 2566 3561 2836 2133 3530 3574 2019 2519 2294 3943 2034
internal_value=6.47689e-08 8.31349e-05 -2.44591e-05 8.64212e-05 -8.3047e-05 3.16282e-05 -0.000181211 0.000184411 -0.000148643 -0.000354506 -6.83381e-05 0.000228037
internal_weight=35959 23074 20508 16947 14111 11978 8448 4874 12885 8332 6038 4553
internal_count=35959 23074 20508 16947 14111 11978 8448 4874 12885 8332 6038 4553
is_linear=0
shrinkage=0.05


Tree=88
num_leaves=14
num_cat=0
split_feature=0 0 1 2 3 1 3 2 0 0 0 0 0
split_gain=0.163634 0.697226 0.567231 0.432207 2.55961 0.857075 1.00229 1.34885 0.394424 0.580451 0.68348 0.665521 0.212447
threshold=4.0673997402191171 4.9353501796722421 15.403133392333986 1.5000000000000002 4.1715684632073584 16.790926933288578 4.2499999022111368 1.0000000180025095e-35 3.2911728620529179 1.5388837456703188 2.0476689338684086 2.6702957153320317 2.1421176195144658
decision_type=2 2 2 2 2 2 2 2 2 2 2 2 2
left_child=3 -2 -3 5 -5 6 7 12 9 -7 -11 -12 -1
right_child=1 2 -4 4 -6 8 -8 -9 -10 10 11 -13 -14
leaf_value=0.00089807238630913028 -0.00070977598648837336 -0.00040634463193062469 0.00071447733424967854 -0.00034874311298109046 0.0018787161288985063 -0.00017814005780277984 -0.0010279051251113917 -0.00092934138021498231 -0.00037339296465283722 0.0014092115478624499 -0.00025271334962875092 0.00097244560305263057 0.0001971275045124947
leaf_weight=2020 3651 2023 2530 3589 2001 3052 3707 2509 2045 2054 2419 2031 2328
leaf_count=2020 3651 2023 2530 3589 2001 3052 3707 2509 2045 2054 2419 2031 2328
internal_value=5.94491e-08 -0.000195984 0.000216672 5.80571e-05 0.000450531 -4.10831e-05 -0.000366726 -8.30638e-06 0.000255512 0.000390348 0.000656975 0.000307381 0.000524087
internal_weight=35959 8204 4553 27755 5590 22165 10564 6857 11601 9556 6504 4450 4348
internal_count=35959 8204 4553 27755 5590 22165 10564 6857 11601 9556 6504 4450 4348
is_linear=0
shrinkage=0.05


Tree=89
num_leaves=13
num_cat=0
split_feature=1 1 0 3 3 0 2 1 1 1 1 0
split_gain=0.173869 1.05485 0.755282 0.370242 1.21634 0.869762 0.595024 1.44742 0.957231 1.00617 0.582718 0.837472
threshold=28.021887779235843 31.147220611572269 2.4567490816116337 0.6720430278220898 0.26794872424129906 5.0807399749755868 1.5000000000000002 19.641646385192875 14.390244483947756 6.1421737670898446 10.494718551635744 2.5569663047790532
decision_type=2 2 2 2 2 2 2 2 2 2 2 2
left_child=3 -2 -3 4 10 6 7 8 9 -5 -1 -12
right_child=1 2 -4 5 -6 -7 -8 -9 -10 -11 11 -13
leaf_value=-0.00060315695125291106 -0.00095507768195425352 -0.00047411850833051038 0.00076954491848351563 -0.00083417485856936168 0.0011833053417540575 -0.001031854935955006 0.00065439291190854472 0.00071648190949386448 -0.0012967897997794109 0.00041515936158548162 0.0010361239309421087 -0.0003427964198983268
leaf_weight=2811 2944 2125 2843 2868 2806 2096 3228 3765 2425 3653 2101 2294
leaf_count=2811 2944 2125 2843 2868 2806 2096 3228 3765 2425 3653 2101 2294
internal_value=8.21044e-08 -0.00020677 0.0002377 5.84875e-05 0.000302149 -7.68719e-05 4.92779e-05 -0.000104787 -0.000450839 -0.000134746 -4.21357e-05 0.000317243
internal_weight=35959 7912 4968 28047 10012 18035 15939 12711 8946 6521 7206 4395
internal_count=35959 7912 4968 28047 10012 18035 15939 12711 8946 6521 7206 4395
is_linear=0
shrinkage=0.05


Tree=90
num_leaves=12
num_cat=0
split_feature=1 0 1 1 3 3 1 0 0 1 3
split_gain=0.174151 0.313636 0.290925 0.324991 0.304514 1.44451 0.751467 0.958897 0.738206 0.659923 0.497024
threshold=32.301969528198249 0.96341988444328319 2.5520198345184331 28.021887779235843 1.9198717289811829 3.7499998742714582 16.235810279846195 2.3991304636001591 2.1701763868331914 14.390244483947756 0.28801845025598177
decision_type=2 2 2 2 2 2 2 2 2 2 2
left_child=1 -1 -3 4 6 -6 10 -8 -7 -10 -4
right_child=-2 2 3 -5 5 8 7 -9 9 -11 -12
leaf_value=0.00058109170380933541 -0.00031711370983612824 -0.00053583948409642926 -0.00048866854250729131 -0.00039310398431132901 -0.0010795125511946745 -0.00043337918497909298 0.0015531097787550496 0.00018871557662388652 0.0011097025504992655 5.8675462936161752e-05 0.00037700953535344737
leaf_weight=2447 3853 2379 3443 3735 2723 2796 2102 3308 2791 3202 3180
leaf_count=2447 3853 2379 3443 3735 2723 2796 2102 3308 2791 3202 3180
internal_value=6.73863e-08 3.82188e-05 -6.75143e-06 3.95681e-05 0.000108342 -7.54754e-05 0.000284116 0.000720724 0.000236468 0.000549182 -7.30758e-05
internal_weight=35959 32106 29659 27280 23545 11512 12033 5410 8789 5993 6623
internal_count=35959 32106 29659 27280 23545 11512 12033 5410 8789 5993 6623
is_linear=0
shrinkage=0.05


Tree=91
num_leaves=14
num_cat=0
split_feature=1 3 1 3 1 3 2 3 3 1 1 1 1
split_gain=0.17631 0.53827 0.468563 0.399118 0.669942 0.422435 0.863496 0.737995 1.27208 0.871502 2.21884 0.533994 0.229803
threshold=4.1542353630065927 1.4522727069714356 6.0178465843200692 9.414285823216245 21.349021911621097 3.4868420156910882 1.5000000000000002 0.48212006764387288 0.042572466128698867 14.856813430786135 23.454006195068363 20.131559371948246 20.955724716186527
decision_type=2 2 2 2 2 2 2 2 2 2 2 2 2
left_child=1 -1 -2 5 -5 6 7 8 12 -9 -11 -7 -4
right_child=2 -3 3 4 -6 11 -8 9 -10 10 -12 -13 -14
leaf_value=0.00089320176750016004 -0.00077227440772654381 -0.00024359271483667596 0.00080437048917323588 0.00081753262393698112 -0.00016317878583547681 4.5730467256509808e-05 -0.00066028097731751973 0.001405275221035421 -0.00090716179395505445 -0.00105817893844561 0.0010566632786558701 -0.0010279502939161552 5.100350060038066e-05
leaf_weight=2005 2034 2148 2003 3577 3379 2210 3722 2100 3200 2080 3041 2421 2039
leaf_count=2005 2034 2148 2003 3577 3379 2210 3722 2100 3200 2080 3041 2421 2039
internal_value=7.26482e-08 0.00030606 -3.99647e-05 1.03087e-05 0.000341584 -9.0794e-05 1.786e-05 0.000192713 -0.000163856 0.000550051 0.000197288 -0.000516575 0.000425396
internal_weight=35959 4153 31806 29772 6956 22816 18185 14463 7242 7221 5121 4631 4042
internal_count=35959 4153 31806 29772 6956 22816 18185 14463 7242 7221 5121 4631 4042
is_linear=0
shrinkage=0.05


Tree=92
num_leaves=14
num_cat=0
split_feature=1 1 1 1 3 0 0 3 1 1 0 3 3
split_gain=0.159202 0.496644 0.469389 0.838687 0.724222 0.528187 1.08208 0.875154 1.33371 1.22201 1.63969 0.73233 0.469034
threshold=4.1542353630065927 1.9540863037109377 9.0399641990661639 11.231722831726076 1.7142857720657281 4.0673997402191171 5.5248186588287362 4.1715684632073584 24.402464866638187 16.404028892517093 2.9398705959320073 0.10128205695522034 0.91106719906050493
decision_type=2 2 2 2 2 2 2 2 2 2 2 2 2
left_child=1 -1 4 -4 -2 7 -7 9 -9 -5 11 -11 -13
right_child=2 -3 3 5 -6 6 -8 8 -10 10 -12 12 -14
leaf_value=-0.00027427299429103779 -0.0010885950238164394 0.00081765473773975537 0.00099401919893693275 -0.0011023656586448163 0.00011078856464383372 -0.000983627929655226 0.00045176460996682082 0.0011869012134754792 -0.00021407223521548461 0.00048733230845769096 0.0011985096619036417 -0.0011929843275866076 -0.0002023885455414667
leaf_weight=2006 2474 2147 2133 2695 2548 3594 2058 3679 3144 2102 2500 2084 2795
leaf_count=2006 2474 2147 2133 2695 2548 3594 2058 3679 3144 2102 2500 2084 2795
internal_value=7.23677e-08 0.000290835 -3.79728e-05 4.52537e-05 -0.000481056 -3.72107e-05 -0.0004611 8.90679e-05 0.000541972 -0.00016496 0.000102381 -0.000291312 -0.000627083
internal_weight=35959 4153 31806 26784 5022 24651 5652 18999 6823 12176 9481 6981 4879
internal_count=35959 4153 31806 26784 5022 24651 5652 18999 6823 12176 9481 6981 4879
is_linear=0
shrinkage=0.05


Tree=93
num_leaves=13
num_cat=0
split_feature=1 1 0 3 3 0 2 1 1 1 1 0
split_gain=0.147279 0.920304 0.670929 0.380783 1.11239 0.784418 0.559506 1.37245 0.825965 0.799924 0.496599 0.725479
threshold=31.147220611572269 28.021887779235843 2.4567490816116337 0.6720430278220898 0.26794872424129906 5.0807399749755868 1.5000000000000002 19.641646385192875 14.390244483947756 6.1421737670898446 10.494718551635744 2.5569663047790532
decision_type=2 2 2 2 2 2 2 2 2 2 2 2
left_child=1 3 -2 4 10 6 7 8 9 -5 -1 -12
right_child=2 -3 -4 5 -6 -7 -8 -9 -10 -11 11 -13
leaf_value=-0.00055212887318511171 -0.00041845442940494234 -0.0008799027078069797 0.00075375228359447061 -0.00078577905423287862 0.0011376979718516367 -0.00099625609410375696 0.00061725716815152348 0.00068082100633982436 -0.0012417019658838041 0.00032821031959636419 0.00096662709209707472 -0.00031679137318663369
leaf_weight=2811 2125 2944 2843 2868 2806 2096 3228 3765 2425 3653 2101 2294
leaf_count=2811 2125 2944 2843 2868 2806 2096 3228 3765 2425 3653 2101 2294
internal_value=7.13819e-08 -4.0466e-05 0.000252522 4.7929e-05 0.000295037 -8.93388e-05 3.04719e-05 -0.000118912 -0.000455871 -0.000162186 -3.42147e-05 0.00029754
internal_weight=35959 30991 4968 28047 10012 18035 15939 12711 8946 6521 7206 4395
internal_count=35959 30991 4968 28047 10012 18035 15939 12711 8946 6521 7206 4395
is_linear=0
shrinkage=0.05


Tree=94
num_leaves=15
num_cat=0
split_feature=1 3 1 0 3 0 3 3 0 3 0 1 0 0
split_gain=0.164238 0.467698 0.406357 0.804752 0.655354 0.551479 0.549519 1.09051 0.722911 0.976712 0.801916 0.527198 0.482828 0.266987
threshold=4.1542353630065927 1.4522727069714356 9.0399641990661639 5.6840813159942636 1.7142857720657281 4.0673997402191171 0.10128205695522034 0.91106719906050493 2.4855715036392216 4.3333334003885602 3.0069479942321782 23.032616615295414 1.6672472357749941 2.2136027812957768
decision_type=2 2 2 2 2 2 2 2 2 2 2 2 2 2
left_child=1 -1 4 5 -2 6 -4 13 9 -9 -10 -7 -11 -8
right_child=2 -3 3 -5 -6 11 7 8 10 12 -12 -13 -14 -15
leaf_value=0.00084267356627443712 -0.0010287790371032006 -0.00021700807178153057 0.0005924794164999202 0.00099669568025041603 0.00011213283352316537 6.6541451074809366e-06 -0.00036273100264322465 -0.00080293971286185333 0.0013871635068032628 0.00085196361569506163 0.00011645531622866788 -0.0011257469329717716 -0.00021368205434727113 -0.0011777099565172611
leaf_weight=2005 2474 2148 3984 2017 2548 2024 2004 3216 2051 2247 3128 2078 2003 2032
leaf_count=2005 2474 2148 3984 2017 2548 2024 2004 3216 2051 2247 3128 2078 2003 2032
internal_value=5.79815e-08 0.000295384 -3.85843e-05 3.8854e-05 -0.000450845 -3.95225e-05 6.56724e-05 -6.0427e-05 0.000168063 -0.000146809 0.000621388 -0.000568343 0.000350408 -0.000774944
internal_weight=35959 4153 31806 26784 5022 24767 20665 16681 12645 7466 5179 4102 4250 4036
internal_count=35959 4153 31806 26784 5022 24767 20665 16681 12645 7466 5179 4102 4250 4036
is_linear=0
shrinkage=0.05


Tree=95
num_leaves=13
num_cat=0
split_feature=1 1 0 1 1 2 1 1 1 2 0 0
split_gain=0.157455 0.342531 0.832327 0.516777 0.538783 0.542095 1.19289 0.94647 0.519986 0.401523 0.385236 0.365935
threshold=32.301969528198249 26.775197029113773 3.111780166625977 20.131559371948246 17.748370170593265 1.0000000180025095e-35 9.8924860954284686 9.0399641990661639 4.1542353630065927 1.5000000000000002 3.1276804208755498 2.7657041549682622
decision_type=2 2 2 2 2 2 2 2 2 2 2 2
left_child=1 3 -3 4 5 7 9 8 -1 -7 -5 -9
right_child=-2 2 -4 10 -6 6 -8 11 -10 -11 -12 -13
leaf_value=0.0003283543329753631 -0.00030153894339650708 -9.8633886899558002e-05 0.0011812752643291498 -0.00011143559857928817 0.00080933588112310189 -0.00014012830747645765 -0.00092430026662905908 0.00033449247742992555 -0.00075345663126568437 0.00075657180796150384 -0.00090513966891903573 0.0012309861595958427
leaf_weight=2074 3853 3242 2077 3819 2277 3049 3988 2331 2371 2101 2543 2234
leaf_count=2074 3853 3242 2077 3819 2277 3049 3988 2331 2371 2101 2543 2234
internal_value=5.47685e-08 3.63313e-05 0.000402433 -3.64873e-05 8.6115e-05 -5.02213e-06 -0.000276222 0.000270032 -0.000249089 0.000226448 -0.000429615 0.000774946
internal_weight=35959 32106 5319 26787 20425 18148 9138 9010 4445 5150 6362 4565
internal_count=35959 32106 5319 26787 20425 18148 9138 9010 4445 5150 6362 4565
is_linear=0
shrinkage=0.05


Tree=96
num_leaves=13
num_cat=0
split_feature=1 1 2 3 3 0 2 1 1 1 1 0
split_gain=0.143493 0.86049 0.612753 0.353291 1.04996 0.737424 0.504123 1.26831 0.786941 0.716017 0.435955 0.644915
threshold=31.147220611572269 28.021887779235843 1.0000000180025095e-35 0.6720430278220898 0.26794872424129906 5.0807399749755868 1.5000000000000002 19.641646385192875 14.390244483947756 6.1421737670898446 10.494718551635744 2.5569663047790532
decision_type=2 2 2 2 2 2 2 2 2 2 2 2
left_child=1 3 -2 4 10 6 7 8 9 -5 -1 -12
right_child=2 -3 -4 5 -6 -7 -8 -9 -10 -11 11 -13
leaf_value=-0.00052157713719959561 0.00079095519721829018 -0.00085164072067893208 -0.0003178957315537579 -0.00073958051628989559 0.0011022263390086356 -0.00096601775103037331 0.00058646657078962954 0.00065647446774986119 -0.0012032798869804015 0.00031436247448466314 0.00090537408361126117 -0.0003046734045201937
leaf_weight=2811 2539 2944 2429 2868 2806 2096 3228 3765 2425 3653 2101 2294
leaf_count=2811 2539 2944 2429 2868 2806 2096 3228 3765 2425 3653 2101 2294
internal_value=7.15848e-08 -3.99414e-05 0.000249256 4.55332e-05 0.000283554 -8.66862e-05 2.94802e-05 -0.000112318 -0.000436243 -0.000149595 -3.63209e-05 0.000274524
internal_weight=35959 30991 4968 28047 10012 18035 15939 12711 8946 6521 7206 4395
internal_count=35959 30991 4968 28047 10012 18035 15939 12711 8946 6521 7206 4395
is_linear=0
shrinkage=0.05


Tree=97
num_leaves=13
num_cat=0
split_feature=1 1 0 1 1 2 1 1 1 0 2 0
split_gain=0.154472 0.333697 0.756607 0.525066 0.491177 0.509043 1.09695 0.833237 0.485231 0.344736 0.340026 0.32421
threshold=32.301969528198249 26.775197029113773 3.111780166625977 20.131559371948246 17.748370170593265 1.0000000180025095e-35 9.8924860954284686 9.0399641990661639 4.1542353630065927 2.7657041549682622 1.5000000000000002 3.1276804208755498
decision_type=2 2 2 2 2 2 2 2 2 2 2 2
left_child=1 3 -3 4 5 7 10 8 -1 -9 -7 -5
right_child=-2 2 -4 11 -6 6 -8 9 -10 -11 -12 -13
leaf_value=0.00033785366019424101 -0.000298662869235967 -8.042883010645754e-05 0.0011399071761894067 -0.00014014255694328869 0.0007782304283506196 -0.00011746804922130105 -0.00088359848988143769 0.00031351438408926021 -0.00070713786908638027 0.001183569759744382 0.0007077343388106975 -0.00086841278004131544
leaf_weight=2074 3853 3242 2077 3819 2277 3049 3988 2331 2371 2234 2101 2543
leaf_count=2074 3853 3242 2077 3819 2277 3049 3988 2331 2371 2234 2101 2543
internal_value=6.03717e-08 3.59916e-05 0.000397341 -3.58818e-05 8.76994e-05 6.78772e-07 -0.000262127 0.000267213 -0.00021989 0.000740955 0.000219902 -0.000432151
internal_weight=35959 32106 5319 26787 20425 18148 9138 9010 4445 4565 5150 6362
internal_count=35959 32106 5319 26787 20425 18148 9138 9010 4445 4565 5150 6362
is_linear=0
shrinkage=0.05


Tree=98
num_leaves=14
num_cat=0
split_feature=0 1 1 3 0 3 3 1 1 1 1 1 2
split_gain=0.146133 0.452149 0.565648 1.68263 0.442685 0.701823 1.69633 0.954847 0.904558 0.883003 2.0362 1.09529 0.865048
threshold=1.1476519703865053 33.562898635864265 28.021887779235843 1.7499999301508098 1.6672472357749941 0.6720430278220898 0.11834734520358153 23.984110832214359 14.100117683410646 18.049483299255375 14.251132011413576 6.0178465843200692 1.0000000180025095e-35
decision_type=2 2 2 2 2 2 2 2 2 2 2 2 2
left_child=-1 2 4 -4 -2 6 8 9 -6 10 11 -7 -13
right_child=1 -3 3 -5 5 7 -8 -9 -10 -11 -12 12 -14
leaf_value=-0.00028516384823452462 0.00060570452668969738 0.00070433659772376964 -0.0014953080795548728 0.00039578684899788569 -0.00096895115361962094 -0.00060168328712346822 0.0012158461206685767 -0.001220639705385702 0.00047844402450740654 0.00072937165116056517 -0.0016887276949293165 0.0013860927310514384 -8.0095620664558456e-05
leaf_weight=3982 3414 2333 2270 2423 2257 3035 3368 2020 2052 2789 2004 2008 2004
leaf_count=3982 3414 2333 2270 2423 2257 3035 3368 2020 2052 2789 2004 2008 2004
internal_value=7.6326e-08 3.56745e-05 -1.71694e-05 -0.000520169 7.76095e-05 -6.34522e-06 0.000376879 -0.00021873 -0.000280171 -4.69105e-05 -0.000286657 0.000113886 0.000655351
internal_weight=35959 31977 29644 4693 24951 21537 7677 13860 4309 11840 9051 7047 4012
internal_count=35959 31977 29644 4693 24951 21537 7677 13860 4309 11840 9051 7047 4012
is_linear=0
shrinkage=0.05


Tree=99
num_leaves=15
num_cat=0
split_feature=1 1 1 0 3 0 3 3 0 3 0 1 0 0
split_gain=0.152097 0.449139 0.322073 0.746773 0.589085 0.496165 0.506256 1.06929 0.626469 0.872062 0.746728 0.47546 0.422252 0.249451
threshold=4.1542353630065927 1.9540863037109377 9.0399641990661639 5.6840813159942636 1.7142857720657281 4.0673997402191171 0.10128205695522034 0.91106719906050493 2.4855715036392216 4.3333334003885602 3.0069479942321782 23.032616615295414 1.6672472357749941 2.2136027812957768
decision_type=2 2 2 2 2 2 2 2 2 2 2 2 2 2
left_child=1 -1 4 5 -2 6 -4 13 9 -9 -10 -7 -11 -8
right_child=2 -3 3 -5 -6 11 7 8 10 12 -12 -13 -14 -15
leaf_value=-0.00025316937451638495 -0.00095209553483743294 0.00078524374921382924 0.00056174722505987701 0.00095451035052908069 0.00012952440106136557 8.0191078133360947e-07 -0.00037384128817950763 -0.00075178338919259927 0.0013222820944816535 0.00080705114766240176 9.61410034979123e-05 -0.0010746259830822923 -0.00018953828515926157 -0.0011618240503827666
leaf_weight=2006 2474 2147 3984 2017 2548 2024 2004 3216 2051 2247 3128 2078 2003 2032
leaf_count=2006 2474 2147 3984 2017 2548 2024 2004 3216 2051 2247 3128 2078 2003 2032
internal_value=6.10472e-08 0.000284262 -3.71255e-05 3.18167e-05 -0.00040415 -4.36815e-05 5.61012e-05 -6.49288e-05 0.00016133 -0.000131792 0.000583333 -0.000545279 0.000338022 -0.000772457
internal_weight=35959 4153 31806 26784 5022 24767 20665 16681 12645 7466 5179 4102 4250 4036
internal_count=35959 4153 31806 26784 5022 24767 20665 16681 12645 7466 5179 4102 4250 4036
is_linear=0
shrinkage=0.05


Tree=100
num_leaves=13
num_cat=0
split_feature=1 1 0 1 1 2 1 1 1 1 2 0
split_gain=0.148708 0.346884 0.711699 0.490706 0.409089 0.431468 0.998451 0.722928 0.433554 0.341582 0.306975 0.302052
threshold=32.301969528198249 26.775197029113773 3.111780166625977 20.131559371948246 17.748370170593265 1.0000000180025095e-35 9.8924860954284686 9.0399641990661639 4.1542353630065927 22.897038459777836 1.5000000000000002 2.7657041549682622
decision_type=2 2 2 2 2 2 2 2 2 2 2 2
left_child=1 3 -3 4 5 7 10 8 -1 -5 -7 -9
right_child=-2 2 -4 9 -6 6 -8 11 -10 -11 -12 -13
leaf_value=0.000320959539956347 -0.00029303976337445071 -5.9695759290553443e-05 0.0011239179505907308 -0.00086810208832290502 0.00071169422532796475 -0.0001005935132946042 -0.00083278732690687254 0.00028866547727934741 -0.00066681736422553569 -0.00012090256374474119 0.00068350301551420713 0.0011030417455757632
leaf_weight=2074 3853 3242 2077 2548 2277 3049 3988 2331 2371 3814 2101 2234
leaf_count=2074 3853 3242 2077 2548 2277 3049 3988 2331 2371 3814 2101 2234
internal_value=5.66145e-08 3.5311e-05 0.000403732 -3.79683e-05 8.15023e-05 2.08474e-06 -0.000239869 0.00024747 -0.000206243 -0.000421051 0.000219992 0.000688741
internal_weight=35959 32106 5319 26787 20425 18148 9138 9010 4445 6362 5150 4565
internal_count=35959 32106 5319 26787 20425 18148 9138 9010 4445 6362 5150 4565
is_linear=0
shrinkage=0.05


Tree=101
num_leaves=13
num_cat=0
split_feature=0 0 0 2 3 0 0 0 0 0 3 1
split_gain=0.149604 0.58973 0.692847 0.284088 2.32873 0.696668 1.24826 1.18682 0.754591 1.11443 0.57086 0.350578
threshold=6.0247890949249276 4.9803133010864267 4.4229865074157724 1.5000000000000002 4.1715684632073584 3.2911728620529179 2.9606319665908818 3.6778954267501835 2.0476689338684086 1.5388837456703188 1.7817460176952391 19.32878398895264
decision_type=2 2 2 2 2 2 2 2 2 2 2 2
left_child=1 2 3 5 -5 6 8 -7 9 10 -1 -10
right_child=-2 -3 -4 4 -6 7 -8 -9 11 -11 -12 -13
leaf_value=0.00029882924414232617 -0.00041536081372800109 0.00078251721625287188 -0.00090548879336306435 -0.00040276437447330117 0.0016668807003360716 -0.0014342088045418708 0.001260208031015753 8.999830660979196e-05 -0.00077725841210912706 0.00089112009283122016 -0.00069763103016235416 -4.9180419490014218e-05
leaf_weight=2827 2034 2379 2109 3776 2111 2207 2042 3010 3730 3863 2905 2966
leaf_count=2827 2034 2379 2109 3776 2111 2207 2042 3010 3730 3863 2905 2966
internal_value=7.17036e-08 2.50943e-05 -3.22556e-05 3.05931e-05 0.000340951 -4.71016e-05 9.80282e-05 -0.000556313 -4.83293e-05 0.000235866 -0.000206516 -0.00045531
internal_weight=35959 33925 31546 29437 5887 23550 18333 5217 16291 9595 5732 6696
internal_count=35959 33925 31546 29437 5887 23550 18333 5217 16291 9595 5732 6696
is_linear=0
shrinkage=0.05


Tree=102
num_leaves=14
num_cat=0
split_feature=1 1 0 0 0 0 0 0 0 0 0 1 3
split_gain=0.14207 0.587782 0.578668 0.532467 1.25029 0.836435 0.614445 0.889536 0.853132 0.527041 0.464038 0.785168 0.398411
threshold=9.8924860954284686 12.98198461532593 1.5713524818420412 4.9803133010864267 4.0009002685546884 3.3269541263580327 2.4125087261199956 1.9341526627540591 1.4621665477752688 2.8447800874710087 2.9131472110748295 4.6905651092529306 2.1715686428978307
decision_type=2 2 2 2 2 2 2 2 2 2 2 2 2
left_child=2 -2 -1 4 5 6 7 8 12 -8 -4 -12 -3
right_child=1 3 10 -5 -6 -7 9 -9 -10 -11 11 -13 -14
leaf_value=-0.00058417267189411564 -0.00070261784314608138 -0.00015278756700324764 0.00078043135528773505 0.00067258288315909102 -0.0010683394424985874 0.00091465653541951777 -0.0010234502564897662 0.00090463322802436085 -0.00080337663803589036 1.9612784215471927e-05 -0.00068814454963881614 0.00064150651509776828 0.00082500432373898847
leaf_weight=2065 3134 2147 3527 2789 2672 2611 2479 2906 2828 2358 2097 2337 2009
leaf_count=2065 3134 2147 3527 2789 2672 2611 2479 2906 2828 2358 2097 2337 2009
internal_value=7.23942e-08 -6.17245e-05 0.000159817 2.66435e-05 -6.36787e-05 9.16785e-05 -5.47517e-05 0.000171116 -0.000134953 -0.000515974 0.000353291 1.25327e-05 0.00032072
internal_weight=35959 25933 10026 22799 20010 17338 14727 9890 6984 4837 7961 4434 4156
internal_count=35959 25933 10026 22799 20010 17338 14727 9890 6984 4837 7961 4434 4156
is_linear=0
shrinkage=0.05


Tree=103
num_leaves=15
num_cat=0
split_feature=0 0 0 3 3 0 0 1 3 0 0 1 0 0
split_gain=0.147145 0.504978 0.472472 0.215773 0.736463 0.283589 0.758852 0.495861 1.02325 0.907155 1.06013 0.783788 0.251242 0.130636
threshold=6.0247890949249276 4.9353501796722421 4.3609628677368173 0.10128205695522034 0.30000000134110472 3.5233966112136845 3.111780166625977 14.251132011413576 8.6124993906356657 1.3670135736465456 1.9482839703559878 26.336862564086918 1.9043489098548891 1.8904238343238833
decision_type=2 2 2 2 2 2 2 2 2 2 2 2 2 2
left_child=1 2 3 12 -5 6 7 8 13 -9 -11 -12 -1 -6
right_child=-2 -3 -4 4 5 -7 -8 9 -10 10 11 -13 -14 -15
leaf_value=0.00073698330669121504 -0.00041193957872413795 0.00070457909751387771 -0.00072646424472085156 -0.00094683218624220492 0.00048767752698864787 -0.00038756010753322658 0.00097128610879905703 0.00058403114048948478 -0.00056384526910901686 -0.0013679721734955305 0.00049474890201108783 -0.00081647671592361977 4.7811737439990861e-05 0.0010451135161780318
leaf_weight=2076 2034 2519 2249 2046 2027 3225 2281 2512 2096 2414 2607 2009 3617 2247
leaf_count=2076 2034 2519 2249 2046 2027 3225 2281 2512 2096 2414 2607 2009 3617 2247
internal_value=6.51055e-08 2.48813e-05 -2.98426e-05 2.41214e-05 -4.29076e-05 4.38433e-05 0.000120487 -2.00882e-06 0.000339304 -0.000229978 -0.00052126 -7.6461e-05 0.000299976 0.000782498
internal_weight=35959 33925 31406 29157 23464 21418 18193 15912 6370 9542 7030 4616 5693 4274
internal_count=35959 33925 31406 29157 23464 21418 18193 15912 6370 9542 7030 4616 5693 4274
is_linear=0
shrinkage=0.05


Tree=104
num_leaves=13
num_cat=0
split_feature=1 1 0 3 3 0 0 2 1 1 1 0
split_gain=0.15005 0.772815 0.576909 0.315595 0.895608 0.736419 0.424936 0.410492 1.22819 0.694852 0.606185 0.288945
threshold=31.147220611572269 28.021887779235843 2.4567490816116337 0.6720430278220898 0.26794872424129906 5.0807399749755868 3.5233966112136845 1.5000000000000002 19.641646385192875 14.390244483947756 6.1421737670898446 1.9043489098548891
decision_type=2 2 2 2 2 2 2 2 2 2 2 2
left_child=1 3 -2 4 6 7 11 8 9 10 -5 -1
right_child=2 -3 -4 5 -6 -7 -8 -9 -10 -11 -12 -13
leaf_value=0.00014898327801905959 -0.00036737883277973533 -0.00081009344067766115 0.00071963405465688658 -0.00068893880930925193 0.0010212194785411426 -0.00096355043270115288 0.00054418871780345559 0.00053387246372995517 0.00065982862642547681 -0.0011362231426630398 0.00028081486898846772 -0.00061782406118548994
leaf_weight=2160 2125 2944 2843 2868 2806 2096 2217 3228 3765 2425 3653 2829
leaf_count=2160 2125 2944 2843 2868 2806 2096 2217 3228 3765 2425 3653 2829
internal_value=5.97783e-08 -4.08571e-05 0.000254874 4.0147e-05 0.000265112 -8.48185e-05 -3.03216e-05 3.12676e-05 -9.66898e-05 -0.000415458 -0.000146094 -0.000286199
internal_weight=35959 30991 4968 28047 10012 18035 7206 15939 12711 8946 6521 4989
internal_count=35959 30991 4968 28047 10012 18035 7206 15939 12711 8946 6521 4989
is_linear=0
shrinkage=0.05


Tree=105
num_leaves=14
num_cat=0
split_feature=0 1 1 3 0 3 3 1 1 1 1 1 2
split_gain=0.143099 0.426651 0.474712 1.50368 0.41496 0.659096 1.54651 0.882545 0.797902 0.789042 1.76382 0.959783 0.772553
threshold=1.1476519703865053 33.562898635864265 28.021887779235843 1.7499999301508098 1.6672472357749941 0.6720430278220898 0.11834734520358153 23.984110832214359 14.100117683410646 18.049483299255375 14.251132011413576 6.0178465843200692 1.0000000180025095e-35
decision_type=2 2 2 2 2 2 2 2 2 2 2 2 2
left_child=-1 2 4 -4 -2 6 8 9 -6 10 11 -7 -13
right_child=1 -3 3 -5 5 7 -8 -9 -10 -11 -12 12 -14
leaf_value=-0.00028221656248443214 0.00058205980197497103 0.00068480869607980769 -0.001398697153703037 0.00038897697996717167 -0.00091339677319077868 -0.00057478276528997996 0.0011619281559344299 -0.0011795608418509657 0.00044599772913964217 0.00068268776288727263 -0.0015826914129463963 0.0012924976576087588 -9.3013208113007755e-05
leaf_weight=3982 3414 2333 2270 2423 2257 3035 3368 2020 2052 2789 2004 2008 2004
leaf_count=3982 3414 2333 2270 2423 2257 3035 3368 2020 2052 2789 2004 2008 2004
internal_value=4.73972e-08 3.52741e-05 -1.60583e-05 -0.000476855 7.07686e-05 -1.05127e-05 0.000360865 -0.000216329 -0.000266502 -5.11375e-05 -0.000277764 9.5043e-05 0.000601922
internal_weight=35959 31977 29644 4693 24951 21537 7677 13860 4309 11840 9051 7047 4012
internal_count=35959 31977 29644 4693 24951 21537 7677 13860 4309 11840 9051 7047 4012
is_linear=0
shrinkage=0.05


Tree=106
num_leaves=13
num_cat=0
split_feature=1 1 0 1 1 0 0 2 3 0 0 1
split_gain=0.150791 0.390961 0.618295 0.506644 0.383155 0.388334 1.9061 1.47297 0.670899 0.620366 0.414696 0.339725
threshold=32.301969528198249 26.775197029113773 3.111780166625977 20.131559371948246 16.790926933288578 3.5047909021377568 2.8952434062957768 1.5000000000000002 4.2499999022111368 1.9341526627540591 4.563396930694581 22.897038459777836
decision_type=2 2 2 2 2 2 2 2 2 2 2 2
left_child=1 3 -3 4 5 6 7 8 9 -1 -7 -5
right_child=-2 2 -4 11 -6 10 -8 -9 -10 -11 -12 -13
leaf_value=0.00068819808602032856 -0.000295108084054764 -5.4360320939940385e-06 0.0010979218308156879 -0.00087735531638362472 0.00057409729916981162 0.0008272860067128282 -0.0014661798666829949 0.0013308082762227219 -0.00081818736237945311 -0.00044160474696560158 -6.1445737183755736e-05 -0.00013214720999092598
leaf_weight=2612 3853 3242 2077 2548 3272 2386 2292 2023 2685 2255 2900 3814
leaf_count=2612 3853 3242 2077 2548 3272 2386 2292 2023 2685 2255 2900 3814
internal_value=3.41099e-08 3.55346e-05 0.000426663 -4.22605e-05 7.91363e-05 -1.55589e-05 -0.000174321 0.000136123 -0.000185241 0.000164901 0.000340516 -0.000431514
internal_weight=35959 32106 5319 26787 20425 17153 11867 9575 7552 4867 5286 6362
internal_count=35959 32106 5319 26787 20425 17153 11867 9575 7552 4867 5286 6362
is_linear=0
shrinkage=0.05


Tree=107
num_leaves=14
num_cat=0
split_feature=1 1 1 0 3 0 1 3 0 0 0 0 0
split_gain=0.151194 0.40238 0.317357 0.641652 0.559694 0.463517 0.883217 0.6575 0.545024 1.0044 0.602446 0.804829 0.877481
threshold=4.1542353630065927 1.9540863037109377 9.0399641990661639 5.6840813159942636 1.7142857720657281 3.2911728620529179 17.027730941772464 3.3484848585421063 2.7336801290512089 2.4125087261199956 1.9482839703559878 1.6672472357749941 1.1476519703865053
decision_type=2 2 2 2 2 2 2 2 2 2 2 2 2
left_child=1 -1 4 5 -2 8 -7 -8 9 10 11 12 -4
right_child=2 -3 3 -5 -6 6 7 -9 -10 -11 -12 -13 -14
leaf_value=-0.00022534705533380764 -0.00093546260047044395 0.00075756550270089434 -0.00041649716019233595 0.00088668701373867474 0.00011885131837575404 0.00047718345723067688 -0.00025320549520640642 -0.0013784850177014619 0.00067968648247624958 -0.0010063524813809317 0.00072478903271684517 -0.00093725454372549995 0.00076257256028410306
leaf_weight=2006 2474 2147 2983 2017 2548 2209 3221 2171 3320 2214 3293 2027 3329
leaf_count=2006 2474 2147 2983 2017 2548 2209 3221 2171 3320 2214 3293 2027 3329
internal_value=3.82581e-08 0.000283394 -3.70377e-05 3.13979e-05 -0.000401365 -3.85858e-05 -0.000363384 -0.000707994 0.000105361 -3.27427e-05 0.000153276 -7.30068e-05 0.000205576
internal_weight=35959 4153 31806 26784 5022 24767 7601 5392 17166 13846 11632 8339 6312
internal_count=35959 4153 31806 26784 5022 24767 7601 5392 17166 13846 11632 8339 6312
is_linear=0
shrinkage=0.05


Tree=108
num_leaves=13
num_cat=0
split_feature=0 0 0 3 3 1 0 0 3 3 3 0
split_gain=0.145728 0.463461 0.436539 0.224241 0.776882 0.67211 0.874112 0.923539 0.607993 0.467062 0.798305 0.198519
threshold=6.0247890949249276 4.9353501796722421 4.3609628677368173 0.10128205695522034 0.50675675022593392 25.549051284790043 3.2190680503845219 2.6054308414459233 3.3999999850988414 6.0384617134840521 2.3333332811792697 1.9043489098548891
decision_type=2 2 2 2 2 2 2 2 2 2 2 2
left_child=1 2 3 11 -5 6 7 9 -7 10 -6 -1
right_child=-2 -3 -4 4 5 8 -8 -9 -10 -11 -12 -13
leaf_value=0.00069385877405560054 -0.00040998951254597938 0.00067587957970456625 -0.00069731194089013148 -0.00071182239440338666 9.1857794926901199e-05 0.0011312605650014823 -0.00082234785430936866 0.00094703844687552604 8.5633106469021545e-05 0.0002799294725477287 -0.0012226166959056406 8.1115387808946765e-05
leaf_weight=2076 2034 2519 2249 3665 2691 2450 3253 2523 3201 3669 2012 3617
leaf_count=2076 2034 2519 2249 3665 2691 2450 3253 2523 3201 3669 2012 3617
internal_value=2.59818e-08 2.47224e-05 -2.77039e-05 2.41671e-05 -4.41643e-05 7.9723e-05 -0.000104438 0.000110471 0.000540164 -0.000142467 -0.000471891 0.000305382
internal_weight=35959 33925 31406 29157 23464 19799 14148 10895 5651 8372 4703 5693
internal_count=35959 33925 31406 29157 23464 19799 14148 10895 5651 8372 4703 5693
is_linear=0
shrinkage=0.05


Tree=109
num_leaves=13
num_cat=0
split_feature=1 1 0 1 1 0 0 2 3 1 3 1
split_gain=0.145249 0.334496 0.59151 0.447609 0.35463 0.359256 1.75604 1.33256 0.638379 0.62366 0.420703 0.302484
threshold=32.301969528198249 26.775197029113773 3.111780166625977 20.131559371948246 16.790926933288578 3.5047909021377568 2.8952434062957768 1.5000000000000002 4.2499999022111368 8.7910180091857928 1.6770832793942378 22.897038459777836
decision_type=2 2 2 2 2 2 2 2 2 2 2 2
left_child=1 3 -3 4 5 6 7 8 9 -1 -7 -5
right_child=-2 2 -4 11 -6 10 -8 -9 -10 -11 -12 -13
leaf_value=0.00070949193321012357 -0.00028964124548005462 -2.5921959649797373e-05 0.0010532107221486646 -0.00082365717771224617 0.00055319365074122122 0.00077355845790011771 -0.0014067565190075005 0.0012674994293270314 -0.00079190522898508271 -0.00042118279632000899 -0.00011733654869178056 -0.00012049501619066212
leaf_weight=2531 3853 3242 2077 2548 3272 2641 2292 2023 2685 2336 2645 3814
leaf_count=2531 3853 3242 2077 2548 3272 2641 2292 2023 2685 2336 2645 3814
internal_value=2.6393e-08 3.48684e-05 0.000396651 -3.70907e-05 7.70134e-05 -1.40892e-05 -0.000166792 0.000131181 -0.000174486 0.000167054 0.000328394 -0.000402964
internal_weight=35959 32106 5319 26787 20425 17153 11867 9575 7552 4867 5286 6362
internal_count=35959 32106 5319 26787 20425 17153 11867 9575 7552 4867 5286 6362
is_linear=0
shrinkage=0.05


Tree=110
num_leaves=13
num_cat=0
split_feature=0 1 0 0 1 1 0 0 3 1 3 3
split_gain=0.140674 0.4297 0.567555 0.312024 0.354485 0.391927 1.16543 0.457111 1.19377 0.878309 0.69473 1.27515
threshold=6.0247890949249276 32.301969528198249 4.9353501796722421 0.96341988444328319 2.5520198345184331 9.8924860954284686 2.1971623897552495 2.4125087261199956 0.91106719906050493 17.748370170593265 1.1702898454834212 5.2071428605184282
decision_type=2 2 2 2 2 2 2 2 2 2 2 2
left_child=1 2 3 -1 -5 6 -6 10 -9 -10 -7 -12
right_child=-2 -3 -4 4 5 7 -8 8 9 -11 11 -13
leaf_value=0.00056386965567115132 -0.00040281283740160585 -0.00048525889446932133 0.00085841308467329196 -0.00064939097057873079 -0.00054249837299691264 0.00073079668646675521 0.00091610019557701984 -0.0010183347475290138 -0.00069659223776408425 0.00058051237607189556 -0.0011353412206080834 0.00052827309859346976
leaf_weight=2447 2034 3678 2197 2084 2152 3404 3731 3737 2084 3761 2056 2594
leaf_count=2447 2034 3678 2197 2084 2152 3404 3731 3737 2084 3761 2056 2594
internal_value=3.00713e-08 2.42944e-05 8.63954e-05 2.56432e-05 -2.59977e-05 2.94932e-05 0.00038253 -8.84225e-05 -0.000321648 0.000124756 0.000189106 -0.000208153
internal_weight=35959 33925 30247 28050 25603 23519 5883 17636 9582 5845 8054 4650
internal_count=35959 33925 30247 28050 25603 23519 5883 17636 9582 5845 8054 4650
is_linear=0
shrinkage=0.05


Tree=111
num_leaves=15
num_cat=0
split_feature=1 1 2 1 0 0 0 3 2 1 1 1 0 1
split_gain=0.153408 0.754758 0.549794 0.253982 0.346998 0.976716 0.762946 0.59016 0.691227 0.577727 0.635806 0.910394 0.377942 0.210558
threshold=31.147220611572269 28.021887779235843 1.0000000180025095e-35 25.549051284790043 2.1567411422729497 2.8952434062957768 3.4840801954269414 1.6770832793942378 1.0000000180025095e-35 19.009214401245121 12.217059135437013 5.6839787960052499 4.6005828380584726 14.251132011413576
decision_type=2 2 2 2 2 2 2 2 2 2 2 2 2 2
left_child=1 3 -2 4 9 13 -7 12 -9 10 11 -1 -8 -6
right_child=2 -3 -4 -5 5 6 7 8 -10 -11 -12 -13 -14 -15
leaf_value=0.00036926524392144307 0.00077076020982182593 -0.0008015501740861712 -0.0002796217551786249 0.0005301187535886844 0.001002914053066398 -0.00077376464338243969 0.001047807903507859 0.00034165558000326065 -0.00094999199487427093 -0.00093816729761665165 0.00058651753696925448 -0.0010646496474431126 7.9327239842794545e-05 0.00034072758026834214
leaf_weight=2079 2539 2944 2429 2394 2807 3216 2011 2128 2001 2290 2643 2348 2012 2118
leaf_count=2079 2539 2944 2429 2394 2807 3216 2011 2128 2001 2290 2643 2348 2012 2118
internal_value=1.81175e-08 -4.13541e-05 0.000257668 3.86984e-05 -7.35085e-06 0.00013201 -0.000122879 0.000134531 -0.000285087 -0.000249819 -2.585e-05 -0.000391942 0.000564845 0.000719408
internal_weight=35959 30991 4968 28047 25653 16293 11368 8152 4129 9360 7070 4427 4023 4925
internal_count=35959 30991 4968 28047 25653 16293 11368 8152 4129 9360 7070 4427 4023 4925
is_linear=0
shrinkage=0.05


Tree=112
num_leaves=14
num_cat=0
split_feature=1 1 0 1 0 0 0 0 1 1 1 1 1
split_gain=0.138502 0.681418 0.529143 0.229317 0.31332 0.881811 0.688801 0.552228 0.733306 0.521635 0.574048 0.82201 0.190088
threshold=31.147220611572269 28.021887779235843 3.1412714719772343 25.549051284790043 2.1567411422729497 2.8952434062957768 3.4840801954269414 5.236952781677247 9.8924860954284686 19.009214401245121 12.217059135437013 5.6839787960052499 14.251132011413576
decision_type=2 2 2 2 2 2 2 2 2 2 2 2 2
left_child=1 3 -2 4 9 12 -7 8 -8 10 11 -1 -6
right_child=2 -3 -4 -5 5 6 7 -9 -10 -11 -12 -13 -14
leaf_value=0.00035089039554272891 -0.00019021857828524968 -0.00076160831836669942 0.00085490801785430422 0.00050372307845299147 0.00095294635986723538 -0.0007351963653906107 0.0011435708877873243 -0.00045555315777282696 -4.4854192159030625e-05 -0.00089146288839401686 0.00055730218914825335 -0.0010116429421231105 0.00032377124112703917
leaf_weight=2079 2904 2944 2064 2394 2807 3216 2114 2702 3336 2290 2643 2348 2118
leaf_count=2079 2904 2944 2064 2394 2807 3216 2114 2702 3336 2290 2643 2348 2118
internal_value=2.08385e-08 -3.92901e-05 0.000244834 3.67736e-05 -6.98251e-06 0.000125443 -0.000116746 0.000127837 0.000417374 -0.000237384 -2.45652e-05 -0.000372424 0.000683573
internal_weight=35959 30991 4968 28047 25653 16293 11368 8152 5450 9360 7070 4427 4925
internal_count=35959 30991 4968 28047 25653 16293 11368 8152 5450 9360 7070 4427 4925
is_linear=0
shrinkage=0.05


Tree=113
num_leaves=14
num_cat=0
split_feature=1 1 0 1 0 0 2 0 2 3 3 0 1
split_gain=0.131765 0.335649 0.520576 0.399668 0.36931 0.455616 0.700728 0.821389 0.521252 0.360685 0.589156 0.339421 0.318929
threshold=32.301969528198249 26.775197029113773 3.111780166625977 23.984110832214359 1.1476519703865053 2.9131472110748295 1.5000000000000002 1.6672472357749941 1.0000000180025095e-35 3.3100959732095343 0.92582418075014239 4.1257603168487558 11.908710002899172
decision_type=2 2 2 2 2 2 2 2 2 2 2 2 2
left_child=1 3 -3 4 -1 6 7 -6 -9 10 11 -7 -11
right_child=-2 2 -4 -5 5 9 -8 8 -10 12 -12 -13 -14
leaf_value=-0.00052434571127583614 -0.00027586653602893412 -8.7870920957169218e-07 0.0010115536261669209 -0.00061621443263071393 0.00091734720536590397 -0.00047158411743148049 0.0011085715275620201 0.00016802156775615066 -0.00077786548307421039 0.00066877169312456216 -0.0010293820425653544 0.00042218951853985136 -0.00020501139190335596
leaf_weight=2699 3853 3242 2077 2686 2323 2114 2242 3926 2303 2046 2218 2115 2115
leaf_count=2699 3853 3242 2077 2686 2323 2114 2242 3926 2303 2046 2218 2115 2115
internal_value=2.80849e-08 3.32134e-05 0.000395619 -3.8869e-05 2.57037e-05 9.52828e-05 0.000323843 0.000117064 -0.00018238 -0.000137371 -0.000371373 -2.46501e-05 0.000225209
internal_weight=35959 32106 5319 26787 24101 21402 10794 8552 6229 10608 6447 4229 4161
internal_count=35959 32106 5319 26787 24101 21402 10794 8552 6229 10608 6447 4229 4161
is_linear=0
shrinkage=0.05


Tree=114
num_leaves=13
num_cat=0
split_feature=1 1 3 1 1 3 3 0 1 1 1 3
split_gain=0.131477 0.647747 0.51414 0.210353 0.595132 0.349783 1.16427 0.57486 0.563424 0.351481 0.748468 0.197501
threshold=31.147220611572269 28.021887779235843 1.0156249842839327 22.897038459777836 20.131559371948246 3.3100959732095343 1.5119048332428049 3.0275350809097294 11.357594013214113 13.289728641510012 6.8785724639892587 1.8062499355990476
decision_type=2 2 2 2 2 2 2 2 2 2 2 2
left_child=1 3 -2 4 5 6 9 8 -7 10 -1 -5
right_child=2 -3 -4 11 -6 7 -8 -9 -10 -11 -12 -13
leaf_value=0.00043826609526261554 -0.0003799507065610416 -0.00074251473537738182 0.00065521439413126939 0.00063635899586060422 -0.00074746869638252006 -0.00051781265752281883 -0.0010515264442400626 0.00082594694115295519 0.00057109717120221745 0.00056081490975341591 -0.0006368502294706635 1.3013338787767313e-05
leaf_weight=3405 2000 2944 2968 2550 2548 2654 2566 3282 2134 3316 3068 2524
leaf_count=3405 2000 2944 2968 2550 2548 2654 2566 3282 2134 3316 3068 2524
internal_value=3.21845e-08 -3.82688e-05 0.000238555 3.58919e-05 -2.85009e-05 6.15116e-05 -0.000105702 0.000317326 -3.23094e-05 0.000143048 -7.15018e-05 0.000326919
internal_weight=35959 30991 4968 28047 22973 20425 12355 8070 4788 9789 6473 5074
internal_count=35959 30991 4968 28047 22973 20425 12355 8070 4788 9789 6473 5074
is_linear=0
shrinkage=0.05


Tree=115
num_leaves=13
num_cat=0
split_feature=1 0 0 1 1 3 0 0 0 1 0 0
split_gain=0.129671 0.33202 0.310883 0.490345 0.708865 0.269419 1.0087 1.37624 0.507836 1.06003 0.504311 0.429155
threshold=32.301969528198249 0.96341988444328319 1.397660553455353 29.441926002502445 25.892906188964847 7.5773808059669099 5.0807399749755868 3.9688709974288945 2.9131472110748295 15.526524543762209 2.2565510272979741 3.5429960489273076
decision_type=2 2 2 2 2 2 2 2 2 2 2 2
left_child=1 -1 -3 4 5 6 7 8 9 10 -4 -7
right_child=-2 2 3 -5 -6 11 -8 -9 -10 -11 -12 -13
leaf_value=0.00059150288278937951 -0.00027366884773277024 -0.0005007912270395484 0.00036504387176478645 0.0007617668250171569 -0.00074967694556511699 -0.00055295918977747542 -0.00080329481215780376 0.0014467578450085181 -0.00035311944017112729 -0.00039299005692697286 0.0014159912610811234 0.0003499805781226775
leaf_weight=2447 3853 2936 2654 2155 2944 3565 2230 2326 3841 2928 2006 2074
leaf_count=2447 3853 2936 2654 2155 2944 3565 2230 2326 3841 2928 2006 2074
internal_value=2.53613e-08 3.2946e-05 -1.33212e-05 4.04034e-05 -2.31557e-05 7.60573e-05 0.000180862 0.000340884 0.000114752 0.000351739 0.000819511 -0.00022083
internal_weight=35959 32106 29659 26723 24568 21624 15985 13755 11429 7588 4660 5639
internal_count=35959 32106 29659 26723 24568 21624 15985 13755 11429 7588 4660 5639
is_linear=0
shrinkage=0.05


Tree=116
num_leaves=14
num_cat=0
split_feature=1 1 2 1 0 0 0 3 2 0 3 0 1
split_gain=0.122489 0.58553 0.495121 0.223229 0.27504 0.77053 0.557618 0.550601 0.620275 0.496955 0.646539 0.311477 0.150267
threshold=31.147220611572269 28.021887779235843 1.0000000180025095e-35 25.549051284790043 2.1567411422729497 2.8952434062957768 3.4840801954269414 1.6770832793942378 1.0000000180025095e-35 1.6672472357749941 3.6306816862765312 4.6005828380584726 14.251132011413576
decision_type=2 2 2 2 2 2 2 2 2 2 2 2 2
left_child=1 3 -2 4 9 12 -7 11 -9 10 -1 -8 -6
right_child=2 -3 -4 -5 5 6 7 8 -10 -11 -12 -13 -14
leaf_value=-0.00036426176921033996 0.00071719587922195176 -0.00070649718922413066 -0.00027956493819738414 0.00049429219117864737 0.00087576960369642974 -0.00066835096732770693 0.00096227520340357053 0.00029668969180095392 -0.000926931969861281 -0.00071279479969988931 0.00069877346739179831 8.3003867998412693e-05 0.00031610458021005849
leaf_weight=3692 2539 2944 2429 2394 2807 3216 2011 2128 2001 3347 2321 2012 2118
leaf_count=3692 2539 2944 2429 2394 2807 3216 2011 2128 2001 3347 2321 2012 2118
internal_value=4.22186e-08 -3.69264e-05 0.000230268 3.3583e-05 -9.58737e-06 0.000114486 -0.000111904 0.000108166 -0.00029711 -0.000225454 4.65456e-05 0.000523826 0.000636213
internal_weight=35959 30991 4968 28047 25653 16293 11368 8152 4129 9360 6013 4023 4925
internal_count=35959 30991 4968 28047 25653 16293 11368 8152 4129 9360 6013 4023 4925
is_linear=0
shrinkage=0.05


Tree=117
num_leaves=13
num_cat=0
split_feature=1 1 3 1 0 0 1 3 3 3 3 0
split_gain=0.127425 0.347604 0.477444 0.367808 0.338318 0.415675 1.37866 0.901354 0.690517 0.481099 0.557656 0.186272
threshold=32.301969528198249 26.775197029113773 1.7142857720657281 23.984110832214359 1.1476519703865053 3.2190680503845219 17.748370170593265 0.28801845025598177 2.1339285040027214 0.20000000372529025 2.575188025447201 2.2278115749359135
decision_type=2 2 2 2 2 2 2 2 2 2 2 2
left_child=1 3 -3 4 -1 6 7 -6 -9 -7 -11 -10
right_child=-2 2 -4 -5 5 9 -8 8 11 10 -12 -13
leaf_value=-0.00050518505445548256 -0.00027126226948158823 -9.6318690541786643e-05 0.00085112078384798654 -0.0005945241431731692 -0.000845182925368653 0.00048836550013691641 0.0012071340100781277 0.00092742305212404643 0.00020328355637170593 -0.00088895571364301152 1.7945757265146306e-05 -0.00044523352382106206
leaf_weight=2699 3853 2528 2791 2686 2450 2113 2999 2519 2296 2965 3939 2121
leaf_count=2699 3853 2528 2791 2686 2450 2113 2999 2519 2296 2965 3939 2121
internal_value=5.10388e-08 3.26853e-05 0.000401489 -4.06691e-05 2.12777e-05 8.78747e-05 0.000275801 -2.27456e-05 0.000268562 -0.000170264 -0.000372256 -0.00010843
internal_weight=35959 32106 5319 26787 24101 21402 12385 9386 6936 9017 6904 4417
internal_count=35959 32106 5319 26787 24101 21402 12385 9386 6936 9017 6904 4417
is_linear=0
shrinkage=0.05


Tree=118
num_leaves=13
num_cat=0
split_feature=1 1 0 1 1 3 3 0 1 1 1 3
split_gain=0.116503 0.560281 0.476342 0.210613 0.555607 0.328071 1.03221 0.546246 0.510699 0.328031 0.673088 0.185102
threshold=31.147220611572269 28.021887779235843 2.4567490816116337 22.897038459777836 20.131559371948246 3.3100959732095343 1.5119048332428049 3.0275350809097294 11.357594013214113 13.289728641510012 6.8785724639892587 1.8062499355990476
decision_type=2 2 2 2 2 2 2 2 2 2 2 2
left_child=1 3 -2 4 5 6 9 8 -7 10 -1 -5
right_child=2 -3 -4 11 -6 7 -8 -9 -10 -11 -12 -13
leaf_value=0.0004039789527649599 -0.00034082052110657817 -0.00069098007615438954 0.0006469012492878952 0.00062374574935830651 -0.00072614609144552031 -0.00049976765356038965 -0.00099699801890915161 0.00079906079610442965 0.00053694324326423017 0.000531390288898582 -0.00061556744486038369 2.0250982710000164e-05
leaf_weight=3405 2125 2944 2843 2550 2548 2654 2566 3282 2134 3316 3068 2524
leaf_count=3405 2125 2944 2843 2550 2548 2654 2566 3282 2134 3316 3068 2524
internal_value=4.91499e-08 -3.6005e-05 0.00022458 3.29674e-05 -3.14641e-05 5.55098e-05 -0.000106429 0.000303259 -3.7552e-05 0.000127796 -7.94583e-05 0.000324175
internal_weight=35959 30991 4968 28047 22973 20425 12355 8070 4788 9789 6473 5074
internal_count=35959 30991 4968 28047 22973 20425 12355 8070 4788 9789 6473 5074
is_linear=0
shrinkage=0.05


Tree=119
num_leaves=13
num_cat=0
split_feature=1 1 2 0 0 0 2 0 1 3 3 1
split_gain=0.125507 0.335395 0.462004 0.353268 0.332209 0.485489 0.953655 0.726979 0.458077 0.271115 0.433337 0.314677
threshold=32.301969528198249 26.775197029113773 1.0000000180025095e-35 5.236952781677247 3.8443462848663335 2.8952434062957768 1.0000000180025095e-35 2.2565510272979741 12.377048015594484 6.0384617134840521 1.5505050007432928 13.570378780364992
decision_type=2 2 2 2 2 2 2 2 2 2 2 2
left_child=1 3 -3 4 5 7 -7 9 -9 10 11 -1
right_child=-2 2 -4 -5 -6 6 -8 8 -10 -11 -12 -13
leaf_value=-0.00042808091584769608 -0.0002692209683036395 -6.2576890431668237e-05 0.00086845747526343136 -0.0005686725973851292 0.00043960855602451839 -0.0011889613307873941 0.00018274579106111104 0.001159979642517944 0.00013873591773544812 0.00025019295957471232 -0.00086008724002197738 0.00035918051340957718
leaf_weight=2588 3853 2711 2608 2813 3974 2452 2606 2076 2325 3097 2384 2472
leaf_count=2588 3853 2711 2608 2813 3974 2452 2606 2076 2325 3097 2384 2472
internal_value=4.24165e-08 3.24301e-05 0.000394699 -3.96247e-05 2.26626e-05 -6.03629e-05 -0.00048326 8.30189e-05 0.000622005 -0.000142391 -0.000305838 -4.35243e-05
internal_weight=35959 32106 5319 26787 23974 20000 5058 14942 4401 10541 7444 5060
internal_count=35959 32106 5319 26787 23974 20000 5058 14942 4401 10541 7444 5060
is_linear=0
shrinkage=0.05


Tree=120
num_leaves=15
num_cat=0
split_feature=0 0 0 1 0 1 2 1 0 2 1 3 1 3
split_gain=0.127658 0.815046 0.495306 0.771097 0.568426 1.00973 1.00037 1.0446 0.880826 0.413818 0.495976 0.495125 0.551728 0.0544768
threshold=2.4125087261199956 2.1701763868331914 3.111780166625977 23.832257270812992 3.7457928657531743 18.503173828125004 1.5000000000000002 22.187371253967289 4.6637978553771982 1.5000000000000002 22.897038459777836 4.2499999022111368 10.817564010620119 1.9198717289811829
decision_type=2 2 2 2 2 2 2 2 2 2 2 2 2 2
left_child=1 9 3 13 5 -4 7 8 -6 10 11 12 -1 -2
right_child=2 -3 4 -5 6 -7 -8 -9 -10 -11 -12 -13 -14 -15
leaf_value=0.00076167909592168457 0.00011744500242519246 0.00098198853391442812 -0.00017429006273538231 -0.0012577175561734814 -0.00017064145956019867 0.0013146368359153626 -0.0011213385809807619 -0.00060181109930067429 0.0012017324650627412 -0.00058697737176399136 0.00055816209256647387 -0.00073814327601717409 -0.00036317954676691293 -0.00024566839436745888
leaf_weight=2024 2050 2267 2370 2011 2112 2178 2029 3017 2603 2749 3784 2362 2340 2063
leaf_count=2024 2050 2267 2370 2011 2112 2178 2029 3017 2603 2749 3784 2362 2340 2063
internal_value=4.05899e-08 0.000108077 -8.20639e-05 -0.000457969 7.90243e-05 0.000540065 -0.000136124 0.000123527 0.000587942 -4.19697e-05 0.000101005 -0.000156635 0.000159073 -6.48396e-05
internal_weight=35959 15526 20433 6124 14309 4548 9761 7732 4715 13259 10510 6726 4364 4113
internal_count=35959 15526 20433 6124 14309 4548 9761 7732 4715 13259 10510 6726 4364 4113
is_linear=0
shrinkage=0.05


Tree=121
num_leaves=13
num_cat=0
split_feature=3 3 1 3 0 3 0 0 1 0 1 1
split_gain=0.127198 0.861539 0.492659 1.21475 0.708034 0.481938 0.922381 0.762721 0.623912 0.484912 0.174546 0.408356
threshold=0.50675675022593392 0.20000000372529025 27.029055595397953 3.4868420156910882 5.0807399749755868 7.5773808059669099 2.5892046689987187 2.3866106271743779 13.570378780364992 1.809703052043915 10.494718551635744 24.98405742645264
decision_type=2 2 2 2 2 2 2 2 2 2 2 2
left_child=1 10 4 -4 5 6 9 -7 -8 -2 -1 -12
right_child=2 -3 3 -5 -6 7 8 -9 -10 -11 11 -13
leaf_value=-0.00020860649233657989 0.00024195706736081276 -0.00081787485098300467 0.0012609876258531827 -0.00016197102010523148 -0.00092280838193197975 0.00028094852889587999 0.0013480861867225863 -0.00082242354495877057 0.00017395393009400739 -0.00071259029466393836 0.00065728002908863959 -0.00019288779094047103
leaf_weight=2535 3017 3302 2633 3463 2116 2992 2369 3268 2164 2365 3248 2487
leaf_count=2535 3017 3302 2633 3463 2116 2992 2369 3268 2164 2365 3248 2487
internal_value=3.40541e-08 -0.000136412 6.48093e-05 0.000453696 -6.49753e-05 4.77466e-05 0.000264511 -0.000295454 0.000789186 -0.000178041 0.000136337 0.000288908
internal_weight=35959 11572 24387 6096 18291 16175 9915 6260 4533 5382 8270 5735
internal_count=35959 11572 24387 6096 18291 16175 9915 6260 4533 5382 8270 5735
is_linear=0
shrinkage=0.05


Tree=122
num_leaves=13
num_cat=0
split_feature=3 3 3 3 0 0 1 2 3 1 3 0
split_gain=0.121692 0.689044 0.599672 0.544203 0.548442 0.637274 0.704326 0.534727 0.533202 0.373761 0.162512 0.359672
threshold=2.5166666321456437 1.5119048332428049 0.74999997485429171 3.577380805966909 1.6672472357749941 2.2406398057937627 21.086829185485843 1.0000000180025095e-35 0.20000000372529025 18.748026847839359 0.048199770489419015 2.6871799230575566
decision_type=2 2 2 2 2 2 2 2 2 2 2 2
left_child=1 2 8 -2 -5 -6 7 -7 10 -10 11 -1
right_child=3 -3 -4 4 5 6 -8 -9 9 -11 -12 -13
leaf_value=0.00038101308922299659 0.00085286601876753904 -0.00077306304063918044 0.00059552039379531373 0.0005540045918444828 -0.00097255494041901223 0.00090320310342974794 -0.00053762798159544452 -0.00013350976933585064 -0.00012756523952435494 -0.00099700929415274522 0.00051821329039694987 -0.0003763796228721378
leaf_weight=3133 2092 3046 3795 3267 2062 2494 3488 2467 2710 2268 2020 3117
leaf_count=3133 2092 3046 3795 3267 2062 2494 3488 2467 2710 2268 2020 3117
internal_value=3.40748e-08 -8.17022e-05 4.22417e-05 0.000103486 -1.08331e-05 -0.000186754 5.94564e-06 0.000388436 -0.000116579 -0.000524893 0.000129536 3.28835e-06
internal_weight=35959 20089 17043 15870 13778 10511 8449 4961 13248 4978 8270 6250
internal_count=35959 20089 17043 15870 13778 10511 8449 4961 13248 4978 8270 6250
is_linear=0
shrinkage=0.05


Tree=123
num_leaves=13
num_cat=0
split_feature=1 1 0 1 1 3 3 3 0 1 1 0
split_gain=0.115777 0.531643 0.481054 0.206947 0.483658 0.31358 0.892866 0.508218 0.630578 0.292825 0.604934 0.188557
threshold=31.147220611572269 28.021887779235843 2.4567490816116337 22.897038459777836 20.131559371948246 3.3100959732095343 1.5119048332428049 7.5773808059669099 2.3991304636001591 13.289728641510012 6.8785724639892587 2.9398705959320073
decision_type=2 2 2 2 2 2 2 2 2 2 2 2
left_child=1 3 -2 4 5 6 9 -7 -9 10 -1 -5
right_child=2 -3 -4 11 -6 7 -8 8 -10 -11 -12 -13
leaf_value=0.00037062111395639338 -0.00034432381799413413 -0.00067392695790897072 0.00064826795277916341 5.3792183189538431e-05 -0.00068073468585320008 0.0008374015901008782 -0.00093803466878717649 0.00063260865428294369 -0.00046815545307917259 0.00048941793936797243 -0.0005959371174879967 0.00066858685290208087
leaf_weight=3405 2125 2944 2843 2884 2548 2776 2566 2265 3029 3316 3068 2190
leaf_count=3405 2125 2944 2843 2884 2548 2776 2566 2265 3029 3316 3068 2190
internal_value=3.07967e-08 -3.59108e-05 0.00022386 3.1276e-05 -3.25917e-05 4.85571e-05 -0.000109761 0.000290775 3.10337e-06 0.000108091 -8.77099e-05 0.000319938
internal_weight=35959 30991 4968 28047 22973 20425 12355 8070 5294 9789 6473 5074
internal_count=35959 30991 4968 28047 22973 20425 12355 8070 5294 9789 6473 5074
is_linear=0
shrinkage=0.05


Tree=124
num_leaves=13
num_cat=0
split_feature=1 1 0 1 0 0 1 3 3 0 1 0
split_gain=0.120115 0.331487 0.46924 0.341618 0.306427 0.375057 1.29598 0.871199 0.629119 0.461325 0.59026 0.190655
threshold=32.301969528198249 26.775197029113773 2.8591554164886479 23.984110832214359 1.1476519703865053 3.2190680503845219 17.748370170593265 0.28801845025598177 2.1339285040027214 3.6778954267501835 11.231722831726076 2.2278115749359135
decision_type=2 2 2 2 2 2 2 2 2 2 2 2
left_child=1 3 -3 4 -1 6 7 -6 -9 -7 -11 -10
right_child=-2 2 -4 -5 5 9 -8 8 11 10 -12 -13
leaf_value=-0.00048125440186490287 -0.00026338639725171368 -3.1771126990080043e-05 0.00091136949988593102 -0.00057369216207420334 -0.00083633781356032473 -0.00079000643413352795 0.0011646461039522839 0.00088750585620859114 0.00021410783859512422 0.00053807290783583071 -0.00039311185520140033 -0.00044198358380124309
leaf_weight=2699 3853 2935 2384 2686 2450 2199 2999 2519 2296 3180 3638 2121
leaf_count=2699 3853 2935 2384 2686 2450 2199 2999 2519 2296 3180 3638 2121
internal_value=2.92504e-08 3.17136e-05 0.000391866 -3.99201e-05 1.97808e-05 8.31615e-05 0.00026167 -2.77802e-05 0.000258619 -0.000162041 4.13563e-05 -0.000101228
internal_weight=35959 32106 5319 26787 24101 21402 12385 9386 6936 9017 6818 4417
internal_count=35959 32106 5319 26787 24101 21402 12385 9386 6936 9017 6818 4417
is_linear=0
shrinkage=0.05


Tree=125
num_leaves=13
num_cat=0
split_feature=1 1 2 1 1 3 3 0 1 1 1 0
split_gain=0.109902 0.508691 0.440208 0.195023 0.459326 0.287296 0.81959 0.534667 0.455514 0.263966 0.541328 0.169741
threshold=31.147220611572269 28.021887779235843 1.0000000180025095e-35 22.897038459777836 20.131559371948246 3.3100959732095343 1.5119048332428049 2.9768346548080449 11.357594013214113 13.289728641510012 6.8785724639892587 2.9398705959320073
decision_type=2 2 2 2 2 2 2 2 2 2 2 2
left_child=1 3 -2 4 5 6 9 8 -7 10 -1 -5
right_child=2 -3 -4 11 -6 7 -8 -9 -10 -11 -12 -13
leaf_value=0.00035264830794539504 0.00067723460643049163 -0.00065908335885068786 -0.00026262986975437161 5.8405572520621671e-05 -0.00066290052629762149 -0.00050754879862293333 -0.00089728789287785941 0.00075867097268604209 0.00048087771129245294 0.00046703898467899706 -0.00056168358186324096 0.00064175044126948879
leaf_weight=3405 2539 2944 2429 2884 2548 2596 2566 3375 2099 3316 3068 2190
leaf_count=3405 2539 2944 2429 2884 2548 2596 2566 3375 2099 3316 3068 2190
internal_value=2.64615e-08 -3.49913e-05 0.000218103 3.07291e-05 -3.12713e-05 4.78096e-05 -0.000103729 0.000279653 -6.55688e-05 0.000104991 -8.09144e-05 0.000310951
internal_weight=35959 30991 4968 28047 22973 20425 12355 8070 4695 9789 6473 5074
internal_count=35959 30991 4968 28047 22973 20425 12355 8070 4695 9789 6473 5074
is_linear=0
shrinkage=0.05


Tree=126
num_leaves=14
num_cat=0
split_feature=0 0 0 0 1 0 1 1 0 1 0 0 3
split_gain=0.124071 0.813289 0.528586 0.383258 0.580214 0.389077 0.67823 0.719067 0.867621 0.33496 0.392218 0.493843 0.813788
threshold=3.2911728620529179 2.9606319665908818 2.7031795978546147 2.2565510272979741 17.430292129516605 2.0323077440261845 25.247751235961918 14.390244483947756 1.5098375082015993 25.892906188964847 3.6989724636077885 5.236952781677247 2.256578903678816
decision_type=2 2 2 2 2 2 2 2 2 2 2 2 2
left_child=1 2 3 5 -5 6 7 8 -1 10 -2 12 -12
right_child=9 -3 -4 4 -6 -7 -8 -9 -10 -11 11 -13 -14
leaf_value=-0.00036767513008206559 -0.00056789014681635837 0.00090680839721583363 -0.00075157738057566204 0.0010811923776865946 -0.00010437497968886709 -0.00069019636821899709 0.00062232931549567703 -0.0007396410527154071 0.00098377774038583936 -0.00053055280583846204 -9.3398920648195242e-05 -0.00032041960409826193 0.0012584230196954968
leaf_weight=2855 2077 2566 2281 2018 2098 2133 3530 3574 2019 3630 2398 2714 2066
leaf_count=2855 2077 2566 2281 2018 2098 2133 3530 3574 2019 3630 2398 2714 2066
internal_value=2.35533e-08 6.94198e-05 -3.57467e-05 5.41982e-05 0.000478099 -6.96992e-05 4.12803e-05 -0.00020196 0.000193017 -0.000124206 3.55717e-05 0.000210734 0.000533657
internal_weight=35959 23074 20508 18227 4116 14111 11978 8448 4874 12885 9255 7178 4464
internal_count=35959 23074 20508 18227 4116 14111 11978 8448 4874 12885 9255 7178 4464
is_linear=0
shrinkage=0.05


Tree=127
num_leaves=15
num_cat=0
split_feature=0 0 0 1 0 1 2 1 0 2 1 3 1 3
split_gain=0.120594 0.755893 0.446582 0.659426 0.528552 0.904277 0.878358 0.914528 0.87086 0.372795 0.449877 0.490341 0.499682 0.0381953
threshold=2.4125087261199956 2.1701763868331914 3.111780166625977 23.832257270812992 3.7457928657531743 18.503173828125004 1.5000000000000002 22.187371253967289 4.6637978553771982 1.5000000000000002 22.897038459777836 4.2499999022111368 10.817564010620119 1.9198717289811829
decision_type=2 2 2 2 2 2 2 2 2 2 2 2 2 2
left_child=1 9 3 13 5 -4 7 8 -6 10 11 12 -1 -2
right_child=2 -3 4 -5 6 -7 -8 -9 -10 -11 -12 -13 -14 -15
leaf_value=0.00073848951983702515 7.9576079583360313e-05 0.00094663817015146309 -0.00015827958619120795 -0.0011762843187032197 -0.00021052626947301977 0.0012507769241432108 -0.0010574481363580465 -0.00056962882553868242 0.0011539176496174728 -0.00055675192049960359 0.00053163294362435366 -0.00072783204938785566 -0.00033201863012301204 -0.00022450928791993091
leaf_weight=2024 2050 2267 2370 2011 2112 2178 2029 3017 2603 2749 3784 2362 2340 2063
leaf_count=2024 2050 2267 2370 2011 2112 2178 2029 3017 2603 2749 3784 2362 2340 2063
internal_value=3.19153e-08 0.000105037 -7.97686e-05 -0.000436706 7.31924e-05 0.00051777 -0.00013427 0.000109039 0.000543587 -3.94632e-05 9.62397e-05 -0.000149135 0.000165031 -7.31218e-05
internal_weight=35959 15526 20433 6124 14309 4548 9761 7732 4715 13259 10510 6726 4364 4113
internal_count=35959 15526 20433 6124 14309 4548 9761 7732 4715 13259 10510 6726 4364 4113
is_linear=0
shrinkage=0.05


Tree=128
num_leaves=14
num_cat=0
split_feature=1 0 0 3 0 3 1 1 3 0 1 3 0
split_gain=0.12145 0.223597 0.63196 0.483741 0.914524 1.45537 1.28491 0.750225 1.41136 1.13649 0.366944 0.671506 0.165485
threshold=2.363445639610291 5.7894363403320321 4.7502975463867196 0.91106719906050493 2.4855715036392216 3.4868420156910882 20.810085296630863 11.231722831726076 0.10128205695522034 2.3529427051544194 11.357594013214113 4.3333334003885602 2.4292459487915044
decision_type=2 2 2 2 2 2 2 2 2 2 2 2 2
left_child=-1 2 3 7 10 -6 -7 -2 12 -10 -5 -12 -9
right_child=1 -3 -4 4 5 6 -8 8 9 -11 11 -13 -14
leaf_value=-0.00034040809304440703 0.00047076604229363351 0.00050160383342982048 -0.00074973942252479784 -0.00065023989263666884 0.0014963715688038537 0.00081466441774911448 -0.00075079457832508958 0.00053097050140132147 -0.00025691579622597808 -0.0019263413249095902 -0.00049873034642009505 0.0004978245740356002 -0.00010845018737810997
leaf_weight=2432 3032 2281 2634 2392 2936 2896 2378 2025 2012 2064 2965 3905 2007
leaf_count=2432 3032 2281 2634 2392 2936 2896 2378 2025 2012 2064 2965 3905 2007
internal_value=2.59827e-08 2.48147e-05 -1.01409e-05 5.81842e-05 0.000222298 0.000606183 0.000108728 -0.000199181 -0.00044998 -0.00110492 -0.000118272 6.76251e-05 0.000213207
internal_weight=35959 33527 31246 28612 17472 8210 5274 11140 8108 4076 9262 6870 4032
internal_count=35959 33527 31246 28612 17472 8210 5274 11140 8108 4076 9262 6870 4032
is_linear=0
shrinkage=0.05


Tree=129
num_leaves=14
num_cat=0
split_feature=0 0 0 0 1 0 1 1 0 0 1 3 1
split_gain=0.11297 0.717922 0.456459 0.345772 0.487463 0.371448 0.562897 0.650074 0.782605 0.282255 0.672085 0.577682 0.504576
threshold=3.2911728620529179 2.9606319665908818 2.7031795978546147 2.2565510272979741 17.430292129516605 2.0323077440261845 25.247751235961918 14.390244483947756 1.5098375082015993 4.9353501796722421 26.204829216003422 1.6396103838612908 15.403133392333986
decision_type=2 2 2 2 2 2 2 2 2 2 2 2 2
left_child=1 2 3 5 -5 6 7 8 -1 10 11 -2 -11
right_child=9 -3 -4 4 -6 -7 -8 -9 -10 12 -12 -13 -14
leaf_value=-0.00033685647548030272 0.00048473086907323639 0.00085299163048057941 -0.00069778015955777677 0.0010064262365602592 -8.0317571334802287e-05 -0.00067295511235217404 0.00057109908573117752 -0.00069108553787052994 0.00094669211813377518 -0.00038981790083876782 -0.0010179271923143397 -0.00049201191171302809 0.00066728058313498238
leaf_weight=2855 2954 2566 2281 2018 2098 2133 3530 3574 2019 2023 2294 3084 2530
leaf_count=2855 2954 2566 2281 2018 2098 2133 3530 3574 2019 2023 2294 3084 2530
internal_value=1.12051e-08 6.62302e-05 -3.25787e-05 5.10043e-05 0.000453641 -6.66779e-05 4.17571e-05 -0.000179842 0.000195689 -0.000118531 -0.000291399 -1.41439e-05 0.000197763
internal_weight=35959 23074 20508 18227 4116 14111 11978 8448 4874 12885 8332 6038 4553
internal_count=35959 23074 20508 18227 4116 14111 11978 8448 4874 12885 8332 6038 4553
is_linear=0
shrinkage=0.05


Tree=130
num_leaves=15
num_cat=0
split_feature=1 1 0 0 3 3 0 0 0 3 1 3 1 3
split_gain=0.11487 0.657093 0.434986 0.724849 0.624037 0.642468 0.598314 0.567246 0.432945 0.378157 0.338885 0.631425 0.317848 0.134797
threshold=9.0399641990661639 11.231722831726076 3.7457928657531743 3.1412714719772343 4.4000000298023236 0.10128205695522034 5.5248186588287362 2.1567411422729497 1.8904238343238833 1.3390804792898681 4.1542353630065927 1.7142857720657281 1.9540863037109377 1.1702898454834212
decision_type=2 2 2 2 2 2 2 2 2 2 2 2 2 2
left_child=10 -2 3 4 5 -3 9 13 -6 -4 12 -12 -1 -7
right_child=1 2 6 -5 8 7 -8 -9 -10 -11 11 -13 -14 -15
leaf_value=-0.00027054289579580887 0.00089211242309187146 0.0003575804004226869 -0.0011757949334848072 0.00082298607005410515 -6.0472538128534314e-05 0.000111404453339339 0.00034599044583199682 -0.0010982158281433677 0.00084952043322132219 -0.00027048248313997096 -0.0009958329972896494 0.00012401323427431714 0.00060287736575714791 -0.00045426832680496424
leaf_weight=2006 2133 2874 2082 2950 2540 2129 2058 2681 2680 2589 2474 2548 2147 2068
leaf_count=2006 2133 2874 2082 2950 2540 2129 2058 2681 2680 2589 2474 2548 2147 2068
internal_value=1.27405e-08 5.2321e-05 -2.06767e-05 0.000108038 -3.32871e-05 -0.000269383 -0.000363146 -0.0005315 0.000407458 -0.000675656 -0.000152578 -0.000428542 0.000181358 -0.000167738
internal_weight=35959 26784 24651 17922 14972 9752 6729 6878 5220 4671 9175 5022 4153 4197
internal_count=35959 26784 24651 17922 14972 9752 6729 6878 5220 4671 9175 5022 4153 4197
is_linear=0
shrinkage=0.05


Tree=131
num_leaves=14
num_cat=0
split_feature=1 0 1 1 1 0 0 0 3 3 1 1 3
split_gain=0.11408 0.545154 0.441762 0.201432 0.366653 0.292034 0.709605 0.61773 0.735669 0.552058 0.236813 0.545877 0.169717
threshold=31.147220611572269 2.4567490816116337 28.021887779235843 22.897038459777836 20.131559371948246 2.3991304636001591 2.0199079513549809 3.0275350809097294 3.3100959732095343 0.33333334450920421 12.377048015594484 6.1421737670898446 1.8062499355990476
decision_type=2 2 2 2 2 2 2 2 2 2 2 2 2
left_child=2 -2 3 4 5 6 10 -7 9 -9 11 -1 -5
right_child=1 -3 -4 12 -6 7 -8 8 -10 -11 -12 -13 -14
leaf_value=0.0003390809794041272 -0.00038261525060360449 0.00067401125808204962 -0.00061725623970559831 0.00059721948468457239 -0.00060175418962526517 -0.0007117791495151282 0.0010588965093666486 0.000288303563046583 0.00067947257811220652 -0.00075671905329475109 0.00036719616885975926 -0.00081714405063842066 1.9349078744829038e-05
leaf_weight=2036 2125 2843 2944 2550 2548 3277 2065 2318 3282 2758 2660 2029 2524
leaf_count=2036 2125 2843 2944 2550 2548 3277 2065 2318 3282 2758 2660 2029 2524
internal_value=9.05966e-09 0.000222192 -3.5668e-05 2.55776e-05 -3.74312e-05 3.32276e-05 0.000250594 -0.000131062 9.72032e-05 -0.000279872 1.19031e-06 -0.000238625 0.000310368
internal_weight=35959 4968 30991 28047 22973 20425 8790 11635 8358 5076 6725 4065 5074
internal_count=35959 4968 30991 28047 22973 20425 8790 11635 8358 5076 6725 4065 5074
is_linear=0
shrinkage=0.05


Tree=132
num_leaves=13
num_cat=0
split_feature=0 0 0 2 3 0 0 0 0 0 1 3
split_gain=0.116389 0.402338 0.576486 0.201861 2.02389 0.727206 1.10323 0.965915 0.780709 1.03783 0.598496 0.452742
threshold=6.0247890949249276 4.9803133010864267 4.4229865074157724 1.5000000000000002 4.1715684632073584 3.2911728620529179 2.9606319665908818 3.6778954267501835 2.0476689338684086 1.5388837456703188 19.32878398895264 1.7817460176952391
decision_type=2 2 2 2 2 2 2 2 2 2 2 2
left_child=1 2 3 5 -5 6 8 -7 9 11 -10 -1
right_child=-2 -3 -4 4 -6 7 -8 -9 10 -11 -12 -13
leaf_value=0.00028927800002141106 -0.00036641496543247628 0.00064769618194245233 -0.00082182655715220252 -0.00039962825592875639 0.0015297772802054593 -0.0013456930279209947 0.0012073964601681368 2.951835908987544e-05 -0.00085743135901499489 0.00089857806593285458 9.3348932095220033e-05 -0.00059809274181791021
leaf_weight=2827 2034 2379 2109 3776 2111 2207 2042 3010 3730 3863 2966 2905
leaf_count=2827 2034 2379 2109 3776 2111 2207 2042 3010 3730 3863 2966 2905
internal_value=1.04929e-08 2.20813e-05 -2.52889e-05 3.20384e-05 0.000293652 -3.34563e-05 0.000114814 -0.000553713 -2.27932e-05 0.000266261 -0.000436771 -0.000160703
internal_weight=35959 33925 31546 29437 5887 23550 18333 5217 16291 9595 6696 5732
internal_count=35959 33925 31546 29437 5887 23550 18333 5217 16291 9595 6696 5732
is_linear=0
shrinkage=0.05


Tree=133
num_leaves=14
num_cat=0
split_feature=3 3 0 1 1 1 0 0 3 3 1 0 2
split_gain=0.12253 0.525797 0.503204 0.475264 0.663058 0.732175 0.498585 0.841944 0.475245 0.425528 0.667179 0.484432 0.374697
threshold=7.5773808059669099 5.2928570628470339 1.6672472357749941 32.959907531738288 29.780121803283695 26.660809516906742 5.025174856185914 3.9688709974288945 2.4999999534338735 0.25290698448086285 16.235810279846195 2.4692233800888066 1.0000000180025095e-35
decision_type=2 2 2 2 2 2 2 2 2 2 2 2 2
left_child=1 3 -2 4 5 6 7 8 9 11 -11 -1 -4
right_child=2 -3 12 -5 -6 -7 -8 -9 -10 10 -12 -13 -14
leaf_value=7.3187130162865094e-05 0.00050123468917554609 0.00083150700359661876 4.723127234107425e-06 0.0007018902390642243 -0.0009280124140468003 0.00089092240243564898 -0.00079482033864371193 0.0009256608226794786 -0.0007578846160777716 -0.00012424160458214154 0.00094677167835455201 -0.00090811337814155799 -0.00071517189398030354
leaf_weight=3031 2226 2005 3596 2137 2066 2104 2207 2141 2515 3841 2328 2138 3624
leaf_count=3031 2226 2005 3596 2137 2066 2104 2207 2141 2515 3841 2328 2138 3624
internal_value=1.42405e-08 5.51089e-05 -0.00015452 -8.72143e-06 -7.68862e-05 1.01286e-05 -9.21227e-05 5.27806e-06 -0.000137533 6.19694e-07 0.000280806 -0.000333668 -0.00035711
internal_weight=35959 26513 9446 24508 22371 20305 18201 15994 13853 11338 6169 5169 7220
internal_count=35959 26513 9446 24508 22371 20305 18201 15994 13853 11338 6169 5169 7220
is_linear=0
shrinkage=0.05


Tree=134
num_leaves=13
num_cat=0
split_feature=1 0 1 3 1 1 0 2 1 0 1 2
split_gain=0.130858 0.382819 0.306806 0.346034 0.625467 0.624555 0.660181 0.502925 1.08277 1.01839 0.400727 0.860738
threshold=32.301969528198249 0.96341988444328319 2.5520198345184331 0.063164892959319541 14.251132011413576 9.8924860954284686 2.6397699117660527 1.5000000000000002 23.683607101440433 2.513575673103333 19.009214401245121 1.0000000180025095e-35
decision_type=2 2 2 2 2 2 2 2 2 2 2 2
left_child=1 -1 -3 4 -4 6 -5 8 10 -10 11 -7
right_child=-2 2 3 5 -6 7 -8 -9 9 -11 -12 -13
leaf_value=0.00063285995443192319 -0.00027492091151812352 -0.00055992141128758169 -0.0010266763114901091 -4.4557774268414202e-05 0.00012707721529321377 0.00045135089419394116 0.0010510331949086247 -0.00057880919780213048 -0.00012752533781904308 0.0012983980575709264 -0.00075389091409690581 -0.00082045470164863001
leaf_weight=2447 3853 2379 2001 2443 2820 3635 3133 3418 2222 2854 2669 2085
leaf_count=2447 3853 2379 2001 2443 2820 3635 3133 3418 2222 2854 2669 2085
internal_value=2.25179e-08 3.30935e-05 -1.65866e-05 3.09837e-05 -0.000352933 0.000113515 0.000571804 -3.80948e-05 9.94897e-05 0.000675182 -0.000249238 -1.28584e-05
internal_weight=35959 32106 29659 27280 4821 22459 5576 16883 13465 5076 8389 5720
internal_count=35959 32106 29659 27280 4821 22459 5576 16883 13465 5076 8389 5720
is_linear=0
shrinkage=0.05


Tree=135
num_leaves=13
num_cat=0
split_feature=1 0 1 3 1 1 0 2 1 0 1 2
split_gain=0.118123 0.345657 0.277001 0.312442 0.56477 0.563866 0.596015 0.454011 0.977604 0.919445 0.361768 0.777147
threshold=32.301969528198249 0.96341988444328319 2.5520198345184331 0.063164892959319541 14.251132011413576 9.8924860954284686 2.6397699117660527 1.5000000000000002 23.683607101440433 2.513575673103333 19.009214401245121 1.0000000180025095e-35
decision_type=2 2 2 2 2 2 2 2 2 2 2 2
left_child=1 -1 -3 4 -4 6 -5 8 10 -10 11 -7
right_child=-2 2 3 5 -6 7 -8 -9 9 -11 -12 -13
leaf_value=0.0006013457169545685 -0.00026121044277988898 -0.00053204252925694885 -0.00097559775952842261 -4.2338936295392793e-05 0.0001207458073537061 0.00042884525474780241 0.00099864877727389562 -0.00054995315803328746 -0.00012117765648760455 0.00123370484262401 -0.00071633706373009243 -0.00077962776420619634
leaf_weight=2447 3853 2379 2001 2443 2820 3635 3133 3418 2222 2854 2669 2085
leaf_count=2447 3853 2379 2001 2443 2820 3635 3133 3418 2222 2854 2669 2085
internal_value=1.26951e-08 3.14333e-05 -1.57738e-05 2.94267e-05 -0.000335379 0.00010785 0.000543304 -3.62057e-05 9.4517e-05 0.000641538 -0.000236843 -1.22477e-05
internal_weight=35959 32106 29659 27280 4821 22459 5576 16883 13465 5076 8389 5720
internal_count=35959 32106 29659 27280 4821 22459 5576 16883 13465 5076 8389 5720
is_linear=0
shrinkage=0.05


Tree=136
num_leaves=14
num_cat=0
split_feature=3 0 3 1 1 1 0 0 3 3 1 0 0
split_gain=0.120454 0.465342 0.462573 0.459706 0.629882 0.600333 0.461935 0.749347 0.442378 0.352528 0.635276 0.428875 0.340919
threshold=7.5773808059669099 1.6672472357749941 5.2928570628470339 32.959907531738288 29.780121803283695 26.660809516906742 5.025174856185914 3.9688709974288945 2.4999999534338735 0.25290698448086285 16.404028892517093 2.4692233800888066 3.387484192848206
decision_type=2 2 2 2 2 2 2 2 2 2 2 2 2
left_child=2 -2 3 4 5 6 7 8 9 11 -11 -1 -3
right_child=1 12 -4 -5 -6 -7 -8 -9 -10 10 -12 -13 -14
leaf_value=9.0700948493074862e-05 0.00047739518546232587 -0.0006581193588561479 0.0007828541451418273 0.0006936408557613146 -0.00090184283850960369 0.00081008363780067465 -0.00075644207318784648 0.00088197533251636081 -0.0007195682138890964 -0.00012325355212711761 0.00092498634816791381 -0.00083255944383361252 3.2035473950717384e-05
leaf_weight=3031 2226 3972 2005 2137 2066 2104 2207 2141 2515 3876 2293 2138 3248
leaf_count=3031 2226 3972 2005 2137 2066 2104 2207 2141 2515 3876 2293 2138 3248
internal_value=3.78933e-09 -0.000153215 5.46296e-05 -5.24148e-06 -7.22826e-05 1.25261e-05 -8.00642e-05 1.3683e-05 -0.000121052 1.22281e-05 0.000267241 -0.000292048 -0.00034803
internal_weight=35959 9446 26513 24508 22371 20305 18201 15994 13853 11338 6169 5169 7220
internal_count=35959 9446 26513 24508 22371 20305 18201 15994 13853 11338 6169 5169 7220
is_linear=0
shrinkage=0.05


Tree=137
num_leaves=14
num_cat=0
split_feature=1 0 1 3 3 1 1 0 0 3 3 1 1
split_gain=0.118559 0.300259 0.244875 0.270979 0.555846 0.504192 0.418251 0.556975 0.579327 0.709026 0.860426 0.528376 0.420779
threshold=32.301969528198249 0.96341988444328319 2.5520198345184331 0.063164892959319541 0.33333332919412212 14.251132011413576 9.8924860954284686 4.7502975463867196 3.6989724636077885 4.4000000298023236 1.1702898454834212 6.2991795539855966 20.810085296630863
decision_type=2 2 2 2 2 2 2 2 2 2 2 2 2
left_child=1 -1 -3 5 -5 -4 11 8 9 10 -8 -6 -11
right_child=-2 2 3 4 6 -7 7 -9 -10 12 -12 -13 -14
leaf_value=0.00056266129281104234 -0.0002616905597302453 -0.00049791642495349887 -0.00091466258210282352 0.00079094821972721426 -8.5806037926774688e-05 0.00012119735355720651 0.00020231753440449153 -0.00082898715197754719 0.0007621908809367291 0.00074817300043247435 -0.0010657903305274711 0.00094850807487632859 -0.00016655459386300428
leaf_weight=2447 3853 2379 2001 2587 2564 2820 2302 2320 2130 2493 3174 2369 2520
leaf_count=2447 3853 2379 2001 2587 2564 2820 2302 2320 2130 2493 3174 2369 2520
internal_value=1.33566e-08 3.14918e-05 -1.25069e-05 2.9991e-05 0.000103024 -0.000309749 1.31154e-05 -0.000118729 1.24051e-05 -0.000140435 -0.000533306 0.000411822 0.00028893
internal_weight=35959 32106 29659 27280 22459 4821 19872 14939 12619 10489 5476 4933 5013
internal_count=35959 32106 29659 27280 22459 4821 19872 14939 12619 10489 5476 4933 5013
is_linear=0
shrinkage=0.05


Tree=138
num_leaves=13
num_cat=0
split_feature=3 3 1 0 3 3 3 0 0 1 1 0
split_gain=0.121096 0.443779 0.58952 0.658441 0.556562 0.469918 0.529425 0.410336 0.316341 0.306829 0.20687 0.493852
threshold=7.5773808059669099 2.5166666321456437 22.897038459777836 2.6054308414459233 1.5119048332428049 0.74999997485429171 0.20000000372529025 1.6672472357749941 3.387484192848206 18.748026847839359 25.086171150207523 2.1567411422729497
decision_type=2 2 2 2 2 2 2 2 2 2 2 2
left_child=1 4 3 -3 5 6 10 -2 -9 -8 11 -1
right_child=7 2 -4 -5 -6 -7 9 8 -10 -11 -12 -13
leaf_value=-0.00028729519149455211 0.00043857693247955406 -0.00058947572294628325 0.0010602441095494441 0.00066855415268545838 -0.00068228374040616227 0.00054022890668544885 -0.00013692976320895162 -0.00063524359899515227 2.9572213071110188e-05 -0.00092479517307886066 -0.00022904620937157975 0.00066745115843666353
leaf_weight=2132 2226 2004 2279 2141 3046 3795 2710 3972 3248 2268 2456 3682
leaf_count=2132 2226 2004 2279 2141 3046 3795 2710 3972 3248 2268 2456 3682
internal_value=1.70665e-08 5.47883e-05 0.000416188 6.03745e-05 -6.09287e-05 5.04576e-05 -9.01431e-05 -0.00015361 -0.000336541 -0.000497019 0.000155074 0.000317453
internal_weight=35959 26513 6424 4145 20089 17043 13248 9446 7220 4978 8270 5814
internal_count=35959 26513 6424 4145 20089 17043 13248 9446 7220 4978 8270 5814
is_linear=0
shrinkage=0.05


Tree=139
num_leaves=13
num_cat=0
split_feature=0 0 0 0 1 3 3 3 0 2 0 3
split_gain=0.117914 0.565305 0.364474 0.399747 0.502708 0.313433 0.931719 0.386382 0.301382 0.532279 0.869574 0.461584
threshold=3.2911728620529179 2.9606319665908818 2.7031795978546147 2.2565510272979741 17.430292129516605 1.6770832793942378 9.414285823216245 0.073622406135891424 2.0323077440261845 1.5000000000000002 1.5388837456703188 4.4999998398125216
decision_type=2 2 2 2 2 2 2 2 2 2 2 2
left_child=1 2 3 8 -5 7 -7 -2 9 10 11 -1
right_child=5 -3 -4 4 -6 6 -8 -9 -10 -11 -12 -13
leaf_value=0.00014246168389095911 -0.0003741053951186488 0.00076581164753717181 -0.00061442866357600077 0.0010489455220342972 -5.4772766573321256e-05 -0.00090798981057861074 0.00028459435191209158 0.00043328475959895224 -0.00061797586693427371 -0.00061894073576725757 0.00079106779233030803 -0.00079485666511611814
leaf_weight=3711 2361 2566 2281 2018 2098 3567 3014 3943 2133 2517 3729 2021
leaf_count=3711 2361 2566 2281 2018 2098 3567 3014 3943 2133 2517 3729 2021
internal_value=1.50904e-08 6.76676e-05 -2.00162e-05 5.46671e-05 0.000487591 -0.000121093 -0.000362201 0.000130784 -7.18672e-05 2.58163e-05 0.00019782 -0.000188829
internal_weight=35959 23074 20508 18227 4116 12885 6581 6304 14111 11978 9461 5732
internal_count=35959 23074 20508 18227 4116 12885 6581 6304 14111 11978 9461 5732
is_linear=0
shrinkage=0.05


Tree=140
num_leaves=14
num_cat=0
split_feature=1 0 1 3 3 0 1 2 0 1 3 0 0
split_gain=0.117285 0.500314 0.462335 0.218527 0.777934 0.569996 0.459352 1.12844 0.694151 0.637343 1.08964 0.333665 0.254121
threshold=31.147220611572269 2.4567490816116337 28.021887779235843 0.6720430278220898 0.26794872424129906 5.0807399749755868 18.049483299255375 1.5000000000000002 2.5264420509338383 12.869606018066408 7.5773808059669099 3.2605168819427495 1.9043489098548891
decision_type=2 2 2 2 2 2 2 2 2 2 2 2 2
left_child=2 -2 3 4 11 6 7 9 -8 10 -5 12 -1
right_child=1 -3 -4 5 -6 -7 8 -9 -10 -11 -12 -13 -14
leaf_value=7.4803379236601034e-05 -0.00035414823948696589 0.00065811291252180636 -0.00063114381429586232 0.0004115414042759786 0.00091837962841364879 -0.00085058526571723202 -0.00013892060852269261 0.00084950532633941498 0.00097688028001206438 -0.0011218185648144174 -0.00097759896492967901 0.00038629322699488172 -0.00067053321508160537
leaf_weight=2160 2125 2843 2944 3454 2806 2096 2936 2135 2640 2401 2373 2630 2416
leaf_count=2160 2125 2843 2944 3454 2806 2096 2936 2135 2640 2401 2373 2630 2416
internal_value=7.15179e-09 0.000225289 -3.61676e-05 2.64877e-05 0.000213688 -7.7496e-05 2.46359e-05 -0.000172231 0.000390167 -0.000438061 -0.000154881 -6.16098e-05 -0.000319318
internal_weight=35959 4968 30991 28047 10012 18035 15939 10363 5576 8228 5827 7206 4576
internal_count=35959 4968 30991 28047 10012 18035 15939 10363 5576 8228 5827 7206 4576
is_linear=0
shrinkage=0.05


Tree=141
num_leaves=13
num_cat=0
split_feature=0 0 1 1 1 1 0 1 2 0 0 0
split_gain=0.121096 0.748754 0.434985 1.24474 0.434564 0.570194 0.94307 0.768651 0.3037 0.438968 0.695854 0.117516
threshold=2.4125087261199956 2.1701763868331914 31.147220611572269 25.892906188964847 18.176328659057621 9.8924860954284686 3.5914174318313603 6.1421737670898446 1.5000000000000002 1.2132524251937868 1.6672472357749941 3.6524949073791508
decision_type=2 2 2 2 2 2 2 2 2 2 2 2
left_child=1 8 3 4 5 7 -7 -2 9 -1 -11 -6
right_child=2 -3 -4 -5 11 6 -8 -9 -10 10 -12 -13
leaf_value=-0.00037041930931499823 -0.00026169543817052622 0.00094284094911324114 0.00048556350543374683 -0.0011405607416437118 0.00070872491254242529 -0.0013096332033318463 9.5969893299350332e-05 0.00093426221441954185 -0.00050548807723798652 0.00087054393299381815 -0.00013264477572523252 0.00017723020659444523
leaf_weight=3524 3693 2267 2906 2789 2063 2241 2537 2099 2749 3101 3885 2105
leaf_count=3524 3693 2267 2906 2789 2063 2241 2537 2099 2749 3101 3885 2105
internal_value=2.84907e-10 0.000105224 -7.9966e-05 -0.000173955 9.61353e-06 -0.000160893 -0.000564651 0.000172579 -3.85932e-05 8.38925e-05 0.000313266 0.000441366
internal_weight=35959 15526 20433 17527 14738 10570 4778 5792 13259 10510 6986 4168
internal_count=35959 15526 20433 17527 14738 10570 4778 5792 13259 10510 6986 4168
is_linear=0
shrinkage=0.05


Tree=142
num_leaves=13
num_cat=0
split_feature=1 1 2 1 0 2 0 0 2 1 0 0
split_gain=0.127992 0.33704 0.513847 0.40906 0.239542 0.881568 0.467915 0.748274 0.409101 0.2746 0.715602 0.547387
threshold=32.301969528198249 26.775197029113773 1.0000000180025095e-35 23.984110832214359 2.9131472110748295 1.5000000000000002 1.1269598007202151 1.6672472357749941 1.0000000180025095e-35 15.66848945617676 3.5047909021377568 4.4229865074157724
decision_type=2 2 2 2 2 2 2 2 2 2 2 2
left_child=1 3 -3 4 5 6 -1 -8 -9 10 -6 -12
right_child=-2 2 -4 -5 9 -7 7 8 -10 -11 11 -13
leaf_value=-0.00071845716247630491 -0.00027190949815956105 -8.6310971451280467e-05 0.00089550964639339395 -0.00062360731330536568 -0.0011240647270717413 0.00095220919565555022 0.00086721722623912074 0.00014075478145625267 -0.00069723049970059348 0.00019630218766555622 0.0006182998661489103 -0.00045328284418784371
leaf_weight=2053 3853 2711 2608 2686 2030 2808 2403 3926 2303 3687 2025 2866
leaf_count=2053 3853 2711 2608 2686 2030 2808 2403 3926 2303 3687 2025 2866
internal_value=7.13207e-09 3.2714e-05 0.00039587 -3.95175e-05 2.58096e-05 0.000165523 -4.19135e-05 0.000119638 -0.000169688 -0.00015189 -0.000337396 -9.26367e-06
internal_weight=35959 32106 5319 26787 24101 13493 10685 8632 6229 10608 6921 4891
internal_count=35959 32106 5319 26787 24101 13493 10685 8632 6229 10608 6921 4891
is_linear=0
shrinkage=0.05


Tree=143
num_leaves=14
num_cat=0
split_feature=0 0 0 1 3 1 0 0 1 2 1 3 1
split_gain=0.117085 0.551106 0.337578 0.600896 0.537779 0.428084 0.326326 0.681718 0.401909 0.310706 0.372134 0.42719 0.443392
threshold=3.2911728620529179 2.9606319665908818 4.9353501796722421 26.204829216003422 1.6396103838612908 15.403133392333986 2.4125087261199956 2.1701763868331914 13.971977710723879 1.5000000000000002 22.897038459777836 4.2499999022111368 10.817564010620119
decision_type=2 2 2 2 2 2 2 2 2 2 2 2 2
left_child=1 6 3 4 -2 -4 7 9 -8 10 11 12 -1
right_child=2 -3 5 -5 -6 -7 8 -9 -10 -11 -12 -13 -14
leaf_value=0.0006908089147332709 0.00043387943231126185 0.0007567372614185725 -0.00031613728351872952 -0.00099671366931551749 -0.0005085326000093532 0.00065762289264472838 0.00016566076680118579 0.0008930968260590982 -0.00074554308849031099 -0.00051561693230992576 0.00047651825809239825 -0.00068278195845244364 -0.00031759371752085579
leaf_weight=2024 2954 2566 2023 2294 3084 2530 2051 2267 2931 2749 3784 2362 2340
leaf_count=2024 2954 2566 2023 2294 3084 2530 2051 2267 2931 2749 3784 2362 2340
internal_value=2.53691e-09 6.74166e-05 -0.000120679 -0.000309735 -4.75167e-05 0.000225215 -1.91592e-05 9.38534e-05 -0.000370836 -4.33699e-05 8.05239e-05 -0.000142636 0.000150608
internal_weight=35959 23074 12885 8332 6038 4553 20508 15526 4982 13259 10510 6726 4364
internal_count=35959 23074 12885 8332 6038 4553 20508 15526 4982 13259 10510 6726 4364
is_linear=0
shrinkage=0.05


Tree=144
num_leaves=14
num_cat=0
split_feature=1 0 0 1 1 3 3 3 1 1 3 0 1
split_gain=0.112856 0.634227 0.452324 0.455911 0.393731 0.559151 0.387995 0.781601 0.873128 0.561206 0.546895 0.367349 0.238389
threshold=9.0399641990661639 5.6840813159942636 4.0009002685546884 22.187371253967289 4.1542353630065927 1.7142857720657281 4.1715684632073584 0.10128205695522034 24.662733078002933 24.402464866638187 1.1702898454834212 2.1701763868331914 1.9540863037109377
decision_type=2 2 2 2 2 2 2 2 2 2 2 2 2
left_child=4 2 6 -4 12 -6 7 -2 10 11 -9 -8 -1
right_child=1 -3 3 -5 5 -7 9 8 -10 -11 -12 -13 -14
leaf_value=-0.00018286645357124692 0.00050594643631202466 0.00090217239787520904 6.5654224057711693e-05 -0.00096131062578606495 -0.00098253172408988769 7.1422611015881955e-05 0.00026557585475713084 -0.00027794430432976665 0.00024294841242513199 -0.00013757810154438666 -0.0012916481435389052 0.0011995165984153707 0.00057366154374996047
leaf_weight=2006 3939 2017 2027 2302 2474 2548 2054 2890 3810 3112 2467 2166 2147
leaf_count=2006 3939 2017 2027 2302 2474 2548 2054 2890 3810 3112 2467 2166 2147
internal_value=2.29869e-09 5.18498e-05 -1.77358e-05 -0.000481404 -0.000151244 -0.00044871 8.06618e-05 -8.22969e-05 -0.000335337 0.000371667 -0.000746311 0.000746642 0.000208679
internal_weight=35959 26784 24767 4329 9175 5022 20438 13106 9167 7332 5357 4220 4153
internal_count=35959 26784 24767 4329 9175 5022 20438 13106 9167 7332 5357 4220 4153
is_linear=0
shrinkage=0.05


Tree=145
num_leaves=12
num_cat=0
split_feature=1 0 0 1 1 3 3 3 2 3 0
split_gain=0.113228 0.341102 0.278392 0.47093 0.388324 0.230522 0.784794 0.598031 1.04176 0.502879 0.45705
threshold=32.301969528198249 1.0044955611228945 1.5388837456703188 29.441926002502445 25.892906188964847 0.57417583521538762 0.073622406135891424 1.2000000149011616 1.0000000180025095e-35 8.2678568802812062 3.7210886478424077
decision_type=2 2 2 2 2 2 2 2 2 2 2
left_child=1 -1 -3 4 5 6 -4 -7 10 -10 -9
right_child=-2 2 3 -5 -6 7 -8 8 9 -11 -12
leaf_value=0.00056807298936730551 -0.00025575135656765504 -0.00041491373679192602 -0.00019736661584534654 0.00077096554779897434 -0.0005691040217569134 -0.00081942611175926964 0.00087139152875331805 0.00022616648283533167 2.0538727987926894e-05 -0.00091434087368986018 0.0011577919424182576
leaf_weight=2695 3853 3842 3771 2024 2841 2196 3140 3754 3250 2570 2023
leaf_count=2695 3853 3842 3771 2024 2841 2196 3140 3754 3250 2570 2023
internal_value=2.09035e-09 3.07648e-05 -1.86464e-05 4.10357e-05 -2.20119e-05 5.32985e-05 0.000288779 -6.48131e-05 7.86627e-05 -0.000393146 0.000553842
internal_weight=35959 32106 29411 25569 23545 20704 6911 13793 11597 5820 5777
internal_count=35959 32106 29411 25569 23545 20704 6911 13793 11597 5820 5777
is_linear=0
shrinkage=0.05


Tree=146
num_leaves=13
num_cat=0
split_feature=0 0 3 3 1 0 3 1 0 1 3 0
split_gain=0.112577 0.492445 0.320845 0.505634 0.756685 0.559391 0.474738 0.986001 0.278884 0.507239 0.516169 0.420608
threshold=3.2911728620529179 2.9606319665908818 1.7142857720657281 3.577380805966909 11.357594013214113 1.8904238343238833 0.10128205695522034 18.748026847839359 4.9353501796722421 26.204829216003422 1.6396103838612908 6.0247890949249276
decision_type=2 2 2 2 2 2 2 2 2 2 2 2
left_child=1 2 6 -4 -5 -6 -1 -8 9 10 -2 -10
right_child=8 -3 3 4 5 -7 7 -9 11 -11 -12 -13
leaf_value=0.00020871141615072216 0.00042239808872356944 0.00071771403918100376 0.00078911807870580815 -0.00073575284774923247 -0.00016977069494477368 0.00085362488996357342 9.3594805910865656e-05 -0.0011769643900838543 0.00062681905461131669 -0.00092133570134065072 -0.00050088612167472084 -0.00033783941988631857
leaf_weight=3982 2954 2566 2552 2502 2807 2532 3312 2821 2519 2294 3084 2034
leaf_count=3982 2954 2566 2552 2502 2807 2532 3312 2821 2519 2294 3084 2034
internal_value=8.15467e-09 6.61117e-05 -1.57281e-05 0.000179292 -1.9939e-05 0.000316259 -0.000216088 -0.00049179 -0.000118327 -0.00029016 -4.92318e-05 0.000196073
internal_weight=35959 23074 20508 10393 7841 5339 10115 6133 12885 8332 6038 4553
internal_count=35959 23074 20508 10393 7841 5339 10115 6133 12885 8332 6038 4553
is_linear=0
shrinkage=0.05


Tree=147
num_leaves=13
num_cat=0
split_feature=3 3 1 3 1 0 0 0 1 0 1 0
split_gain=0.113457 0.775135 0.49299 1.1282 0.720338 0.672982 1.12293 0.665973 0.28528 0.342185 0.162629 0.440058
threshold=0.50675675022593392 0.20000000372529025 27.029055595397953 3.7499998742714582 23.984110832214359 3.2190680503845219 2.6871799230575566 4.2455294132232675 11.357594013214113 1.7853217124938967 25.086171150207523 2.1567411422729497
decision_type=2 2 2 2 2 2 2 2 2 2 2 2
left_child=1 10 4 -4 5 6 8 -7 -2 -10 11 -1
right_child=2 -3 3 -5 -6 7 -8 -9 9 -11 -12 -13
leaf_value=-0.00029695009348657225 -0.00028968580945422628 -0.00077524821394775066 0.0012010444815857971 -0.00016457212167240106 -0.00095502621049946561 -0.00094787687875079593 0.0013380270326035293 0.00010211913032048578 -0.00011267478729151915 0.00077294277113802766 -0.00021071069158718912 0.000604238036308824
leaf_weight=2132 3782 3302 2740 3356 2027 2750 2036 3331 2321 2044 2456 3682
leaf_count=2132 3782 3302 2740 3356 2027 2750 2036 3331 2321 2044 2456 3682
internal_value=5.93074e-09 -0.00012886 6.11825e-05 0.0004502 -6.8644e-05 4.23457e-05 0.000290797 -0.000373495 2.77665e-05 0.000302852 0.000129851 0.000273829
internal_weight=35959 11572 24387 6096 18291 16264 10183 6081 8147 4365 8270 5814
internal_count=35959 11572 24387 6096 18291 16264 10183 6081 8147 4365 8270 5814
is_linear=0
shrinkage=0.05


Tree=148
num_leaves=13
num_cat=0
split_feature=0 0 1 1 1 1 0 1 2 0 0 0
split_gain=0.110855 0.57429 0.437746 1.03973 0.393138 0.564704 0.858647 0.714314 0.277025 0.376394 0.620913 0.108549
threshold=2.4125087261199956 2.1701763868331914 31.147220611572269 25.892906188964847 18.176328659057621 9.8924860954284686 3.5914174318313603 6.1421737670898446 1.5000000000000002 1.2132524251937868 1.6672472357749941 3.6524949073791508
decision_type=2 2 2 2 2 2 2 2 2 2 2 2
left_child=1 8 3 4 5 7 -7 -2 9 -1 -11 -6
right_child=2 -3 -4 -5 11 6 -8 -9 -10 10 -12 -13
leaf_value=-0.00032900499960517043 -0.00025195241156986397 0.00083425425872742033 0.00049081702976008031 -0.0010542145178937955 0.0006645880255829775 -0.0012778331857389365 6.3477969255298745e-05 0.00090095924247979894 -0.00047119833454964828 0.00083049822018461819 -0.00011714713090015222 0.00015390093400485455
leaf_weight=3524 3693 2267 2906 2789 2063 2241 2537 2099 2749 3101 3885 2105
leaf_count=3524 3693 2267 2906 2789 2063 2241 2537 2099 2749 3101 3885 2105
internal_value=9.32987e-09 0.000100685 -7.65012e-05 -0.00017079 -3.00986e-06 -0.000165178 -0.000566985 0.000166691 -2.5273e-05 9.17004e-05 0.000304087 0.000407657
internal_weight=35959 15526 20433 17527 14738 10570 4778 5792 13259 10510 6986 4168
internal_count=35959 15526 20433 17527 14738 10570 4778 5792 13259 10510 6986 4168
is_linear=0
shrinkage=0.05


Tree=149
num_leaves=14
num_cat=0
split_feature=1 0 0 1 0 0 0 1 3 3 1 1 1
split_gain=0.117216 0.349067 0.241357 0.438793 0.368432 0.979444 0.775541 0.403597 0.369765 0.635485 0.636328 0.514885 0.336338
threshold=32.301969528198249 1.0044955611228945 1.5388837456703188 29.441926002502445 2.3991304636001591 2.1276745796203618 2.6541824340820317 15.66848945617676 0.063164892959319541 6.9999997206032392 17.748370170593265 10.494718551635744 14.54577159881592
decision_type=2 2 2 2 2 2 2 2 2 2 2 2 2
left_child=1 -1 -3 4 5 7 -6 -4 -8 10 11 -10 -11
right_child=-2 2 3 -5 6 -7 8 -9 9 12 -12 -13 -14
leaf_value=0.00057486035166133553 -0.00026020251482475803 -0.00038763916383397596 0.00031156725705844349 0.00074148539885845197 -0.0010600490368582727 0.0011664490075730717 -0.00055497976629930877 -0.00062876596238367643 0.00042673232578249466 3.7930029176964539e-05 0.00091455342387906219 -0.00059761625626968779 -0.00087635408923616954
leaf_weight=2695 3853 3842 2446 2024 2041 2149 2662 2122 2954 2010 3076 2083 2002
leaf_count=2695 3853 3842 2446 2024 2041 2149 2662 2122 2954 2010 3076 2083 2002
internal_value=1.49327e-08 3.13146e-05 -1.86703e-05 3.69009e-05 -2.39564e-05 0.000288843 -0.000148909 -0.000125671 -2.25165e-05 9.47449e-05 0.000349173 2.77864e-06 -0.000419345
internal_weight=35959 32106 29411 25569 23545 6717 16828 4568 14787 12125 8113 5037 4012
internal_count=35959 32106 29411 25569 23545 6717 16828 4568 14787 12125 8113 5037 4012
is_linear=0
shrinkage=0.05


end of trees

feature_importances:
Column_1=729
Column_0=624
Column_3=400
Column_2=156

parameters:
[boosting: gbdt]
[objective: regression]
[metric: l2]
[tree_learner: serial]
[device_type: cpu]
[data_sample_strategy: bagging]
[data: ]
[valid: ]
[num_iterations: 150]
[learning_rate: 0.05]
[num_leaves: 15]
[num_threads: 1]
[seed: 0]
[deterministic: 1]
[force_col_wise: 1]
[force_row_wise: 0]
[histogram_pool_size: -1]
[max_depth: -1]
[min_data_in_leaf: 2000]
[min_sum_hessian_in_leaf: 0.001]
[bagging_fraction: 1]
[pos_bagging_fraction: 1]
[neg_bagging_fraction: 1]
[bagging_freq: 0]
[bagging_seed: 7719]
[bagging_by_query: 0]
[feature_fraction: 1]
[feature_fraction_bynode: 1]
[feature_fraction_seed: 2437]
[extra_trees: 0]
[extra_seed: 11797]
[early_stopping_round: 0]
[early_stopping_min_delta: 0]
[first_metric_only: 0]
[max_delta_step: 0]
[lambda_l1: 0]
[lambda_l2: 10]
[linear_lambda: 0]
[min_gain_to_split: 0]
[drop_rate: 0.1]
[max_drop: 50]
[skip_drop: 0.5]
[xgboost_dart_mode: 0]
[uniform_drop: 0]
[drop_seed: 21238]
[top_rate: 0.2]
[other_rate: 0.1]
[min_data_per_group: 100]
[max_cat_threshold: 32]
[cat_l2: 10]
[cat_smooth: 10]
[max_cat_to_onehot: 4]
[top_k: 20]
[monotone_constraints: ]
[monotone_constraints_method: basic]
[monotone_penalty: 0]
[feature_contri: ]
[forcedsplits_filename: ]
[refit_decay_rate: 0.9]
[cegb_tradeoff: 1]
[cegb_penalty_split: 0]
[cegb_penalty_feature_lazy: ]
[cegb_penalty_feature_coupled: ]
[path_smooth: 0]
[interaction_constraints: ]
[verbosity: -1]
[saved_feature_importance_type: 0]
[use_quantized_grad: 0]
[num_grad_quant_bins: 4]
[quant_train_renew_leaf: 0]
[stochastic_rounding: 1]
[linear_tree: 0]
[max_bin: 255]
[max_bin_by_feature: ]
[min_data_in_bin: 3]
[bin_construct_sample_cnt: 200000]
[data_random_seed: 38]
[is_enable_sparse: 1]
[enable_bundle: 1]
[use_missing: 1]
[zero_as_missing: 0]
[feature_pre_filter: 1]
[pre_partition: 0]
[two_round: 0]
[header: 0]
[label_column: ]
[weight_column: ]
[group_column: ]
[ignore_column: ]
[categorical_feature: ]
[forcedbins_filename: ]
[precise_float_parser: 0]
[parser_config_file: ]
[objective_seed: 8855]
[num_class: 1]
[is_unbalance: 0]
[scale_pos_weight: 1]
[sigmoid: 1]
[boost_from_average: 1]
[reg_sqrt: 0]
[alpha: 0.9]
[fair_c: 1]
[poisson_max_delta_step: 0.7]
[tweedie_variance_power: 1.5]
[lambdarank_truncation_level: 30]
[lambdarank_norm: 1]
[label_gain: ]
[lambdarank_position_bias_regularization: 0]
[eval_at: ]
[multi_error_top_k: 1]
[auc_mu_weights: ]
[num_machines: 1]
[local_listen_port: 12400]
[time_out: 120]
[machine_list_filename: ]
[machines: ]
[gpu_platform_id: -1]
[gpu_device_id: -1]
[gpu_device_id_list: ]
[gpu_use_dp: 0]
[num_gpu: 1]

end of parameters

pandas_categorical:null
