tree
version=v4
num_class=1
num_tree_per_iteration=1
label_index=0
max_feature_idx=3
objective=regression
feature_names=Column_0 Column_1 Column_2 Column_3
feature_infos=[0.073584243655204773:14.344818115234375] [0.0024536035489290953:35.997413635253906] [0:2] [0:10]
tree_sizes=1430 1491 1484 1488 1492 1491 1489 1494 1490 1493 1489 1495 1496 1497 1495 1489 1501 1500 1497 1501 1509 1498 1495 1501 1506 1497 1497 1500 1506 1494 1502 1501 1505 1495 1505 1503 1503 1506 1508 1502 1506 1499 1505 1518 1502 1507 1506 1508 1502 1511 1503 1514 1499 1509 1498 1499 1505 1505 1508 1510 1497 1509 1512 1496 1510 1503 1509 1507 1519 1506 1506 1511 1503 1509 1503 1509 1501 1521 1519 1509 1520 1504 1512 1502 1515 1501 1506 1510 1505 1508 1516 1511 1511 1517 1514 1516 1497 1507 1511 1507 1510 1520 1510 1511 1516 1509 1516 1513 1523 1517 1514 1504 1514 1512 1505 1506 1509 1499 1511 1511 1525 1506 1506 1523 1508 1517 1504 1505 1517 1507 1514 1510 1503 1523 1512 1514 1520 1523 1506 1499 1510 1520 1512 1498 1514 1515 1508 1500 1520 1512

Tree=0
num_leaves=15
num_cat=0
split_feature=0 2 2 2 2 0 0 0 3 3 0 1 3 0
split_gain=1167.86 554.182 433.265 383.725 246.387 244.323 108.547 101.727 87.857 85.0647 82.5133 55.2661 29.0826 22.7653
threshold=3.6852741241455083 1.5000000000000002 1.5000000000000002 1.0000000180025095e-35 1.0000000180025095e-35 5.7666234970092782 2.1084632873535161 1.856028735637665 1.7142857720657281 2.6076922597088066 4.9276232719421396 11.662280082702638 1.9393381828105503 1.3101463317871096
decision_type=2 2 2 2 2 2 2 2 2 2 2 2 2 2
left_child=1 4 3 5 6 9 13 12 -8 -2 -4 -9 -3 -1
right_child=2 7 10 -5 -6 -7 8 11 -10 -11 -12 -13 -14 -15
leaf_value=0.78748398464366454 0.8128586679348172 0.79916883862664867 0.84134488141194974 0.79916023406815406 0.78306924647477061 0.85858000549000424 0.79707692701062127 0.84108276173279473 0.81348662959831708 0.8343291374957561 0.86922206952315961 0.82072773549752953 0.81580626522459043 0.7960678621566375
leaf_weight=1314 1058 535 539 1500 3819 613 1589 506 1676 818 523 978 516 1874
leaf_count=1314 1058 535 539 1500 3819 613 1589 506 1676 818 523 978 516 1874
internal_value=0.806332 0.798302 0.826692 0.819137 0.793135 0.831175 0.799093 0.819239 0.8055 0.822221 0.855073 0.827668 0.807337 0.79253
internal_weight=17858 12807 5051 3989 10272 2489 6453 2535 3265 1876 1062 1484 1051 3188
internal_count=17858 12807 5051 3989 10272 2489 6453 2535 3265 1876 1062 1484 1051 3188
is_linear=0
shrinkage=1


Tree=1
num_leaves=15
num_cat=0
split_feature=0 2 2 2 0 2 0 0 3 3 0 1 3 0
split_gain=1053.99 500.149 391.022 346.312 224.046 222.364 97.9636 91.8089 79.5847 75.0607 74.4682 49.8777 26.247 20.5457
threshold=3.6852741241455083 1.5000000000000002 1.5000000000000002 1.0000000180025095e-35 5.1829545497894296 1.0000000180025095e-35 2.1084632873535161 1.856028735637665 3.1339284800544296 0.91106719906050493 4.9276232719421396 11.662280082702638 1.9393381828105503 1.3101463317871096
decision_type=2 2 2 2 2 2 2 2 2 2 2 2 2 2
left_child=1 5 3 4 9 6 13 12 -8 -2 -4 -9 -3 -1
right_child=2 7 10 -5 -6 -7 8 11 -10 -11 -12 -13 -14 -15
leaf_value=-0.017905782566858028 -0.0010966058760976639 -0.0068051710529862175 0.033262069631153669 -0.00681334502696991 0.043708299602685352 -0.022099783341589324 -0.0072866949008004297 0.033013057490818114 0.0085898903382574023 0.021098486870864189 0.059745397172284179 0.013675781353119693 0.0090003837217656219 -0.0097510970548479129
leaf_weight=1314 626 535 539 1500 890 3819 1929 506 1336 973 523 978 516 1874
leaf_count=1314 626 535 539 1500 890 3819 1929 506 1336 973 523 978 516 1874
internal_value=2.69853e-10 -0.00762847 0.0193423 0.0121641 0.0236009 -0.0125371 -0.00687768 0.0122615 -0.000790181 0.0124092 0.0463042 0.0202692 0.00095474 -0.0131122
internal_weight=17858 12807 5051 3989 2489 10272 6453 2535 3265 1599 1062 1484 1051 3188
internal_count=17858 12807 5051 3989 2489 10272 6453 2535 3265 1599 1062 1484 1051 3188
is_linear=0
shrinkage=0.05


Tree=2
num_leaves=15
num_cat=0
split_feature=0 2 2 2 2 0 0 3 1 0 0 0 0 0
split_gain=955.455 584.024 291.236 187.97 254.386 178.582 131.657 101.559 98.7454 58.1387 41.3832 37.8156 37.7193 24.7539
threshold=4.9276232719421396 1.5000000000000002 1.0000000180025095e-35 1.5000000000000002 1.0000000180025095e-35 2.1084632873535161 3.1530255079269414 0.89736842799962724 19.641646385192875 5.9931476116180429 3.6852741241455083 2.8274753093719487 1.856028735637665 3.790665984153748
decision_type=2 2 2 2 2 2 2 2 2 2 2 2 2 2
left_child=1 2 5 4 9 -1 8 13 12 -2 -9 -4 -3 -7
right_child=3 6 11 -5 -6 7 -8 10 -10 -11 -12 -13 -14 -15
leaf_value=-0.012456608858132453 0.026214226702214183 0.008856911502154589 -0.022771629922587956 0.056758127533910845 -0.0016053689632587092 -0.010035317334195526 0.03151135721279983 0.0047548182859063802 -0.0036407713048896423 0.049712839179212903 0.01778561695642078 -0.013565867598427839 0.026200900651260794 0.0030162725131032959
leaf_weight=3188 532 609 2794 523 668 1308 878 2017 941 521 873 1857 646 503
leaf_count=3188 532 609 2794 523 668 1308 878 2017 941 521 873 1857 646 503
internal_value=9.6543e-11 -0.00438443 -0.00917218 0.0305073 0.0225299 -0.00332151 0.0151466 0.0028735 0.00860368 0.0378408 0.00869111 -0.0190961 0.0177846 -0.00641028
internal_weight=17858 15614 12540 2244 1721 7889 3074 4701 2196 1053 2890 4651 1255 1811
internal_count=17858 15614 12540 2244 1721 7889 3074 4701 2196 1053 2890 4651 1255 1811
is_linear=0
shrinkage=0.05


Tree=3
num_leaves=15
num_cat=0
split_feature=0 2 2 2 2 0 0 3 1 3 0 0 0 3
split_gain=862.298 527.082 262.84 169.643 229.584 161.17 119.239 91.6755 86.1439 84.7179 52.4702 42.8937 34.1827 25.4874
threshold=4.9276232719421396 1.5000000000000002 1.0000000180025095e-35 1.5000000000000002 1.0000000180025095e-35 2.1084632873535161 1.856028735637665 3.3333332919412215 8.3587198257446307 1.4472221576781208 5.9931476116180429 3.9215983152389531 2.775752186775208 0.36602871677153453
decision_type=2 2 2 2 2 2 2 2 2 2 2 2 2 2
left_child=1 2 5 4 10 -1 -3 11 -8 -10 -2 13 -4 -7
right_child=3 6 12 -5 -6 7 8 -9 9 -11 -12 -13 -14 -15
leaf_value=-0.011833778512634927 0.024903516003623942 0.00072695381946500206 -0.021749713826407238 0.05392022335164634 -0.0015250991204541601 -0.012194328872624512 0.039399345582794579 0.011351549466941847 0.0027377184277619197 0.026431652939856855 0.0472271989208723 0.0081115684006363153 -0.013049371286400123 -0.0013184210453422284
leaf_weight=3188 532 1051 2722 523 668 1002 504 1862 698 821 521 672 1929 1165
leaf_count=3188 532 1051 2722 523 668 1002 504 1862 698 821 521 672 1929 1165
internal_value=1.00548e-10 -0.00416521 -0.00871357 0.028982 0.0214034 -0.00315543 0.0143893 0.00272982 0.0214872 0.015544 0.0359488 -0.00292487 -0.0181413 -0.00634734
internal_weight=17858 15614 12540 2244 1721 7889 3074 4701 2023 1519 1053 2839 4651 2167
internal_count=17858 15614 12540 2244 1721 7889 3074 4701 2023 1519 1053 2839 4651 2167
is_linear=0
shrinkage=0.05


Tree=4
num_leaves=15
num_cat=0
split_feature=0 2 2 2 0 2 0 0 3 3 0 1 3 0
split_gain=788.051 366.116 289.356 252.827 166.526 164.356 71.1084 67.9965 66.9033 61.2075 52.6855 37.3954 23.7405 18.5425
threshold=3.6852741241455083 1.5000000000000002 1.5000000000000002 1.0000000180025095e-35 5.7666234970092782 1.0000000180025095e-35 2.1084632873535161 1.856028735637665 2.6076922597088066 4.4083332626769964 4.9276232719421396 11.662280082702638 1.9393381828105503 1.3101463317871096
decision_type=2 2 2 2 2 2 2 2 2 2 2 2 2 2
left_child=1 5 3 4 8 6 13 12 -2 -8 -4 -9 -3 -1
right_child=2 7 10 -5 -6 -7 9 11 -10 -11 -12 -13 -14 -15
leaf_value=-0.01579597481445635 0.0046267094875779178 -0.0066894804094439365 0.028948446417120261 -0.0056648431261380515 0.042946873449676383 -0.019017223684099152 -0.0057582190794103292 0.028347217533074821 0.023667755531725499 0.008602698020506323 0.051224212322818624 0.011603530718809745 0.0083424386821051907 -0.0080490237461719096
leaf_weight=1314 1058 535 539 1500 613 3819 2125 506 818 1140 523 978 516 1874
leaf_count=1314 1058 535 539 1500 613 3819 2125 506 818 1140 523 978 516 1874
internal_value=3.42114e-12 -0.00659623 0.016725 0.0105501 0.0203221 -0.0107959 -0.00593041 0.0104212 0.0129293 -0.000743994 0.0399185 0.0173126 0.000690605 -0.0112421
internal_weight=17858 12807 5051 3989 2489 10272 6453 2535 1876 3265 1062 1484 1051 3188
internal_count=17858 12807 5051 3989 2489 10272 6453 2535 1876 3265 1062 1484 1051 3188
is_linear=0
shrinkage=0.05


Tree=5
num_leaves=15
num_cat=0
split_feature=0 2 2 2 0 2 0 0 3 0 3 3 0 3
split_gain=711.216 330.42 261.143 228.176 153.709 148.331 64.1753 61.3668 55.8792 47.5487 35.644 32.9591 31.1345 21.4258
threshold=3.6852741241455083 1.5000000000000002 1.5000000000000002 1.0000000180025095e-35 4.9729626178741464 1.0000000180025095e-35 2.1084632873535161 1.856028735637665 1.7142857720657281 4.9276232719421396 1.4316770673018915 0.91106719906050493 5.9931476116180429 1.9393381828105503
decision_type=2 2 2 2 2 2 2 2 2 2 2 2 2 2
left_child=1 5 3 4 11 6 -1 13 -8 -4 -9 -2 -6 -3
right_child=2 7 9 -5 12 -7 8 10 -10 -11 -12 -13 -14 -15
leaf_value=-0.010679984588171338 -0.00037243368815058049 -0.0063550057366629628 0.027501023352035567 -0.0053816016713778177 0.025296422676874861 -0.018066362699122603 -0.0074246194281617078 0.0080666326073526636 0.0056623128342813411 0.048663000748216764 0.023612212855368853 0.014974254150600995 0.042718495031007192 0.0079253176386042175
leaf_weight=3188 579 535 539 1500 505 3819 1589 684 1676 523 800 884 521 516
leaf_count=3188 579 535 539 1500 505 3819 1589 684 1676 523 800 884 521 516
internal_value=-9.84621e-11 -0.00626642 0.0158887 0.0100226 0.019306 -0.0102561 -0.00563389 0.00990015 -0.000706794 0.0379226 0.016447 0.00890062 0.0341433 0.000656076
internal_weight=17858 12807 5051 3989 2489 10272 6453 2535 3265 1062 1484 1463 1026 1051
internal_count=17858 12807 5051 3989 2489 10272 6453 2535 3265 1062 1484 1463 1026 1051
is_linear=0
shrinkage=0.05


Tree=6
num_leaves=15
num_cat=0
split_feature=0 2 2 0 0 0 1 3 0 0 0 1 3 0
split_gain=643.227 388.734 194.473 125.909 117.928 98.2957 84.4807 70.9098 29.0138 26.8007 22.2993 20.6482 17.5777 16.7346
threshold=4.9276232719421396 1.5000000000000002 1.0000000180025095e-35 6.786980628967286 2.1084632873535161 3.1530255079269414 19.641646385192875 0.89736842799962724 3.71253514289856 2.775752186775208 1.8234136104583742 15.54867458343506 4.4083332626769964 1.3101463317871096
decision_type=2 2 2 2 2 2 2 2 2 2 2 2 2 2
left_child=1 2 4 -2 13 6 10 11 12 -4 -3 -6 -9 -1
right_child=3 5 9 -5 7 -7 -8 8 -10 -11 -12 -13 -14 -15
leaf_value=-0.014472176354588258 0.018510309867257994 0.0080198588926428168 -0.018808051621887634 0.046542547019448322 0.00057624199683573496 0.026477159885583548 -0.0046420463878467412 -0.001361139069952852 0.014901775466768366 -0.011104229798645724 0.021383302989194081 -0.010179061147235555 0.0080101787641592547 -0.0071125755569596428
leaf_weight=1314 1722 583 2722 522 797 878 941 887 855 1929 672 1014 1148 1874
leaf_count=1314 1722 583 2722 522 797 878 941 887 855 1929 672 1014 1148 1874
internal_value=-6.24609e-10 -0.00359741 -0.0075035 0.0250312 -0.00272257 0.012337 0.00668351 0.00231165 0.00717279 -0.0156129 0.0151754 -0.00544578 0.00392548 -0.010146
internal_weight=17858 15614 12540 2244 7889 3074 2196 4701 2890 4651 1255 1811 2035 3188
internal_count=17858 15614 12540 2244 7889 3074 2196 4701 2890 4651 1255 1811 2035 3188
is_linear=0
shrinkage=0.05


Tree=7
num_leaves=15
num_cat=0
split_feature=0 2 2 2 0 2 0 0 3 3 0 3 3 3
split_gain=583.606 270.043 223.076 197.357 128.327 120.859 51.667 51.4786 48.6174 46.8693 43.3904 31.9437 19.3759 15.5085
threshold=3.6852741241455083 1.5000000000000002 1.5000000000000002 1.0000000180025095e-35 5.1829545497894296 1.0000000180025095e-35 2.1084632873535161 1.856028735637665 2.6076922597088066 4.4083332626769964 4.9276232719421396 1.4316770673018915 1.9393381828105503 4.1846589079446215
decision_type=2 2 2 2 2 2 2 2 2 2 2 2 2 2
left_child=1 5 3 4 8 6 -1 12 -2 -8 -4 -9 -3 -5
right_child=2 7 10 13 -6 -7 9 11 -10 -11 -12 -13 -14 -15
leaf_value=-0.0096386856283791553 0.0014903130784498907 -0.006195264219123627 0.024802113441899004 -0.0091405117388216328 0.032822446737731444 -0.016333287635159201 -0.0050778384811737964 0.0070014009829501671 0.019078195101494413 0.0074889384549960761 0.045017578079584231 0.021717966159805657 0.0073847616336835458 0.0014730177805802533
leaf_weight=3188 904 535 539 965 890 3819 2125 684 695 1140 523 800 516 535
leaf_count=3188 904 535 539 965 890 3819 2125 684 695 1140 523 800 516 535
internal_value=-5.42793e-11 -0.00567647 0.0143929 0.00897118 0.0176049 -0.00928329 -0.00511098 0.00893862 0.00913483 -0.000690051 0.0347576 0.0149349 0.000471999 -0.00535502
internal_weight=17858 12807 5051 3989 2489 10272 6453 2535 1599 3265 1062 1484 1051 1500
internal_count=17858 12807 5051 3989 2489 10272 6453 2535 1599 3265 1062 1484 1051 1500
is_linear=0
shrinkage=0.05


Tree=8
num_leaves=15
num_cat=0
split_feature=0 2 2 2 0 2 1 0 0 3 0 1 3 0
split_gain=526.705 243.714 201.326 178.115 116.799 109.076 49.6149 48.939 47.1144 53.2336 39.1598 26.5018 25.174 24.7088
threshold=3.6852741241455083 1.5000000000000002 1.5000000000000002 1.0000000180025095e-35 4.9729626178741464 1.0000000180025095e-35 19.641646385192875 2.1526268720626835 1.5108551979064944 3.2583332555368583 4.9276232719421396 26.752210617065433 1.8775000068955163 5.9931476116180429
decision_type=2 2 2 2 2 2 2 2 2 2 2 2 2 2
left_child=1 5 3 4 -2 8 12 -8 -1 -10 -4 -11 -3 -6
right_child=2 6 10 -5 13 -7 7 -9 9 11 -12 -13 -14 -15
leaf_value=-0.01181557140189686 0.0076542069884660063 0.0080303379467555457 0.02356200812588375 -0.0050872679849465691 0.021777155360963085 -0.015516623618965469 -0.010070999985391444 0.011189174109730891 -0.0065014392857793762 0.0007295521207092222 0.042766702073994835 0.014221115246742312 0.021198539791246838 0.037297641164167374
leaf_weight=1766 1463 735 539 1500 505 3819 550 533 2855 1331 523 501 717 521
leaf_count=1766 1463 735 539 1500 505 3819 550 533 2855 1331 523 501 717 521
internal_value=-2.85665e-10 -0.00539265 0.0136733 0.00852262 0.0167246 -0.00881913 0.00849169 0.000392225 -0.00485543 -0.00223294 0.0330197 0.00441911 0.0145328 0.0296584
internal_weight=17858 12807 5051 3989 2489 10272 2535 1083 6453 4687 1062 1832 1452 1026
internal_count=17858 12807 5051 3989 2489 10272 2535 1083 6453 4687 1062 1832 1452 1026
is_linear=0
shrinkage=0.05


Tree=9
num_leaves=15
num_cat=0
split_feature=0 2 2 0 0 0 1 3 0 3 0 0 3 1
split_gain=476.388 286.24 144.18 110.364 91.7044 77.5471 69.9337 42.2871 25.4483 30.3431 21.2472 17.7988 15.7241 11.2497
threshold=4.9276232719421396 1.5000000000000002 1.0000000180025095e-35 6.786980628967286 2.7658754587173466 3.1530255079269414 19.641646385192875 0.89736842799962724 1.3101463317871096 0.13446328275310207 2.775752186775208 1.8234136104583742 1.1464285697407879 23.565176963806156
decision_type=2 2 2 2 2 2 2 2 2 2 2 2 2 2
left_child=1 2 4 12 8 6 11 -6 -1 -10 -4 -3 -2 -12
right_child=3 5 10 -5 7 -7 -8 -9 9 -11 13 -13 -14 -15
leaf_value=-0.01267585376535558 0.0098536592058755534 0.0068893770104207072 -0.016275152010045271 0.041681412649537182 -0.0030576935590090116 0.023136856916078405 -0.0047484799855320413 0.0087767708561686981 -0.013445050138122023 -0.0019814637376452393 -0.012204439848045479 0.018828403541729564 0.019525518398019873 -0.0041875727752281903
leaf_weight=1314 728 583 2722 522 1228 878 941 1959 738 2650 1258 672 994 671
leaf_count=1314 728 583 2722 522 1228 878 941 1959 738 2650 1258 672 994 671
internal_value=-2.7682e-11 -0.00309591 -0.00644773 0.0215417 -0.00233116 0.0105774 0.00555595 0.00421677 -0.00676933 -0.00447855 -0.0134302 0.0132822 0.0154366 -0.00941578
internal_weight=17858 15614 12540 2244 7889 3074 2196 3187 4702 3388 4651 1255 1722 1929
internal_count=17858 15614 12540 2244 7889 3074 2196 3187 4702 3388 4651 1255 1722 1929
is_linear=0
shrinkage=0.05


Tree=10
num_leaves=15
num_cat=0
split_feature=0 2 0 2 2 2 0 3 0 3 1 0 3 0
split_gain=433.615 199.588 172.171 155.1 100.663 88.4651 40.8455 40.1032 39.4439 37.6613 27.8119 19.5661 16.5883 13.588
threshold=3.6852741241455083 1.5000000000000002 6.786980628967286 1.5000000000000002 1.0000000180025095e-35 1.0000000180025095e-35 1.856028735637665 1.1464285697407879 2.1084632873535161 1.7142857720657281 11.662280082702638 4.8547461032867441 1.9393381828105503 1.2076039314270022
decision_type=2 2 2 2 2 2 2 2 2 2 2 2 2 2
left_child=1 5 3 4 7 8 12 -2 -1 -10 -8 -9 -3 -7
right_child=2 6 -4 -5 -6 13 10 11 9 -11 -12 -13 -14 -15
leaf_value=-0.0083801818658671388 0.0032549962165860664 -0.006038975442681358 0.03959734091442435 0.027172190385495183 -0.0062682057405717279 -0.020562300013553771 0.022529107726845347 0.011832641855597341 -0.0060764506468613845 0.004667406216228207 0.0080894388715548032 0.024516683828783227 0.0065262554227843777 -0.012664646721082334
leaf_weight=3188 949 535 522 955 1352 658 506 771 1589 1676 978 502 516 3161
leaf_count=3188 949 535 522 955 1352 658 506 771 1589 1676 978 502 516 3161
internal_value=5.42376e-12 -0.00489295 0.0124063 0.00927228 0.00448929 -0.00799376 0.00767175 0.0110348 -0.00442413 -0.00056138 0.0130129 0.0168345 0.000130063 -0.0140254
internal_weight=17858 12807 5051 4529 3574 10272 2535 2222 6453 3265 1484 1273 1051 3819
internal_count=17858 12807 5051 4529 3574 10272 2535 2222 6453 3265 1484 1273 1051 3819
is_linear=0
shrinkage=0.05


Tree=11
num_leaves=15
num_cat=0
split_feature=0 2 2 2 2 0 1 3 0 3 0 0 3 3
split_gain=392.326 231.761 117.419 94.02 123.038 75.4829 69.1876 68.0965 72.9007 35.2849 26.8353 21.9529 26.5837 20.1305
threshold=4.9276232719421396 1.5000000000000002 1.0000000180025095e-35 1.5000000000000002 1.0000000180025095e-35 2.7658754587173466 7.7142424583435067 1.4472221576781208 2.4610753059387211 0.89736842799962724 5.9931476116180429 1.3101463317871096 0.13446328275310207 0.19292804610529471
decision_type=2 2 2 2 2 2 2 2 2 2 2 2 2 2
left_child=1 2 5 4 10 11 -3 13 -9 -7 -2 -1 -13 -8
right_child=3 6 -4 -5 -6 9 7 8 -10 -11 -12 12 -14 -15
leaf_value=-0.011623053665484107 0.016656092744796798 0.023450197998558662 -0.012126834655007966 0.038114494591395785 -0.002878158934369773 -0.0028148958805329638 0.0031432994296041769 0.002110765620657548 0.025853878290395534 0.0079954390214863579 0.032620871129254464 -0.012402173061034867 -0.0016722104616884916 -0.010473407486426658
leaf_weight=1314 532 689 4651 523 668 1228 534 693 606 1959 521 738 2650 552
leaf_count=1314 532 689 4651 523 668 1228 534 693 606 1959 521 738 2650 552
internal_value=-2.87428e-10 -0.00280952 -0.00582555 0.0195489 0.013907 -0.00211059 0.00949401 0.00546223 0.0131872 0.00383005 0.0245551 -0.00613714 -0.00400949 -0.0037779
internal_weight=17858 15614 12540 2244 1721 7889 3074 2385 1299 3187 1053 4702 3388 1086
internal_count=17858 15614 12540 2244 1721 7889 3074 2385 1299 3187 1053 4702 3388 1086
is_linear=0
shrinkage=0.05


Tree=12
num_leaves=15
num_cat=0
split_feature=0 2 0 2 2 2 3 3 0 3 1 1 0 1
split_gain=360.81 162.511 146.9 125.971 80.7996 72.3973 36.1306 34.4257 32.4301 37.7934 28.6432 25.6789 20.2442 17.566
threshold=3.6852741241455083 1.5000000000000002 6.786980628967286 1.5000000000000002 1.0000000180025095e-35 1.0000000180025095e-35 2.6339712105050967 1.1464285697407879 1.3101463317871096 3.2583332555368583 27.378501892089847 19.641646385192875 2.2565510272979741 15.156090736389162
decision_type=2 2 2 2 2 2 2 2 2 2 2 2 2 2
left_child=1 5 3 4 7 8 11 -2 -1 13 -11 -3 -8 -10
right_child=2 6 -4 -5 -6 -7 12 -9 9 10 -12 -13 -14 -15
leaf_value=-0.011041899717198841 0.0027677247330185235 0.007373815441336873 0.036433370699713516 0.024553744232779399 -0.0055263122091808265 -0.012717773343730766 0.0075208015304494211 0.0153493302854514 -0.001284906502086215 -0.00035355329631734826 0.013388584548305618 -0.0062368473741195064 0.021047738887577421 -0.0088849771273347127
leaf_weight=1314 949 813 522 955 1352 3819 616 1273 1312 1513 506 604 502 1808
leaf_count=1314 949 813 522 955 1352 3819 616 1273 1312 1513 506 604 502 1808
internal_value=1.79693e-10 -0.00446332 0.0113169 0.00842206 0.00411155 -0.00726133 0.00687441 0.00997582 -0.00403211 -0.00223976 0.00309049 0.00157223 0.0135946 -0.00568905
internal_weight=17858 12807 5051 4529 3574 10272 2535 2222 6453 5139 2019 1417 1118 3120
internal_count=17858 12807 5051 4529 3574 10272 2535 2222 6453 5139 2019 1417 1118 3120
is_linear=0
shrinkage=0.05


Tree=13
num_leaves=15
num_cat=0
split_feature=0 2 0 2 2 2 1 0 3 0 3 3 0 0
split_gain=325.631 146.666 132.577 113.689 72.9216 65.3386 33.8032 37.9946 31.0692 30.4307 30.4207 19.5139 15.8937 12.2632
threshold=3.6852741241455083 1.5000000000000002 6.786980628967286 1.5000000000000002 1.0000000180025095e-35 1.0000000180025095e-35 19.641646385192875 2.1526268720626835 1.1464285697407879 2.1084632873535161 4.4083332626769964 1.8775000068955163 4.8547461032867441 1.2076039314270022
decision_type=2 2 2 2 2 2 2 2 2 2 2 2 2 2
left_child=1 5 3 4 8 9 11 -8 -2 -1 -11 -3 -10 -7
right_child=2 6 -4 -5 -6 13 7 -9 12 10 -12 -13 -14 -15
leaf_value=-0.0073052840520028339 0.0026293382888661798 0.0057921405146722088 0.034611701717157765 0.023326056614635191 -0.0052499966883271408 -0.018291955860190116 -0.0093740516467527915 0.0093586337443364274 0.010073770130422793 -0.0039726443108390359 0.0061516476984609641 0.01738585176639976 0.021505647206092736 -0.010789183611848694
leaf_weight=3188 949 735 522 955 1352 658 550 533 771 2125 1140 717 502 3161
leaf_count=3188 949 735 522 955 1352 658 550 533 771 2125 1140 717 502 3161
internal_value=1.25737e-11 -0.00424015 0.0107511 0.00800096 0.00390598 -0.00689826 0.00653069 -0.000154734 0.00947703 -0.0038305 -0.000437669 0.0115171 0.0145819 -0.0120819
internal_weight=17858 12807 5051 4529 3574 10272 2535 1083 2222 6453 3265 1452 1273 3819
internal_count=17858 12807 5051 4529 3574 10272 2535 1083 2222 6453 3265 1452 1273 3819
is_linear=0
shrinkage=0.05


Tree=14
num_leaves=15
num_cat=0
split_feature=0 2 2 0 0 0 1 3 0 3 0 3 0 3
split_gain=297.365 179.813 83.2467 66.4518 58.8193 53.4644 51.4305 27.7983 16.7318 22.7412 16.367 13.7451 12.5614 9.43658
threshold=4.9729626178741464 1.5000000000000002 1.0000000180025095e-35 6.786980628967286 3.1530255079269414 2.7658754587173466 19.641646385192875 0.89736842799962724 1.3101463317871096 0.064172960150214842 2.775752186775208 2.256578903678816 1.8234136104583742 2.3867519953168377
decision_type=2 2 2 2 2 2 2 2 2 2 2 2 2 2
left_child=1 2 5 11 6 8 12 -7 -1 -10 -4 -2 -3 -12
right_child=3 4 10 -5 -6 7 -8 -9 9 -11 13 -13 -14 -15
leaf_value=-0.010124539369589663 0.0081805228254639185 0.0052128656165064098 -0.012860332922099883 0.032881116346452542 0.01909918622925845 -0.002842556074959781 -0.0048791039382739994 0.0067128261521096667 -0.012090745248794556 -0.0015294413866661961 -0.010018472959737824 0.017327069492121927 0.015242674695106135 -0.0030191474603711542
leaf_weight=1314 887 583 2722 522 906 1238 941 1976 625 2763 1065 765 672 879
leaf_count=1314 887 583 2722 522 906 1238 941 1976 625 2763 1065 765 672 879
internal_value=5.97135e-11 -0.00240215 -0.00506041 0.0173299 0.00838001 -0.00193794 0.00395762 0.00303219 -0.00533522 -0.00347773 -0.0103578 0.0124161 0.0105834 -0.00685365
internal_weight=17858 15684 12582 2174 3102 7916 2196 3214 4702 3388 4666 1652 1255 1944
internal_count=17858 15684 12582 2174 3102 7916 2196 3214 4702 3388 4666 1652 1255 1944
is_linear=0
shrinkage=0.05


Tree=15
num_leaves=15
num_cat=0
split_feature=0 2 2 1 0 3 0 0 3 3 0 1 0 3
split_gain=269.246 162.146 80.9036 62.4322 59.06 52.4247 53.3005 51.8564 31.5645 29.7859 30.6272 17.0065 14.9497 12.442
threshold=5.1829545497894296 1.5000000000000002 1.0000000180025095e-35 7.7142424583435067 3.866962313652039 1.3999999701976784 2.4610753059387211 6.786980628967286 2.6339712105050967 0.37499999767169395 1.5433149933815005 15.415084362030031 2.8274753093719487 0.19292804610529471
decision_type=2 2 2 2 2 2 2 2 2 2 2 2 2 2
left_child=1 2 4 -3 9 13 -7 11 -6 -1 -11 -2 -4 -5
right_child=7 3 12 5 8 6 -8 -9 -10 10 -12 -13 -14 -15
leaf_value=-0.0087508136440477679 0.0063311915316090388 0.021232937638737379 -0.012143800374048476 0.0016481140350753612 0.0012344910697204862 0.0013112724361836997 0.021199743657664291 0.031237059886035617 0.016631885943225191 -0.0078681324160995141 0.0010907361731126934 0.017570691062853885 -0.0064417484764313004 -0.008898009420069743
leaf_weight=1921 592 697 2794 550 762 697 652 522 591 1317 3461 780 1953 569
leaf_count=1921 592 697 2794 550 762 697 652 522 591 1317 3461 780 1953 569
internal_value=3.2673e-11 -0.00211469 -0.00462052 0.00801865 -0.00156824 0.00428674 0.0109238 0.0178242 0.00796018 -0.0034927 -0.00137867 0.012721 -0.00979788 -0.00371448
internal_weight=17858 15964 12799 3165 8052 2468 1349 1894 1353 6699 4778 1372 4747 1119
internal_count=17858 15964 12799 3165 8052 2468 1349 1894 1353 6699 4778 1372 4747 1119
is_linear=0
shrinkage=0.05


Tree=16
num_leaves=15
num_cat=0
split_feature=0 2 0 2 2 2 1 3 3 0 3 0 0 3
split_gain=243.419 125.622 91.5462 69.5908 68.1895 45.6504 38.623 28.141 26.8818 27.6411 22.3213 21.0812 11.5098 11.1089
threshold=3.866962313652039 1.5000000000000002 6.786980628967286 1.5000000000000002 1.0000000180025095e-35 1.0000000180025095e-35 6.7174110412597665 1.4472221576781208 0.37499999767169395 1.5433149933815005 2.6339712105050967 2.2276403903961186 1.2076039314270022 4.5192307571621528
decision_type=2 2 2 2 2 2 2 2 2 2 2 2 2 2
left_child=1 5 3 4 10 8 -3 -8 -1 -10 -2 -9 -7 -11
right_child=2 6 -4 -5 -6 12 7 11 9 13 -12 -13 -14 -15
leaf_value=-0.0083132730353815618 0.0050927670409299823 0.018561854839611511 0.029675207282434363 0.020115537675176289 -0.0053313656111821442 -0.016127150775270261 -0.0028920522001734507 0.0024431235548378768 -0.0074747243000869061 -0.0016505116157225536 0.015814343940614265 0.016068058485168801 -0.0088858452651215756 0.0040228911421515724
leaf_weight=1921 1118 520 522 852 1208 658 974 621 1317 1822 858 523 3305 1639
leaf_count=1921 1118 520 522 852 1208 658 974 621 1317 1822 858 523 3305 1639
internal_value=2.72544e-11 -0.00341737 0.0099717 0.00742333 0.00402705 -0.00583447 0.00635181 0.00335407 -0.00331807 -0.00130974 0.00974819 0.00867201 -0.0100882 0.0010362
internal_weight=17858 13300 4558 4036 3184 10662 2638 2118 6699 4778 1976 1144 3963 3461
internal_count=17858 13300 4558 4036 3184 10662 2638 2118 6699 4778 1976 1144 3963 3461
is_linear=0
shrinkage=0.05


Tree=17
num_leaves=15
num_cat=0
split_feature=0 2 2 1 0 3 0 0 3 1 3 1 1 0
split_gain=223.837 131.156 65.5717 52.6581 47.8306 44.1023 44.7971 41.0905 28.9891 15.4384 15.3295 24.847 21.9869 12.8222
threshold=5.1829545497894296 1.5000000000000002 1.0000000180025095e-35 7.7142424583435067 2.9896733760833745 1.3999999701976784 2.4610753059387211 6.786980628967286 3.3333332919412215 15.415084362030031 1.7142857720657281 23.682008743286136 14.387863636016847 1.2076039314270022
decision_type=2 2 2 2 2 2 2 2 2 2 2 2 2 2
left_child=1 2 4 -3 10 -5 -7 9 -6 -2 12 -12 -1 -4
right_child=7 3 13 5 8 6 -8 -9 -10 -11 11 -13 -14 -15
leaf_value=-0.0014154094560392973 0.0056210462079458942 0.019321444813413292 -0.015320792504356986 -0.0035805109019413708 -0.00032090031815354615 0.0010332086164947904 0.01926631941317232 0.028191446598933235 0.0099934626064344806 0.016329820587371407 -0.0051730967707905732 0.0050149537453413788 -0.010815772700805491 -0.007800427096692937
leaf_weight=1044 592 697 658 1119 1713 697 652 522 1131 780 1702 923 1539 4089
leaf_count=1044 592 697 658 1119 1713 697 652 522 1131 780 1702 923 1539 4089
internal_value=1.44345e-10 -0.00192814 -0.00418182 0.00718554 -0.00143394 0.00375818 0.00984565 0.0162518 0.00378091 0.0117091 -0.00428168 -0.00159078 -0.00701632 -0.00884285
internal_weight=17858 15964 12799 3165 8052 2468 1349 1894 2844 1372 5208 2625 2583 4747
internal_count=17858 15964 12799 3165 8052 2468 1349 1894 2844 1372 5208 2625 2583 4747
is_linear=0
shrinkage=0.05


Tree=18
num_leaves=15
num_cat=0
split_feature=0 2 2 2 0 2 0 0 0 3 1 3 3 3
split_gain=203.123 94.9554 89.3504 86.7934 55.1256 39.6127 28.9858 25.1528 20.8183 21.2898 16.3464 17.6018 13.5709 13.5128
threshold=3.6852741241455083 1.5000000000000002 1.0000000180025095e-35 1.5000000000000002 4.9729626178741464 1.0000000180025095e-35 4.9276232719421396 1.7006043791770937 2.1084632873535161 4.4083332626769964 10.800311565399172 2.7499999674037121 3.9615384985709334 1.7142857720657281
decision_type=2 2 2 2 2 2 2 2 2 2 2 2 2 2
left_child=3 2 4 5 -2 8 -3 -5 -1 -10 -9 -12 -4 -6
right_child=1 6 12 7 13 -7 -8 10 9 -11 11 -13 -14 -15
leaf_value=-0.005879065255112152 0.0045317346868006562 0.013640840328082528 -0.0083615887184112607 -0.001917209340148865 0.013786147216490777 -0.0094298058067762789 0.03016348520817367 0.015942725064882705 -0.0031559923171997073 0.0053136551811506878 -0.00030886942821918887 0.012182989921199946 0.0014673185101486145 0.025265017265226439
leaf_weight=3188 1463 539 939 876 502 3819 523 516 2125 1140 637 506 561 524
leaf_count=3188 1463 539 939 876 502 3819 523 516 2125 1140 637 506 561 524
internal_value=5.7325e-11 0.00849119 0.00495389 -0.00334887 0.0107631 -0.00539367 0.0217777 0.00493681 -0.00300502 -0.000198749 0.00855593 0.00522121 -0.00468558 0.0196487
internal_weight=17858 5051 3989 12807 2489 10272 1062 2535 6453 3265 1659 1143 1500 1026
internal_count=17858 5051 3989 12807 2489 10272 1062 2535 6453 3265 1659 1143 1500 1026
is_linear=0
shrinkage=0.05


Tree=19
num_leaves=15
num_cat=0
split_feature=0 2 2 0 0 1 3 3 0 3 0 0 3 3
split_gain=184.232 117.325 67.0574 58.4621 48.3867 39.264 33.9773 29.5386 27.0178 22.0357 27.0507 10.2489 8.57432 9.03877
threshold=5.5037066936492929 1.5000000000000002 1.0000000180025095e-35 3.866962313652039 3.1530255079269414 19.641646385192875 2.6339712105050967 1.3999999701976784 6.786980628967286 0.26794872424129906 1.3101463317871096 1.2076039314270022 2.3867519953168377 6.6904763450630673
decision_type=2 2 2 2 2 2 2 2 2 2 2 2 2 2
left_child=1 2 3 9 5 -3 -5 -6 -2 -1 -11 -4 -13 -14
right_child=8 4 11 6 7 -7 -8 -9 -10 10 -12 12 13 -15
leaf_value=-0.0077632145424591696 0.011911234370857541 0.0084743928799472495 -0.014083263078721462 0.0014326704022087798 0.0068925808742642397 -0.0050359605935250788 0.01651375423805938 0.023476837227873283 0.026055109493793045 -0.0085728702176526856 0.00064094583535499988 -0.0094360487039376224 -0.00053478683231630343 -0.0075910108753712655
leaf_weight=1724 956 1255 658 862 510 941 659 567 522 996 3979 2301 731 1197
leaf_count=1724 956 1255 658 862 510 941 659 567 522 996 3979 2301 731 1197
internal_value=-7.00591e-11 -0.00152551 -0.00364012 -0.000882544 0.00694259 0.00268512 0.00796682 0.0156236 0.0169066 -0.00289178 -0.00120367 -0.00827839 -0.0073752 -0.00491565
internal_weight=17858 16380 13107 8220 3273 2196 1521 1077 1478 6699 4975 4887 4229 1928
internal_count=17858 16380 13107 8220 3273 2196 1521 1077 1478 6699 4975 4887 4229 1928
is_linear=0
shrinkage=0.05


Tree=20
num_leaves=15
num_cat=0
split_feature=0 2 2 0 3 0 3 1 0 3 0 0 1 3
split_gain=166.269 105.885 60.5193 52.7621 43.9015 53.4634 30.6645 28.5643 24.3836 20.0133 20.9946 9.32609 9.45957 8.02246
threshold=5.5037066936492929 1.5000000000000002 1.0000000180025095e-35 3.866962313652039 0.056349209157393894 3.1530255079269414 2.6339712105050967 20.626276969909672 6.786980628967286 0.37499999767169395 2.1084632873535161 1.0471910238265993 23.565176963806156 2.5773809390129903
decision_type=2 2 2 2 2 2 2 2 2 2 2 2 2 2
left_child=1 2 3 9 -3 7 -5 -6 -2 -1 -11 -4 13 -13
right_child=8 4 11 6 5 -7 -8 -9 -10 10 -12 12 -14 -15
leaf_value=-0.0070572522129012175 0.011315672675821791 -0.0059349643797354983 -0.014334370291233063 0.0013610368538345373 0.0095491513682794942 0.019327828789543543 0.015688064078233675 -0.0032354572653932202 0.024752354357878668 -0.0045230668701175258 0.0021164418848434296 -0.011201970531187003 -0.0039173996480158331 -0.0058993539289728114
leaf_weight=1921 956 576 500 862 1073 887 659 737 522 2253 2525 1579 1507 1301
leaf_count=1921 956 576 500 862 1073 887 659 737 522 2253 2525 1579 1507 1301
internal_value=-3.52792e-11 -0.00144924 -0.00345811 -0.000838417 0.00659546 0.00927159 0.00756847 0.00434348 0.0160612 -0.00274719 -0.00101433 -0.00786447 -0.00712708 -0.00880659
internal_weight=17858 16380 13107 8220 3273 2697 1521 1810 1478 6699 4778 4887 4387 2880
internal_count=17858 16380 13107 8220 3273 2697 1521 1810 1478 6699 4778 4887 4387 2880
is_linear=0
shrinkage=0.05


Tree=21
num_leaves=15
num_cat=0
split_feature=0 2 1 2 3 0 0 1 3 3 3 3 1 1
split_gain=150.35 86.4552 43.2845 42.5389 35.2061 32.9806 32.6119 30.6072 30.9562 20.9466 12.333 11.7774 22.5624 18.3603
threshold=5.1829545497894296 1.5000000000000002 7.7142424583435067 1.0000000180025095e-35 1.3999999701976784 2.4610753059387211 2.9896733760833745 9.0466494560241717 1.1143790763547055 3.3333332919412215 0.19292804610529471 5.3484849330479109 18.860162734985355 13.9183406829834
decision_type=2 2 2 2 2 2 2 2 2 2 2 2 2 2
left_child=1 3 -3 6 10 -6 11 -2 -9 -8 -4 13 -13 -1
right_child=7 2 4 -5 5 -7 9 8 -10 -11 -12 12 -14 -15
leaf_value=-0.00066276857387394857 0.0027208322971434655 0.016822007520009407 0.0014939550974152305 -0.0071642010525098127 0.0005893567435368576 0.016233976913238964 -0.0003774093906571833 0.0085622924507285161 0.023614737451103523 0.0083902032276785138 -0.0090058862246402745 -0.0057375471117675943 0.0060472399071897697 -0.0080057857174370157
leaf_weight=1393 501 697 550 4747 697 652 1713 600 793 1131 569 837 789 2189
leaf_count=1393 501 697 550 4747 697 652 1713 600 793 1131 569 837 789 2189
internal_value=-1.06714e-10 -0.00158024 0.00581915 -0.00341 0.00271177 0.00815073 -0.00119674 0.0133194 0.0171313 0.00310929 -0.00384511 -0.00354819 -1.90988e-05 -0.00515017
internal_weight=17858 15964 3165 12799 2468 1349 8052 1894 1393 2844 1119 5208 1626 3582
internal_count=17858 15964 3165 12799 2468 1349 8052 1894 1393 2844 1119 5208 1626 3582
is_linear=0
shrinkage=0.05


Tree=22
num_leaves=15
num_cat=0
split_feature=0 2 2 2 0 2 0 3 0 3 0 3 3 3
split_gain=137.98 72.4811 66.8456 57.9135 41.4444 27.1035 25.5942 20.8236 16.5826 18.9118 14.6216 13.5673 11.451 10.4122
threshold=3.6852741241455083 1.5000000000000002 1.0000000180025095e-35 1.5000000000000002 4.9729626178741464 1.0000000180025095e-35 4.9276232719421396 2.8333332857324032 1.3101463317871096 0.26794872424129906 1.7006043791770937 9.999999813735494 4.1846589079446215 1.7142857720657281
decision_type=2 2 2 2 2 2 2 2 2 2 2 2 2 2
left_child=3 2 4 5 -2 8 -3 10 -1 -10 -5 -9 -4 -6
right_child=1 6 12 7 13 -7 -8 11 9 -11 -12 -13 -14 -15
leaf_value=-0.0074671292686026933 0.003529487812022029 0.010960517892396566 -0.0076825264822016114 -0.006724676869663538 0.011490838298021234 -0.0077689969311774357 0.026486454989376476 0.015242462676055361 -0.0062982064682294454 0.00062212421472174087 0.0037862386340927925 0.0040243306967420152 0.0014375339935873157 0.021567048948037775
leaf_weight=1314 1463 539 965 510 502 3819 523 505 1333 3806 942 578 535 524
leaf_count=1314 1463 539 965 510 502 3819 523 505 1333 3806 942 578 535 524
internal_value=-1.89305e-11 0.00699837 0.0039079 -0.00276011 0.00893257 -0.00443042 0.0186065 0.00400811 -0.0024546 -0.00117293 9.43881e-05 0.00925532 -0.0044297 0.016637
internal_weight=17858 5051 3989 12807 2489 10272 1062 2535 6453 5139 1452 1083 1500 1026
internal_count=17858 5051 3989 12807 2489 10272 1062 2535 6453 5139 1452 1083 1500 1026
is_linear=0
shrinkage=0.05


Tree=23
num_leaves=15
num_cat=0
split_feature=0 2 2 0 3 1 3 3 0 0 3 0 0 1
split_gain=125.499 77.8325 45.2379 40.8056 38.2363 44.3956 25.7476 24.2978 37.8275 22.0954 15.7639 17.1556 8.26694 7.61633
threshold=5.5037066936492929 1.5000000000000002 1.0000000180025095e-35 3.866962313652039 0.056349209157393894 8.1841802597045916 2.6339712105050967 1.3999999701976784 2.4610753059387211 6.786980628967286 0.37499999767169395 1.5433149933815005 1.2076039314270022 23.437017440795902
decision_type=2 2 2 2 2 2 2 2 2 2 2 2 2 2
left_child=1 2 3 10 -3 -6 -5 -7 -9 -2 -1 -12 -4 -14
right_child=9 4 12 6 5 7 -8 8 -10 -11 11 -13 13 -15
leaf_value=-0.0062203166898745291 0.009436404964473552 -0.00605592224552917 -0.012004523624674529 0.00098871881025573228 0.01988937750583596 -0.0029270688551418476 0.014116966790817849 0.00015265884676929101 0.016739419115656139 0.022227087410361335 -0.0057140547032598849 0.0009910056672665262 -0.0075230663980337814 -0.0030622578917996815
leaf_weight=1921 956 576 658 862 619 703 659 683 692 522 1317 3461 2766 1463
leaf_count=1921 956 576 658 862 619 703 659 683 692 522 1317 3461 2766 1463
internal_value=-9.55873e-11 -0.00125908 -0.0029814 -0.000716473 0.00563811 0.00813561 0.00667676 0.00463437 0.00850032 0.0139538 -0.0023951 -0.000857166 -0.00679105 -0.00597987
internal_weight=17858 16380 13107 8220 3273 2697 1521 2078 1375 1478 6699 4778 4887 4229
internal_count=17858 16380 13107 8220 3273 2697 1521 2078 1375 1478 6699 4778 4887 4229
is_linear=0
shrinkage=0.05


Tree=24
num_leaves=15
num_cat=0
split_feature=0 2 2 0 2 1 0 0 2 3 1 1 3 1
split_gain=114.074 94.6588 65.8771 46.2046 27.7008 29.4904 21.2655 15.705 10.9071 15.3709 18.3492 16.5958 10.2958 9.19408
threshold=3.1530255079269414 1.5000000000000002 1.0000000180025095e-35 4.9729626178741464 1.5000000000000002 19.641646385192875 4.9276232719421396 1.2076039314270022 1.0000000180025095e-35 5.7499996880069508 15.156090736389162 22.192398071289066 2.3867519953168377 9.0466494560241717
decision_type=2 2 2 2 2 2 2 2 2 2 2 2 2 2
left_child=4 2 3 -2 7 13 -3 -1 9 10 -9 -11 -4 -6
right_child=1 6 12 -5 5 -7 -8 8 -10 11 -12 -13 -14 -15
leaf_value=-0.0086529791941792941 0.0025612967566126144 0.011860189175327121 -0.0081011559341264815 0.015208215673238976 0.0021489590682546821 -0.0048682937380738018 0.02459607349154869 0.00072105902030227919 -0.0059721123828158926 -0.0019932274782438605 -0.0071023702343327435 0.0095534394080874583 -0.0010611084424580793 0.010744303234302215
leaf_weight=1778 2439 878 1150 1026 570 941 523 1301 2564 762 1768 526 947 685
leaf_count=1778 2439 878 1150 1026 570 941 523 1301 2564 762 1768 526 947 685
internal_value=-3.33568e-11 0.00499877 0.00207289 0.0063061 -0.00319472 0.00182317 0.0166146 -0.00446145 -0.00338464 -0.00186197 -0.00378589 0.00272226 -0.00492189 0.00684044
internal_weight=17858 6963 5562 3465 10895 2196 1401 8699 6921 4357 3069 1288 2097 1255
internal_count=17858 6963 5562 3465 10895 2196 1401 8699 6921 4357 3069 1288 2097 1255
is_linear=0
shrinkage=0.05


Tree=25
num_leaves=15
num_cat=0
split_feature=0 2 2 3 1 0 3 3 0 0 3 0 0 1
split_gain=103.766 63.0159 37.2823 34.496 40.2046 33.7821 23.2595 21.9206 32.4215 19.968 13.8708 17.3484 7.20059 7.88777
threshold=5.5037066936492929 1.5000000000000002 1.0000000180025095e-35 0.056349209157393894 8.1841802597045916 3.866962313652039 3.3999999850988414 1.3999999701976784 2.4610753059387211 6.786980628967286 0.26794872424129906 1.3101463317871096 1.0471910238265993 28.840053558349613
decision_type=2 2 2 2 2 2 2 2 2 2 2 2 2 2
left_child=1 2 5 -3 -5 10 -7 -6 -9 -2 -1 -12 -4 -14
right_child=9 3 12 4 7 6 -8 8 -10 -11 11 -13 13 -15
leaf_value=-0.0060307650236961739 0.0083937792264063404 -0.006046164240817436 -0.011838117104768753 0.018618628766721712 -0.0030805205425531055 0.0012070976698665761 0.013920407585499887 4.5287541466960097e-05 0.015401168578678496 0.020553131574243877 -0.0067279594250950958 0.00065073137211122539 -0.0065315868305100043 -0.0011259137689709521
leaf_weight=1724 956 576 500 619 703 937 584 683 692 522 996 3979 3554 833
leaf_count=1724 956 576 500 619 703 937 584 683 692 522 996 3979 3554 833
internal_value=1.13312e-11 -0.00114488 -0.00269463 0.00506119 0.00743339 -0.000638474 0.00608847 0.00410151 0.00777348 0.0126882 -0.00216582 -0.00082649 -0.0061531 -0.00550516
internal_weight=17858 16380 13107 3273 2697 8220 1521 2078 1375 1478 6699 4975 4887 4387
internal_count=17858 16380 13107 3273 2697 8220 1521 2078 1375 1478 6699 4975 4887 4387
is_linear=0
shrinkage=0.05


Tree=26
num_leaves=15
num_cat=0
split_feature=0 2 2 0 2 1 0 0 1 3 3 2 1 3
split_gain=94.9144 81.3964 55.7868 38.8278 21.9451 25.2206 18.8893 12.7785 9.65173 9.36693 9.22 11.0536 15.0664 8.83767
threshold=3.1530255079269414 1.5000000000000002 1.0000000180025095e-35 4.9729626178741464 1.5000000000000002 19.641646385192875 4.9276232719421396 1.2076039314270022 9.0466494560241717 2.3867519953168377 5.7499996880069508 1.0000000180025095e-35 18.632964134216312 1.7142857720657281
decision_type=2 2 2 2 2 2 2 2 2 2 2 2 2 2
left_child=4 2 3 -2 7 8 -3 -1 -6 -4 -9 12 -12 -5
right_child=1 6 9 13 5 -7 -8 10 -10 -11 11 -13 -14 -15
leaf_value=-0.0078224628635748163 0.0023091807429934195 0.010850179744001313 -0.0076227905465208971 0.0091615458189758421 0.0013851928016530317 -0.0046359604084023004 0.022853441136919436 -0.0042640300046814725 0.010191861211600966 -0.00090782290684509681 -0.0028282744246859882 -0.0049530580127967226 0.007987234900194231 0.018444688458800786
leaf_weight=1778 2439 878 1150 502 570 941 523 4847 685 947 645 786 643 524
leaf_count=1778 2439 878 1150 502 570 941 523 4847 685 947 645 786 643 524
internal_value=-1.05522e-11 0.00455969 0.00184651 0.00574205 -0.0029141 0.00155216 0.0153311 -0.00404157 0.00619202 -0.00459033 -0.00307026 -0.000280399 0.00257108 0.0139026
internal_weight=17858 6963 5562 3465 10895 2196 1401 8699 1255 2097 6921 2074 1288 1026
internal_count=17858 6963 5562 3465 10895 2196 1401 8699 1255 2097 6921 2074 1288 1026
is_linear=0
shrinkage=0.05


Tree=27
num_leaves=15
num_cat=0
split_feature=0 2 2 3 1 0 1 3 0 0 3 0 1 0
split_gain=85.7054 50.9712 31.1891 31.1232 36.5191 27.843 21.197 19.7752 27.8012 18.0735 12.0928 14.2871 6.49963 10.053
threshold=5.5037066936492929 1.5000000000000002 1.0000000180025095e-35 0.056349209157393894 8.1841802597045916 3.866962313652039 23.015763282775882 1.3999999701976784 2.4610753059387211 6.786980628967286 0.26794872424129906 1.3101463317871096 23.565176963806156 2.8149876594543461
decision_type=2 2 2 2 2 2 2 2 2 2 2 2 2 2
left_child=1 2 5 -3 -5 10 -7 -6 -9 -2 -1 -12 -4 -14
right_child=9 3 12 4 7 6 -8 8 -10 -11 11 -13 13 -15
leaf_value=-0.0055489896448748296 0.0074456375760560134 -0.0060093372497552391 -0.0069137192768654356 0.017454547629246312 -0.0032027208830520066 0.010135975393179111 -0.0020494477159076637 -4.9906414913049034e-05 0.014169767832183655 0.019013791182702872 -0.0060452177671782951 0.00065087078166804931 -0.0065035619461205982 0.0013029212354803863
leaf_weight=1724 956 576 3213 619 703 949 572 683 692 522 996 3979 938 736
leaf_count=1724 956 576 3213 619 703 949 572 683 692 522 996 3979 938 736
internal_value=5.39097e-11 -0.00104049 -0.00243428 0.00454105 0.00679431 -0.00055364 0.00555342 0.00361881 0.00710647 0.0115313 -0.00194024 -0.000689693 -0.00559754 -0.00307132
internal_weight=17858 16380 13107 3273 2697 8220 1521 2078 1375 1478 6699 4975 4887 1674
internal_count=17858 16380 13107 3273 2697 8220 1521 2078 1375 1478 6699 4975 4887 1674
is_linear=0
shrinkage=0.05


Tree=28
num_leaves=15
num_cat=0
split_feature=0 2 2 0 2 1 0 3 0 1 3 3 1 1
split_gain=78.5324 70.2417 47.6629 32.9989 17.303 21.537 16.7934 16.0211 10.7479 10.0236 8.52222 8.05083 9.92592 7.82076
threshold=3.1530255079269414 1.5000000000000002 1.0000000180025095e-35 5.7666234970092782 1.5000000000000002 19.641646385192875 4.9276232719421396 3.3333332919412215 1.2076039314270022 9.0466494560241717 2.3867519953168377 5.7499996880069508 23.565176963806156 15.156090736389162
decision_type=2 2 2 2 2 2 2 2 2 2 2 2 2 2
left_child=4 2 3 7 8 9 -3 -2 -1 -6 -4 13 -13 -10
right_child=1 6 10 -5 5 -7 -8 -9 11 -11 -12 12 -14 -15
leaf_value=-0.0071193548923000035 -8.5604507964832105e-05 0.0099287128252569159 -0.0072150778822276905 0.01575266514383682 0.00070422210485527389 -0.0044032613161899842 0.021246473674162027 0.0075682266180386332 -0.0015542194814840648 0.0096789505648134412 -0.00081004159605679328 -0.002684500330382149 0.0045742675806311984 -0.0056135237125597235
leaf_weight=1778 1715 878 1150 613 570 941 523 1137 2074 685 947 1351 723 2773
leaf_count=1778 1715 878 1150 613 570 941 523 1137 2074 685 947 1351 723 2773
internal_value=6.70513e-11 0.00414757 0.00162715 0.00522789 -0.00265071 0.00131513 0.0141537 0.00296573 -0.00365186 0.00560278 -0.00432258 -0.00276106 -0.000154081 -0.00387657
internal_weight=17858 6963 5562 3465 10895 2196 1401 2852 8699 1255 2097 6921 2074 4847
internal_count=17858 6963 5562 3465 10895 2196 1401 2852 8699 1255 2097 6921 2074 4847
is_linear=0
shrinkage=0.05


Tree=29
num_leaves=15
num_cat=0
split_feature=0 2 2 0 2 1 0 2 1 1 0 3 3 0
split_gain=70.8755 63.3931 43.0157 30.2739 15.6159 19.4372 15.1561 9.86519 9.04631 8.18172 10.0746 7.77428 7.74452 7.06797
threshold=3.1530255079269414 1.5000000000000002 1.0000000180025095e-35 4.9729626178741464 1.5000000000000002 19.641646385192875 4.9276232719421396 1.0000000180025095e-35 9.0466494560241717 27.971342086791996 3.866962313652039 1.7142857720657281 8.944444214028346 2.775752186775208
decision_type=2 2 2 2 2 2 2 2 2 2 2 2 2 2
left_child=4 2 3 9 7 8 -3 -1 -6 10 -2 -5 -4 -9
right_child=1 6 12 11 5 -7 -8 13 -10 -11 -12 -13 -14 -15
leaf_value=-0.0021778113980873977 -0.00023615640694977808 0.0094322771837421458 -0.0058222769959917616 0.0077256146797064357 0.00066901124850438358 -0.00418309839670007 0.020184149946946204 -0.0066682614161633642 0.0091950027590250449 -0.0033571142371863236 0.0070923856538943099 0.016432367012132215 0.0012745446597154323 -0.00020054242908954623
leaf_weight=5477 915 878 1590 502 570 941 523 2722 685 562 962 524 507 500
leaf_count=5477 915 878 1590 502 570 941 523 2722 685 562 962 524 507 500
internal_value=1.10371e-10 0.00394019 0.00154579 0.0049665 -0.00251818 0.00124937 0.013446 -0.00346927 0.00532264 0.00193526 0.00351987 0.0121723 -0.00410645 -0.00566458
internal_weight=17858 6963 5562 3465 10895 2196 1401 8699 1255 2439 1877 1026 2097 3222
internal_count=17858 6963 5562 3465 10895 2196 1401 8699 1255 2439 1877 1026 2097 3222
is_linear=0
shrinkage=0.05


Tree=30
num_leaves=15
num_cat=0
split_feature=0 2 0 2 0 1 3 3 3 0 1 3 3 1
split_gain=64.5381 56.2453 38.9242 26.482 20.0917 12.0024 10.667 17.0254 10.5593 12.1687 10.0545 11.5587 8.63643 8.63296
threshold=6.5253713130950937 1.5000000000000002 3.3242222070693974 1.0000000180025095e-35 3.866962313652039 25.922469139099125 2.2499999199062608 9.7638883675207406 0.54545454853329778 2.6761906147003178 17.150908470153812 3.2583332555368583 3.666666645970611 19.641646385192875
decision_type=2 2 2 2 2 2 2 2 2 2 2 2 2 2
left_child=1 3 6 4 8 12 13 -8 -1 10 -10 -12 -6 -3
right_child=-2 2 -4 -5 5 -7 7 -9 9 -11 11 -13 -14 -15
leaf_value=-0.0044920627946620608 0.015404340558479191 0.0018185082338057533 0.012691649572632436 -0.004866119795727028 0.0035685379311569928 -0.0019946254019537501 0.01120602808056576 -0.0012862135335446282 -0.0051611275691868137 0.0033898780430395774 -0.0044163300461639455 0.0042298327670287272 0.011740094588545951 -0.0066798282366146077
leaf_weight=2169 655 699 1138 5123 847 561 548 543 1415 1524 662 929 523 522
leaf_count=2169 655 699 1138 5123 847 561 548 543 1415 1524 662 929 523 522
internal_value=-1.43417e-11 -0.000586516 0.0051217 -0.00201845 -0.000327991 0.00416553 0.00139566 0.00498853 -0.00162326 -0.000249651 -0.00209484 0.000632246 0.00668804 -0.00181469
internal_weight=17858 17203 3450 13753 8630 1931 2312 1091 6699 4530 3006 1591 1370 1221
internal_count=17858 17203 3450 13753 8630 1931 2312 1091 6699 4530 3006 1591 1370 1221
is_linear=0
shrinkage=0.05


Tree=31
num_leaves=15
num_cat=0
split_feature=0 2 3 1 2 0 3 0 3 0 3 0 1 0
split_gain=58.8881 34.1332 28.0167 30.5405 21.8939 18.5689 17.3253 23.635 17.068 13.9359 9.63688 11.3638 6.4572 9.40904
threshold=5.5853936672210702 1.5000000000000002 0.056349209157393894 8.1841802597045916 1.0000000180025095e-35 3.866962313652039 1.3999999701976784 2.4610753059387211 2.6339712105050967 6.786980628967286 0.26794872424129906 1.5433149933815005 23.565176963806156 2.8149876594543461
decision_type=2 2 2 2 2 2 2 2 2 2 2 2 2 2
left_child=1 4 -3 -4 5 10 -5 -8 -7 -2 -1 -12 -6 -14
right_child=9 2 3 6 12 8 7 -9 -10 -11 11 -13 13 -15
leaf_value=-0.0047636170294611197 0.0059953466946624122 -0.0063022717949934304 0.015525856525146257 -0.0034375509780121931 -0.0059247931593211069 -9.7034608312897538e-05 -0.00042831983040925528 0.01264541705544772 0.010513387249025464 0.016289856824069374 -0.0042904435245450156 0.0010518574104371352 -0.0054325689448476606 0.0021026166863839903
leaf_weight=1724 888 576 626 706 3238 866 683 700 674 522 1376 3599 938 742
leaf_count=1724 888 576 626 706 3238 866 683 700 674 522 1376 3599 938 742
internal_value=4.08673e-11 -0.00084066 0.00371359 0.0058385 -0.00197983 -0.000403993 0.00293554 0.0061889 0.00454675 0.00980651 -0.00154209 -0.000425732 -0.00461978 -0.00210453
internal_weight=17858 16448 3291 2715 13157 8239 2089 1383 1540 1410 6699 4975 4918 1680
internal_count=17858 16448 3291 2715 13157 8239 2089 1383 1540 1410 6699 4975 4918 1680
is_linear=0
shrinkage=0.05


Tree=32
num_leaves=15
num_cat=0
split_feature=0 2 3 1 2 3 1 0 3 0 1 0 0 3
split_gain=53.1533 29.4479 24.7598 30.207 19.6931 17.6255 22.3208 19.6104 15.2894 19.6622 14.7687 13.1986 12.1659 8.41618
threshold=5.5037066936492929 1.5000000000000002 0.056349209157393894 8.1841802597045916 1.0000000180025095e-35 3.3333332919412215 28.25096416473389 1.8715583682060244 1.3999999701976784 2.4610753059387211 8.5157127380371112 6.786980628967286 3.9215983152389531 1.8775000068955163
decision_type=2 2 2 2 2 2 2 2 2 2 2 2 2 2
left_child=1 4 -3 -4 5 6 12 -7 -5 -10 -9 -2 13 -1
right_child=11 2 3 8 -6 7 -8 10 9 -11 -12 -13 -14 -15
leaf_value=-0.0006483565320993289 0.0055896736105899604 -0.0059871581053206084 0.015128103050558268 -0.0034533838968019226 -0.004392376649421199 -0.0032329400884918871 -0.008552556017236989 -0.0022439668949169461 -0.00040690411280398841 0.011551512803081922 0.0073963663500097032 0.015475363899822975 0.0056338974957296332 -0.0076736348832077668
leaf_weight=2707 956 576 619 703 4887 1024 1096 519 683 692 1694 522 674 506
leaf_count=2707 956 576 619 703 4887 1024 1096 519 683 692 1694 522 674 506
internal_value=-7.31129e-11 -0.000819406 0.00342307 0.00543281 -0.00187881 -0.000384431 -0.00225051 0.0024882 0.00254476 0.00561144 0.00513548 0.0090811 -0.000473556 -0.00175473
internal_weight=17858 16380 3273 2697 13107 8220 4983 3237 2078 1375 2213 1478 3887 3213
internal_count=17858 16380 3273 2697 13107 8220 4983 3237 2078 1375 2213 1478 3887 3213
is_linear=0
shrinkage=0.05


Tree=33
num_leaves=15
num_cat=0
split_feature=0 2 2 0 0 0 3 0 0 0 1 2 3 1
split_gain=49.2308 47.3351 31.759 22.8094 13.0232 10.4346 10.5319 10.5257 16.1189 8.17971 9.32149 6.9351 6.46037 6.41393
threshold=3.1530255079269414 1.5000000000000002 1.0000000180025095e-35 4.9729626178741464 4.9276232719421396 1.7966887950897219 0.50806453752716252 2.5783061981201176 2.1526268720626835 5.1321570873260507 23.565176963806156 1.5000000000000002 1.7142857720657281 27.971342086791996
decision_type=2 2 2 2 2 2 2 2 2 2 2 2 2 2
left_child=5 2 3 13 -3 -1 7 8 -7 10 -4 -8 -5 -2
right_child=1 4 9 12 -6 6 11 -9 -10 -11 -12 -13 -14 -15
leaf_value=-0.0038528143381387396 0.0029259728727247976 0.007777377650150203 -0.0046797377396662109 0.006355225446956804 0.017744031852916113 -0.0070237523616965411 -0.00033180996393546082 -0.0082770046077130996 0.0046043528967454174 -0.0085859676573836682 0.0034949083097171093 0.0047593110752223071 0.014292195369667225 -0.0031629132524503933
leaf_weight=4768 1877 878 947 502 523 557 3315 776 641 598 552 838 524 562
leaf_count=4768 1877 878 947 502 523 557 3315 776 641 598 552 838 524 562
internal_value=6.48844e-11 0.00328388 0.00121485 0.00415409 0.011498 -0.00209873 -0.00073371 -0.00374052 -0.000802037 -0.00364184 -0.00166946 0.000695486 0.0104088 0.00152296
internal_weight=17858 6963 5562 3465 1401 10895 6127 1974 1198 2097 1499 4153 1026 2439
internal_count=17858 6963 5562 3465 1401 10895 6127 1974 1198 2097 1499 4153 1026 2439
is_linear=0
shrinkage=0.05


Tree=34
num_leaves=15
num_cat=0
split_feature=0 2 0 2 3 1 0 0 0 0 0 3 1 0
split_gain=45.4871 39.9171 29.5291 18.5371 14.3879 18.4933 17.3881 9.35355 8.22135 10.5983 6.86126 7.16743 10.8168 10.1837
threshold=6.5253713130950937 1.5000000000000002 3.3242222070693974 1.0000000180025095e-35 1.0000000180025095e-35 23.20114898681641 2.1084632873535161 4.6363980770111093 1.7006043791770937 2.5783061981201176 2.4330505132675175 0.91106719906050493 8.5157127380371112 3.71253514289856
decision_type=2 2 2 2 2 2 2 2 2 2 2 2 2 2
left_child=1 3 8 4 5 -1 -6 10 -3 -10 -8 -12 -13 -14
right_child=-2 2 -4 -5 6 -7 7 -9 9 -11 11 12 13 -15
leaf_value=-0.00059576488598805802 0.012932399402066839 -0.0027464039368580466 0.010909777808205985 -0.0040812160801589666 -0.0026048783416097818 -0.012445320284482345 0.0062782758675319593 0.0072663191073020668 0.0070388076374637027 -0.0016705765891820192 -0.0034918248118040807 -0.0042375162765246506 0.0012636418343588737 0.0095173075712998139
leaf_weight=913 655 876 1138 5123 2640 515 608 838 836 600 835 543 1194 544
leaf_count=913 655 876 1138 5123 2640 515 608 838 836 600 835 543 1194 544
internal_value=-1.1128e-11 -0.000492398 0.0043164 -0.00169871 -0.000284383 -0.00486924 0.000624694 0.00249363 0.00107104 0.00339979 0.00141964 0.000471617 0.0019225 0.00384707
internal_weight=17858 17203 3450 13753 8630 1428 7202 4562 2312 1436 3724 3116 2281 1738
internal_count=17858 17203 3450 13753 8630 1428 7202 4562 2312 1436 3724 3116 2281 1738
is_linear=0
shrinkage=0.05


Tree=35
num_leaves=15
num_cat=0
split_feature=0 2 0 2 3 1 0 0 1 1 0 0 3 3
split_gain=41.0521 36.0252 26.65 16.7297 12.9851 16.6902 15.6928 8.44158 7.80321 7.13066 6.19229 6.52633 7.34572 5.31159
threshold=6.5253713130950937 1.5000000000000002 3.3242222070693974 1.0000000180025095e-35 1.0000000180025095e-35 23.20114898681641 2.1084632873535161 4.6363980770111093 19.641646385192875 9.0466494560241717 2.4330505132675175 2.7337535619735722 0.91106719906050493 1.788888876084928
decision_type=2 2 2 2 2 2 2 2 2 2 2 2 2 2
left_child=1 3 8 4 5 -1 -6 10 9 -3 -8 -12 -13 -4
right_child=-2 2 13 -5 6 -7 7 -9 -10 -11 11 12 -14 -15
leaf_value=-0.00056597723136987503 0.012285779840561726 -0.00047689054204699604 0.0070019505115606175 -0.0038771551849203093 -0.0024746345096465314 -0.011823054074662404 0.0059643620551612826 0.0069030032685439965 -0.0023273661807629185 0.0069071806026843475 -0.004291663153163444 -0.0028945637951894431 0.0031868396730069478 0.013834702691196334
leaf_weight=913 655 601 578 5123 2640 515 608 838 994 717 589 679 1848 560
leaf_count=913 655 601 578 5123 2640 515 608 838 994 717 589 679 1848 560
internal_value=5.50251e-11 -0.000467778 0.00410058 -0.00161377 -0.000270164 -0.00462578 0.000593459 0.00236895 0.00101749 0.00354009 0.00134866 0.000448036 0.00155278 0.0103643
internal_weight=17858 17203 3450 13753 8630 1428 7202 4562 2312 1318 3724 3116 2527 1138
internal_count=17858 17203 3450 13753 8630 1428 7202 4562 2312 1318 3724 3116 2527 1138
is_linear=0
shrinkage=0.05


Tree=36
num_leaves=15
num_cat=0
split_feature=0 2 0 2 3 1 0 0 0 0 3 1 1 0
split_gain=37.0495 32.5127 24.0516 15.0985 11.719 15.0629 14.1627 7.61852 7.453 9.51118 5.84575 7.1431 6.9326 5.11078
threshold=6.5253713130950937 1.5000000000000002 3.3242222070693974 1.0000000180025095e-35 1.0000000180025095e-35 23.20114898681641 2.1084632873535161 4.6363980770111093 1.7006043791770937 2.5783061981201176 3.3333332919412215 10.800311565399172 20.626276969909672 1.0471910238265993
decision_type=2 2 2 2 2 2 2 2 2 2 2 2 2 2
left_child=1 3 8 4 5 -1 -6 10 -3 -10 11 -8 -13 -5
right_child=-2 2 -4 13 6 -7 7 -9 9 -11 -12 12 -14 -15
leaf_value=-0.00053767801506234686 0.011671490370196411 -0.0026680693421597896 0.0098460736741992749 -0.00848536665737629 -0.0023509027475886275 -0.011231901431546627 0.0040347548537148009 0.0065578527269587105 0.0066312015063294252 -0.0016194025948643685 0.003364896233197791 -0.0069703899131489866 0.00029824946869151257 -0.0031639301445534188
leaf_weight=913 655 876 1138 500 2640 515 583 838 836 600 1768 542 831 4623
leaf_count=913 655 876 1138 500 2640 515 583 838 836 600 1768 542 831 4623
internal_value=2.61801e-11 -0.000444389 0.00389555 -0.00153308 -0.000256656 -0.00439449 0.000563786 0.0022505 0.000966615 0.00318387 0.00128123 -0.00060217 -0.00257109 -0.0036833
internal_weight=17858 17203 3450 13753 8630 1428 7202 4562 2312 1436 3724 1956 1373 5123
internal_count=17858 17203 3450 13753 8630 1428 7202 4562 2312 1436 3724 1956 1373 5123
is_linear=0
shrinkage=0.05


Tree=37
num_leaves=15
num_cat=0
split_feature=0 2 3 0 0 3 1 1 0 2 1 2 3 0
split_gain=33.795 26.0007 19.9401 22.3577 15.0771 12.1093 10.955 8.11899 7.90387 7.64477 9.41816 6.25992 4.78442 19.175
threshold=6.786980628967286 1.5000000000000002 0.056349209157393894 3.1701189279556279 2.7658754587173466 0.11834734520358153 23.565176963806156 4.6392407417297372 3.5976886749267583 1.0000000180025095e-35 10.512176990509035 1.0000000180025095e-35 6.2678569601088592 3.8360002040863042
decision_type=2 2 2 2 2 2 2 2 2 2 2 2 2 2
left_child=1 4 -3 6 11 8 -4 -7 -6 10 -9 -1 13 -12
right_child=-2 2 3 -5 5 7 -8 9 -10 -11 12 -13 -14 -15
leaf_value=-0.0017858029429149954 0.01253484465586382 -0.0047571529110715625 0.0045602843932459058 0.010962205131317177 0.00072326217378888813 -0.0035921387308853465 -0.003702004744755385 0.010095452735573053 -0.0073001974107286764 -0.00036620487955129038 -0.0015752906974864332 -0.0048050710485046787 -0.00060045787078492788 0.0097970507425536833
leaf_weight=4702 522 607 1219 1066 525 682 598 500 739 1712 730 2704 799 753
leaf_count=4702 522 607 1219 1066 525 682 598 500 739 1712 730 2704 799 753
internal_value=5.3984e-11 -0.000377434 0.00347946 0.00521363 -0.0013496 0.000419761 0.00184105 0.00149119 -0.00396767 0.00226262 0.00388037 -0.00288817 0.0025186 0.00419907
internal_weight=17858 17336 3490 2883 13846 6440 1817 5176 1264 4494 2782 7406 2282 1483
internal_count=17858 17336 3490 2883 13846 6440 1817 5176 1264 4494 2782 7406 2282 1483
is_linear=0
shrinkage=0.05


Tree=38
num_leaves=15
num_cat=0
split_feature=0 2 3 0 0 3 1 1 0 2 1 2 3 0
split_gain=30.5 23.4656 17.9959 20.1778 13.6071 10.9286 9.9247 7.32739 7.13325 6.89941 8.49989 5.64958 4.31793 17.3055
threshold=6.786980628967286 1.5000000000000002 0.056349209157393894 3.1701189279556279 2.7658754587173466 0.11834734520358153 20.626276969909672 4.6392407417297372 3.5976886749267583 1.0000000180025095e-35 10.512176990509035 1.0000000180025095e-35 6.2678569601088592 3.8360002040863042
decision_type=2 2 2 2 2 2 2 2 2 2 2 2 2 2
left_child=1 4 -3 6 11 8 -4 -7 -6 10 -9 -1 13 -12
right_child=-2 2 3 -5 5 7 -8 9 -10 -11 12 -13 -14 -15
leaf_value=-0.0016965127248603808 0.011908101251570088 -0.0045192952733486896 0.0048120836261227491 0.010414094404296907 0.00068709866205851242 -0.0034125318526784694 -0.0027090343208731834 0.0095906797681003814 -0.0069351876963620581 -0.0003478949463047157 -0.0014965261804730926 -0.0045648174068322906 -0.00057043504105118556 0.0093071975949335396
leaf_weight=4702 522 607 1077 1066 525 682 740 500 739 1712 730 2704 799 753
leaf_count=4702 522 607 1077 1066 525 682 740 500 739 1712 730 2704 799 753
internal_value=-5.5619e-11 -0.000358562 0.00330548 0.00495295 -0.00128212 0.000398773 0.001749 0.00141663 -0.00376929 0.00214949 0.00368635 -0.00274376 0.00239267 0.00398911
internal_weight=17858 17336 3490 2883 13846 6440 1817 5176 1264 4494 2782 7406 2282 1483
internal_count=17858 17336 3490 2883 13846 6440 1817 5176 1264 4494 2782 7406 2282 1483
is_linear=0
shrinkage=0.05


Tree=39
num_leaves=15
num_cat=0
split_feature=0 3 1 1 0 0 3 1 1 1 3 0 0 0
split_gain=27.8583 21.3471 19.5082 16.2461 14.4288 14.2324 20.2995 12.2711 11.3504 12.0875 9.54224 8.58122 13.2605 7.32482
threshold=5.5853936672210702 2.5773809390129903 6.7174110412597665 31.102161407470707 3.400376677513123 3.1530255079269414 5.908333109940096 19.974007606506351 28.107201576232914 24.693804740905765 1.1143790763547055 1.1261861920356753 2.4330505132675175 4.1069266796112069
decision_type=2 2 2 2 2 2 2 2 2 2 2 2 2 2
left_child=1 2 4 5 -1 -3 -7 -8 9 11 -2 -4 -13 -14
right_child=10 3 8 -5 -6 6 7 -9 -10 -11 -12 12 13 -15
leaf_value=-0.00032314632887252997 0.0020276453234377655 -0.001198697549795889 -0.0092042645812034623 0.0072938989847898487 0.0096101535929768705 0.011034426755886943 0.0039668909998432427 -0.005761029613544133 -0.0064924063736742201 0.0032113309293216063 0.010331501732097844 0.0010944094483668989 -0.0065107675220808514 -0.00021670116609513011
leaf_weight=1291 609 4150 520 1022 510 670 899 507 2035 891 801 1625 1692 636
leaf_count=1291 609 4150 520 1022 510 670 899 507 2035 891 801 1625 1692 636
internal_value=1.30607e-11 -0.000578208 -0.00217702 0.00145119 0.00248973 0.000492108 0.00387209 0.000459028 -0.00331296 -0.00210674 0.00674494 -0.00316607 -0.00237177 -0.00479125
internal_weight=17858 16448 9200 7248 1801 6226 2076 1406 7399 5364 1410 4473 3953 2328
internal_count=17858 16448 9200 7248 1801 6226 2076 1406 7399 5364 1410 4473 3953 2328
is_linear=0
shrinkage=0.05


Tree=40
num_leaves=15
num_cat=0
split_feature=0 2 3 0 0 1 3 1 0 2 1 2 3 0
split_gain=25.9341 21.08 15.8364 17.443 11.3246 9.21389 9.16742 7.14171 6.76232 6.1527 7.42293 5.08264 4.05372 15.1772
threshold=6.786980628967286 1.5000000000000002 0.056349209157393894 3.1701189279556279 2.7658754587173466 23.565176963806156 0.11834734520358153 4.6392407417297372 3.5976886749267583 1.0000000180025095e-35 10.512176990509035 1.0000000180025095e-35 6.2678569601088592 3.6416338682174687
decision_type=2 2 2 2 2 2 2 2 2 2 2 2 2 2
left_child=1 4 -3 5 11 -4 8 -8 -6 10 -9 -1 13 -12
right_child=-2 2 3 -5 6 -7 7 9 -10 -11 12 -13 -14 -15
leaf_value=-0.001546103734822539 0.010980652284119779 -0.0041981222078087549 0.0042025138345150505 0.0097652044638250491 0.00084897173302514212 -0.0033748228090463277 -0.0035078865167332538 0.0089521470654755821 -0.0065724890875719566 -0.00037516019106886102 -0.0021459087824669126 -0.0042666873872588724 -0.00064543934471355071 0.0080954699321729301
leaf_weight=4702 522 607 1219 1066 525 598 682 500 739 1712 626 2704 799 857
leaf_count=4702 522 607 1219 1066 525 598 682 500 739 1712 626 2704 799 857
internal_value=1.9137e-11 -0.000330636 0.00314217 0.00468763 -0.00120598 0.00170871 0.000327459 0.0012597 -0.00349 0.00198322 0.00343452 -0.00253941 0.00222558 0.00377241
internal_weight=17858 17336 3490 2883 13846 1817 6440 5176 1264 4494 2782 7406 2282 1483
internal_count=17858 17336 3490 2883 13846 1817 6440 5176 1264 4494 2782 7406 2282 1483
is_linear=0
shrinkage=0.05


Tree=41
num_leaves=15
num_cat=0
split_feature=0 2 0 1 1 0 0 3 3 0 3 0 0 0
split_gain=23.4055 19.0247 14.7464 23.4121 17.7051 10.2204 9.88048 8.34879 11.0304 12.3647 6.67919 4.75517 7.92644 8.36007
threshold=6.786980628967286 1.5000000000000002 1.856028735637665 7.7142424583435067 16.576591491699222 2.7658754587173466 3.1701189279556279 2.4365079007474035 6.2678569601088592 3.8360002040863042 1.9393381828105503 1.2076039314270022 2.4330505132675175 2.2694872617721562
decision_type=2 2 2 2 2 2 2 2 2 2 2 2 2 2
left_child=1 5 10 -4 -5 11 -6 -7 9 -9 -3 -1 13 -13
right_child=-2 2 3 4 6 7 -8 8 -10 -11 -12 12 -14 -15
leaf_value=-0.0046665403107757379 0.01043161961010932 -0.0058805932564156074 0.014040211758090069 -0.0045164412850598719 0.0012624708941725434 -0.0013183466786003046 0.010128862945719359 0.0010177756096683653 -2.649768257666847e-05 0.011859631636171047 0.0020925876576193543 -0.0015246512743393309 -0.0051851406092700281 0.0050490083488961852
leaf_weight=1778 522 535 565 616 610 3540 648 531 1848 521 516 3809 1265 554
leaf_count=1778 522 535 565 616 610 3540 648 531 1848 521 516 3809 1265 554
internal_value=-7.21256e-12 -0.000314104 0.00298506 0.00511857 0.00242875 -0.00114569 0.00582958 0.000311086 0.00230012 0.00638717 -0.00196607 -0.00241244 -0.00170033 -0.000689949
internal_weight=17858 17336 3490 2439 1874 13846 1258 6440 2900 1052 1051 7406 5628 4363
internal_count=17858 17336 3490 2439 1874 13846 1258 6440 2900 1052 1051 7406 5628 4363
is_linear=0
shrinkage=0.05


Tree=42
num_leaves=15
num_cat=0
split_feature=2 0 2 0 1 3 3 3 3 0 3 1 1 3
split_gain=21.2789 23.8616 18.0345 23.4214 16.9088 14.9162 20.2143 16.9448 12.4666 9.27107 7.0959 14.4935 12.6594 9.84347
threshold=1.5000000000000002 4.9276232719421396 1.0000000180025095e-35 4.6363980770111093 7.7142424583435067 1.4472221576781208 0.19292804610529471 8.0624999371357315 1.2499999767169367 5.1321570873260507 3.3333332919412215 28.25096416473389 27.378501892089847 1.8775000068955163
decision_type=2 2 2 2 2 2 2 2 2 2 2 2 2 2
left_child=2 4 3 10 -2 6 -6 -7 -5 -4 11 13 -12 -1
right_child=1 -3 9 8 5 7 -8 -9 -10 -11 12 -13 -14 -15
leaf_value=0.0008122671030315698 0.0086562192041145757 0.013309674090073654 -0.0024292854996612332 0.0010891019936099834 0.0023747248609972357 0.0089379647756456168 -0.011270291987212673 -0.0024874302033995148 0.010974918528181452 -0.0090374720866876011 -0.00052344261152591665 -0.0071096713945269594 0.0069825745390920116 -0.0063442104270583707
leaf_weight=3060 689 523 4721 561 534 667 552 632 739 598 2265 1000 747 570
leaf_count=3060 689 523 4721 561 534 667 552 632 739 598 2265 1000 747 570
internal_value=3.46234e-11 0.00343663 -0.000866809 0.000504529 0.00175687 -0.000236282 -0.00456086 0.00337919 0.00670881 -0.00317223 -0.000550896 -0.00177977 0.00133811 -0.000311477
internal_weight=17858 3597 14261 8942 3074 2385 1086 1299 1300 5319 7642 4630 3012 3630
internal_count=17858 3597 14261 8942 3074 2385 1086 1299 1300 5319 7642 4630 3012 3630
is_linear=0
shrinkage=0.05


Tree=43
num_leaves=15
num_cat=0
split_feature=0 2 3 1 1 0 0 3 3 1 3 0 2 1
split_gain=20.3826 15.441 14.3777 14.638 17.9681 22.3433 9.03386 8.34097 21.965 8.99145 8.64457 13.9232 8.37892 8.25134
threshold=6.786980628967286 1.5000000000000002 0.056349209157393894 9.5995421409606951 17.013521194458011 2.8574331998825078 1.2076039314270022 2.5773809390129903 1.9393381828105503 6.8598968982696542 0.11834734520358153 4.6705245971679696 1.0000000180025095e-35 14.387863636016847
decision_type=2 2 2 2 2 2 2 2 2 2 2 2 2 2
left_child=1 6 -3 -4 -5 -6 -1 8 10 -9 -8 13 -11 -12
right_child=-2 2 3 4 5 -7 7 9 -10 12 11 -13 -14 -15
leaf_value=-0.0043696271530085399 0.0097346942984210018 -0.0043149478588164272 0.0099155812385203403 -0.0050179130724644326 -0.00050356978955476189 0.012013134670487488 -0.0031555551673453901 -0.0032181713744369963 -0.010666637144791161 0.0036759835877876236 0.0025826393532697067 0.0082142671711291342 -0.00092260751960547842 -0.0025795107324593902
leaf_weight=1778 522 607 797 641 805 640 2397 1044 622 2658 1279 528 1579 1961
leaf_count=1778 522 607 797 641 805 640 2397 1044 622 2658 1279 528 1579 1961
internal_value=-6.31529e-11 -0.000293119 0.00267911 0.00415167 0.00194945 0.00504016 -0.00104229 -0.000552072 -0.0017116 0.000938117 -0.000808103 0.00068522 0.00196223 -0.000541736
internal_weight=17858 17336 3490 2883 2086 1445 13846 12068 6787 5281 6165 3768 4237 3240
internal_count=17858 17336 3490 2883 2086 1445 13846 12068 6787 5281 6165 3768 4237 3240
is_linear=0
shrinkage=0.05


Tree=44
num_leaves=15
num_cat=0
split_feature=0 2 0 1 3 2 3 1 0 1 1 3 1 1
split_gain=18.4851 16.5924 13.6499 21.2721 10.1107 8.7011 7.27178 12.7623 9.217 6.91459 10.4278 10.7988 9.86384 8.21332
threshold=6.5253713130950937 1.5000000000000002 1.856028735637665 7.7142424583435067 1.3999999701976784 1.0000000180025095e-35 1.0000000180025095e-35 23.20114898681641 1.3101463317871096 3.6643046140670781 11.662280082702638 2.6339712105050967 8.5157127380371112 29.856619834899906
decision_type=2 2 2 2 2 2 2 2 2 2 2 2 2 2
left_child=1 5 -3 -4 -5 6 7 -1 -8 -10 12 -12 -11 -13
right_child=-2 2 3 4 -6 -7 8 -9 9 10 11 13 -14 -15
leaf_value=0.00016795697765830837 0.0082441498434441245 -0.0019651245747601613 0.013400238997336212 -0.0017598312495407248 0.0056807556937763801 -0.0027239374049980846 -0.0036847226483960336 -0.0096757628703580331 -0.0037253555024767925 0.0023200346422398714 -0.0020074032792839077 0.001243530656255427 0.011189888281145187 0.0082889714117249918
leaf_weight=913 655 1051 560 843 996 5123 1102 515 619 821 2017 1575 507 561
leaf_count=913 655 1051 560 843 996 5123 1102 515 619 821 2017 1575 507 561
internal_value=1.22416e-11 -0.000313894 0.00278646 0.00486812 0.00226998 -0.00109163 -0.00012265 -0.00338212 0.000523633 0.0012839 0.00184962 0.00061636 0.00570634 0.00309395
internal_weight=17858 17203 3450 2399 1839 13753 8630 1428 7202 6100 5481 4153 1328 2136
internal_count=17858 17203 3450 2399 1839 13753 8630 1428 7202 6100 5481 4153 1328 2136
is_linear=0
shrinkage=0.05


Tree=45
num_leaves=15
num_cat=0
split_feature=3 0 2 0 1 0 2 1 1 0 3 3 1 1
split_gain=17.2027 32.1122 16.7585 14.7035 9.87338 9.52565 8.05813 6.34952 13.1636 5.35158 5.06877 12.6571 3.94843 12.8412
threshold=0.11834734520358153 6.2799839973449716 1.5000000000000002 3.3242222070693974 27.139372825622562 1.5433149933815005 1.0000000180025095e-35 17.417921066284183 6.7174110412597665 2.8427542448043828 9.7638883675207406 2.2499999199062608 5.5818932056427011 10.800311565399172
decision_type=2 2 2 2 2 2 2 2 2 2 2 2 2 2
left_child=4 2 5 10 7 -2 12 8 -1 -10 11 -4 -7 -14
right_child=1 -3 3 -5 -6 6 -8 -9 9 -11 -12 -13 13 -15
leaf_value=0.0019104305929148165 -0.0034559718844349714 0.011763644536707814 -0.0012366830311822457 0.0090651832433518587 -0.0077462180455525722 -0.0017478444042290861 -0.0018189225007605597 0.0017667734446141594 -0.003521354345307834 -0.010662439680658282 -0.0028325607962426122 0.0087130706174380693 0.0079450827683108759 0.00074872804797230521
leaf_weight=706 2323 635 767 884 870 869 3238 914 552 500 543 548 742 3767
leaf_count=706 2323 635 767 884 870 869 3238 914 552 500 543 548 742 3767
internal_value=-1.14271e-11 0.000771907 0.000261729 0.00375703 -0.00311988 -0.000614413 0.000151713 -0.00161355 -0.00337101 -0.00691541 0.00123151 0.00290968 0.0013382 0.00193296
internal_weight=17858 14316 13681 2742 3542 10939 8616 2672 1758 1052 1858 1315 5378 4509
internal_count=17858 14316 13681 2742 3542 10939 8616 2672 1758 1052 1858 1315 5378 4509
is_linear=0
shrinkage=0.05


Tree=46
num_leaves=15
num_cat=0
split_feature=3 0 2 0 1 0 2 1 1 0 3 3 1 3
split_gain=15.5254 28.9813 15.1246 13.2699 8.91072 8.5969 7.27247 5.73044 11.8801 4.8298 4.57456 11.4231 3.78133 3.74984
threshold=0.11834734520358153 6.2799839973449716 1.5000000000000002 3.3242222070693974 27.139372825622562 1.5433149933815005 1.0000000180025095e-35 17.417921066284183 6.7174110412597665 2.8427542448043828 9.7638883675207406 2.2499999199062608 24.9967794418335 0.57417583521538762
decision_type=2 2 2 2 2 2 2 2 2 2 2 2 2 2
left_child=4 2 5 10 7 12 13 8 -1 -10 11 -4 -2 -7
right_child=1 -3 3 -5 -6 6 -8 -9 9 -11 -12 -13 -14 -15
leaf_value=0.0018149090820010596 -0.004617482520603013 0.011175461848831083 -0.001174849382513039 0.0086119241389196466 -0.0073589071134726215 0.0042787223128372565 -0.0017279763660584065 0.0016784347332550389 -0.0033452869325444321 -0.010129317599721254 -0.0026909329168649451 0.0082774174057863269 -0.00023332369504588664 0.00069167936005129548
leaf_weight=706 1616 635 767 884 870 869 3238 914 552 500 543 548 707 4509
leaf_count=706 1616 635 767 884 870 869 3238 914 552 500 543 548 707 4509
internal_value=-2.63737e-11 0.000733312 0.000248642 0.00356918 -0.00296389 -0.000583692 0.000144128 -0.00153288 -0.00320246 -0.00656964 0.00116993 0.00276419 -0.00328317 0.00127129
internal_weight=17858 14316 13681 2742 3542 10939 8616 2672 1758 1052 1858 1315 2323 5378
internal_count=17858 14316 13681 2742 3542 10939 8616 2672 1758 1052 1858 1315 2323 5378
is_linear=0
shrinkage=0.05


Tree=47
num_leaves=15
num_cat=0
split_feature=3 0 2 0 1 0 2 1 1 0 3 3 1 1
split_gain=14.0117 26.1556 13.6499 11.9761 8.04193 7.7587 6.5634 5.18996 9.67275 9.33576 4.12854 10.3093 3.56827 11.5916
threshold=0.11834734520358153 6.2799839973449716 1.5000000000000002 3.3242222070693974 27.139372825622562 1.5433149933815005 1.0000000180025095e-35 18.632964134216312 6.7174110412597665 2.4462543725967412 9.7638883675207406 2.2499999199062608 5.5818932056427011 11.662280082702638
decision_type=2 2 2 2 2 2 2 2 2 2 2 2 2 2
left_child=4 2 5 10 7 -2 12 8 -1 -10 11 -4 -7 -14
right_child=1 -3 3 -5 -6 6 -8 -9 9 -11 -12 -13 13 -15
leaf_value=0.0017241639282987071 -0.0031190146128011586 0.010616688940116741 -0.0011161066834587785 0.0081813280108254151 -0.0069909617578846287 -0.0017259945177716407 -0.0016415776575583599 0.0019176469886009913 -0.00052503782808780678 -0.0095622044478332266 -0.0025563865392357384 0.0078635465524951337 0.0070064310885339879 0.00054504924840400931
leaf_weight=706 2323 635 767 884 870 869 3238 799 500 667 543 548 857 3652
leaf_count=706 2323 635 767 884 870 869 3238 799 500 667 543 548 857 3652
internal_value=-2.45914e-11 0.000696646 0.00023621 0.00339072 -0.00281569 -0.000554507 0.000136921 -0.00145623 -0.00289549 -0.00569024 0.00111144 0.00262598 0.00120772 0.00177313
internal_weight=17858 14316 13681 2742 3542 10939 8616 2672 1873 1167 1858 1315 5378 4509
internal_count=17858 14316 13681 2742 3542 10939 8616 2672 1873 1167 1858 1315 5378 4509
is_linear=0
shrinkage=0.05


Tree=48
num_leaves=15
num_cat=0
split_feature=0 2 2 0 0 0 1 1 0 0 3 1 3 1
split_gain=12.9831 15.0307 11.9174 13.2291 12.0132 11.0175 16.8495 16.0431 6.144 11.3968 8.71067 6.8482 7.08663 4.9343
threshold=2.138858556747437 1.5000000000000002 1.0000000180025095e-35 5.1321570873260507 4.9729626178741464 4.9276232719421396 9.5995421409606951 23.326500892639164 4.3469109535217294 3.9215983152389531 0.40000000745058051 26.997159957885746 1.8062499355990476 23.437017440795902
decision_type=2 2 2 2 2 2 2 2 2 2 2 2 2 2
left_child=-1 2 4 13 8 6 -3 -8 9 10 -2 12 -12 -4
right_child=1 5 3 -5 -6 -7 7 -9 -10 -11 11 -13 -14 -15
leaf_value=-0.0018073983342249069 -0.0038364782512187961 0.010400363198096408 -0.0023213050627033786 -0.0089740720157041199 0.0064064464397496071 0.010995231564895715 -0.0058943540270658991 0.0053413904899327902 -0.0042790616082512521 0.0080569345518428839 0.0048712448923437443 0.0060409631192414473 -0.001860999716121743 0.002014557368094378
leaf_weight=6384 1000 512 1873 598 1026 523 643 628 603 518 555 663 1322 1010
leaf_count=6384 1000 512 1873 598 1026 523 643 628 603 518 555 663 1322 1010
internal_value=-1.31578e-11 0.00100562 9.80165e-05 -0.00220615 0.00150839 0.00461397 0.00274218 -0.000342782 0.000430208 0.00112998 0.000116378 0.00167262 0.000129621 -0.000802324
internal_weight=17858 11474 9168 3481 5687 2306 1783 1271 4661 4058 3540 2540 1877 2883
internal_count=17858 11474 9168 3481 5687 2306 1783 1271 4661 4058 3540 2540 1877 2883
is_linear=0
shrinkage=0.05


Tree=49
num_leaves=15
num_cat=0
split_feature=3 0 2 0 1 0 2 1 1 0 3 3 3 3
split_gain=12.2582 22.8054 11.5954 10.0819 7.37623 6.60166 5.31807 4.79222 9.61848 3.96724 3.70406 9.31695 3.52024 7.99465
threshold=0.11834734520358153 6.2799839973449716 1.5000000000000002 3.3242222070693974 27.139372825622562 1.5433149933815005 1.0000000180025095e-35 17.417921066284183 6.7174110412597665 2.8427542448043828 9.7638883675207406 2.2499999199062608 0.57417583521538762 2.4365079007474035
decision_type=2 2 2 2 2 2 2 2 2 2 2 2 2 2
left_child=4 2 5 10 7 -2 12 8 -1 -10 11 -4 -7 -14
right_child=1 -3 3 -5 -6 6 -8 -9 9 -11 -12 -13 13 -15
leaf_value=0.0016561487557698918 -0.0028726940107817699 0.0099145586348659415 -0.0010850410281912444 0.0075245573480373328 -0.0066323534664751473 0.0040084564919027283 -0.0014702369137411136 0.0016050310479375153 -0.0029659322800411696 -0.0091144099295139315 -0.0024363376989164844 0.0074514968134632778 -0.0024019112059112165 0.0020432874086404613
leaf_weight=706 2323 635 767 884 870 869 3238 914 552 500 543 548 1532 2977
leaf_count=706 2323 635 767 884 870 869 3238 914 552 500 543 548 1532 2977
internal_value=9.48898e-12 0.0006516 0.000221662 0.00312909 -0.00263363 -0.000507122 0.000130671 -0.00133165 -0.00285845 -0.00588821 0.00103782 0.00247239 0.00109455 0.000532965
internal_weight=17858 14316 13681 2742 3542 10939 8616 2672 1758 1052 1858 1315 5378 4509
internal_count=17858 14316 13681 2742 3542 10939 8616 2672 1758 1052 1858 1315 5378 4509
is_linear=0
shrinkage=0.05


Tree=50
num_leaves=15
num_cat=0
split_feature=3 0 0 2 1 3 1 1 1 1 3 1 1 0
split_gain=11.0631 20.5818 10.6577 11.0026 23.0884 8.42947 6.65705 5.80105 8.99963 14.7861 4.9872 4.32498 8.68068 4.26959
threshold=0.11834734520358153 6.2799839973449716 1.7966887950897219 1.5000000000000002 9.5995421409606951 2.7303030086942952 27.139372825622562 10.678173065185549 19.974007606506351 24.9967794418335 3.3333332919412215 17.417921066284183 6.7174110412597665 5.3287389278411874
decision_type=2 2 2 2 2 2 2 2 2 2 2 2 2 2
left_child=6 2 7 13 -5 -6 11 10 -9 -10 -2 12 -1 -4
right_child=1 -3 3 4 5 -7 -8 8 9 -11 -12 -13 -14 -15
leaf_value=0.0015733410432808123 -0.0084112976988156632 0.0094188304724333108 0.00056981217965227109 0.013117496871982111 -0.0031479079672386543 0.0045762653553317626 -0.0063007357168471684 0.0028602390565285879 -0.010236784967174568 3.8676714732302816e-05 -0.0017112807705863692 0.0015247794341996998 -0.0055938018643484945 -0.0038940085024028294
leaf_weight=706 558 635 7318 550 649 775 870 1041 502 1157 553 914 1052 578
leaf_count=706 558 635 7318 550 649 775 870 1041 502 1157 553 914 1052 578
internal_value=-2.51318e-11 0.00061902 0.000210579 0.00107775 0.00441653 0.00105591 -0.00250195 -0.00203528 -0.000783929 -0.00307059 -0.00507637 -0.00126506 -0.00271553 0.000243053
internal_weight=17858 14316 13681 9870 1974 1424 3542 3811 2700 1659 1111 2672 1758 7896
internal_count=17858 14316 13681 9870 1974 1424 3542 3811 2700 1659 1111 2672 1758 7896
is_linear=0
shrinkage=0.05


Tree=51
num_leaves=15
num_cat=0
split_feature=0 3 2 2 0 0 0 1 0 3 3 3 1 0
split_gain=10.1636 13.6463 13.4703 11.5917 15.3129 10.2284 6.44146 5.5922 4.35743 4.05644 6.58688 7.85631 7.37713 6.20012
threshold=3.1530255079269414 0.11111111410054166 1.5000000000000002 1.0000000180025095e-35 4.9729626178741464 4.8173367977142343 4.3219997882843026 18.053408622741703 4.6363980770111093 0.50806453752716252 0.92582418075014239 1.6396103838612908 29.094898223876957 2.5783061981201176
decision_type=2 2 2 2 2 2 2 2 2 2 2 2 2 2
left_child=9 8 3 4 6 7 -3 -5 -2 13 -11 -12 -13 -1
right_child=1 2 -4 5 -6 -7 -8 -9 -10 10 11 12 -14 -15
leaf_value=-0.0012326066805806606 -0.0008180838988441863 0.0026281532450140688 0.0074324975291476542 -0.0028500086515283862 0.0089512036797985677 -0.0073127804545240031 -0.0038215349417812421 0.0043106771666895256 -0.0066918684952181479 0.003950024620155616 -0.0049626655455483441 -0.00097457205393617773 0.0036455216369789788 -0.0062990711886704576
leaf_weight=2722 837 1436 1138 521 841 581 530 572 507 815 973 4542 1067 776
leaf_count=2722 837 1436 1138 521 841 581 530 572 507 815 973 4542 1067 776
internal_value=2.31427e-12 0.00149208 0.00257464 0.00134093 0.0033048 -0.00195213 0.000889428 0.000897395 -0.00303386 -0.000953591 -0.000290136 -0.000815164 -9.56917e-05 -0.00235656
internal_weight=17858 6963 5619 4481 2807 1674 1966 1093 1344 10895 7397 6582 5609 3498
internal_count=17858 6963 5619 4481 2807 1674 1966 1093 1344 10895 7397 6582 5609 3498
is_linear=0
shrinkage=0.05


Tree=52
num_leaves=15
num_cat=0
split_feature=0 2 2 0 1 0 1 3 0 1 0 1 1 3
split_gain=9.64947 10.6959 9.35685 11.604 10.4502 14.9771 13.7889 18.2552 9.69118 12.8255 8.92505 13.8073 14.5257 7.46781
threshold=2.138858556747437 1.5000000000000002 1.0000000180025095e-35 5.3287389278411874 28.25096416473389 3.866962313652039 9.0466494560241717 1.3390804792898681 3.3052772283554082 18.177651405334476 4.9276232719421396 9.5995421409606951 23.326500892639164 1.3390804792898681
decision_type=2 2 2 2 2 2 2 2 2 2 2 2 2 2
left_child=-1 2 4 -4 5 8 -7 -8 9 -2 11 -3 -13 -6
right_child=1 10 3 -5 13 6 7 -9 -10 -11 -12 12 -14 -15
leaf_value=-0.0015581750708928608 -0.00090331620445438456 0.0091586011528306706 -0.00074153571728706046 -0.0088920522044645626 -0.006969461331942252 -0.00038918454819800391 0.0020704260617350752 0.014553082345028681 -0.0046930502556573597 0.0077135530880910524 0.0096542594799113937 -0.0058489779684284173 0.0048422097053751794 0.00077464190310401351
leaf_weight=6384 1275 512 2969 512 560 559 518 674 747 653 523 643 628 701
leaf_count=6384 1275 512 2969 512 560 559 518 674 747 653 523 643 628 701
internal_value=-2.43717e-11 0.00086695 0.00010133 -0.00194035 0.00135104 0.00249508 0.00609007 0.00912857 0.000141874 0.00201516 0.00391084 0.00222615 -0.000566471 -0.00266445
internal_weight=17858 11474 9168 3481 5687 4426 1751 1192 2675 1928 2306 1783 1271 1261
internal_count=17858 11474 9168 3481 5687 4426 1751 1192 2675 1928 2306 1783 1271 1261
is_linear=0
shrinkage=0.05


Tree=53
num_leaves=15
num_cat=0
split_feature=0 0 3 3 3 1 1 3 0 1 1 1 1 1
split_gain=9.21178 7.08391 8.13077 7.58725 5.06802 18.5773 14.3559 12.9199 18.1733 12.7474 12.597 7.28754 4.94544 10.8861
threshold=6.786980628967286 1.7966887950897219 0.13446328275310207 0.33333334450920421 2.4365079007474035 9.899322986602785 4.6392407417297372 6.7596151615112898 2.5496876239776616 16.250737190246586 28.660490036010746 31.102161407470707 15.415084362030031 24.28449630737305
decision_type=2 2 2 2 2 2 2 2 2 2 2 2 2 2
left_child=1 -1 12 -4 5 -5 -6 8 -8 -7 -11 -9 -3 -14
right_child=-2 2 3 4 6 9 7 11 -10 10 -12 -13 13 -15
leaf_value=-0.001838010592673649 0.0065443210639202281 -0.0045648193402053729 0.0057323080727628732 0.0049328042733823027 -0.0050919715575130919 -0.0092894219732284553 -0.0022702807486501653 -0.00055013650992018735 0.0088609513006684525 0.0021421870840239829 -0.0061654560378081695 0.0059000186428484038 0.0050537157427481931 -0.0037517367145762995
leaf_weight=4768 522 1126 803 1008 702 625 503 2543 1353 1180 744 529 594 858
leaf_count=4768 522 1126 803 1008 702 625 503 2543 1353 1180 744 529 594 858
internal_value=-5.80434e-11 -0.000197054 0.000425485 0.00107153 0.000664148 -0.000813309 0.0015976 0.00255053 0.00584424 -0.00308561 -0.00107033 0.000560584 -0.00207799 -0.000149506
internal_weight=17858 17336 12568 9990 9187 3557 5630 4928 1856 2549 1924 3072 2578 1452
internal_count=17858 17336 12568 9990 9187 3557 5630 4928 1856 2549 1924 3072 2578 1452
is_linear=0
shrinkage=0.05


Tree=54
num_leaves=15
num_cat=0
split_feature=3 0 3 1 1 1 1 0 0 1 1 3 3 2
split_gain=8.58852 8.47275 20.5215 12.4496 11.3139 8.98845 8.42208 11.3541 8.02976 10.7342 15.4537 15.4841 15.4172 10.5289
threshold=3.3333332919412215 3.1530255079269414 4.999999906867747 19.49787521362305 11.090110778808596 30.79969692230225 3.9450728893280034 2.4610753059387211 1.1486966609954836 34.243980407714851 28.378836631774906 1.9045453773672938 0.27888889144305851 1.5000000000000002
decision_type=2 2 2 2 2 2 2 2 2 2 2 2 2 2
left_child=6 5 -3 4 -4 -2 7 -1 -8 10 11 12 -10 -14
right_child=1 2 3 -5 -6 -7 8 -9 9 -11 -12 -13 13 -15
leaf_value=-0.002277296535516993 -0.00096072127124062132 0.012647527832052788 0.00081968295185933817 -0.0024334554778516434 0.010677726114961771 0.0055523105785491786 -0.00548963915828048 0.0076058766628281805 -0.0018586071823710783 0.0060215076818218773 -0.005895330690477027 -0.0059465896018713726 0.0018593112550377021 0.0095332407076606542
leaf_weight=533 3709 503 687 1070 505 618 1057 639 2758 530 1503 1014 2169 563
leaf_count=533 3709 503 687 1070 505 618 1057 639 2758 530 1503 1014 2169 563
internal_value=2.85263e-11 0.001351 0.00351294 0.00148169 0.00499612 -3.05032e-05 -0.000889959 0.00311123 -0.00137874 -0.000869756 -0.0013259 -0.00026996 0.00077851 0.00344072
internal_weight=17858 7092 2765 2262 1192 4327 10766 1172 9594 8537 8007 6504 5490 2732
internal_count=17858 7092 2765 2262 1192 4327 10766 1172 9594 8537 8007 6504 5490 2732
is_linear=0
shrinkage=0.05


Tree=55
num_leaves=15
num_cat=0
split_feature=0 0 3 3 1 1 3 1 1 3 1 3 1 3
split_gain=8.12661 5.7415 6.78748 7.11021 5.10265 32.3387 13.9985 11.6428 20.8391 12.8943 14.6081 8.497 13.1907 10.1667
threshold=6.786980628967286 1.7966887950897219 0.13446328275310207 0.33333334450920421 17.877139091491703 14.387863636016847 1.0645833297166993 33.413610458374031 31.102161407470707 3.0277777874359386 25.922469139099125 1.3333333780368168 4.4976117610931405 3.3333332919412215
decision_type=2 2 2 2 2 2 2 2 2 2 2 2 2 2
left_child=1 -1 -3 -4 5 11 -6 8 9 -8 -11 -5 -13 -14
right_child=-2 2 3 4 6 -7 7 -9 -10 10 -12 12 13 -15
leaf_value=-0.0016623995918468042 0.0061467761627016625 -0.0019119741887510219 0.0054775235388117155 0.0056652463436932185 -0.0037554404981758288 -0.0088552447430536915 0.0079594150654274023 -0.0034590335232568973 0.013642371999524018 0.0038481254492994939 -0.0053471693682766866 -0.0051504875301576908 -0.0033525346851119272 0.00469782948073404
leaf_weight=4768 522 2578 803 925 920 944 769 564 505 1098 712 828 549 1373
leaf_count=4768 522 2578 803 925 920 944 769 564 505 1098 712 828 549 1373
internal_value=-3.53205e-11 -0.000185084 0.000375374 0.000965643 0.000571277 -0.000600568 0.00175621 0.0031462 0.00435417 0.00253542 0.000230971 0.00151982 0.000125445 0.00239832
internal_weight=17858 17336 12568 9990 9187 4619 4568 3648 3084 2579 1810 3675 2750 1922
internal_count=17858 17336 12568 9990 9187 4619 4568 3648 3084 2579 1810 3675 2750 1922
is_linear=0
shrinkage=0.05


Tree=56
num_leaves=15
num_cat=0
split_feature=3 3 0 0 0 1 0 1 0 1 1 0 0 3
split_gain=7.68784 8.00084 15.0909 11.3274 7.70223 8.41407 12.6455 9.14238 16.1736 9.20028 9.36505 9.13954 14.7398 16.1972
threshold=3.3333332919412215 7.585714074604371 5.1829545497894296 2.5496876239776616 5.3287389278411874 11.090110778808596 3.9215983152389531 16.250737190246586 2.5632447004318242 28.107201576232914 24.693804740905765 2.923602938652039 1.4141699671745303 0.26794872424129906
decision_type=2 2 2 2 2 2 2 2 2 2 2 2 2 2
left_child=4 3 -3 -2 5 6 11 8 -7 10 -9 12 -1 -14
right_child=1 2 -4 -5 -6 7 -8 9 -10 -11 -12 -13 13 -15
leaf_value=-0.0056169428173385369 -9.3040524459466704e-05 -0.00091833891853422469 0.008176860124808628 0.0067916006387967638 0.0032763462419402416 -0.00061391650226968152 0.0081456862827003831 -0.0013785754411403783 -0.011323163706771435 -0.0038291879358344806 0.0045828046927017217 -0.00560955572781214 -0.0022803567858794525 0.0088577071512777987
leaf_weight=554 1107 4175 512 1298 1027 722 503 2186 689 2152 943 657 571 762
leaf_count=554 1107 4175 512 1298 1027 722 503 2186 689 2152 943 657 571 762
internal_value=3.43374e-11 0.0012782 7.52053e-05 0.00362266 -0.000842002 -0.00127629 0.000901708 -0.00226798 -0.00584331 -0.0013127 0.000418031 -0.000530572 0.00123779 0.00408664
internal_weight=17858 7092 4687 2405 10766 9739 3047 6692 1411 5281 3129 2544 1887 1333
internal_count=17858 7092 4687 2405 10766 9739 3047 6692 1411 5281 3129 2544 1887 1333
is_linear=0
shrinkage=0.05


Tree=57
num_leaves=15
num_cat=0
split_feature=2 3 0 2 0 0 1 1 1 1 1 1 1 0
split_gain=7.40235 11.7688 9.8199 9.35312 10.4857 9.87816 9.47399 7.62366 6.09319 4.80133 4.74688 3.9703 3.44007 2.67896
threshold=1.5000000000000002 0.056349209157393894 3.1701189279556279 1.0000000180025095e-35 5.3287389278411874 4.6363980770111093 21.995532989501957 23.565176963806156 12.974284648895265 33.755502700805671 28.840053558349613 6.3008201122283944 30.012357711791996 3.866962313652039
decision_type=2 2 2 2 2 2 2 2 2 2 2 2 2 2
left_child=3 -2 7 5 10 9 -7 8 -3 12 11 -5 13 -1
right_child=1 2 -4 4 -6 6 -8 -9 -10 -11 -12 -13 -14 -15
leaf_value=-0.00064721163456541689 -0.0042400367012728124 0.00017970234308152172 0.0069261711587374711 0.00072000032036629831 -0.0089738056572969075 0.008029920454070763 -0.00066394664924167648 -0.003586434153061248 0.0073031350750928734 -0.0048329715889452981 0.0018089126237557322 -0.0030754862852183833 0.0032752681778323266 0.0024282854885376735
leaf_weight=5532 620 684 1160 894 512 773 527 598 535 523 908 3005 775 812
leaf_count=5532 620 684 1160 894 512 773 527 598 535 523 908 3005 775 812
internal_value=2.10966e-11 0.00202695 0.00333213 -0.00051125 -0.00217151 0.000476326 0.00450556 0.00103765 0.00330607 -0.000209097 -0.00144699 -0.00220522 0.000130598 -0.000253564
internal_weight=17858 3597 2977 14261 5319 8942 1300 1817 1219 7642 4807 3899 7119 6344
internal_count=17858 3597 2977 14261 5319 8942 1300 1817 1219 7642 4807 3899 7119 6344
is_linear=0
shrinkage=0.05


Tree=58
num_leaves=15
num_cat=0
split_feature=3 3 0 0 0 1 0 1 0 1 1 3 3 2
split_gain=6.78938 7.21907 13.4993 10.004 7.81816 7.13335 9.85614 7.06945 6.61697 10.7809 15.8932 14.2707 12.9068 8.78024
threshold=3.3333332919412215 7.585714074604371 5.1829545497894296 2.5496876239776616 4.1606194972991952 3.9450728893280034 2.4610753059387211 23.834431648254398 1.1486966609954836 33.88446235656739 28.378836631774906 1.9045453773672938 0.27888889144305851 1.5000000000000002
decision_type=2 2 2 2 2 2 2 2 2 2 2 2 2 2
left_child=5 3 7 -2 -5 6 -1 -3 -7 10 11 12 -10 -14
right_child=1 2 -4 4 -6 8 -8 -9 9 -11 -12 -13 13 -15
leaf_value=-0.0021294118455605928 -6.374147936849844e-05 -0.0023678071733742052 0.0077209827881233655 0.009548263964290751 0.0016137543707181871 -0.0049728786778991362 0.007078756767446074 0.0019663685446282505 -0.0016472759991080551 0.0055049635693902458 -0.0061120034620261547 -0.0056905995683236643 0.0017573247917439597 0.0087650894152652304
leaf_weight=533 1107 2743 512 784 514 1057 639 1432 2758 632 1401 1014 2169 563
leaf_count=533 1107 2743 512 784 514 1057 639 1432 2758 632 1401 1014 2169 563
internal_value=-6.64267e-11 0.00120119 5.84783e-05 0.00342817 0.00640625 -0.000791272 0.00289108 -0.000881211 -0.00124111 -0.000779062 -0.00128147 -0.00024094 0.000765609 0.00320146
internal_weight=17858 7092 4687 2405 1298 10766 1172 4175 9594 8537 7905 6504 5490 2732
internal_count=17858 7092 4687 2405 1298 10766 1172 4175 9594 8537 7905 6504 5490 2732
is_linear=0
shrinkage=0.05


Tree=59
num_leaves=15
num_cat=0
split_feature=2 3 0 2 0 0 1 1 1 3 3 3 3 1
split_gain=6.40806 10.1906 8.53767 8.48032 9.77216 8.55091 8.49315 4.68665 4.29727 3.85206 7.09484 3.69827 5.38734 5.56663
threshold=1.5000000000000002 0.056349209157393894 3.3242222070693974 1.0000000180025095e-35 5.3287389278411874 4.6363980770111093 21.995532989501957 33.755502700805671 28.840053558349613 9.7638883675207406 2.2499999199062608 2.5773809390129903 6.6904763450630673 15.156090736389162
decision_type=2 2 2 2 2 2 2 2 2 2 2 2 2 2
left_child=3 -2 9 5 8 7 -7 -1 11 10 -3 -5 -13 -14
right_child=1 2 -4 4 -6 6 -8 -9 -10 -11 -12 12 13 -15
leaf_value=0.00016259088754352517 -0.0039457671909082321 -0.00043908952754743248 0.0066776990805560051 -0.0034689010986347218 -0.0086233537200314462 0.0075504185753105801 -0.00068112178060599025 -0.0047413402829981676 0.0017407306703833233 -0.002465800953339477 0.0069146174069045349 0.0032365219570123236 0.00090883288916076871 -0.0062076556270546993
leaf_weight=7119 620 817 1069 2148 512 773 527 523 908 543 548 650 573 528
leaf_count=7119 620 817 1069 2148 512 773 527 523 908 543 548 650 573 528
internal_value=4.17864e-13 0.00188591 0.00310044 -0.000475677 -0.00205657 0.000464693 0.00421348 -0.000173022 -0.00135714 0.0010962 0.00251317 -0.00207857 -0.000373011 -0.00250398
internal_weight=17858 3597 2977 14261 5319 8942 1300 7642 4807 1908 1365 3899 1751 1101
internal_count=17858 3597 2977 14261 5319 8942 1300 7642 4807 1908 1365 3899 1751 1101
is_linear=0
shrinkage=0.05


Tree=60
num_leaves=15
num_cat=0
split_feature=0 2 1 1 0 0 0 0 0 1 1 0 1 1
split_gain=6.16911 3.99255 5.51045 10.6169 9.09035 3.4969 6.71533 8.07409 6.68007 6.44731 6.03906 4.72423 9.83076 8.34048
threshold=6.786980628967286 1.5000000000000002 7.7142424583435067 17.013521194458011 2.6449598073959355 2.7658754587173466 2.4330505132675175 2.2694872617721562 3.3052772283554082 21.079396247863773 25.415451049804691 3.6852741241455083 17.013521194458011 9.0466494560241717
decision_type=2 2 2 2 2 2 2 2 2 2 2 2 2 2
left_child=1 5 -3 -4 -5 6 7 -1 10 -8 -7 12 -10 -13
right_child=-2 2 3 4 -6 8 9 -9 11 -11 -12 13 -14 -15
leaf_value=-0.001170745010167515 0.00535554964830421 0.0050625971772413139 -0.00389925124882548 -0.0008725720995392763 0.0063571867718850211 0.0010453050271001861 -0.007577830589009355 0.0051576308152951056 0.001586215481454251 -0.00032092694602260706 0.0074801683137679697 -0.0039042783478136669 -0.0078485847509580601 0.0016281729832903378
leaf_weight=5587 522 777 972 899 842 1237 746 554 510 519 517 916 602 2658
leaf_count=5587 522 777 972 899 842 1237 746 554 510 519 517 916 602 2658
internal_value=4.72558e-12 -0.00016126 0.00135011 0.000286855 0.00262396 -0.000542212 -0.00128318 -0.000599841 0.000309903 -0.00460049 0.00294201 -0.000675312 -0.00352147 0.000210231
internal_weight=17858 17336 3490 2713 1741 13846 7406 6141 6440 1265 1754 4686 1112 3574
internal_count=17858 17336 3490 2713 1741 13846 7406 6141 6440 1265 1754 4686 1112 3574
is_linear=0
shrinkage=0.05


Tree=61
num_leaves=15
num_cat=0
split_feature=3 1 0 3 0 0 0 0 1 2 2 1 0 1
split_gain=5.85747 6.50912 8.88161 6.04817 11.6785 8.82651 7.2574 6.88904 6.12537 8.13726 7.58604 5.72486 7.58563 7.20433
threshold=3.3333332919412215 3.9450728893280034 2.4610753059387211 7.585714074604371 5.1829545497894296 2.5496876239776616 3.5547726154327397 4.0500555038452157 10.512176990509035 1.0000000180025095e-35 1.0000000180025095e-35 5.4553904533386239 5.3287389278411874 11.090110778808596
decision_type=2 2 2 2 2 2 2 2 2 2 2 2 2 2
left_child=1 2 -1 5 7 -2 -7 8 10 -10 -5 -3 13 -13
right_child=3 11 -4 4 -6 6 -8 -9 9 -11 -12 12 -14 -15
leaf_value=-0.0019832487387572177 -0.00012587358958029814 -0.0062156324549402413 0.0067578401434029772 -0.0075246474786699394 0.0071967980971749061 0.010304618883052312 0.0027404425857112391 -0.0058862976231004883 0.0041094891306326913 -0.0015186713772700358 0.0010532333664161223 0.001783188189125425 0.0035867890129641943 -0.0020423721172081423
leaf_weight=533 1107 530 639 517 512 551 747 575 1293 1276 514 1508 864 6692
leaf_count=533 1107 530 639 517 512 551 747 575 1293 1276 514 1508 864 6692
internal_value=-3.48262e-11 -0.000734964 0.00278258 0.00111571 6.97682e-05 0.0031541 0.00595143 -0.000804253 7.46221e-06 0.00131403 -0.00324819 -0.00116467 -0.00086932 -0.00133884
internal_weight=17858 10766 1172 7092 4687 2405 1298 4175 3600 2569 1031 9594 9064 8200
internal_count=17858 10766 1172 7092 4687 2405 1298 4175 3600 2569 1031 9594 9064 8200
is_linear=0
shrinkage=0.05


Tree=62
num_leaves=15
num_cat=0
split_feature=2 3 2 0 0 0 1 0 1 1 1 3 3 1
split_gain=5.39306 9.07143 7.54131 9.79877 7.15117 6.8936 7.74156 5.28474 4.38336 3.45061 3.14143 31.3972 4.32633 5.69857
threshold=1.5000000000000002 0.056349209157393894 1.0000000180025095e-35 5.1321570873260507 3.3242222070693974 4.6363980770111093 21.995532989501957 3.7354383468627934 33.755502700805671 23.565176963806156 27.378501892089847 1.4868420897067189 1.8377192846412529 11.090110778808596
decision_type=2 2 2 2 2 2 2 2 2 2 2 2 2 2
left_child=2 -2 5 7 9 8 -7 -4 10 -3 12 -12 13 -1
right_child=1 4 3 -5 -6 6 -8 -9 -10 -11 11 -13 -14 -15
leaf_value=0.0036925751715898517 -0.0037720170938560084 0.0025470288496033636 -0.0019546006295874433 -0.0079570445459473099 0.0061499413072372902 0.0070022200934834692 -0.00085666556277116186 0.0023736504041444108 -0.0045402197747795806 -0.0019618116541410351 -0.0061837578569916458 0.0092742142517392226 -0.001697772596094568 -0.00077736883015543069
leaf_weight=1200 620 1271 3858 598 1069 773 527 863 523 637 592 738 2832 1757
leaf_count=1200 620 1271 3858 598 1069 773 527 863 523 637 592 738 2832 1757
internal_value=-1.01435e-11 0.00173012 -0.000436381 -0.00192719 0.00287601 0.000450399 0.00381635 -0.0011634 -0.000122192 0.00104172 0.00020238 0.00239367 -0.00030106 0.00103661
internal_weight=17858 3597 14261 5319 2977 8942 1300 4721 7642 1908 7119 1330 5789 2957
internal_count=17858 3597 14261 5319 2977 8942 1300 4721 7642 1908 7119 1330 5789 2957
is_linear=0
shrinkage=0.05


Tree=63
num_leaves=15
num_cat=0
split_feature=3 1 0 1 0 1 3 3 1 0 1 1 0 0
split_gain=5.14014 5.68083 8.88132 20.1258 7.32777 7.23891 6.75567 7.59983 5.59633 7.95354 5.96612 7.11597 6.16509 4.03115
threshold=3.3333332919412215 4.3479483127594003 3.1530255079269414 19.49787521362305 4.1293785572052011 30.79969692230225 4.8660711846694626 9.9999995401927517 3.9450728893280034 2.4610753059387211 34.385274887084968 32.397140502929695 5.9931476116180429 4.2526242733001718
decision_type=2 2 2 2 2 2 2 2 2 2 2 2 2 2
left_child=8 -2 5 4 -4 6 -3 -8 9 -1 11 12 -10 -5
right_child=1 2 3 13 -6 -7 7 -9 10 -11 -12 -13 -14 -15
leaf_value=-0.0019368604293851423 -0.0027973578451146344 -0.0061714961022516952 0.013227882933711816 -0.0032993097998871563 0.0052285082905252139 0.0050031804862435206 0.0039185212842055726 -0.0017667352668587419 -0.00066666393751996212 0.0063349413363400012 0.0040236050363263746 -0.006516883401643663 -0.0063698752285240015 0.0023145679145614804
leaf_weight=533 847 512 501 623 668 618 875 1791 7921 639 539 630 504 657
leaf_count=533 847 512 501 623 668 618 875 1791 7921 639 539 630 504 657
internal_value=9.40684e-13 0.00104516 0.00156632 0.00391385 0.00865681 5.18026e-05 -0.000911052 9.9206e-05 -0.000688491 0.00257311 -0.00108693 -0.00139113 -0.00100784 -0.000417812
internal_weight=17858 7092 6245 2449 1169 3796 3178 2666 10766 1172 9594 9055 8425 1280
internal_count=17858 7092 6245 2449 1169 3796 3178 2666 10766 1172 9594 9055 8425 1280
is_linear=0
shrinkage=0.05


Tree=64
num_leaves=15
num_cat=0
split_feature=0 2 1 1 0 0 1 0 3 3 3 0 1 3
split_gain=5.21351 3.26902 4.66889 10.0995 7.68412 2.70738 4.72623 2.98456 3.33342 27.3449 5.85174 12.8956 9.7049 7.48972
threshold=6.786980628967286 1.5000000000000002 7.7142424583435067 17.013521194458011 2.6449598073959355 1.2076039314270022 25.415451049804691 1.3807836174964907 2.4365079007474035 1.8775000068955163 6.2678569601088592 3.8360002040863042 29.262808799743656 3.6666667188207311
decision_type=2 2 2 2 2 2 2 2 2 2 2 2 2 2
left_child=1 5 -3 -4 -5 6 -1 -7 9 -9 11 13 -12 -10
right_child=-2 2 3 4 -6 7 -8 8 10 -11 12 -13 -14 -15
leaf_value=-0.0039921519951261076 0.0049233199940223633 0.0046366030736131169 -0.0038421949114911106 -0.00069464041009230403 0.0059524339946172697 0.0033332530926130847 0.0016466159141131295 -0.00017757786095841735 0.0044192860480817605 -0.012059659145465544 -0.0020262881865916408 0.0094718367663067324 0.0048278918507276107 -0.0032100445774103296
leaf_weight=1249 522 777 972 899 842 562 529 5838 577 528 2675 521 640 727
leaf_count=1249 522 777 972 899 842 562 529 5838 577 528 2675 521 640 727
internal_value=5.49932e-11 -0.000148245 0.00121934 0.000240639 0.00252008 -0.000492956 -0.00231448 -0.000224588 -0.000398368 -0.00116309 0.000548751 0.00282249 -0.000703008 0.000165817
internal_weight=17858 17336 3490 2713 1741 13846 1778 12068 11506 6366 5140 1825 3315 1304
internal_count=17858 17336 3490 2713 1741 13846 1778 12068 11506 6366 5140 1825 3315 1304
is_linear=0
shrinkage=0.05


Tree=65
num_leaves=15
num_cat=0
split_feature=0 2 1 1 1 0 2 1 1 3 1 3 3 3
split_gain=4.7052 2.95029 4.21367 9.11482 7.3601 6.28805 2.64581 3.2646 4.03401 20.6513 7.7813 4.48377 8.21355 6.54387
threshold=6.786980628967286 1.5000000000000002 7.7142424583435067 17.013521194458011 28.660490036010746 2.630499124526978 1.0000000180025095e-35 34.103580474853523 30.012357711791996 1.8377192846412529 27.798629760742191 1.8062499355990476 3.3333332919412215 5.5773808166105949
decision_type=2 2 2 2 2 2 2 2 2 2 2 2 2 2
left_child=1 6 -3 -4 5 -5 7 8 10 -10 11 -1 -13 -14
right_child=-2 2 3 4 -6 -7 -8 -9 9 -11 -12 12 13 -15
leaf_value=0.0016354990037185933 0.0046771537361446217 0.0044047729816393232 -0.0036500853265984436 0.0013054660939415519 -0.0015609677185827171 0.0090893585613346199 -0.0013635374921199502 -0.0038036029705991988 -0.0038579921591258472 0.010399003572306456 -0.0060372408316833066 -0.0058261380369234103 0.0049814719177323254 -0.0010308663753726883
leaf_weight=3350 522 777 972 537 702 502 5171 513 509 507 514 687 584 2011
leaf_count=3350 522 777 972 537 702 502 5171 513 509 507 514 687 584 2011
internal_value=1.90682e-11 -0.000140833 0.00115837 0.000228607 0.00239408 0.00506631 -0.000468308 6.53209e-05 0.000308491 0.00325647 -0.000110645 0.000348684 -0.000964793 0.000322199
internal_weight=17858 17336 3490 2713 1741 1039 13846 8675 8162 1016 7146 6632 3282 2595
internal_count=17858 17336 3490 2713 1741 1039 13846 8675 8162 1016 7146 6632 3282 2595
is_linear=0
shrinkage=0.05


Tree=66
num_leaves=15
num_cat=0
split_feature=3 0 0 1 1 0 1 0 1 3 3 0 1 1
split_gain=4.37698 5.29513 6.83426 6.10989 5.15605 7.29985 18.9613 6.87127 5.85208 6.42217 6.79046 4.98459 7.77525 13.2229
threshold=3.3333332919412215 5.3287389278411874 4.6962068080902108 17.417921066284183 4.3479483127594003 3.1530255079269414 19.49787521362305 4.1293785572052011 30.79969692230225 4.8660711846694626 9.9999995401927517 1.1486966609954836 11.090110778808596 16.250737190246586
decision_type=2 2 2 2 2 2 2 2 2 2 2 2 2 2
left_child=1 2 11 -3 -2 8 7 -7 9 -6 -11 -1 -13 -14
right_child=4 3 -4 -5 5 6 -8 -9 -10 10 -12 12 13 -15
leaf_value=-0.0036793896660095721 -0.00269627988914637 -0.0010138770027694531 -0.0061785462657161297 0.0067003243863767038 -0.0059067905203846749 0.012619341539587089 -0.00061522967500422972 0.0048731432864470361 0.0045397822898857803 0.0038173911145755225 -0.0015566126283805242 0.0021078283612747484 -0.0060977464302120372 -1.0458347101067585e-05
leaf_weight=1187 847 522 597 505 512 501 1280 668 618 875 1791 2493 1123 4339
leaf_count=1187 847 522 597 505 512 501 1280 668 618 875 1791 2493 1123 4339
internal_value=-2.57303e-12 -0.000635328 -0.000995416 0.00277938 0.000964458 0.00146096 0.00358924 0.00819294 8.78906e-05 -0.000777833 0.000207173 -0.000656942 -0.00020595 -0.00126202
internal_weight=17858 10766 9739 1027 7092 6245 2449 1169 3796 3178 2666 9142 7955 5462
internal_count=17858 10766 9739 1027 7092 6245 2449 1169 3796 3178 2666 9142 7955 5462
is_linear=0
shrinkage=0.05


Tree=67
num_leaves=15
num_cat=0
split_feature=2 0 1 0 1 2 0 0 1 1 1 0 1 3
split_gain=4.17196 8.04891 6.80519 17.2912 18.6584 6.40074 9.7381 5.67842 6.89634 4.13562 3.67728 6.25767 5.56086 5.50778
threshold=1.5000000000000002 4.9276232719421396 7.7142424583435067 3.0172090530395512 19.641646385192875 1.0000000180025095e-35 5.3287389278411874 4.6363980770111093 21.995532989501957 33.755502700805671 23.565176963806156 2.8149876594543461 14.240219593048097 2.675438700648006
decision_type=2 2 2 2 2 2 2 2 2 2 2 2 2 2
left_child=5 2 -2 4 -4 7 10 9 -9 -1 12 -12 13 -7
right_child=1 -3 3 -5 -6 6 -8 8 -10 -11 11 -13 -14 -15
leaf_value=0.00022874922784782393 0.0049230723005837078 0.0072558536545959361 0.007975020369186122 -0.0070349225135920143 -0.0027326859692487484 -0.0027532776674934639 -0.0083125854056561362 0.0064949989124194613 -0.00092247541272832501 -0.0043778848921591645 -0.0018151188567121909 0.0044193451413026092 -0.0046579981322987492 0.0026399647003068241
leaf_weight=7119 689 523 748 745 892 1070 512 773 527 523 938 705 1245 849
leaf_count=7119 689 523 748 745 892 1070 512 773 527 523 938 705 1245 849
internal_value=1.61054e-11 0.0015217 0.000546109 -0.000718347 0.00215107 -0.000383813 -0.00175726 0.000433161 0.00348807 -8.65177e-05 -0.00105904 0.000860047 -0.00205559 -0.000367211
internal_weight=17858 3597 3074 2385 1640 14261 5319 8942 1300 7642 4807 1643 3164 1919
internal_count=17858 3597 3074 2385 1640 14261 5319 8942 1300 7642 4807 1643 3164 1919
is_linear=0
shrinkage=0.05


Tree=68
num_leaves=15
num_cat=0
split_feature=3 3 3 0 0 3 1 1 1 0 1 1 1 1
split_gain=3.95934 13.1314 10.6189 6.68275 6.15041 4.53711 4.5165 24.3684 10.5317 7.21483 8.17896 9.25606 6.9617 8.99577
threshold=0.11834734520358153 0.20000000372529025 0.28801845025598177 6.2799839973449716 4.6363980770111093 0.42857144301643202 17.729066848754886 14.387863636016847 19.49787521362305 1.3297689557075503 4.6392407417297372 1.671456038951874 23.682008743286136 27.971342086791996
decision_type=2 2 2 2 2 2 2 2 2 2 2 2 2 2
left_child=4 -2 -3 5 -1 -4 7 9 -8 -7 11 -11 -10 -14
right_child=1 2 3 -5 -6 6 8 -9 12 10 -12 -13 13 -15
leaf_value=-0.00063638245251081442 0.0080262379484088726 -0.0067495453164634041 0.0041546953519336358 0.0055919387755848319 -0.0065422965531316841 -0.0039751119003785373 0.0072799345149143734 -0.0074863977268526038 -0.0029781696846669266 0.0032721649684694662 0.0028716882724457693 -0.0054859503729160503 0.0044601458582114537 -0.00047980758056200316
leaf_weight=3026 539 548 658 582 516 755 577 1190 1324 502 2766 756 1392 2727
leaf_count=3026 539 548 658 582 516 755 577 1190 1324 502 2766 756 1392 2727
internal_value=-2.03743e-11 0.000370321 7.07974e-05 0.000353324 -0.00149676 0.000112249 -0.000109615 -0.00108422 0.00085673 0.000509966 0.00135148 -0.00199106 0.000175821 0.00118963
internal_weight=17858 14316 13777 13229 3542 12647 11989 5969 6020 4779 4024 1258 5443 4119
internal_count=17858 14316 13777 13229 3542 12647 11989 5969 6020 4779 4024 1258 5443 4119
is_linear=0
shrinkage=0.05


Tree=69
num_leaves=15
num_cat=0
split_feature=3 3 0 2 1 1 0 0 1 0 1 1 1 0
split_gain=3.77374 5.16976 12.6697 8.26994 4.84278 7.28286 4.76849 8.79507 5.31457 6.12051 4.81216 6.20867 4.36527 6.98308
threshold=3.3333332919412215 6.2678569601088592 2.5496876239776616 1.0000000180025095e-35 34.385274887084968 32.397140502929695 5.1829545497894296 3.9551857709884648 23.977459907531742 1.9130862951278689 6.3008201122283944 11.222597599029543 3.9450728893280034 2.4610753059387211
decision_type=2 2 2 2 2 2 2 2 2 2 2 2 2 2
left_child=4 2 -2 -4 5 12 7 8 10 -10 -3 -12 13 -1
right_child=1 6 3 -5 -6 -7 -8 -9 9 -11 11 -13 -14 -15
leaf_value=-0.001858290421512628 -0.001312464795396393 0.0027906823486966246 0.011241868292061044 0.0023368814031506867 0.0040293107697384261 -0.0060410546357669535 0.0044556520753187071 -0.0056288370198518088 -0.0011502970422355874 0.0058677546295788181 -0.0066519367543083647 -0.0003414051983502829 -0.00088924256416600075 0.005892449199966795
leaf_weight=533 879 680 527 516 539 630 554 697 515 783 540 1401 8425 639
leaf_count=533 879 680 527 516 539 630 554 697 515 783 540 1401 8425 639
internal_value=4.34626e-11 0.000895534 0.00310959 0.00683633 -0.000589925 -0.000833375 7.24352e-05 -0.000453627 0.000466792 0.00308324 -0.000828955 -0.00209704 -0.000491514 0.00236758
internal_weight=17858 7092 1922 1043 10766 10227 5170 4616 3919 1298 2621 1941 9597 1172
internal_count=17858 7092 1922 1043 10766 10227 5170 4616 3919 1298 2621 1941 9597 1172
is_linear=0
shrinkage=0.05


Tree=70
num_leaves=15
num_cat=0
split_feature=2 3 3 3 2 0 1 1 0 1 0 1 1 1
split_gain=3.81357 7.67999 6.48336 7.93355 5.65709 9.1258 5.50891 6.01832 4.8543 6.25261 3.93378 3.33343 2.97814 2.71063
threshold=1.5000000000000002 0.056349209157393894 0.66666665838824424 1.8775000068955163 1.0000000180025095e-35 5.3287389278411874 25.922469139099125 14.240219593048097 4.6363980770111093 18.33624362945557 4.1865522861480722 28.840053558349613 6.3008201122283944 33.413610458374031
decision_type=2 2 2 2 2 2 2 2 2 2 2 2 2 2
left_child=4 -2 -3 -4 8 11 7 -5 10 -10 13 12 -6 -1
right_child=1 2 3 6 5 -7 -8 -9 9 -11 -12 -13 -14 -15
leaf_value=0.00050717044953572856 -0.0036077298920962121 0.0069903505839935438 -0.0038969984500935037 0.0042300279035491738 0.00091584820458686332 -0.0080040471933898513 0.0073160257746063759 -0.0026942383974367097 -0.00018902446023386085 0.0067469968944897131 -0.0043038792676266995 0.0017461761881470157 -0.0023713696987279838 -0.0031467653892256996
leaf_weight=6578 620 635 560 709 894 512 510 563 660 640 514 908 3005 550
leaf_count=6578 620 635 560 709 894 512 510 563 660 640 514 908 3005 550
internal_value=6.03002e-13 0.00145487 0.00250922 0.00129423 -0.000366957 -0.00165816 0.00292559 0.00116528 0.000401093 0.00322563 -7.93965e-05 -0.000982249 -0.00161764 0.000225231
internal_weight=17858 3597 2977 2342 14261 5319 1782 1272 8942 1300 7642 4807 3899 7128
internal_count=17858 3597 2977 2342 14261 5319 1782 1272 8942 1300 7642 4807 3899 7128
is_linear=0
shrinkage=0.05


Tree=71
num_leaves=15
num_cat=0
split_feature=0 1 1 1 1 0 1 1 0 0 3 3 0 0
split_gain=3.55434 2.29118 14.3738 11.9346 10.6218 7.2855 10.174 5.61417 6.71963 7.51865 7.70586 11.7062 10.6154 17.2337
threshold=6.786980628967286 17.729066848754886 14.387863636016847 19.974007606506351 15.681638717651369 1.8360277414321902 24.693804740905765 13.236307144165041 5.0728566646575937 1.2567819952964785 7.4722219052276282 3.3333332919412215 3.9215983152389531 2.9555554389953618
decision_type=2 2 2 2 2 2 2 2 2 2 2 2 2 2
left_child=1 2 7 -3 -4 6 -5 8 9 -1 11 12 13 -11
right_child=-2 3 4 5 -6 -7 -8 -9 -10 10 -12 -13 -14 -15
leaf_value=-0.0038941466779268668 0.0040651105408524646 0.0054742746071677071 -0.010065783133306277 -0.0080675766325722913 -0.0018474999865636642 0.00074680277203750692 -0.00051547488768514114 0.0051251474787987758 -0.0053819112601163595 0.0023733136287547767 -0.0021915767622405886 0.0081726902580239649 0.0075863858803631784 -0.0066335169953945427
leaf_weight=872 522 1041 615 624 1090 5440 1563 557 552 1737 1288 690 502 765
leaf_count=872 522 1041 615 624 1090 5440 1563 557 552 1737 1288 690 502 765
internal_value=3.28477e-11 -0.000122404 -0.000697215 0.000452408 -0.00481187 -0.000233021 -0.00267026 0.000310322 -0.000108326 0.000388944 0.00113861 0.00229976 0.000950789 -0.000380573
internal_weight=17858 17336 8668 8668 1705 7627 2187 6963 6406 5854 4982 3694 3004 2502
internal_count=17858 17336 8668 8668 1705 7627 2187 6963 6406 5854 4982 3694 3004 2502
is_linear=0
shrinkage=0.05


Tree=72
num_leaves=15
num_cat=0
split_feature=2 0 1 0 1 2 0 0 1 0 0 1 1 0
split_gain=3.47688 7.03424 5.87798 15.7837 17.1413 5.08584 8.25101 4.29205 6.79012 3.77743 3.13602 2.48571 4.18989 3.17523
threshold=1.5000000000000002 4.9276232719421396 7.7142424583435067 3.0172090530395512 19.641646385192875 1.0000000180025095e-35 5.3287389278411874 4.6363980770111093 21.995532989501957 4.1865522861480722 4.3219997882843026 33.413610458374031 29.564505577087406 3.71253514289856
decision_type=2 2 2 2 2 2 2 2 2 2 2 2 2 2
left_child=5 2 -2 4 -4 7 10 9 -9 11 -7 12 13 -1
right_child=1 -3 3 -5 -6 6 -8 8 -10 -11 -12 -13 -14 -15
leaf_value=-0.00033563581497036239 0.0045450019934018659 0.0067497143970649282 0.0076256214317312861 -0.0067329845484033635 -0.0026375337224036058 -0.001384853703041825 -0.0076087335888587408 0.006017469958726613 -0.0013426588052544439 -0.0042136334259686306 0.0026692581631839831 -0.0030045052820985968 0.0039756376042728025 0.0037000226408409674
leaf_weight=5277 689 523 748 745 892 4270 512 773 527 514 537 550 764 537
leaf_count=5277 689 523 748 745 892 4270 512 773 527 514 537 550 764 537
internal_value=-1.77469e-11 0.00138916 0.000477137 -0.000698025 0.00204347 -0.000350383 -0.00157466 0.000377856 0.00303379 -7.39514e-05 -0.00093196 0.000224561 0.00049455 3.71108e-05
internal_weight=17858 3597 3074 2385 1640 14261 5319 8942 1300 7642 4807 7128 6578 5814
internal_count=17858 3597 3074 2385 1640 14261 5319 8942 1300 7642 4807 7128 6578 5814
is_linear=0
shrinkage=0.05


Tree=73
num_leaves=15
num_cat=0
split_feature=3 1 0 1 1 3 3 0 0 1 0 0 1 1
split_gain=3.29944 5.0519 5.94428 17.405 5.25131 6.08478 5.78645 4.55424 7.10324 5.54427 4.29269 4.04134 5.97457 11.6762
threshold=3.3333332919412215 4.3479483127594003 3.1530255079269414 17.150908470153812 30.79969692230225 4.8660711846694626 9.9999995401927517 5.3287389278411874 4.6962068080902108 17.417921066284183 2.2876739501953129 1.1486966609954836 11.090110778808596 16.250737190246586
decision_type=2 2 2 2 2 2 2 2 2 2 2 2 2 2
left_child=7 -2 4 -4 5 -3 -7 8 11 -9 -8 -1 -13 -14
right_child=1 2 3 -5 -6 6 10 9 -10 -11 -12 12 13 -15
leaf_value=-0.0032619765635639453 -0.0027862083747402415 -0.0057227087985666008 0.0082976870111024989 -0.00027012099148153782 0.0043069842901430474 0.0035611412457057408 0.00040791724471823736 -0.00099820455668272871 -0.0061696984082884728 0.0063502578124274862 -0.0047145883098857694 0.0018938322199640795 -0.005604257077668675 0.0001159486793776651
leaf_weight=1187 847 512 1006 1443 618 875 1159 522 597 505 632 2493 1123 4339
leaf_count=1187 847 512 1006 1443 618 875 1159 522 597 505 632 2493 1123 4339
internal_value=-3.795e-12 0.000837368 0.00132883 0.00324936 8.97904e-05 -0.000730293 0.00022849 -0.000551608 -0.000885556 0.00261521 -0.00139969 -0.000540486 -0.0001344 -0.00106014
internal_weight=17858 7092 6245 2449 3796 3178 2666 10766 9739 1027 1791 9142 7955 5462
internal_count=17858 7092 6245 2449 3796 3178 2666 10766 9739 1027 1791 9142 7955 5462
is_linear=0
shrinkage=0.05


Tree=74
num_leaves=15
num_cat=0
split_feature=2 3 3 3 1 1 2 0 1 0 1 3 0 1
split_gain=3.14835 6.80905 5.88563 7.01747 5.34904 4.97664 4.58445 7.854 4.06383 10.5867 9.97983 8.73445 8.20874 7.47199
threshold=1.5000000000000002 0.056349209157393894 0.66666665838824424 1.8775000068955163 25.922469139099125 14.240219593048097 1.0000000180025095e-35 5.1321570873260507 27.971342086791996 3.7354383468627934 25.561310768127445 1.8377192846412529 3.9215983152389531 8.8050508499145526
decision_type=2 2 2 2 2 2 2 2 2 2 2 2 2 2
left_child=6 -2 -3 -4 5 -5 8 -8 10 11 12 -10 -1 -14
right_child=1 2 3 4 -6 -7 7 -9 9 -11 -12 -13 13 -15
leaf_value=-0.00067263298276858683 -0.003445002660906363 0.0065842402397882282 -0.0037252791222584037 0.0037436749440669091 0.0070175935421595533 -0.0025529018452731798 -0.0008119721714469545 -0.0068942041768627026 -0.0033169714205059011 -0.0074865388329703663 0.0070121394204241891 0.0043362829936753724 -0.0013240805803572092 0.0061003007842406372
leaf_weight=4772 620 635 560 709 510 563 4721 598 729 556 616 763 515 991
leaf_count=4772 620 635 560 709 510 563 4721 598 729 556 616 763 515 991
internal_value=2.31175e-11 0.0013219 0.00231468 0.00115704 0.00269133 0.000956747 -0.000333419 -0.00149578 0.000357992 -0.00159766 0.000938957 0.000596858 0.000343054 0.00356142
internal_weight=17858 3597 2977 2342 1782 1272 14261 5319 8942 2048 6894 1492 6278 1506
internal_count=17858 3597 2977 2342 1782 1272 14261 5319 8942 2048 6894 1492 6278 1506
is_linear=0
shrinkage=0.05


Tree=75
num_leaves=15
num_cat=0
split_feature=0 1 1 1 1 0 1 1 1 0 0 3 3 0
split_gain=2.92676 2.22489 12.6782 10.6595 9.34567 6.71712 8.74613 5.39076 5.27009 6.17683 6.45387 7.05917 10.3996 9.58712
threshold=6.786980628967286 17.729066848754886 14.387863636016847 19.974007606506351 15.681638717651369 1.8360277414321902 24.693804740905765 31.273641586303714 13.236307144165041 5.0728566646575937 1.2567819952964785 7.4722219052276282 3.3333332919412215 3.9215983152389531
decision_type=2 2 2 2 2 2 2 2 2 2 2 2 2 2
left_child=1 2 8 -3 -4 6 -5 -8 9 10 -1 12 13 -12
right_child=-2 3 4 5 -6 -7 7 -9 -10 -11 11 -13 -14 -15
leaf_value=-0.0036283527159157699 0.0036888082147757901 0.0052013922886380362 -0.0094700469067547383 -0.0075369256190382511 -0.0017612506894804881 0.00074840923728007678 0.0019493750082870739 -0.0040057603258388174 0.0049336815744477937 -0.0051929883213470817 -0.0003909017765249828 -0.0021529474020906673 0.0076812846553714386 0.0071803663130033312
leaf_weight=872 522 1041 615 624 1090 5440 911 652 557 552 2502 1288 690 502
leaf_count=872 522 1041 615 624 1090 5440 911 652 557 552 2502 1288 690 502
internal_value=2.45854e-12 -0.000111073 -0.000677508 0.000455362 -0.00454184 -0.000192418 -0.00253266 -0.000534789 0.000268736 -0.00013688 0.000339883 0.00103444 0.0021458 0.000874337
internal_weight=17858 17336 8668 8668 1705 7627 2187 1563 6963 6406 5854 4982 3694 3004
internal_count=17858 17336 8668 8668 1705 7627 2187 1563 6963 6406 5854 4982 3694 3004
is_linear=0
shrinkage=0.05


Tree=76
num_leaves=15
num_cat=0
split_feature=2 0 0 0 0 1 2 0 1 0 1 3 0 0
split_gain=2.86986 6.21696 5.3155 5.48221 4.46427 15.4599 4.1312 7.10167 3.67907 9.69746 8.82346 7.87928 7.0463 6.88189
threshold=1.5000000000000002 4.9276232719421396 3.7354383468627934 1.7006043791770937 2.923602938652039 18.495265960693363 1.0000000180025095e-35 5.3287389278411874 27.971342086791996 3.7354383468627934 25.561310768127445 1.8377192846412529 3.9215983152389531 4.500927448272706
decision_type=2 2 2 2 2 2 2 2 2 2 2 2 2 2
left_child=6 2 3 -2 5 -5 8 -8 10 11 12 -10 -1 -14
right_child=1 -3 -4 4 -6 -7 7 -9 9 -11 -12 -13 13 -15
leaf_value=-0.00061055335348155057 -0.0018731825198280757 0.0063016118232452848 -0.0042408647483621392 0.010205430228751703 -0.00065431729973857984 -0.0015469159505814602 -0.00082548120589347553 -0.0070197946566622708 -0.0031397277394767001 -0.0071588873774024306 0.0066012913869185888 0.0041292203031236194 0.0079802056983055755 0.00086490928276365643
leaf_weight=4772 876 523 513 610 558 517 4807 512 729 556 616 763 518 988
leaf_count=4772 876 523 513 610 558 517 4807 512 729 556 616 763 518 988
internal_value=1.68642e-11 0.00126208 0.000404677 0.00133524 0.00300323 0.00481416 -0.000318331 -0.00142174 0.000338012 -0.00152276 0.000890791 0.000577569 0.000330474 0.00331227
internal_weight=17858 3597 3074 2561 1685 1127 14261 5319 8942 2048 6894 1492 6278 1506
internal_count=17858 3597 3074 2561 1685 1127 14261 5319 8942 2048 6894 1492 6278 1506
is_linear=0
shrinkage=0.05


Tree=77
num_leaves=15
num_cat=0
split_feature=3 3 3 0 0 3 1 0 3 1 0 1 1 0
split_gain=2.75522 11.7181 9.54425 5.69136 4.99935 4.27992 11.4939 7.61247 5.26335 8.6499 8.42222 7.76104 7.42666 5.61663
threshold=0.11834734520358153 0.20000000372529025 0.28801845025598177 4.6363980770111093 6.2799839973449716 0.67261905433470692 18.957884788513187 5.3287389278411874 2.6076922597088066 31.102161407470707 0.9646972417831422 30.195087432861332 27.971342086791996 2.6901332139968877
decision_type=2 2 2 2 2 2 2 2 2 2 2 2 2 2
left_child=3 -2 -3 -1 5 6 -4 8 11 10 -10 -7 13 -12
right_child=1 2 4 -5 -6 7 -8 -9 9 -11 12 -13 -14 -15
leaf_value=-0.00042094062568751576 0.0075411189327635048 -0.0064400438586399503 0.0063250315523791043 -0.0061021784208570573 0.004824836551222976 -0.00045670309642862001 -0.002249790576536998 -0.0058234922694901763 0.0062630763317507547 0.0051611645841223349 -0.0014649097149709662 -0.0066932276799612032 -0.0060048039707035596 0.0018775876537082789
leaf_weight=3026 539 548 880 516 582 2800 703 583 511 989 2593 607 542 2439
leaf_count=3026 539 548 880 516 582 2800 703 583 511 989 2593 607 542 2439
internal_value=5.26698e-12 0.000308919 2.59728e-05 -0.00124859 0.000293822 8.53101e-05 0.00251701 -0.000262609 4.67119e-05 0.000824307 0.000119434 -0.00156782 -0.000443789 0.000155192
internal_weight=17858 14316 13777 3542 13229 12647 1583 11064 10481 7074 6085 3407 5574 5032
internal_count=17858 14316 13777 3542 13229 12647 1583 11064 10481 7074 6085 3407 5574 5032
is_linear=0
shrinkage=0.05


Tree=78
num_leaves=15
num_cat=0
split_feature=0 3 1 0 0 0 0 0 0 1 0 1 0 0
split_gain=2.79674 10.2896 4.73739 8.44394 9.62407 5.38027 5.0157 6.24323 4.19255 13.6012 4.3407 7.76837 6.57386 7.82801
threshold=5.5853936672210702 1.9045453773672938 1.1188510656356814 4.500927448272706 4.2526242733001718 4.0119636058807382 3.6852741241455083 3.5171769857406621 3.1530255079269414 23.20114898681641 2.8935406208038335 17.729066848754886 2.7658754587173466 2.5632447004318242
decision_type=2 2 2 2 2 2 2 2 2 2 2 2 2 2
left_child=2 -2 -1 4 5 6 7 8 10 -10 12 -12 13 -4
right_child=1 -3 3 -5 -6 -7 -8 -9 9 -11 11 -13 -14 -15
leaf_value=0.0045038643539294437 0.0062595350180484665 -0.0022884333069241084 0.00015657926823494316 -0.0037475896996953064 0.0065932491505019328 -0.0050326245766307912 0.0037965369206264706 -0.0055004764334522054 -0.0013681252253883211 0.0091366883881390092 -0.0078650575271894639 0.00088375422783428805 0.0053353095049127885 -0.0047665121820791648
leaf_weight=522 730 680 8088 1629 541 554 815 542 803 500 503 512 542 897
leaf_count=522 730 680 8088 1629 541 554 815 542 803 500 503 512 542 897
internal_value=-3.5199e-12 0.00213711 -0.000183203 -0.000336829 5.17927e-05 -0.000205472 -2.90814e-06 -0.000252892 -1.27744e-05 0.00266289 -0.000343488 -0.00345186 -1.2324e-05 -0.000334908
internal_weight=17858 1410 16448 15926 14297 13756 13202 12387 11845 1303 10542 1015 9527 8985
internal_count=17858 1410 16448 15926 14297 13756 13202 12387 11845 1303 10542 1015 9527 8985
is_linear=0
shrinkage=0.05


Tree=79
num_leaves=15
num_cat=0
split_feature=2 3 0 1 1 2 0 0 1 0 0 1 1 1
split_gain=2.60343 5.91864 5.4884 5.55019 7.94964 3.71134 6.30464 3.95943 6.45327 4.37759 2.9799 2.6698 4.53014 2.04953
threshold=1.5000000000000002 0.056349209157393894 3.1701189279556279 23.565176963806156 12.974284648895265 1.0000000180025095e-35 5.3287389278411874 4.6363980770111093 18.33624362945557 4.0500555038452157 4.3219997882843026 33.413610458374031 29.564505577087406 9.7443413734436053
decision_type=2 2 2 2 2 2 2 2 2 2 2 2 2 2
left_child=5 -2 3 4 -3 7 10 9 -9 11 -7 12 13 -1
right_child=1 2 -4 -5 -6 6 -8 8 -10 -11 -12 -13 -14 -15
leaf_value=-0.001288825202026347 -0.0032422358620040601 -0.0012231964258509771 0.0048145635381686216 -0.0035331574944548784 0.0069133580859019389 -0.0012287027547593977 -0.0066236013517482206 -0.00059916764557728494 0.0064472679903224174 -0.0038925416083469286 0.002723206640732799 -0.0031258277039029705 0.0041880691537648359 0.00073283909903565673
leaf_weight=1876 620 684 1160 598 535 4270 512 660 640 697 537 536 754 3779
leaf_count=1876 620 684 1160 598 535 4270 512 660 640 697 537 536 754 3779
internal_value=-2.48858e-11 0.00120207 0.00212766 0.000412302 0.00234781 -0.000303195 -0.00134903 0.000318902 0.00286985 -0.000115046 -0.000787227 0.000264064 0.000547569 6.21685e-05
internal_weight=17858 3597 2977 1817 1219 14261 5319 8942 1300 7642 4807 6945 6409 5655
internal_count=17858 3597 2977 1817 1219 14261 5319 8942 1300 7642 4807 6945 6409 5655
is_linear=0
shrinkage=0.05


Tree=80
num_leaves=15
num_cat=0
split_feature=0 3 1 0 0 0 0 0 0 1 0 1 0 0
split_gain=2.50424 9.37703 4.38774 8.64591 8.80766 4.71887 4.46148 5.68273 3.70395 12.2147 3.88844 7.00248 5.95313 7.05632
threshold=5.5037066936492929 1.9045453773672938 1.1188510656356814 4.500927448272706 4.2526242733001718 4.0119636058807382 3.6852741241455083 3.5171769857406621 3.1530255079269414 23.20114898681641 2.8935406208038335 17.729066848754886 2.7658754587173466 2.5632447004318242
decision_type=2 2 2 2 2 2 2 2 2 2 2 2 2 2
left_child=2 -2 -1 4 5 6 7 8 10 -10 12 -12 13 -4
right_child=1 -3 3 -5 -6 -7 -8 -9 9 -11 11 -13 -14 -15
leaf_value=0.0043326205042301469 0.0058948524425815173 -0.0020712068187364553 0.00015860188765770046 -0.0038595614186383688 0.0063172951087617285 -0.0047073920736499537 0.0035864243820378202 -0.0052392235541255713 -0.0013087592167712536 0.0086462485995143657 -0.007446482673909508 0.00085986123303882778 0.0050878476942597282 -0.0045155358138424632
leaf_weight=522 750 728 8088 1561 541 554 815 542 803 500 503 512 542 897
leaf_count=522 750 728 8088 1561 541 554 815 542 803 500 503 512 542 897
internal_value=8.64314e-12 0.00197111 -0.000177857 -0.000326329 5.94423e-05 -0.000186668 3.03631e-06 -0.000232732 -3.64637e-06 0.00251127 -0.000314493 -0.00325648 -1.05491e-06 -0.000308032
internal_weight=17858 1478 16380 15858 14297 13756 13202 12387 11845 1303 10542 1015 9527 8985
internal_count=17858 1478 16380 15858 14297 13756 13202 12387 11845 1303 10542 1015 9527 8985
is_linear=0
shrinkage=0.05


Tree=81
num_leaves=15
num_cat=0
split_feature=3 1 1 0 1 0 1 1 1 2 1 0 1 0
split_gain=2.59281 5.04494 5.9618 5.40763 4.47518 5.30452 16.467 4.31993 5.24262 4.49125 3.65841 3.55745 3.5092 2.90967
threshold=3.3333332919412215 34.385274887084968 32.397140502929695 5.9931476116180429 4.3479483127594003 3.1530255079269414 17.150908470153812 17.417921066284183 13.381580829620363 1.0000000180025095e-35 9.0466494560241717 1.8715583682060244 27.971342086791996 4.6705245971679696
decision_type=2 2 2 2 2 2 2 2 2 2 2 2 2 2
left_child=1 2 3 13 -2 7 -7 8 10 11 -6 -9 -8 -1
right_child=4 -3 -4 -5 5 6 12 9 -10 -11 -12 -13 -14 -15
leaf_value=-0.00042936698136661816 -0.002668174472335097 0.004225677821322142 -0.0054492152340355378 -0.0051915089251994822 -0.0027304745253560873 0.0079295053985525329 0.0017939588856600707 0.00084400793714244863 -0.0061324464648551368 -0.00082368775299522003 0.003033489520654424 0.0065031689897735419 -0.0031700066061973197 0.0025786380573789773
leaf_weight=8144 847 539 630 561 580 1006 804 548 508 1073 524 563 639 892
leaf_count=8144 847 539 630 561 580 1006 804 548 508 1073 524 563 639 892
internal_value=4.45374e-12 -0.000488986 -0.000737466 -0.00042816 0.000742304 0.00120486 0.00301911 3.43978e-05 -0.00192891 0.00148351 5.32e-06 0.00371179 -0.000404221 -0.000132428
internal_weight=17858 10766 10227 9597 7092 6245 2449 3796 1612 2184 1104 1111 1443 9036
internal_count=17858 10766 10227 9597 7092 6245 2449 3796 1612 2184 1104 1111 1443 9036
is_linear=0
shrinkage=0.05


Tree=82
num_leaves=15
num_cat=0
split_feature=1 1 1 3 1 1 3 0 0 0 1 1 1 3
split_gain=2.43081 12.5598 10.0367 6.37577 6.60371 6.56763 2.87671 2.55358 5.57737 3.82438 5.2598 3.83353 14.6715 10.622
threshold=27.971342086791996 29.375464439392093 26.752210617065433 2.5166666321456437 33.613300323486335 32.397140502929695 0.26794872424129906 1.1486966609954836 1.4343159794807436 1.7966887950897219 15.54867458343506 17.729066848754886 14.387863636016847 0.11834734520358153
decision_type=2 2 2 2 2 2 2 2 2 2 2 2 2 2
left_child=2 -2 7 4 6 -5 -3 -1 -9 10 -10 12 13 -11
right_child=1 3 -4 5 -6 -7 -8 8 9 11 -12 -13 -14 -15
leaf_value=-0.0019385911428581792 -0.0071851551742777315 -0.0013338612869381906 0.0064837771658867076 0.0066179002656416332 0.0019454197806265693 -0.0002205502532604264 -0.0064349156005675742 0.0041570048081302534 0.0001801051617020351 -0.0036751862157985401 -0.0065264013664731724 0.0017273885162274395 -0.005123210733707164 0.0019132509156050909
leaf_weight=1479 697 500 629 614 736 820 618 854 678 1066 514 3137 1314 4202
leaf_count=1479 697 500 629 614 736 820 618 854 678 1066 514 3137 1314 4202
internal_value=1.26549e-11 -0.00108843 0.00031265 0.000203972 -0.00173241 0.00270749 -0.00415359 1.95634e-05 0.000265727 -3.88423e-05 -0.00271179 0.000288986 -0.000396561 0.000782409
internal_weight=17858 3985 13873 3288 1854 1434 1118 13244 11765 10911 1192 9719 6582 5268
internal_count=17858 3985 13873 3288 1854 1434 1118 13244 11765 10911 1192 9719 6582 5268
is_linear=0
shrinkage=0.05


Tree=83
num_leaves=15
num_cat=0
split_feature=2 0 0 0 0 1 2 0 1 3 0 1 1 1
split_gain=2.40934 5.28124 5.1958 4.92876 4.332 13.764 3.26206 5.90639 3.72156 4.67757 19.018 16.5726 13.1255 6.60392
threshold=1.5000000000000002 4.9276232719421396 3.7354383468627934 1.7006043791770937 2.923602938652039 18.495265960693363 1.0000000180025095e-35 5.1321570873260507 34.103580474853523 1.1143790763547055 4.9729626178741464 27.378501892089847 27.139372825622562 6.3008201122283944
decision_type=2 2 2 2 2 2 2 2 2 2 2 2 2 2
left_child=6 2 3 -2 5 -5 8 -8 9 12 11 13 -1 -11
right_child=1 -3 -4 4 -6 -7 7 -9 -10 10 -12 -13 -14 -15
leaf_value=0.00068219692859385907 -0.0017559936244602075 0.0058012179574478658 -0.004226792615531539 0.0097386145138288627 -0.00073523104164121829 -0.0013504336733997906 -0.00067917146206886896 -0.0059536380145113208 -0.0038051628689656316 -0.0052111607920067617 0.010199136689320194 0.0065131186689697425 -0.0068996366845925214 3.6564850313538864e-05
leaf_weight=2879 876 523 513 610 558 517 4721 598 522 779 563 885 712 2602
leaf_count=2879 876 523 513 610 558 517 4721 598 522 779 563 885 712 2602
internal_value=-1.31618e-11 0.0011564 0.000366144 0.00128617 0.00286773 0.00465162 -0.000291674 -0.00127216 0.000291554 0.000545531 0.00156179 0.000421884 -0.000821079 -0.00117254
internal_weight=17858 3597 3074 2561 1685 1127 14261 5319 8942 8420 4829 4266 3591 3381
internal_count=17858 3597 3074 2561 1685 1127 14261 5319 8942 8420 4829 4266 3591 3381
is_linear=0
shrinkage=0.05


Tree=84
num_leaves=15
num_cat=0
split_feature=1 0 1 0 0 0 0 0 1 1 1 0 0 0
split_gain=2.18602 12.5927 16.7666 12.4152 8.91127 7.1688 8.7734 7.81351 5.52921 13.2651 9.93719 8.07592 5.39276 5.28378
threshold=9.0466494560241717 5.1829545497894296 21.479108810424808 5.1321570873260507 3.4956555366516118 4.0500555038452157 3.6852741241455083 3.4751502275466923 14.387863636016847 17.150908470153812 19.974007606506351 2.8149876594543461 2.8742823600769047 1.7966887950897219
decision_type=2 2 2 2 2 2 2 2 2 2 2 2 2 2
left_child=3 5 -3 4 12 6 7 8 -2 -10 -11 -12 13 -1
right_child=1 2 -4 -5 -6 -7 -8 -9 9 10 11 -13 -14 -15
leaf_value=-0.0026191702631857242 0.0027348721061617887 0.010670266879141828 -0.00032321868021155533 -0.0081460980209037814 0.0043152758157443769 -0.0032363679208801096 0.0057515093361283761 -0.0059348023436316287 -0.0057419134966201256 0.0052618885404783593 -0.0013765699610229388 0.0033716229461166073 -0.005397671345756706 0.0019932109230003611
leaf_weight=1198 1795 652 741 529 923 1673 687 541 990 928 4136 1143 633 1289
leaf_count=1198 1795 652 741 529 923 1673 687 541 990 928 4136 1143 633 1289
internal_value=1.38928e-11 0.000324517 0.00482233 -0.000943029 -5.54905e-07 -0.000202302 0.00029437 -9.8901e-05 0.000252214 -0.000366985 0.000490302 -0.000348499 -0.00127732 -0.000228596
internal_weight=17858 13286 1393 4572 4043 11893 10220 9533 8992 7197 6207 5279 3120 2487
internal_count=17858 13286 1393 4572 4043 11893 10220 9533 8992 7197 6207 5279 3120 2487
is_linear=0
shrinkage=0.05


Tree=85
num_leaves=15
num_cat=0
split_feature=2 1 1 0 1 0 2 0 1 3 0 1 1 1
split_gain=2.16251 5.14836 4.3544 13.0551 11.8011 6.17591 2.91717 5.41633 3.30536 4.24004 16.814 15.0401 11.6888 5.97557
threshold=1.5000000000000002 31.102161407470707 19.641646385192875 2.923602938652039 9.0466494560241717 2.6449598073959355 1.0000000180025095e-35 5.3287389278411874 34.103580474853523 1.1143790763547055 4.9729626178741464 27.378501892089847 27.139372825622562 6.3008201122283944
decision_type=2 2 2 2 2 2 2 2 2 2 2 2 2 2
left_child=6 2 3 4 -2 -4 8 -8 9 12 11 13 -1 -11
right_child=1 -3 5 -5 -6 -7 7 -9 -10 10 -12 -13 -14 -15
leaf_value=0.0006320512866178872 -0.00044614711658830209 0.0057762342960675167 -0.0063019665921043733 -0.0028330991003522547 0.0097252386853868417 0.0014371995933410027 -0.00068281880406101359 -0.0060924216897547019 -0.003585644174809657 -0.0049503028679720399 0.0096035683346038844 0.00621308929671002 -0.0065228097130324743 4.1527195556588952e-05
leaf_weight=2879 515 505 501 906 639 531 4807 512 522 779 563 885 712 2602
leaf_count=2879 515 505 501 906 639 531 4807 512 522 779 563 885 712 2602
internal_value=-9.93618e-12 0.00109556 0.000331094 0.00165916 0.00518602 -0.0023199 -0.00027633 -0.00120354 0.000275206 0.00051456 0.00148212 0.000410303 -0.000786568 -0.00110862
internal_weight=17858 3597 3092 2060 1154 1032 14261 5319 8942 8420 4829 4266 3591 3381
internal_count=17858 3597 3092 2060 1154 1032 14261 5319 8942 8420 4829 4266 3591 3381
is_linear=0
shrinkage=0.05


Tree=86
num_leaves=15
num_cat=0
split_feature=1 1 1 3 1 3 3 3 0 0 3 0 0 1
split_gain=1.99914 11.3096 9.34776 4.82426 5.9621 5.71512 2.97933 2.32893 15.3228 11.1843 10.7928 8.7371 6.50218 4.74664
threshold=27.971342086791996 29.375464439392093 26.752210617065433 2.5166666321456437 33.613300323486335 7.585714074604371 0.26794872424129906 3.666666645970611 4.9729626178741464 4.0821683406829843 1.8775000068955163 3.1530255079269414 2.9896733760833745 17.417921066284183
decision_type=2 2 2 2 2 2 2 2 2 2 2 2 2 2
left_child=2 -2 7 4 6 -5 -3 10 9 11 -1 13 -12 -9
right_child=1 3 -4 5 -6 -7 -8 8 -10 -11 12 -13 -14 -15
leaf_value=0.00033281310119114395 -0.0067723975261643936 -0.00087602888047695171 0.0062390976320413228 0.0064365711652246433 0.0020495447603499761 -6.1756980383879977e-05 -0.0060672699971106451 -0.0018564055363943827 0.0083254814442559142 -0.007044230077337202 -0.0014758567467855826 0.0054113467353325015 -0.008152460454107632 0.0022708654798793072
leaf_weight=6733 697 500 629 547 736 887 618 2047 603 522 839 799 645 1056
leaf_count=6733 697 500 629 547 736 887 618 2047 603 522 839 799 645 1056
internal_value=-9.04764e-12 -0.000987066 0.000283533 0.000239326 -0.00144505 0.00241703 -0.00374561 6.84451e-07 0.000848382 -0.000170762 -0.00051792 0.000748754 -0.00437775 -0.00045183
internal_weight=17858 3985 13873 3288 1854 1434 1118 13244 5027 4424 8217 3902 1484 3103
internal_count=17858 3985 13873 3288 1854 1434 1118 13244 5027 4424 8217 3902 1484 3103
is_linear=0
shrinkage=0.05


Tree=87
num_leaves=15
num_cat=0
split_feature=2 3 3 3 1 1 2 0 1 3 3 1 1 1
split_gain=1.9524 5.15692 5.10628 6.17254 5.25353 4.33267 2.63693 5.07879 3.16309 3.85566 14.6775 14.0803 10.3712 7.6949
threshold=1.5000000000000002 0.056349209157393894 0.66666665838824424 1.8775000068955163 25.922469139099125 14.240219593048097 1.0000000180025095e-35 5.1321570873260507 34.103580474853523 1.1143790763547055 1.8062499355990476 29.564505577087406 17.013521194458011 6.8598968982696542
decision_type=2 2 2 2 2 2 2 2 2 2 2 2 2 2
left_child=6 -2 -3 -4 5 -5 8 -8 9 12 -11 13 -1 -12
right_child=1 2 3 4 -6 -7 7 -9 -10 10 11 -13 -14 -15
leaf_value=0.0018999476759825229 -0.003107492937105558 0.0058818107553002402 -0.0037522881720880316 0.0031469915019498012 0.0065531105803800565 -0.002728092572924749 -0.00059423102296729438 -0.0054852298442212045 -0.0035150317082688269 0.0084709568461403244 -0.0049945635606463146 0.0075866950759631959 -0.0034748450501115146 0.00045712187998865508
leaf_weight=1824 620 635 560 709 510 563 4721 598 522 640 845 578 1767 2766
leaf_count=1824 620 635 560 709 510 563 4721 598 522 640 845 578 1767 2766
internal_value=-9.47724e-12 0.00104098 0.00190496 0.000826689 0.00226565 0.00054662 -0.000262563 -0.00114411 0.000261812 0.000495958 0.00141862 0.000341156 -0.000744792 -0.000818612
internal_weight=17858 3597 2977 2342 1782 1272 14261 5319 8942 8420 4829 4189 3591 3611
internal_count=17858 3597 2977 2342 1782 1272 14261 5319 8942 8420 4829 4189 3591 3611
is_linear=0
shrinkage=0.05


Tree=88
num_leaves=15
num_cat=0
split_feature=0 1 1 1 1 0 0 3 0 1 0 0 3 3
split_gain=1.94541 1.77659 10.2515 8.36251 8.27537 5.28664 7.7004 4.38195 4.35064 14.6087 7.2108 5.96899 8.99737 9.00951
threshold=6.786980628967286 17.729066848754886 14.387863636016847 19.974007606506351 15.681638717651369 1.8360277414321902 1.4789630770683291 1.4999999497085834 2.8742823600769047 12.496533870697023 1.3807836174964907 3.4547972679138188 1.4316770673018915 7.9500000491738314
decision_type=2 2 2 2 2 2 2 2 2 2 2 2 2 2
left_child=1 2 8 7 -4 6 -5 -3 9 10 -1 -10 -13 -14
right_child=-2 3 4 5 -6 -7 -8 -9 11 -11 -12 12 13 -15
leaf_value=-0.0033924159879804485 0.0030074505246033842 0.0012449265182018282 -0.0087090374106102118 -9.3065531761158833e-05 -0.0014550763947906299 0.00067650553224452513 -0.0063452333808741053 0.0077379284952483161 -0.0044884066981000781 0.0090233101426109453 0.0016444500724730245 0.0038138614367195182 -0.0067816942286269936 0.0022424335706979037
leaf_weight=1013 522 500 615 1438 1090 5440 749 541 936 536 2380 979 619 500
leaf_count=1013 522 500 615 1438 1090 5440 749 541 936 536 2380 979 619 500
internal_value=1.55418e-11 -9.05566e-05 -0.000596718 0.000415605 -0.00407161 -0.000158151 -0.0022343 0.00461929 0.000254163 0.00135245 0.000140664 -0.0011681 0.000313212 -0.00274947
internal_weight=17858 17336 8668 8668 1705 7627 2187 1041 6963 3929 3393 3034 2098 1119
internal_count=17858 17336 8668 8668 1705 7627 2187 1041 6963 3929 3393 3034 2098 1119
is_linear=0
shrinkage=0.05


Tree=89
num_leaves=15
num_cat=0
split_feature=1 1 1 3 1 1 3 3 0 0 3 0 0 0
split_gain=1.92028 10.0105 8.42419 3.89399 5.49483 5.28129 2.87453 2.2221 13.955 10.0154 9.30042 8.03282 5.56737 4.34923
threshold=27.971342086791996 29.375464439392093 26.752210617065433 2.5166666321456437 33.613300323486335 32.397140502929695 0.26794872424129906 3.666666645970611 4.9729626178741464 4.0821683406829843 1.8775000068955163 3.1530255079269414 2.9896733760833745 1.0471910238265993
decision_type=2 2 2 2 2 2 2 2 2 2 2 2 2 2
left_child=2 -2 7 4 6 -5 -3 10 9 11 13 -9 -12 -1
right_child=1 3 -4 5 -6 -7 -8 8 -10 -11 12 -13 -14 -15
leaf_value=-0.0037227634042744534 -0.0064103364861948439 -0.00071679299175739296 0.0059315893896788787 0.0056495315917078955 0.0020279796814303033 -0.00048277036355036065 -0.0058159078727551654 -0.00041623816069406426 0.0079729889973590342 -0.0066395552735240464 -0.0013950377487365483 0.0052056657409153238 -0.0075730854743196411 0.00069471489459282292
leaf_weight=613 697 500 629 614 736 820 618 3103 603 522 839 799 645 6120
leaf_count=613 697 500 629 614 736 820 618 3103 603 522 839 799 645 6120
internal_value=1.07328e-11 -0.000967402 0.000277885 0.000186407 -0.00132688 0.00214292 -0.00353545 9.37246e-06 0.000837399 -0.000135196 -0.000497198 0.000734941 -0.00408024 0.00029253
internal_weight=17858 3985 13873 3288 1854 1434 1118 13244 5027 4424 8217 3902 1484 6733
internal_count=17858 3985 13873 3288 1854 1434 1118 13244 5027 4424 8217 3902 1484 6733
is_linear=0
shrinkage=0.05


Tree=90
num_leaves=15
num_cat=0
split_feature=2 3 0 0 3 2 0 0 1 3 0 1 1 1
split_gain=1.76474 4.69984 4.87671 3.68913 4.72931 2.38133 4.92725 3.22511 2.93007 3.55988 13.9059 12.4964 9.25069 4.62059
threshold=1.5000000000000002 0.056349209157393894 3.3242222070693974 2.5632447004318242 5.2678570073402078 1.0000000180025095e-35 5.2737994194030771 4.3219997882843026 34.103580474853523 1.1143790763547055 4.9729626178741464 27.378501892089847 27.139372825622562 6.3008201122283944
decision_type=2 2 2 2 2 2 2 2 2 2 2 2 2 2
left_child=5 -2 3 4 -3 8 7 -7 9 12 11 13 -1 -11
right_child=1 2 -4 -5 -6 6 -8 -9 -10 10 -12 -13 -14 -15
leaf_value=0.00054386256579840226 -0.0029706755415686678 -0.00069833442062365548 0.0045180991533978155 -0.0033648682540596123 0.0052556932873123298 -0.0010307106963714336 -0.0056475201695039175 0.0031542331817769262 -0.0033863811999901962 -0.0043768118450057064 0.0087464122074266629 0.0056752289057114711 -0.005821216982276587 1.2727602772260062e-05
leaf_weight=2879 620 857 1069 505 546 4270 533 516 522 779 563 885 712 2602
leaf_count=2879 620 857 1069 505 546 4270 533 516 522 779 563 885 712 2602
internal_value=-3.78598e-11 0.000989688 0.00181449 0.000299726 0.00161877 -0.000249625 -0.00108736 -0.000579513 0.000248688 0.000474045 0.00136061 0.000385879 -0.000718164 -0.000998645
internal_weight=17858 3597 2977 1908 1403 14261 5319 4786 8942 8420 4829 4266 3591 3381
internal_count=17858 3597 2977 1908 1403 14261 5319 4786 8942 8420 4829 4266 3591 3381
is_linear=0
shrinkage=0.05


Tree=91
num_leaves=15
num_cat=0
split_feature=1 1 1 3 3 3 0 0 0 1 1 1 1 1
split_gain=1.7065 9.11295 7.58892 3.13567 5.42478 5.1334 2.90765 2.57279 7.80383 3.61183 12.0015 8.49538 5.23151 3.79808
threshold=27.971342086791996 29.375464439392093 26.752210617065433 2.5166666321456437 0.23205128320928156 7.585714074604371 2.5083148479461674 5.9931476116180429 5.2737994194030771 3.0630726814270024 4.6392407417297372 6.5984327793121347 8.5157127380371112 9.899322986602785
decision_type=2 2 2 2 2 2 2 2 2 2 2 2 2 2
left_child=2 -2 7 4 -3 -5 -6 8 9 -1 -11 -12 -13 -14
right_child=1 3 -4 5 6 -7 -8 -9 -10 10 11 12 13 -15
leaf_value=0.0023138354056672825 -0.0061051591546000808 0.0020257689607466839 0.0056280648854038487 0.0057540873920296403 -0.0062014087245744823 -0.00040464989227802402 -0.0010046737065963578 -0.0027958774319807632 0.0060369075029431023 -0.0066800231318658509 0.0045690191619684106 -0.0041621040250833657 0.0037563968321793206 -0.00034454180390799792
leaf_weight=1385 697 774 629 547 510 887 570 771 544 710 941 848 611 7434
leaf_count=1385 697 774 629 547 510 887 570 771 544 710 941 848 611 7434
internal_value=1.40887e-11 -0.000911963 0.00026196 0.000188906 -0.00116906 0.0019446 -0.00345869 7.10656e-06 0.000180369 -8.67078e-05 -0.000402029 5.12322e-05 -0.000426811 -3.30846e-05
internal_weight=17858 3985 13873 3288 1854 1434 1080 13244 12473 11929 10544 9834 8893 8045
internal_count=17858 3985 13873 3288 1854 1434 1080 13244 12473 11929 10544 9834 8893 8045
is_linear=0
shrinkage=0.05


Tree=92
num_leaves=15
num_cat=0
split_feature=0 0 1 1 1 1 0 0 3 0 1 0 1 1
split_gain=1.66206 1.76689 3.13378 14.967 6.38466 6.23516 6.04399 6.00409 4.53631 4.44995 8.09685 5.08574 4.06597 6.54192
threshold=6.786980628967286 5.8950626850128183 32.397140502929695 31.102161407470707 33.613300323486335 27.971342086791996 5.2355828285217294 1.9681096673011782 1.1017241781110163 4.500927448272706 24.693804740905765 2.6761906147003178 14.240219593048097 16.250737190246586
decision_type=2 2 2 2 2 2 2 2 2 2 2 2 2 2
left_child=1 2 3 5 -4 6 9 -7 -6 10 12 -12 -1 -14
right_child=-2 -3 4 -5 8 7 -8 -9 -10 -11 11 -13 13 -15
leaf_value=0.00067768390437265716 0.0027798168885724986 -0.0028988848795685317 -0.0062830862158845223 0.0081048568301030858 0.00357508688939767 0.0011467106074094773 0.005334655257342235 -0.0056882758286094775 -0.002565676478436551 -0.0032945207516565326 0.0015804397869124368 0.0079551783286035058 -0.0052995322106071663 -0.00038048817131412983
leaf_weight=5899 522 540 580 582 529 500 563 899 697 927 836 500 841 3443
leaf_count=5899 522 540 580 582 529 500 563 899 697 927 836 500 841 3443
internal_value=1.77951e-12 -8.37024e-05 6.80718e-06 0.000243868 -0.00196082 -7.36707e-05 0.000267427 -0.00324546 8.39677e-05 3.82087e-05 0.000306413 0.0039662 -0.000173747 -0.00134615
internal_weight=17858 17336 16796 14990 1806 14408 13009 1399 1226 12446 11519 1336 10183 4284
internal_count=17858 17336 16796 14990 1806 14408 13009 1399 1226 12446 11519 1336 10183 4284
is_linear=0
shrinkage=0.05


Tree=93
num_leaves=15
num_cat=0
split_feature=3 3 3 0 1 0 3 0 0 0 1 1 1 3
split_gain=1.59638 10.5138 8.39135 5.26248 3.41627 9.53572 7.3113 4.82091 5.45931 9.91335 12.3195 21.0402 10.7783 10.6086
threshold=0.11834734520358153 0.20000000372529025 0.28801845025598177 4.6363980770111093 2.6117454767227177 6.2799839973449716 0.41801076416576205 4.500927448272706 2.6901332139968877 2.8742823600769047 23.682008743286136 7.7142424583435067 29.094898223876957 2.6339712105050967
decision_type=2 2 2 2 2 2 2 2 2 2 2 2 2 2
left_child=3 -2 -3 -1 -4 6 -6 8 -8 -10 11 -11 -12 -13
right_child=1 2 4 -5 5 -7 7 -9 9 10 12 13 -14 -15
leaf_value=-0.00015455326283940281 0.0070856448941983303 -0.0060957892774094417 -0.0026606341918431631 -0.0056175417201810105 0.0058514001150833115 0.0068892344708144874 -0.00068775862170089401 -0.0027464373423078895 0.0078828980472211117 0.0070773591500974346 0.010109917210489797 -0.0097250005910711843 0.00059885674161631939 -0.0012645494732294606
leaf_weight=3026 539 548 956 516 535 548 5811 1523 561 519 523 605 692 956
leaf_count=3026 539 548 956 516 535 548 5811 1523 561 519 523 605 692 956
internal_value=1.84675e-11 0.000235145 -3.28687e-05 -0.000950404 0.000218283 0.000442535 0.00014123 -0.000131776 0.000280154 0.0017388 0.000692719 -0.00164394 0.00469292 -0.00454358
internal_weight=17858 14316 13777 3542 13229 12273 11725 11190 9667 3856 3295 2080 1215 1561
internal_count=17858 14316 13777 3542 13229 12273 11725 11190 9667 3856 3295 2080 1215 1561
is_linear=0
shrinkage=0.05


Tree=94
num_leaves=15
num_cat=0
split_feature=1 0 1 0 0 0 0 0 3 0 3 0 0 1
split_gain=1.61297 12.5588 10.4837 7.94314 6.76264 5.6322 9.3579 10.4372 6.93484 6.18247 6.03488 5.52239 10.9794 8.87132
threshold=9.0466494560241717 5.1321570873260507 10.142644405364992 3.3642048835754399 2.8742823600769047 5.5037066936492929 4.0500555038452157 3.6852741241455083 1.4999999497085834 3.3052772283554082 1.788888876084928 2.8149876594543461 2.5783061981201176 26.322703361511234
decision_type=2 2 2 2 2 2 2 2 2 2 2 2 2 2
left_child=1 3 -2 4 -1 6 7 9 -8 11 -7 12 -4 -13
right_child=2 -3 5 -5 -6 10 8 -9 -10 -11 -12 13 -14 -15
leaf_value=-8.7297768236572693e-05 0.0069618048186138861 -0.0080546597811078299 0.00041810884681363185 0.0039013818544259616 -0.0063822412982727714 0.0071891599381515639 -0.0067995419076704146 0.0064286105440001092 -0.00070108885321803777 -0.0039085987665247726 -0.00038306765940980715 -8.3272418151926074e-05 -0.0060445762685471024 0.0081256730155679427
leaf_weight=2487 562 529 6069 1041 515 538 881 646 990 976 515 824 737 548
leaf_count=2487 562 529 6069 1041 515 538 881 646 990 976 515 824 737 548
internal_value=1.65451e-12 -0.000810048 0.000278755 0.000137862 -0.00116721 -1.64252e-05 -0.000332404 0.000286224 -0.00357267 -0.000147246 0.00348574 0.000301651 -0.000281715 0.00319552
internal_weight=17858 4572 13286 4043 3002 12724 11671 9800 1871 9154 1053 8178 6806 1372
internal_count=17858 4572 13286 4043 3002 12724 11671 9800 1871 9154 1053 8178 6806 1372
is_linear=0
shrinkage=0.05


Tree=95
num_leaves=15
num_cat=0
split_feature=3 3 3 3 1 1 0 3 1 1 0 0 0 1
split_gain=1.57429 13.8989 6.40212 5.92073 7.18732 5.60588 10.227 4.18064 5.91317 6.23319 6.12657 5.35668 3.91808 3.82334
threshold=0.50806453752716252 0.67261905433470692 0.40000001519918454 1.0156249842839327 15.54867458343506 5.4553904533386239 5.6610910892486581 0.26794872424129906 3.9450728893280034 9.0466494560241717 3.6852741241455083 2.923602938652039 2.1662676334381108 32.397140502929695
decision_type=2 2 2 2 2 2 2 2 2 2 2 2 2 2
left_child=2 -2 7 4 -3 12 13 8 -1 -10 11 -11 -5 -7
right_child=1 3 -4 5 -6 6 -8 -9 9 10 -12 -13 -14 -15
leaf_value=0.0043855220624227295 0.0078887322395524342 0.0010455524018807374 -0.0060479372879398419 0.0010572569430978211 -0.0068776093084189889 0.00074988683411507905 0.0069028748508208095 0.0035089013394382267 -0.0057171932569758449 -0.00036759620897038275 -0.0038963794968942672 0.0053586044060978007 -0.0041803590224815477 -0.0025115405401425141
leaf_weight=506 578 506 507 540 659 7139 640 675 679 1890 936 521 1054 1028
leaf_count=506 578 506 507 540 659 7139 640 675 679 1890 936 521 1054 1028
internal_value=-6.38857e-12 0.000322022 -0.000684395 -5.61176e-05 -0.0034363 0.000322492 0.00081633 -0.000162152 -0.000708922 -0.00134921 -0.000463082 0.000869795 -0.00240601 0.000339363
internal_weight=17858 12144 5714 11566 1165 10401 8807 5207 4532 4026 3347 2411 1594 8167
internal_count=17858 12144 5714 11566 1165 10401 8807 5207 4532 4026 3347 2411 1594 8167
is_linear=0
shrinkage=0.05


Tree=96
num_leaves=15
num_cat=0
split_feature=2 1 1 0 0 0 2 0 1 1 3 3 1 1
split_gain=1.57271 4.20911 4.12155 11.7975 10.897 5.07484 2.11388 4.71267 3.17947 2.59684 3.02464 13.6957 11.3963 8.59131
threshold=1.5000000000000002 31.102161407470707 19.641646385192875 2.923602938652039 1.856028735637665 2.6449598073959355 1.0000000180025095e-35 5.3287389278411874 28.840053558349613 34.103580474853523 1.1143790763547055 1.8062499355990476 29.564505577087406 17.013521194458011
decision_type=2 2 2 2 2 2 2 2 2 2 2 2 2 2
left_child=6 2 3 4 -2 -4 9 8 -8 10 13 -12 -13 -1
right_child=1 -3 5 -5 -6 -7 7 -9 -10 -11 11 12 -14 -15
leaf_value=0.0017541849522099814 0.0002915125150594414 0.005166519711365794 -0.0059457595744532741 -0.0027352831391185919 0.01002388166699456 0.0010696787984775145 -0.0011597742005766095 -0.0055852157500339674 0.0021254514372755777 -0.0031882811751630575 0.008075585418846459 -0.00082099277433807488 0.006740896111824728 -0.0031377052223646139
leaf_weight=1824 609 505 501 906 545 531 3899 512 908 522 640 3611 578 1767
leaf_count=1824 609 505 501 906 545 531 3899 512 908 522 640 3611 578 1767
internal_value=-3.06534e-11 0.000934291 0.000243064 0.00153514 0.00488782 -0.00233607 -0.000235653 -0.00102494 -0.000539224 0.000233844 0.000446 0.0012632 0.0002224 -0.000652936
internal_weight=17858 3597 3092 2060 1154 1032 14261 5319 4807 8942 8420 4829 4189 3591
internal_count=17858 3597 3092 2060 1154 1032 14261 5319 4807 8942 8420 4829 4189 3591
is_linear=0
shrinkage=0.05


Tree=97
num_leaves=15
num_cat=0
split_feature=1 1 1 0 0 3 1 0 0 1 1 1 1 0
split_gain=1.62079 7.69571 6.20642 2.7046 4.64731 3.63288 9.37355 2.55854 7.24539 3.26926 11.1936 7.29237 4.89376 3.46647
threshold=27.971342086791996 29.375464439392093 26.752210617065433 1.674874544143677 2.5783061981201176 3.2583332555368583 33.13103103637696 5.9931476116180429 5.2737994194030771 3.0630726814270024 4.6392407417297372 6.5984327793121347 8.5157127380371112 2.9065654277801518
decision_type=2 2 2 2 2 2 2 2 2 2 2 2 2 2
left_child=2 -2 7 -3 -5 6 -6 8 9 13 -11 -12 -13 -1
right_child=1 3 -4 4 5 -7 -8 -9 -10 10 11 12 -14 -15
leaf_value=0.00030847599120215351 -0.0056610891546711997 -0.00242074891210805 0.0051080664143037351 0.0042673683725297454 -0.0032223331793044155 -0.0031845434984890428 0.0062918211728393214 -0.0027703913875726256 0.0058407090522129747 -0.0064227330957500025 0.0042637096920845425 -0.0039776032012975157 1.5906673335719731e-05 0.0054904622067624594
leaf_weight=873 697 793 629 736 529 723 507 771 544 710 941 848 8045 512
leaf_count=873 697 793 629 736 529 723 507 771 544 710 941 848 8045 512
internal_value=8.47593e-12 -0.000888767 0.000255297 0.000122884 0.000931342 -0.000464517 0.00143372 2.48235e-05 0.000197606 -5.97378e-05 -0.000359733 7.80062e-05 -0.000364898 0.00222413
internal_weight=17858 3985 13873 3288 2495 1759 1036 13244 12473 11929 10544 9834 8893 1385
internal_count=17858 3985 13873 3288 2495 1759 1036 13244 12473 11929 10544 9834 8893 1385
is_linear=0
shrinkage=0.05


Tree=98
num_leaves=15
num_cat=0
split_feature=1 1 1 3 3 3 0 0 0 1 1 1 1 0
split_gain=1.46276 6.94538 5.60129 2.90143 4.93066 4.6002 2.57617 2.30909 6.53897 2.95051 10.1022 6.58136 4.41662 3.28815
threshold=27.971342086791996 29.375464439392093 26.752210617065433 2.5166666321456437 0.23205128320928156 7.585714074604371 2.5083148479461674 5.9931476116180429 5.2737994194030771 3.0630726814270024 4.6392407417297372 6.5984327793121347 8.5157127380371112 1.0850296020507815
decision_type=2 2 2 2 2 2 2 2 2 2 2 2 2 2
left_child=2 -2 7 4 -3 -5 -6 8 9 -1 -11 -12 -13 -14
right_child=1 3 -4 5 6 -7 -8 -9 -10 10 11 12 13 -15
leaf_value=0.0021129209170662648 -0.0053780347142579673 0.0018563353670736926 0.0048526628650665668 0.0054118047262349559 -0.0059540334563044943 -0.00041831645152816106 -0.001062484367897636 -0.0026318717737659216 0.005548673649729394 -0.0061015964147280643 0.0040505240576323934 -0.003778723107194001 -0.0028437796863466838 0.00037252268636211858
leaf_weight=1385 697 774 629 547 510 887 570 771 544 710 941 848 894 7151
leaf_count=1385 697 774 629 547 510 887 570 771 544 710 941 848 894 7151
internal_value=-2.02596e-11 -0.000844329 0.000242532 0.00011674 -0.00118952 0.00180559 -0.00337238 2.35823e-05 0.000187725 -5.67509e-05 -0.000341747 7.41058e-05 -0.000346653 1.51113e-05
internal_weight=17858 3985 13873 3288 1854 1434 1080 13244 12473 11929 10544 9834 8893 8045
internal_count=17858 3985 13873 3288 1854 1434 1080 13244 12473 11929 10544 9834 8893 8045
is_linear=0
shrinkage=0.05


Tree=99
num_leaves=15
num_cat=0
split_feature=0 1 1 1 1 0 1 1 1 0 0 1 3 1
split_gain=1.48923 1.5797 8.50401 7.84425 7.24068 4.13912 7.37726 4.92083 4.28871 12.3799 14.7619 8.77665 8.25325 7.89195
threshold=6.786980628967286 17.729066848754886 14.387863636016847 19.974007606506351 15.681638717651369 1.8360277414321902 24.693804740905765 31.273641586303714 25.922469139099125 3.6211440563201909 2.7074600458145146 31.102161407470707 3.5634920353904782 28.378836631774906
decision_type=2 2 2 2 2 2 2 2 2 2 2 2 2 2
left_child=1 2 -1 -3 -4 6 -5 -8 9 10 -7 12 13 -10
right_child=-2 3 4 5 -6 8 7 -9 11 -11 -12 -13 -14 -15
leaf_value=0.00021845051606568137 0.002631324298779741 0.0044694034575943646 -0.0080592469350109271 -0.0065906903300529873 -0.0012739167376122345 0.0044931295974392233 0.0022136024165690014 -0.0034760474621609674 0.004083154199128987 0.0075417425354184567 -0.0066401177709051176 0.0019669659255893194 -0.0074036973624228538 -0.0046406870029231375
leaf_weight=6963 522 1041 615 624 1090 641 911 652 521 742 556 1802 662 516
leaf_count=6963 522 1041 615 624 1090 641 911 652 521 742 556 1802 662 516
internal_value=3.07262e-11 -7.92311e-05 -0.000556522 0.00039806 -0.00372141 -0.000157633 -0.00199469 -0.000159815 0.000580904 0.00246734 -0.000678203 -0.000463881 -0.00304209 -0.000257735
internal_weight=17858 17336 8668 8668 1705 7627 2187 1563 5440 1939 1197 3501 1699 1037
internal_count=17858 17336 8668 8668 1705 7627 2187 1563 5440 1939 1197 3501 1699 1037
is_linear=0
shrinkage=0.05


Tree=100
num_leaves=15
num_cat=0
split_feature=1 0 1 0 0 0 0 0 1 3 0 0 0 1
split_gain=1.4189 11.3372 9.22897 7.31013 6.01144 4.71595 8.8153 9.13523 6.16492 6.02139 5.7138 4.91587 10.0015 7.74436
threshold=9.0466494560241717 5.1321570873260507 10.142644405364992 3.3642048835754399 2.8742823600769047 5.5037066936492929 4.0500555038452157 3.6852741241455083 27.66272068023682 1.788888876084928 3.3052772283554082 2.8149876594543461 2.5783061981201176 26.322703361511234
decision_type=2 2 2 2 2 2 2 2 2 2 2 2 2 2
left_child=1 3 -2 4 -1 6 7 10 -8 -7 11 12 -4 -13
right_child=2 -3 5 -5 -6 9 8 -9 -10 -11 -12 13 -14 -15
leaf_value=-9.2945904462554452e-05 0.0065318190018742537 -0.0076430206319109475 0.00043932791025276378 0.0037513191806372546 -0.006027980342652034 0.0068884362622430783 -0.0056157436771880863 0.0060423164748105197 0.0003531995458481765 -0.00067532616207439423 -0.00372572788686232 -1.1332478211487383e-05 -0.0057288329012115747 0.0076585004214931585
leaf_weight=2487 562 529 6069 1041 515 538 1192 646 679 515 976 824 737 548
leaf_count=2487 562 529 6069 1041 515 538 1192 646 679 515 976 824 737 548
internal_value=3.29379e-11 -0.000759755 0.000261448 0.000140875 -0.00111111 -1.55046e-05 -0.000304641 0.000295783 -0.00344957 0.00318916 -0.000109751 0.000321796 -0.000228603 0.00305213
internal_weight=17858 4572 13286 4043 3002 12724 11671 9800 1871 1053 9154 8178 6806 1372
internal_count=17858 4572 13286 4043 3002 12724 11671 9800 1871 1053 9154 8178 6806 1372
is_linear=0
shrinkage=0.05


Tree=101
num_leaves=15
num_cat=0
split_feature=3 3 3 3 1 0 0 0 0 3 1 0 0 0
split_gain=1.461 12.5801 5.79297 5.36147 6.21236 9.01755 6.15925 3.95593 8.53436 3.80274 5.31531 5.49507 3.52567 11.1898
threshold=0.50806453752716252 0.67261905433470692 0.40000001519918454 0.91106719906050493 5.4553904533386239 5.6610910892486581 3.5547726154327397 4.7351951599121103 4.2921187877655038 0.26794872424129906 3.9450728893280034 4.8547461032867441 2.3410284519195561 2.923602938652039
decision_type=2 2 2 2 2 2 2 2 2 2 2 2 2 2
left_child=2 -2 9 -3 6 7 -5 8 12 10 -1 -12 -6 -14
right_child=1 3 -4 4 5 -7 -8 -9 -10 -11 11 -13 13 -15
leaf_value=0.0041460350038034647 0.0075090093003218564 -0.0042184751560038185 -0.0057613083236727723 -0.00057445796403665867 -0.00088162330518557093 0.0063364855322061465 -0.0071908821582351585 -0.003427760744512739 0.0069253567702874932 0.0033386726594633528 -0.00056558537602407533 -0.0059945132527985095 0.004921336882122423 -0.00086208501690873273
leaf_weight=506 578 723 507 1159 3787 667 505 657 501 675 3488 538 1339 2228
leaf_count=506 578 723 507 1159 3787 667 505 657 501 675 3488 538 1339 2228
internal_value=4.28115e-12 0.000310219 -0.00065931 -4.95341e-05 0.000228447 0.000738015 -0.00258245 0.000299319 0.000611056 -0.000162534 -0.000684006 -0.00129106 0.000180886 0.00130893
internal_weight=17858 12144 5714 11566 10843 9179 1664 8512 7855 5207 4532 4026 7354 3567
internal_count=17858 12144 5714 11566 10843 9179 1664 8512 7855 5207 4532 4026 7354 3567
is_linear=0
shrinkage=0.05


Tree=102
num_leaves=15
num_cat=0
split_feature=2 0 1 0 1 2 0 0 1 3 3 1 0 1
split_gain=1.43795 4.3048 4.76247 13.7389 11.2996 1.8707 4.44914 3.12901 2.63785 2.79885 13.2529 10.1316 8.11366 5.98955
threshold=1.5000000000000002 4.9276232719421396 7.7142424583435067 3.0172090530395512 19.641646385192875 1.0000000180025095e-35 5.3287389278411874 4.3219997882843026 34.103580474853523 1.1464285697407879 1.8062499355990476 29.564505577087406 4.3469109535217294 6.8598968982696542
decision_type=2 2 2 2 2 2 2 2 2 2 2 2 2 2
left_child=5 2 -2 4 -4 8 7 -7 9 12 -11 13 -1 -12
right_child=1 -3 3 -5 -6 6 -8 -9 -10 10 11 -13 -14 -15
leaf_value=0.0004663289239224532 0.0038414789209140973 0.0050868711240204985 0.0062120744375820788 -0.0065083746860216327 -0.0021207029977186914 -0.00094827702159903926 -0.0053987681982107464 0.003101295654556161 -0.0032327074686001088 0.0081605043398383457 -0.0044414233864896752 0.0063728057916330946 -0.0057755219866891232 0.00036836850689387387
leaf_weight=2999 689 523 748 745 892 4270 512 537 522 602 845 578 630 2766
leaf_count=2999 689 523 748 745 892 4270 512 537 522 602 845 578 630 2766
internal_value=-1.1946e-11 0.000893366 0.000179897 -0.000877893 0.00167986 -0.00022533 -0.000967835 -0.000495891 0.000216336 0.000430161 0.00122355 0.000226638 -0.000617266 -0.000757157
internal_weight=17858 3597 3074 2385 1640 14261 5319 4807 8942 8420 4791 4189 3629 3611
internal_count=17858 3597 3074 2385 1640 14261 5319 4807 8942 8420 4791 4189 3629 3611
is_linear=0
shrinkage=0.05


Tree=103
num_leaves=15
num_cat=0
split_feature=1 1 1 3 3 0 0 0 1 1 1 1 0 0
split_gain=1.40288 5.84431 4.99512 2.45688 4.7116 4.37986 2.19964 6.32024 2.69593 9.03545 5.97233 4.10491 3.27721 2.94354
threshold=27.971342086791996 29.375464439392093 26.752210617065433 2.5166666321456437 0.23205128320928156 2.5783061981201176 5.9931476116180429 5.2737994194030771 3.0630726814270024 4.6392407417297372 6.5984327793121347 8.5157127380371112 2.9065654277801518 1.0850296020507815
decision_type=2 2 2 2 2 2 2 2 2 2 2 2 2 2
left_child=2 -2 6 4 -3 -5 7 8 12 -10 -11 -12 -1 -13
right_child=1 3 -4 5 -6 -7 -8 -9 9 10 11 13 -14 -15
leaf_value=0.00016194023472465785 -0.0049857017455202995 0.0018301297306475405 0.004591049865148784 0.004699728248444981 -0.0032811137923487912 -0.00086156244762475547 -0.0025610042635977135 0.0054614827988724059 -0.00576907981711794 0.0038594321822836663 -0.0036380914402334898 -0.0026855214696869223 0.005200482692816877 0.00035757650232692519
leaf_weight=873 697 774 629 637 1080 797 771 544 710 941 848 894 512 7151
leaf_count=873 697 774 629 637 1080 797 771 544 710 941 848 894 512 7151
internal_value=-2.50238e-11 -0.000826864 0.000237516 5.47382e-05 -0.00114729 0.00160883 3.07524e-05 0.000190958 -4.93946e-05 -0.000321818 7.14661e-05 -0.000329352 0.00202456 1.94125e-05
internal_weight=17858 3985 13873 3288 1854 1434 13244 12473 11929 10544 9834 8893 1385 8045
internal_count=17858 3985 13873 3288 1854 1434 13244 12473 11929 10544 9834 8893 1385 8045
is_linear=0
shrinkage=0.05


Tree=104
num_leaves=15
num_cat=0
split_feature=0 0 1 1 0 1 0 0 0 0 1 0 0 1
split_gain=1.45098 1.54922 3.22935 12.5968 6.2388 4.21176 5.07325 4.98312 3.76984 3.25473 5.91245 4.07078 3.23449 4.40131
threshold=6.786980628967286 5.8950626850128183 32.397140502929695 31.102161407470707 3.5171769857406621 27.971342086791996 5.2355828285217294 1.9681096673011782 2.3753602504730229 4.500927448272706 24.693804740905765 2.6761906147003178 3.866962313652039 19.974007606506351
decision_type=2 2 2 2 2 2 2 2 2 2 2 2 2 2
left_child=1 2 3 5 8 6 9 -7 -4 10 12 -12 13 -1
right_child=-2 -3 4 -5 -6 7 -8 -9 -10 -11 11 -13 -14 -15
leaf_value=6.7870444094226547e-05 0.0025973049149459579 -0.0027142818678273922 -0.002289582144277099 0.0074589158417945056 -0.0064610020038799957 0.0013504008352756502 0.0048787219870048137 -0.0048763956035688654 0.0032915916412122668 -0.0028240143096410018 0.0012485178962848974 0.0069517845153808603 0.0025205317776853492 -0.0027626805933243315
leaf_weight=7484 522 540 757 582 545 500 563 899 504 927 836 500 1017 1682
leaf_count=7484 522 540 757 582 545 500 563 899 504 927 836 500 1017 1682
internal_value=3.07617e-12 -7.82068e-05 6.54436e-06 0.000247193 -0.00199086 -4.41194e-05 0.000236222 -0.00265095 -5.8883e-05 2.62162e-05 0.000255591 0.00338297 -0.000154719 -0.000451548
internal_weight=17858 17336 16796 14990 1806 14408 13009 1399 1261 12446 11519 1336 10183 9166
internal_count=17858 17336 16796 14990 1806 14408 13009 1399 1261 12446 11519 1336 10183 9166
is_linear=0
shrinkage=0.05


Tree=105
num_leaves=15
num_cat=0
split_feature=0 1 1 1 3 0 0 1 1 1 0 3 1 1
split_gain=1.30951 1.49918 7.73877 6.96859 6.93703 6.39144 3.88753 5.73538 5.37949 9.11698 9.0362 8.82436 3.99959 3.84987
threshold=6.786980628967286 17.729066848754886 14.387863636016847 19.974007606506351 0.48212006764387288 2.3590102195739751 2.3590102195739751 25.561310768127445 25.922469139099125 31.102161407470707 3.6211440563201909 3.3999999850988414 31.273641586303714 13.236307144165041
decision_type=2 2 2 2 2 2 2 2 2 2 2 2 2 2
left_child=1 2 13 -3 -4 -6 7 -5 10 11 -8 -10 -9 -1
right_child=-2 3 4 6 5 -7 8 12 9 -11 -12 -13 -14 -15
leaf_value=-0.00014666187810252735 0.0024674395887873415 0.0042280479517696461 0.0013510085752771305 -0.0044281359050070421 -0.0014658272995715406 -0.0088303601708548864 -0.00039574652107175957 0.0020129179502399561 -0.00015341543858441727 0.002249106611384223 0.0071871227352576202 -0.0083974889068776162 -0.0023255783999444036 0.0041871504841415842
leaf_weight=6406 522 1041 506 1078 521 678 835 1170 816 1474 742 539 973 557
leaf_count=6406 522 1041 506 1078 521 678 835 1170 816 1474 742 539 973 557
internal_value=2.21664e-11 -7.42964e-05 -0.000539264 0.000390671 -0.0035584 -0.00563026 -0.000133087 -0.00145334 0.00083208 -0.00047234 0.0031721 -0.00343279 4.30827e-05 0.000200018
internal_weight=17858 17336 8668 8668 1705 1199 7627 3221 4406 2829 1577 1355 2143 6963
internal_count=17858 17336 8668 8668 1705 1199 7627 3221 4406 2829 1577 1355 2143 6963
is_linear=0
shrinkage=0.05


Tree=106
num_leaves=15
num_cat=0
split_feature=3 3 3 0 0 3 3 0 1 1 0 0 0 0
split_gain=1.36726 11.5151 5.14171 4.75609 9.76889 3.54259 5.24794 13.1292 7.42737 8.82309 4.6977 7.59273 4.46677 4.22284
threshold=0.50806453752716252 0.67261905433470692 0.40000001519918454 6.2799839973449716 5.2737994194030771 2.256578903678816 7.585714074604371 2.6901332139968877 22.192398071289066 12.593414306640627 2.5783061981201176 3.1530255079269414 3.5547726154327397 2.138858556747437
decision_type=2 2 2 2 2 2 2 2 2 2 2 2 2 2
left_child=2 -2 -1 4 5 -3 7 8 9 -7 13 -12 -9 -8
right_child=1 3 -4 -5 -6 6 10 12 -10 -11 11 -13 -14 -15
leaf_value=-0.00016978841238489349 0.0071874140623222173 -0.0013449299296217187 -0.0054444677187258442 0.0047159222610001703 -0.0063165856526784933 0.00088171596349087523 -0.0001233143349583982 0.0085996434551511586 0.0034810204880475282 -0.0081168964311867185 -0.0067022739647428498 -0.00011004665977610125 0.0030700210103152357 0.0049717492801327687
leaf_weight=5207 578 3003 507 502 628 597 1666 698 662 501 643 1362 766 538
leaf_count=5207 578 3003 507 502 628 597 1666 698 662 501 643 1362 766 538
internal_value=2.04623e-11 0.000300102 -0.000637808 -4.40854e-05 -0.000260058 0.000104401 0.000689944 0.00220795 -0.000702128 -0.00322421 -0.000472817 -0.00222416 0.00570641 0.0011204
internal_weight=17858 12144 5714 11566 11064 10436 7433 3224 1760 1098 4209 2005 1464 2204
internal_count=17858 12144 5714 11566 11064 10436 7433 3224 1760 1098 4209 2005 1464 2204
is_linear=0
shrinkage=0.05


Tree=107
num_leaves=15
num_cat=0
split_feature=2 3 0 3 3 1 0 0 3 0 0 0 1 0
split_gain=1.29353 4.10911 4.61978 5.16014 5.21594 1.70194 8.38111 7.14717 5.19802 4.29685 3.62209 4.09081 10.5931 7.59037
threshold=1.5000000000000002 0.056349209157393894 3.1530255079269414 9.7638883675207406 2.2499999199062608 27.971342086791996 3.5171769857406621 2.8149876594543461 1.8775000068955163 6.1770546436309823 5.2737994194030771 3.7354383468627934 15.415084362030031 3.3052772283554082
decision_type=2 2 2 2 2 2 2 2 2 2 2 2 2 2
left_child=5 -2 3 4 -3 9 7 -7 -8 10 11 13 -13 -1
right_child=1 2 -4 -5 -6 6 8 -9 -10 -11 -12 12 -14 -15
leaf_value=0.00014156780087538507 -0.0028557947712139261 -0.00089212228919004471 0.0040715297761883176 -0.0041849957732213536 0.0055784007054477591 -0.0010952610775070675 -0.0014784793007192848 0.0055729831496986746 -0.0085879870766005766 0.0044648213536107447 -0.0042095005268660878 -0.0012524427207529891 0.0062387711637358744 -0.0045962329149805596
leaf_weight=7135 620 770 1167 517 523 1652 527 531 502 532 520 1037 866 959
leaf_count=7135 620 770 1167 517 523 1652 527 531 502 532 520 1037 866 959
internal_value=2.07172e-12 0.00084732 0.00161854 3.6976e-05 0.00172511 -0.000213716 -0.00122679 0.000526744 -0.00494687 8.07889e-05 -0.000140976 7.06504e-05 0.00215659 -0.00041978
internal_weight=17858 3597 2977 1810 1293 14261 3212 2183 1029 11049 10517 9997 1903 8094
internal_count=17858 3597 2977 1810 1293 14261 3212 2183 1029 11049 10517 9997 1903 8094
is_linear=0
shrinkage=0.05


Tree=108
num_leaves=15
num_cat=0
split_feature=3 3 3 0 1 0 1 0 3 0 1 0 1 3
split_gain=1.21841 9.62085 7.59837 4.51674 3.67382 3.76002 3.16347 6.95232 6.18495 3.88528 4.63484 7.46243 4.75064 7.71957
threshold=0.11834734520358153 0.20000000372529025 0.28801845025598177 3.6416338682174687 10.678173065185549 1.856028735637665 2.6117454767227177 6.2799839973449716 0.41801076416576205 4.500927448272706 6.5984327793121347 2.6901332139968877 17.557585716247562 2.9999999680689409
decision_type=2 2 2 2 2 2 2 2 2 2 2 2 2 2
left_child=3 -2 -3 4 -1 -6 -4 8 -8 10 11 -10 13 -12
right_child=1 2 6 -5 5 -7 7 -9 9 -11 12 -13 -14 -15
leaf_value=-0.0025941067768467801 0.0067585607181978799 -0.0058202902732049895 -0.002582310056693805 -0.0036514621628825311 -0.0012645315336810667 0.0034448686994217113 0.0053985017743483884 0.0059084335116016927 -0.00029543037261647929 -0.0024517993202698386 -0.004562456809498113 0.0078130342774963384 0.00078596844101303182 0.00040144678902393529
leaf_weight=765 539 548 956 1013 708 1056 535 548 651 1523 1334 503 5282 1897
leaf_count=765 539 548 956 1013 708 1056 535 548 651 1523 1334 503 5282 1897
internal_value=5.98374e-12 0.00020543 -5.09497e-05 -0.000830302 0.000299724 0.0015547 0.00018804 0.000403836 0.000146563 -0.000104535 0.000265268 0.00323885 -0.000137823 -0.00164803
internal_weight=17858 14316 13777 3542 2529 1764 13229 12273 11725 11190 9667 1154 8513 3231
internal_count=17858 14316 13777 3542 2529 1764 13229 12273 11725 11190 9667 1154 8513 3231
is_linear=0
shrinkage=0.05


Tree=109
num_leaves=15
num_cat=0
split_feature=3 3 3 3 1 0 0 0 0 3 0 1 0 3
split_gain=1.19429 10.4923 4.63961 4.50424 5.6261 7.7664 5.74915 3.37004 9.28572 6.32008 4.95713 8.90835 8.53016 10.1697
threshold=0.50806453752716252 0.67261905433470692 0.40000001519918454 0.91106719906050493 5.4553904533386239 5.6610910892486581 3.5547726154327397 2.3410284519195561 2.8935406208038335 7.4722219052276282 3.6852741241455083 26.752210617065433 4.7351951599121103 6.7596151615112898
decision_type=2 2 2 2 2 2 2 2 2 2 2 2 2 2
left_child=2 -2 -1 -3 6 7 -5 -6 9 -9 11 -10 13 -12
right_child=1 3 -4 4 5 -7 -8 8 10 -11 12 -13 -14 -15
leaf_value=-0.00015152034129563234 0.0068548239960905593 -0.0038692256780972455 -0.0051620419826027908 -0.00052826638563316743 -0.00082675923505054797 0.0058872442301209161 -0.0069206261100007759 0.0080422743016945186 -0.0049500486997584268 0.00097391651702881268 0.0079841464369309889 0.0031489548144545479 -0.0030882025070919387 -0.0010702352461034283
leaf_weight=5207 578 723 507 1159 3787 667 505 694 1032 581 695 506 657 560
leaf_count=5207 578 723 507 1159 3787 667 505 694 1032 581 695 506 657 560
internal_value=-6.58261e-12 0.000280478 -0.000596101 -4.80691e-05 0.000206722 0.000691651 -0.00246826 0.000284524 0.0011752 0.00482132 -0.000172284 -0.00228549 0.00152756 0.00394394
internal_weight=17858 12144 5714 11566 10843 9179 1664 8512 4725 1275 3450 1538 1912 1255
internal_count=17858 12144 5714 11566 10843 9179 1664 8512 4725 1275 3450 1538 1912 1255
is_linear=0
shrinkage=0.05


Tree=110
num_leaves=15
num_cat=0
split_feature=1 1 1 0 0 1 1 1 0 0 3 0 0 0
split_gain=1.25614 4.81395 3.9674 2.93304 6.11268 2.73338 8.1199 5.14591 3.66441 13.956 17.492 6.05591 8.9592 11.9824
threshold=27.971342086791996 29.375464439392093 26.752210617065433 5.9931476116180429 5.2737994194030771 3.0630726814270024 4.6392407417297372 6.5984327793121347 3.2125424146652226 3.6852741241455083 2.256578903678816 2.6901332139968877 2.4330505132675175 2.195107221603394
decision_type=2 2 2 2 2 2 2 2 2 2 2 2 2 2
left_child=2 -2 3 4 5 -1 -7 -8 11 -10 -11 12 13 -9
right_child=1 -3 -4 -5 -6 6 7 8 9 10 -12 -13 -14 -15
leaf_value=0.0020774177054619074 -0.0045568981522579313 1.7696071938450681e-05 0.0041046663177079735 -0.0029523172530547346 0.0054087351428974868 -0.0054491133568152581 0.0036037547961874556 -0.00058130712801576551 -0.0066433736593148876 -0.0036482332009322863 0.0063911656851088341 0.0036887540120122716 -0.0056248523951541608 0.0069312409577539161
leaf_weight=1385 697 3288 629 771 544 710 941 3724 965 970 785 1135 695 619
leaf_count=1385 697 3288 629 771 544 710 941 3724 965 970 785 1135 695 619
internal_value=2.67446e-11 -0.000782427 0.000224751 4.04816e-05 0.000225477 -1.08959e-05 -0.000285205 8.76216e-05 -0.000284433 -0.00181345 0.000842324 0.000389294 -0.000354034 0.000489443
internal_weight=17858 3985 13873 13244 12473 11929 10544 9834 8893 2720 1755 6173 5038 4343
internal_count=17858 3985 13873 13244 12473 11929 10544 9834 8893 2720 1755 6173 5038 4343
is_linear=0
shrinkage=0.05


Tree=111
num_leaves=15
num_cat=0
split_feature=2 1 0 1 1 1 2 0 0 1 1 1 1 0
split_gain=1.17585 3.5831 3.60323 10.7083 10.0876 6.17677 1.65249 4.23328 3.03043 2.644 8.76354 6.74207 6.04832 7.56426
threshold=1.5000000000000002 31.102161407470707 2.923602938652039 19.641646385192875 9.0466494560241717 16.576591491699222 1.0000000180025095e-35 5.3287389278411874 4.3219997882843026 22.594151496887211 24.693804740905765 18.33624362945557 27.971342086791996 3.7354383468627934
decision_type=2 2 2 2 2 2 2 2 2 2 2 2 2 2
left_child=6 2 3 4 -2 -4 9 8 -8 11 -11 -1 -12 -14
right_child=1 -3 5 -5 -6 -7 7 -9 -10 10 12 -13 13 -15
leaf_value=6.6527067729640996e-05 -0.0007491368991639285 0.0047126981999614454 -0.0046592270533754596 -0.0039331424041820374 0.0086548887586719563 0.0021190310129501179 -0.0008864707299082843 -0.00522372665363946 0.0030987999098482967 -0.0069234658725224364 0.003788466975182871 0.0046003496639430526 0.0005793640105398347 -0.0062533993410489284
leaf_weight=4555 515 505 781 567 639 590 4270 512 537 511 828 1000 1492 556
leaf_count=4555 515 505 781 567 639 590 4270 512 537 511 828 1000 1492 556
internal_value=-8.91205e-12 0.000807857 0.0001701 0.00169354 0.00445812 -0.00174225 -0.000203763 -0.000901621 -0.000441268 0.000211347 -0.000889731 0.000882697 0.000182327 -0.00127562
internal_weight=17858 3597 3092 1721 1154 1371 14261 5319 4807 8942 3387 5555 2876 2048
internal_count=17858 3597 3092 1721 1154 1371 14261 5319 4807 8942 3387 5555 2876 2048
is_linear=0
shrinkage=0.05


Tree=112
num_leaves=15
num_cat=0
split_feature=1 1 1 0 0 1 1 1 1 0 2 0 3 0
split_gain=1.07203 4.24296 3.43588 2.46636 5.78186 2.56802 7.20646 4.78112 3.37802 3.13196 15.3167 13.9757 15.609 9.71819
threshold=27.971342086791996 29.375464439392093 26.752210617065433 5.9931476116180429 5.2737994194030771 3.0630726814270024 4.6392407417297372 6.5984327793121347 8.5157127380371112 3.0817087888717656 1.5000000000000002 3.71253514289856 2.3333332811792697 2.6901332139968877
decision_type=2 2 2 2 2 2 2 2 2 2 2 2 2 2
left_child=2 -2 3 4 5 -1 -7 -8 -9 13 11 -11 -13 -10
right_child=1 -3 -4 -5 -6 6 7 8 9 10 -12 12 -14 -15
leaf_value=0.0020000604123872326 -0.0042663745788231507 2.8357676761746046e-05 0.0038182999322780176 -0.0027082510515999162 0.005246834800688222 -0.0051547761623498417 0.0034504607394060536 -0.0032989030036161531 -0.00015870286045142443 -0.0041288952118641621 -0.0087969503638358187 -0.0012333904086294289 0.0099729306797101056 0.0058925279712201397
leaf_weight=1385 697 3288 629 771 544 710 941 848 4542 925 552 668 581 777
leaf_count=1385 697 3288 629 771 544 710 941 848 4542 925 552 668 581 777
internal_value=-1.71267e-11 -0.000722816 0.000207628 3.61456e-05 0.000205786 -2.41013e-05 -0.000289984 6.1247e-05 -0.000297378 1.90042e-05 -0.00135905 0.000529503 0.00397948 0.000725261
internal_weight=17858 3985 13873 13244 12473 11929 10544 9834 8893 8045 2726 2174 1249 5319
internal_count=17858 3985 13873 13244 12473 11929 10544 9834 8893 8045 2726 2174 1249 5319
is_linear=0
shrinkage=0.05


Tree=113
num_leaves=15
num_cat=0
split_feature=2 0 1 0 1 2 0 0 1 1 1 1 0 1
split_gain=1.22301 3.66417 4.52923 11.4905 9.32017 1.48689 3.85211 2.86083 2.3682 8.02258 6.04225 5.16373 6.82627 4.74395
threshold=1.5000000000000002 4.9276232719421396 7.7142424583435067 3.0172090530395512 19.641646385192875 1.0000000180025095e-35 5.2737994194030771 4.3219997882843026 22.594151496887211 24.693804740905765 18.33624362945557 27.971342086791996 3.7354383468627934 15.156090736389162
decision_type=2 2 2 2 2 2 2 2 2 2 2 2 2 2
left_child=5 2 -2 4 -4 8 7 -7 10 -10 13 -11 -13 -1
right_child=1 -3 3 -5 -6 6 -8 -9 9 11 -12 12 -14 -15
leaf_value=0.00082825077077257358 0.0037364492677829696 0.0046928088114833741 0.0055893576903179049 -0.0060150916734475948 -0.0019784593862802991 -0.00084569219770280757 -0.0049018346143652304 0.0030958244244950689 -0.0066291436388971996 0.003501635336582572 0.0043407460821792481 0.00058467148705797602 -0.0059062292519203065 -0.0032912172035696611
leaf_weight=3693 689 523 748 745 892 4270 533 516 511 828 1000 1492 556 862
leaf_count=3693 689 523 748 745 892 4270 533 516 511 828 1000 1492 556 862
internal_value=-5.07451e-12 0.000823899 0.000165655 -0.000865908 0.0014732 -0.000207809 -0.000869776 -0.00042074 0.000185951 -0.000856118 0.000821323 0.000169618 -0.00117751 4.8672e-05
internal_weight=17858 3597 3074 2385 1640 14261 5319 4786 8942 3387 5555 2876 2048 4555
internal_count=17858 3597 3074 2385 1640 14261 5319 4786 8942 3387 5555 2876 2048 4555
is_linear=0
shrinkage=0.05


Tree=114
num_leaves=15
num_cat=0
split_feature=0 0 2 1 1 3 1 3 3 1 0 1 0 0
split_gain=1.23926 8.57811 4.20712 4.08684 4.08342 8.8819 6.32924 6.66693 5.54636 4.94696 3.79403 3.65892 3.11682 5.02642
threshold=3.1530255079269414 3.3052772283554082 1.5000000000000002 13.381580829620363 25.922469139099125 1.9045453773672938 15.415084362030031 4.9999998048657517 8.4365077659273826 9.899322986602785 2.8935406208038335 17.417921066284183 2.7658754587173466 2.5632447004318242
decision_type=2 2 2 2 2 2 2 2 2 2 2 2 2 2
left_child=10 -2 4 -4 6 -6 8 -8 9 -3 12 -12 13 -1
right_child=1 2 3 -5 5 -7 7 -9 -10 -11 11 -13 -14 -15
leaf_value=0.0001398952658787056 0.0064209541042628219 -0.0010455231068574259 0.0060285721145862461 0.00028119055733781393 0.0009190810898649914 -0.0068538341281553688 0.0050184003909635073 -0.0020251290183514359 0.0029871663467470303 -0.0069954190923271408 -0.0060578566210137477 -0.0001787191425559608 0.0035887896961588877 -0.0037578405094107776
leaf_weight=8356 566 1073 510 786 754 717 1024 500 515 518 540 519 562 918
leaf_count=8356 566 1073 510 786 754 717 1024 500 515 518 540 519 562 918
internal_value=-1.78854e-11 0.000521015 -1.0051e-06 0.00254289 -0.000647327 -0.00286962 0.000253222 0.00270753 -0.00152283 -0.0029827 -0.000332981 -0.00317658 -2.68232e-05 -0.000245928
internal_weight=17858 6963 6397 1296 5101 1471 3630 1524 2106 1591 10895 1059 9836 9274
internal_count=17858 6963 6397 1296 5101 1471 3630 1524 2106 1591 10895 1059 9836 9274
is_linear=0
shrinkage=0.05


Tree=115
num_leaves=15
num_cat=0
split_feature=0 0 2 1 1 3 1 3 1 0 0 1 1 1
split_gain=1.11843 7.74174 3.79693 3.68837 3.68529 8.01591 5.71214 6.0169 5.0767 3.67435 3.42412 3.30217 2.9979 12.7561
threshold=3.1530255079269414 3.3052772283554082 1.5000000000000002 13.381580829620363 25.922469139099125 1.9045453773672938 15.415084362030031 4.9999998048657517 10.512176990509035 4.0500555038452157 2.8935406208038335 17.417921066284183 14.387863636016847 12.496533870697023
decision_type=2 2 2 2 2 2 2 2 2 2 2 2 2 2
left_child=10 -2 4 -4 6 -6 8 -8 9 -3 12 -12 13 -1
right_child=1 2 3 -5 5 -7 7 -9 -10 -11 11 -13 -14 -15
leaf_value=-8.5915713144223802e-05 0.006099906439363114 -0.0032654178765534011 0.0057271437947729641 0.00026713139694492136 0.00087312708166613199 -0.0065111423841310015 0.0047674803381596575 -0.0019238725952804088 -0.0053771584309115945 0.0018954361848555869 -0.0057549639128976404 -0.00016978333106619774 -0.00074253564815611158 0.0082022674582912496
leaf_weight=3426 566 531 510 786 754 717 1024 500 591 984 540 519 5873 537
leaf_count=3426 566 531 510 786 754 717 1024 500 591 984 540 519 5873 537
internal_value=5.93811e-12 0.000494965 -9.5473e-07 0.00241575 -0.000614961 -0.00272614 0.000240561 0.00257215 -0.00144669 8.65824e-05 -0.000316332 -0.00301775 -2.54821e-05 0.00103716
internal_weight=17858 6963 6397 1296 5101 1471 3630 1524 2106 1515 10895 1059 9836 3963
internal_count=17858 6963 6397 1296 5101 1471 3630 1524 2106 1515 10895 1059 9836 3963
is_linear=0
shrinkage=0.05


Tree=116
num_leaves=15
num_cat=0
split_feature=1 0 0 1 0 0 0 0 0 1 0 0 0 3
split_gain=1.13771 10.206 8.57726 12.3035 6.70918 5.28735 4.91573 5.40494 4.76462 4.47073 8.20793 4.39037 4.35662 4.1126
threshold=9.0466494560241717 5.1321570873260507 5.1829545497894296 21.479108810424808 3.3642048835754399 2.8742823600769047 4.0500555038452157 3.6852741241455083 3.4751502275466923 4.2316496372222909 1.7966887950897219 4.3469109535217294 4.0821683406829843 1.3999999701976784
decision_type=2 2 2 2 2 2 2 2 2 2 2 2 2 2
left_child=1 4 6 -4 5 9 7 8 -2 -1 -11 -8 -6 -13
right_child=2 -3 3 -5 12 -7 11 -9 -10 10 -12 13 -14 -15
leaf_value=0.0022136087848163241 0.00017611393602473787 -0.0072111643949393294 0.0089556905961998296 -0.00046162417776852489 0.0068707590679136614 -0.005636466669226156 -0.006490225538229694 0.0044938887955466343 -0.0046552751592038519 -0.0062306399676906937 0.0016253585494835283 -0.0043210452298323319 0.00040156924614464709 0.0017060362711935392
leaf_weight=1151 8992 529 652 741 520 515 527 687 541 623 713 510 521 636
leaf_count=1151 8992 529 652 741 520 515 527 687 541 623 713 510 521 636
internal_value=-1.12009e-11 -0.000680319 0.000234112 0.00394619 0.000174199 -0.00102522 -0.000200675 0.000210608 -9.80685e-05 -7.03435e-05 -0.00203803 -0.00271312 0.00363306 -0.000976173
internal_weight=17858 4572 13286 1393 4043 3002 11893 10220 9533 2487 1336 1673 1041 1146
internal_count=17858 4572 13286 1393 4043 3002 11893 10220 9533 2487 1336 1673 1041 1146
is_linear=0
shrinkage=0.05


Tree=117
num_leaves=15
num_cat=0
split_feature=3 1 1 0 0 1 1 0 1 1 1 0 1 1
split_gain=1.06888 4.4581 4.44154 4.89207 3.88642 5.35326 5.08068 7.48835 4.37675 4.33754 8.17389 8.00039 4.42228 3.61806
threshold=3.3333332919412215 34.385274887084968 32.397140502929695 5.9931476116180429 0.9646972417831422 3.6643046140670781 14.387863636016847 2.1084632873535161 9.4716415405273455 31.102161407470707 27.971342086791996 3.7626377344131474 23.326500892639164 19.118454933166507
decision_type=2 2 2 2 2 2 2 2 2 2 2 2 2 2
left_child=1 2 3 -1 -2 -6 7 -7 -9 10 11 12 13 -8
right_child=4 -3 -4 -5 5 6 9 8 -10 -11 -12 -13 -14 -15
leaf_value=7.1178802943344454e-07 0.0046205305288197435 0.004118018033387268 -0.0046144098812152473 -0.0048111658730940919 -0.0041759557985980352 -0.0021109086401644365 -0.0012740041675533855 0.0021455529064285691 0.0077626273855923474 0.002562256461103416 -0.0069534896960140166 0.0043408400800881595 0.001540710614913722 -0.0068942588669996642
leaf_weight=9036 524 539 630 561 646 577 653 776 627 931 534 712 602 510
leaf_count=9036 524 539 630 561 646 577 653 776 627 931 534 712 602 510
internal_value=1.67925e-11 -0.000313961 -0.000547542 -0.00028057 0.000476607 0.000146002 0.000617462 0.0026839 0.00465582 -0.000420475 -0.00134273 -0.000133149 -0.00193795 -0.0037386
internal_weight=17858 10766 10227 9597 7092 6568 5922 1980 1403 3942 3011 2477 1765 1163
internal_count=17858 10766 10227 9597 7092 6568 5922 1980 1403 3942 3011 2477 1765 1163
is_linear=0
shrinkage=0.05


Tree=118
num_leaves=15
num_cat=0
split_feature=0 3 1 0 0 0 1 1 1 1 0 0 0 1
split_gain=1.04329 12.559 3.75054 5.85715 7.2461 4.33767 2.97823 3.71908 2.55204 2.80181 11.8382 3.60515 5.2373 6.12968
threshold=5.5853936672210702 1.9045453773672938 1.1188510656356814 4.500927448272706 4.2526242733001718 4.0119636058807382 11.662280082702638 25.709786415100101 34.524749755859382 31.102161407470707 1.8715583682060244 1.4529523253440859 1.2401294112205508 17.013521194458011
decision_type=2 2 2 2 2 2 2 2 2 2 2 2 2 2
left_child=2 -2 -1 4 5 8 -5 -8 9 11 -11 12 13 -4
right_child=1 -3 3 6 -6 -7 7 -9 -10 10 -12 -13 -14 -15
leaf_value=0.0040585116406552978 0.0058596784094578193 -0.0035840081034556911 -0.0023874959679988199 -0.0062202454879016949 0.0057511440128804143 -0.0044824331593893074 0.0011888813563998332 -0.0045988584398644911 -0.0032448801316950523 -0.0036554069828963333 0.0061389459322576658 -0.0005682883640658401 0.0051738431504133181 0.0032201716044459269
leaf_weight=522 730 680 1060 518 541 554 570 541 568 501 803 8647 721 902
leaf_count=522 730 680 1060 518 541 554 570 541 568 501 803 8647 721 902
internal_value=-1.12576e-11 0.00130528 -0.000111894 -0.000248586 7.50804e-05 -0.00014815 -0.00308926 -0.00162945 3.37315e-05 0.000181131 0.00237593 -7.14739e-05 0.0015297 0.000190545
internal_weight=17858 1410 16448 15926 14297 13756 1629 1111 13202 12634 1304 11330 2683 1962
internal_count=17858 1410 16448 15926 14297 13756 1629 1111 13202 12634 1304 11330 2683 1962
is_linear=0
shrinkage=0.05


Tree=119
num_leaves=15
num_cat=0
split_feature=3 3 3 3 1 1 0 1 1 0 0 1 1 1
split_gain=1.06972 9.48629 4.27151 4.17581 6.58608 4.08285 8.1915 3.69441 13.1835 12.9043 5.77739 5.15475 8.8757 7.1992
threshold=0.50806453752716252 0.67261905433470692 0.40000001519918454 1.0156249842839327 15.54867458343506 5.4553904533386239 5.6610910892486581 32.397140502929695 27.378501892089847 2.4750533103942876 2.596737384796143 20.178304672241214 18.053408622741703 14.240219593048097
decision_type=2 2 2 2 2 2 2 2 2 2 2 2 2 2
left_child=2 -2 -1 4 -3 -5 7 8 11 -10 -9 12 13 -7
right_child=1 3 -4 5 -6 6 -8 10 9 -11 -12 -13 -14 -15
leaf_value=-0.00013757730320500955 0.0065166720456627421 0.0014046272544536312 -0.0049452280460377425 -0.0020575322591731208 -0.0061798990326785179 0.0013118263613392453 0.006139728691596247 0.0013150337010622024 0.00012041612945753954 0.010059617438057078 -0.0061844371245101549 -0.0024567787404190643 0.006727240241668893 -0.0036774059215278765
leaf_weight=5207 578 506 507 1594 659 2317 640 500 638 669 528 1936 528 1051
leaf_count=5207 578 506 507 1594 659 2317 640 500 638 669 528 1936 528 1051
internal_value=-2.56315e-11 0.000265448 -0.000564157 -4.69515e-05 -0.00288568 0.00027101 0.000692458 0.000265587 0.00066913 0.00520789 -0.00253683 -0.000348044 0.000699828 -0.000245087
internal_weight=17858 12144 5714 11566 1165 10401 8807 8167 7139 1307 1028 5832 3896 3368
internal_count=17858 12144 5714 11566 1165 10401 8807 8167 7139 1307 1028 5832 3896 3368
is_linear=0
shrinkage=0.05


Tree=120
num_leaves=15
num_cat=0
split_feature=3 3 3 0 0 1 0 3 0 1 0 1 0 0
split_gain=1.01991 8.84774 6.85181 3.79928 3.30948 2.88264 6.06695 5.61907 3.7077 4.35857 6.74287 4.53657 14.0507 15.6935
threshold=0.11834734520358153 0.20000000372529025 0.28801845025598177 3.6416338682174687 2.923602938652039 2.6117454767227177 6.2799839973449716 0.41801076416576205 4.500927448272706 6.5984327793121347 2.6901332139968877 23.834431648254398 3.1936514377593999 2.6901332139968877
decision_type=2 2 2 2 2 2 2 2 2 2 2 2 2 2
left_child=3 -2 -3 4 -1 -4 7 -7 9 10 -9 12 13 -11
right_child=1 2 5 -5 -6 6 -8 8 -10 11 -12 -13 -14 -15
leaf_value=-0.00064903959118855928 0.0064722716884345437 -0.005536499229959981 -0.0024754942746961564 -0.0033470773483789277 0.0038105590215751109 0.0051406179141322873 0.0055171944806012363 -0.00021935344291722171 -0.0023976337580464031 -0.0010810869916266621 0.0074882757972192697 0.0012447385194424316 -0.0056389058697695078 0.0073275404836663817
leaf_weight=2004 539 548 956 1013 525 535 548 651 1523 3056 503 3507 1272 678
leaf_count=2004 539 548 956 1013 525 535 548 651 1523 3056 503 3507 1272 678
internal_value=1.71106e-12 0.000187952 -5.79105e-05 -0.000759662 0.000276737 0.000169035 0.00037503 0.000134697 -0.000104639 0.000256614 0.00314021 -0.000134279 -0.00110036 0.000445707
internal_weight=17858 14316 13777 3542 2529 13229 12273 11725 11190 9667 1154 8513 5006 3734
internal_count=17858 14316 13777 3542 2529 13229 12273 11725 11190 9667 1154 8513 5006 3734
is_linear=0
shrinkage=0.05


Tree=121
num_leaves=15
num_cat=0
split_feature=0 0 1 0 3 0 2 1 1 0 3 3 0 1
split_gain=1.06567 7.03979 3.40088 3.48657 7.64904 4.35557 3.39044 3.62293 11.3954 8.19394 8.04925 17.3847 4.79498 9.74896
threshold=3.1530255079269414 3.3052772283554082 33.248571395874031 0.9646972417831422 1.9393381828105503 1.1486966609954836 1.5000000000000002 17.013521194458011 13.506245613098146 3.6852741241455083 1.1017241781110163 4.9999998048657517 4.1069266796112069 7.1739900112152108
decision_type=2 2 2 2 2 2 2 2 2 2 2 2 2 2
left_child=2 -2 3 4 -1 -5 7 8 12 -9 -11 -12 -3 -14
right_child=1 6 -4 5 -6 -7 -8 9 -10 10 11 -13 13 -15
leaf_value=-0.0014116534764099422 0.0058279499668272561 -0.0041461685620662247 -0.0034011798700059417 -0.0045257479363560275 0.0064317283036775495 -0.0001062655808543713 0.0022939226181026445 -0.006963515532917755 0.007505016190852214 -0.0039278392338727612 0.0090704886611432233 -0.0029745262641764701 -0.0030195983499288559 0.0062515098432248291
leaf_weight=636 566 720 822 598 608 8231 1296 602 507 904 533 684 645 506
leaf_count=636 566 720 822 598 608 8231 1296 602 507 904 533 684 645 506
internal_value=-8.99745e-12 0.000483148 -0.00030878 -5.64271e-05 0.00242177 -0.000405603 1.02454e-05 -0.000569963 0.00085594 -0.00181521 -0.000353971 0.00230073 -0.000945814 0.00105615
internal_weight=17858 6963 10895 10073 1244 8829 6397 5101 2378 2723 2121 1217 1871 1151
internal_count=17858 6963 10895 10073 1244 8829 6397 5101 2378 2723 2121 1217 1871 1151
is_linear=0
shrinkage=0.05


Tree=122
num_leaves=15
num_cat=0
split_feature=0 1 1 1 3 3 3 1 0 3 1 0 1 1
split_gain=0.961767 7.02116 8.13293 5.67963 5.55656 13.4669 8.07518 7.84878 7.75845 7.5738 10.6817 3.3559 2.9311 2.64437
threshold=3.1530255079269414 33.248571395874031 30.195087432861332 26.997159957885746 3.666666645970611 1.788888876084928 6.6904763450630673 6.1443142890930185 4.6962068080902108 0.73508773343715006 15.415084362030031 2.8935406208038335 17.417921066284183 14.387863636016847
decision_type=2 2 2 2 2 2 2 2 2 2 2 2 2 2
left_child=11 2 3 4 5 7 -6 -2 -8 10 -9 13 -13 -1
right_child=1 -3 -4 -5 6 -7 8 9 -10 -11 -12 12 -14 -15
leaf_value=0.00099261889564131438 0.0052276096761853562 0.0056247702119453583 -0.0056574556605944711 0.0050768065158967174 0.0074489835814818724 -0.0078715710944006548 -0.0026673622908024949 -0.0041531801894367417 0.0049826192170268234 -0.0060372302276508593 0.0046397762508684649 -0.0055465536895725467 -0.00028453165654502161 -0.00067885056440603509
leaf_weight=3963 618 601 583 616 519 624 896 618 526 579 783 540 519 5873
leaf_count=3963 618 601 583 616 519 624 896 618 526 579 783 540 519 5873
internal_value=3.32909e-11 0.000458991 -2.90058e-05 0.000538806 -2.62461e-06 -0.00127575 0.00211073 0.000308463 0.000162378 -0.00122691 0.000761085 -0.000293341 -0.00296772 -5.40267e-06
internal_weight=17858 6963 6362 5779 5163 3222 1941 2598 1422 1980 1401 10895 1059 9836
internal_count=17858 6963 6362 5779 5163 3222 1941 2598 1422 1980 1401 10895 1059 9836
is_linear=0
shrinkage=0.05


Tree=123
num_leaves=15
num_cat=0
split_feature=3 3 3 3 1 0 0 0 0 3 1 1 3 1
split_gain=0.958343 8.57822 3.88563 3.56095 4.69267 6.16017 5.04499 3.44326 6.57013 3.76509 3.28908 15.5682 8.38594 5.95723
threshold=0.50806453752716252 0.67261905433470692 0.40000001519918454 0.91106719906050493 5.4553904533386239 5.6610910892486581 3.5547726154327397 4.7351951599121103 4.2921187877655038 1.1715686428978305 17.557585716247562 20.178304672241214 2.9999999680689409 25.415451049804691
decision_type=2 2 2 2 2 2 2 2 2 2 2 2 2 2
left_child=2 -2 -1 -3 6 7 -5 8 9 -6 12 -12 -11 -13
right_child=1 3 -4 4 5 -7 -8 -9 -10 10 11 13 -14 -15
leaf_value=-0.00012712404877734384 0.0061957491310410022 -0.0034433814886323647 -0.0047124782551440031 -0.00044498816542359551 0.0042971812318829657 0.005250837331403164 -0.0064330922456292241 -0.0032161894325263337 0.0060920652240038873 -0.0061569337675374163 0.0085442325701047712 -0.0033097486624548075 0.00016555300592173376 0.0010061501091094052
leaf_weight=5207 578 723 507 1159 515 667 505 657 501 710 555 1210 2007 2357
leaf_count=5207 578 723 507 1159 515 667 505 657 501 710 555 1210 2007 2357
internal_value=-6.6741e-12 0.000251248 -0.00053398 -4.58224e-05 0.000180723 0.000623601 -0.00226229 0.000261011 0.000551848 0.000174414 -0.000136045 0.000754185 -0.00148662 -0.000457892
internal_weight=17858 12144 5714 11566 10843 9179 1664 8512 7855 7354 6839 4122 2717 3567
internal_count=17858 12144 5714 11566 10843 9179 1664 8512 7855 7354 6839 4122 2717 3567
is_linear=0
shrinkage=0.05


Tree=124
num_leaves=15
num_cat=0
split_feature=3 1 1 0 1 3 1 3 1 1 0 3 0 0
split_gain=0.922466 3.3098 4.83483 4.62925 4.75965 2.20363 2.42891 5.6464 8.37084 4.87549 16.9012 3.59715 4.31758 3.10547
threshold=0.14285715083990794 27.139372825622562 18.632964134216312 1.9130862951278689 6.7174110412597665 0.23205128320928156 30.195087432861332 9.7638883675207406 32.859310150146491 26.997159957885746 2.775752186775208 0.57417583521538762 5.8343987464904794 4.8547461032867441
decision_type=2 2 2 2 2 2 2 2 2 2 2 2 2 2
left_child=1 2 3 -1 -5 -2 9 8 -8 11 -11 -7 13 -13
right_child=5 -3 -4 4 -6 6 7 -9 -10 10 -12 12 -14 -15
leaf_value=0.0025050900069691004 0.003361056946897915 -0.0033078678675410272 0.0032859927854014949 0.0010437767938241479 -0.004999475901929569 0.0025462296366444552 -0.0072332252709111219 0.0022610505419325528 0.00017087242139555585 -0.0023726871629457177 0.0097018272642986729 -0.0003103829230981178 -0.0044837990575001992 0.0034916822972870473
leaf_weight=591 526 917 857 516 884 1229 689 708 856 603 558 7760 587 577
leaf_count=591 526 917 857 516 884 1229 689 708 856 603 558 7760 587 577
internal_value=1.43909e-11 -0.000695261 0.000145947 -0.00120565 -0.00277211 0.000185742 6.26331e-05 -0.00143657 -0.00313102 0.000361176 0.00343057 1.01896e-05 -0.00033907 -4.72437e-05
internal_weight=17858 3765 2848 1991 1400 14093 13567 2253 1545 11314 1161 10153 8924 8337
internal_count=17858 3765 2848 1991 1400 14093 13567 2253 1545 11314 1161 10153 8924 8337
is_linear=0
shrinkage=0.05


Tree=125
num_leaves=15
num_cat=0
split_feature=3 3 3 3 1 1 1 0 3 3 0 0 0 0
split_gain=0.914318 7.70953 3.63319 3.36717 5.90143 3.91212 5.61091 11.9301 3.46514 7.54767 6.50896 16.4675 10.5328 5.85287
threshold=0.50806453752716252 0.67261905433470692 0.40000001519918454 1.0156249842839327 15.54867458343506 34.243980407714851 26.997159957885746 2.8149876594543461 3.3333332919412215 1.8775000068955163 4.9729626178741464 4.0821683406829843 3.1530255079269414 2.9896733760833745
decision_type=2 2 2 2 2 2 2 2 2 2 2 2 2 2
left_child=2 -2 -1 4 -3 6 8 -8 9 -5 11 12 -10 -11
right_child=1 3 -4 5 -6 -7 7 -9 10 13 -12 -13 -14 -15
leaf_value=-0.0001281526095735738 0.0058808876014601399 0.0014758768204319855 -0.0045620581410692994 0.001169002947857277 -0.0057036138675281602 -0.0039108067250518659 -0.00081970908504973316 0.0067248070598099827 -0.00027557837306932295 -0.0013706315385979778 0.0053298217376861814 -0.0082170024177698545 0.0059680186683750336 -0.0082293718676384308
leaf_weight=5207 578 506 507 1181 659 536 1102 999 3290 706 633 548 850 556
leaf_count=5207 578 506 507 1181 659 536 1102 999 3290 706 633 548 850 556
internal_value=1.11663e-11 0.00024541 -0.000521571 -3.62181e-05 -0.00258531 0.000249302 0.000475335 0.00276762 -0.000144974 -0.00170389 0.000570762 -7.18333e-05 0.00100632 -0.00439239
internal_weight=17858 12144 5714 11566 1165 10401 9865 2101 7764 2443 5321 4688 4140 1262
internal_count=17858 12144 5714 11566 1165 10401 9865 2101 7764 2443 5321 4688 4140 1262
is_linear=0
shrinkage=0.05


Tree=126
num_leaves=15
num_cat=0
split_feature=3 3 1 1 0 1 0 0 0 0 3 1 1 1
split_gain=0.825172 6.95785 3.30477 7.61532 6.2663 11.1457 6.0185 9.50937 4.30694 3.53005 3.03887 5.32604 3.53069 5.06385
threshold=0.50806453752716252 0.67261905433470692 27.289301872253422 32.859310150146491 3.5171769857406621 15.681638717651369 2.6148996353149419 2.1526268720626835 1.7362766861915591 1.22271203994751 1.0156249842839327 15.54867458343506 34.243980407714851 26.997159957885746
decision_type=2 2 2 2 2 2 2 2 2 2 2 2 2 2
left_child=2 -2 4 -4 6 -6 7 8 9 -1 11 -3 13 -12
right_child=1 10 3 -5 5 -7 -8 -9 -10 -11 12 -13 -14 -15
leaf_value=-0.0026647968593013927 0.0055868431087905566 0.0014020829671338615 -0.0055406824227641613 0.0022164072708359787 -0.00090784198942098649 0.0082631255703392338 -0.0045615377129807986 0.0062140614394949403 -0.0053723439603632489 0.00302108064185686 -0.00013772573032728766 -0.00541843290642831 -0.003715266463861092 0.0026292359162860511
leaf_weight=541 578 506 850 504 778 577 885 521 507 551 7764 659 536 2101
leaf_count=541 578 506 850 504 778 577 885 521 507 551 7764 659 536 2101
internal_value=-2.88529e-12 0.000233139 -0.000495492 -0.00265326 0.000174603 0.00299743 -0.00109825 0.000347504 -0.00156399 0.000204176 -3.44072e-05 -0.00245605 0.000236837 0.000451568
internal_weight=17858 12144 5714 1354 4360 1355 3005 2120 1599 1092 11566 1165 10401 9865
internal_count=17858 12144 5714 1354 4360 1355 3005 2120 1599 1092 11566 1165 10401 9865
is_linear=0
shrinkage=0.05


Tree=127
num_leaves=15
num_cat=0
split_feature=0 0 0 2 1 1 0 2 3 1 1 0 3 0
split_gain=0.847831 6.77256 5.08035 8.91074 4.70279 3.72149 2.63079 2.3457 4.11384 6.2823 10.4537 1.82587 14.4229 6.32741
threshold=1.4529523253440859 1.2567819952964785 1.7006043791770937 1.0000000180025095e-35 12.593414306640627 19.974007606506351 0.92444095015525829 1.5000000000000002 8.0624999371357315 9.3156552314758319 17.729066848754886 5.2737994194030771 1.788888876084928 4.6705245971679696
decision_type=2 2 2 2 2 2 2 2 2 2 2 2 2 2
left_child=1 4 3 -2 -1 -6 -7 11 9 -9 -11 13 -13 -4
right_child=2 -3 7 -5 5 6 -8 8 -10 10 -12 12 -14 -15
leaf_value=-0.0036068669827041509 0.00098069723823974888 0.0047823296502575545 -0.0003452293906813246 -0.0078577147713744504 0.0044772564085157774 0.0019071812232141383 -0.003073163172060793 0.007040130963065193 -0.0019108534533821598 -0.0048474915036610493 0.0039701215637343639 0.0032089861510104598 -0.0070216884341578814 0.0045353208044194137
leaf_weight=835 580 782 8696 561 524 512 550 564 691 522 944 687 691 719
leaf_count=835 580 782 8696 561 524 512 550 564 691 522 944 687 691 719
internal_value=-2.01598e-11 0.000736924 -0.000161062 -0.00336492 -0.000569771 0.00102921 -0.000672093 0.000109443 0.0014214 0.00255568 0.000830426 -0.000221313 -0.0019212 2.7486e-05
internal_weight=17858 3203 14655 1141 2421 1586 1062 13514 2721 2030 1466 10793 1378 9415
internal_count=17858 3203 14655 1141 2421 1586 1062 13514 2721 2030 1466 10793 1378 9415
is_linear=0
shrinkage=0.05


Tree=128
num_leaves=15
num_cat=0
split_feature=3 3 3 0 0 3 1 0 1 3 1 0 0 0
split_gain=0.828191 6.1825 3.27017 2.8809 8.56949 2.52879 4.4892 5.11841 2.89984 3.43499 8.38576 3.60692 2.23307 3.30946
threshold=0.50806453752716252 0.67261905433470692 0.40000001519918454 6.2799839973449716 5.2737994194030771 0.26794872424129906 3.9450728893280034 4.8547461032867441 9.0466494560241717 0.042572466128698867 16.160283088684086 2.1221269369125371 4.6962068080902108 4.0500555038452157
decision_type=2 2 2 2 2 2 2 2 2 2 2 2 2 2
left_child=2 -2 5 4 12 6 -1 8 -8 10 -10 -12 13 -3
right_child=1 3 -4 -5 -6 -7 7 -9 9 -11 11 -13 -14 -15
leaf_value=0.0038904613465541912 0.0052801635387034569 0.00027345957767209564 -0.004329713679394543 0.0036860095948329664 -0.0058592775827688969 0.0027319748156048635 -0.0036476693217991855 -0.0056456786763878566 0.0069841797599797199 -0.0021928803137782676 -0.0034675503106021566 0.0016169802600622463 0.0031291416665820888 -0.0028401250479411395
leaf_weight=506 578 8897 507 502 628 675 576 538 506 971 598 837 595 944
leaf_count=506 578 8897 507 502 628 675 576 538 506 971 598 837 595 944
internal_value=3.60563e-11 0.000233565 -0.000496398 -1.86338e-05 -0.000186722 -0.000123152 -0.000548397 -0.00110629 -0.000406116 0.000235071 0.00144967 -0.000501869 0.000154631 -2.52117e-05
internal_weight=17858 12144 5714 11566 11064 5207 4532 4026 3488 2912 1941 1435 10436 9841
internal_count=17858 12144 5714 11566 11064 5207 4532 4026 3488 2912 1941 1435 10436 9841
is_linear=0
shrinkage=0.05


Tree=129
num_leaves=15
num_cat=0
split_feature=1 0 1 0 3 3 1 2 0 0 1 0 3 1
split_gain=0.825382 8.92431 8.0175 6.69741 4.77322 3.97085 8.80384 3.07849 2.85977 7.99473 8.61521 6.89389 6.32777 4.00759
threshold=9.0466494560241717 5.1321570873260507 10.142644405364992 3.4956555366516118 0.14285715083990794 9.5857142278734546 2.774544477462769 1.0000000180025095e-35 5.5037066936492929 4.0500555038452157 27.66272068023682 3.6852741241455083 1.788888876084928 17.557585716247562
decision_type=2 2 2 2 2 2 2 2 2 2 2 2 2 2
left_child=1 3 -2 4 -1 6 -6 -8 9 11 13 -4 -10 -11
right_child=2 -3 8 -5 5 -7 7 -9 12 10 -12 -13 -14 -15
leaf_value=-0.0046270300959473229 0.0060437519837409472 -0.0066864678020006315 -6.4379520975142842e-05 0.0039611193792387957 -0.0038063795556463847 -0.0029878496875020161 0.0065363048527846334 0.0014291242401926749 0.0062290225042978854 -0.0024289053944870831 0.0012165427396885931 0.0052799547115634929 -0.001524779548353145 -0.0083039602165169632
leaf_weight=670 562 529 9154 923 548 719 563 620 538 500 679 646 515 692
leaf_count=670 562 529 9154 923 548 719 563 620 538 500 679 646 515 692
internal_value=-2.73639e-11 -0.000579462 0.000199405 0.000219599 -0.000887267 0.000135444 0.00143276 0.00385968 -5.87305e-05 -0.000283887 -0.00327887 0.00028791 0.0024368 -0.00583959
internal_weight=17858 4572 13286 4043 3120 2450 1731 1183 12724 11671 1871 9800 1053 1192
internal_count=17858 4572 13286 4043 3120 2450 1731 1183 12724 11671 1871 9800 1053 1192
is_linear=0
shrinkage=0.05


Tree=130
num_leaves=15
num_cat=0
split_feature=0 0 0 0 1 0 1 0 3 3 1 0 3 0
split_gain=0.76719 3.55154 2.74285 5.04809 3.46675 2.3168 2.23978 2.30646 8.67199 3.58568 2.44779 2.53913 6.94752 2.29261
threshold=5.9931476116180429 5.1829545497894296 4.500927448272706 4.2526242733001718 21.647588729858402 3.9820390939712529 34.524749755859382 3.400376677513123 1.0645833297166993 6.2678569601088592 1.5362544655799868 0.9002974033355714 1.9393381828105503 1.1486966609954836
decision_type=2 2 2 2 2 2 2 2 2 2 2 2 2 2
left_child=1 2 3 5 -4 6 7 10 -9 -10 -1 12 -12 -13
right_child=-2 -3 4 -5 -6 -7 -8 8 9 -11 11 13 -14 -15
leaf_value=-0.0033392191588728806 -0.001350590574798012 0.003133694456784793 -8.0230705861518848e-05 0.0047540178430834808 -0.0055342896583837255 -0.0030541294931788888 -0.0030287586126272852 -0.0024348031358015242 0.0078025608596141299 0.0018470324664951795 -0.0014964904255458039 -0.0027691511669827862 0.0066081194640838937 6.2444218995688541e-05
leaf_weight=547 993 901 685 559 507 630 567 687 509 502 548 777 511 8935
leaf_count=547 993 901 685 559 507 630 567 687 509 502 548 777 511 8935
internal_value=-1.62869e-11 7.95219e-05 -9.28541e-05 9.33198e-05 -0.00240004 -8.99863e-05 4.74951e-05 0.000181502 0.00189988 0.00484541 -7.63008e-05 8.9405e-05 0.00241423 -0.000164095
internal_weight=17858 16865 15964 14772 1192 14213 13583 13016 1698 1011 11318 10771 1059 9712
internal_count=17858 16865 15964 14772 1192 14213 13583 13016 1698 1011 11318 10771 1059 9712
is_linear=0
shrinkage=0.05


Tree=131
num_leaves=15
num_cat=0
split_feature=0 0 1 0 2 3 1 2 0 1 0 1 1 1
split_gain=0.77144 6.08144 4.55099 4.51002 8.02655 4.26199 4.21351 2.18051 3.9129 15.4489 12.0208 8.72228 1.58025 8.64261
threshold=1.4529523253440859 1.2567819952964785 17.013521194458011 1.7006043791770937 1.0000000180025095e-35 1.1464285697407879 7.8885366916656503 1.5000000000000002 2.923602938652039 22.4625997543335 4.3469109535217294 18.495265960693363 25.922469139099125 29.262808799743656
decision_type=2 2 2 2 2 2 2 2 2 2 2 2 2 2
left_child=1 2 6 4 -2 -4 -1 12 11 10 -10 -9 -5 -14
right_child=3 -3 5 7 -6 -7 -8 8 9 -11 -12 -13 13 -15
leaf_value=0.00065146874836377556 0.00095208184472445794 0.0045363825872121264 -0.0019347507147024958 0.00016291913165500469 -0.0074363710023396369 0.0039753438990231798 -0.00542723897357661 0.0076706269650231506 -0.0094882178083136523 0.0061757967609709511 0.0014647695624423838 -0.0011568548283908998 -0.0048935722347985397 0.00072166502637707676
leaf_weight=503 580 782 518 7733 561 742 658 610 501 592 501 517 1036 2024
leaf_count=503 580 782 518 7733 561 742 658 610 501 592 501 517 1036 2024
internal_value=-1.13997e-11 0.000702941 -0.000535287 -0.000153635 -0.0031723 0.00154564 -0.00279366 0.000101234 0.00136616 -0.000228153 -0.00401172 0.00362111 -0.000217663 -0.00117944
internal_weight=17858 3203 2421 14655 1141 1260 1161 13514 2721 1594 1002 1127 10793 3060
internal_count=17858 3203 2421 14655 1141 1260 1161 13514 2721 1594 1002 1127 10793 3060
is_linear=0
shrinkage=0.05


Tree=132
num_leaves=15
num_cat=0
split_feature=1 0 1 0 0 0 1 0 0 0 1 0 3 1
split_gain=0.756467 8.21378 7.23588 6.05345 4.60389 4.07838 8.39629 3.79155 2.5031 7.19941 7.86763 6.1595 5.72921 3.52591
threshold=9.0466494560241717 5.1321570873260507 10.142644405364992 3.3642048835754399 2.7074600458145146 1.7966887950897219 4.2316496372222909 4.0821683406829843 5.5037066936492929 4.0500555038452157 27.66272068023682 3.6852741241455083 1.788888876084928 17.557585716247562
decision_type=2 2 2 2 2 2 2 2 2 2 2 2 2 2
left_child=1 3 -2 4 5 6 -1 -5 9 11 13 -4 -10 -11
right_child=2 -3 8 7 -6 -7 -8 -9 12 10 -12 -13 -14 -15
leaf_value=0.0025517466340375986 0.0057430619516433135 -0.0064135960819083487 -5.5366114194177116e-05 0.0065177749516442431 -0.004344724962171519 0.0024504273849681527 -0.0058267147353525915 0.00048268943937448874 0.0058888098237115105 -0.002355029509589076 0.0011888520845276509 0.0049962949838154823 -0.0014891562101349814 -0.0078657179314513947
leaf_weight=575 562 529 9154 520 742 1062 623 521 538 500 679 646 515 692
leaf_count=575 562 529 9154 520 742 1062 623 521 538 500 679 646 515 692
internal_value=2.62062e-12 -0.000554744 0.000190899 0.000211848 -0.000927455 0.000194498 -0.00180533 0.00349733 -5.43313e-05 -0.00026498 -0.00310709 0.000277631 0.0022804 -0.00555419
internal_weight=17858 4572 13286 4043 3002 2260 1198 1041 12724 11671 1871 9800 1053 1192
internal_count=17858 4572 13286 4043 3002 2260 1198 1041 12724 11671 1871 9800 1053 1192
is_linear=0
shrinkage=0.05


Tree=133
num_leaves=15
num_cat=0
split_feature=0 0 0 0 1 0 1 1 0 0 3 1 3 3
split_gain=0.73236 3.31114 2.32386 4.79271 3.11975 2.01944 2.08391 2.11883 9.51935 2.70653 9.57145 5.18184 2.99126 7.77674
threshold=5.9931476116180429 5.1829545497894296 4.500927448272706 4.2526242733001718 21.647588729858402 3.9820390939712529 34.524749755859382 31.102161407470707 1.8715583682060244 0.9646972417831422 1.9393381828105503 27.798629760742191 0.26794872424129906 0.57417583521538762
decision_type=2 2 2 2 2 2 2 2 2 2 2 2 2 2
left_child=1 2 3 5 -4 6 7 9 -9 10 -1 12 -11 -14
right_child=-2 -3 4 -5 -6 -7 -8 8 -10 11 -12 -13 13 -15
leaf_value=-0.0021460498491366574 -0.0013195761402530553 0.0030266899225838508 -1.1758155590535081e-05 0.004623898980749208 -0.0051856676170775121 -0.0028633761918911388 -0.0029349174251947457 -0.0033243902830663559 0.0054690299364259674 -0.0014428579251935874 0.0068762093168078815 -0.0035926587935052401 0.0054512701372602095 2.2854776493849984e-05
leaf_weight=607 993 901 685 559 507 630 567 501 798 2431 570 1076 737 6296
leaf_count=607 993 901 685 559 507 630 567 501 798 2431 570 1076 737 6296
internal_value=-1.4592e-11 7.76958e-05 -8.8744e-05 8.26211e-05 -0.00221241 -9.59882e-05 3.23674e-05 0.000161628 0.00207757 -5.07828e-05 0.00222327 -0.000304726 6.90926e-05 0.000591708
internal_weight=17858 16865 15964 14772 1192 14213 13583 13016 1299 11717 1177 10540 9464 7033
internal_count=17858 16865 15964 14772 1192 14213 13583 13016 1299 11717 1177 10540 9464 7033
is_linear=0
shrinkage=0.05


Tree=134
num_leaves=15
num_cat=0
split_feature=1 0 1 0 3 3 1 2 0 0 1 0 3 3
split_gain=0.728589 7.46271 6.46144 5.58377 4.01256 3.60389 8.05042 2.77101 2.2275 6.4127 7.26363 5.54477 5.19004 3.58017
threshold=9.0466494560241717 5.1321570873260507 10.142644405364992 3.4956555366516118 0.14285715083990794 9.5857142278734546 2.774544477462769 1.0000000180025095e-35 5.5037066936492929 4.0500555038452157 27.66272068023682 3.6852741241455083 1.788888876084928 0.19292804610529471
decision_type=2 2 2 2 2 2 2 2 2 2 2 2 2 2
left_child=1 3 -2 4 -1 6 -6 -8 9 11 -11 13 -10 -4
right_child=2 -3 8 -5 5 -7 7 -9 12 10 -12 -13 -14 -15
leaf_value=-0.0042532376322283677 0.0054339891360920198 -0.0061289904163780648 0.0017834433961508352 0.0036025960406012034 -0.003660723183773132 -0.0028621775943977611 0.0062094096233323882 0.0013639943650172604 0.005592487992192567 -0.0052767254811424092 0.0012023171416479705 0.0047460156452522008 -0.0014297370595215521 -0.00058112238682838031
leaf_weight=670 562 529 2068 923 548 719 563 620 538 1192 679 646 515 7086
leaf_count=670 562 529 2068 923 548 719 563 620 538 1192 679 646 515 7086
internal_value=-3.57219e-11 -0.000544426 0.000187349 0.000186277 -0.000824384 0.000113303 0.00134922 0.00366997 -4.43874e-05 -0.000243101 -0.00292543 0.000269005 0.00215807 -4.69382e-05
internal_weight=17858 4572 13286 4043 3120 2450 1731 1183 12724 11671 1871 9800 1053 9154
internal_count=17858 4572 13286 4043 3120 2450 1731 1183 12724 11671 1871 9800 1053 9154
is_linear=0
shrinkage=0.05


Tree=135
num_leaves=15
num_cat=0
split_feature=1 0 3 0 0 1 1 0 1 1 0 0 1 1
split_gain=0.736931 2.70208 5.66569 4.4391 5.89258 3.30449 4.19961 2.82739 1.51968 2.35683 9.05137 2.92973 5.56979 3.23848
threshold=0.96974325180053722 5.5853936672210702 1.9045453773672938 4.500927448272706 4.2526242733001718 11.662280082702638 25.709786415100101 4.0119636058807382 34.524749755859382 31.102161407470707 1.8715583682060244 1.4343159794807436 12.496533870697023 21.479108810424808
decision_type=2 2 2 2 2 2 2 2 2 2 2 2 2 2
left_child=-1 3 -3 4 7 -5 -7 8 9 11 -11 12 -2 -14
right_child=1 2 -4 5 -6 6 -8 -9 -10 10 -12 -13 13 -15
leaf_value=0.0018905382200019684 -0.001586799183721694 0.0051698588591943991 -0.0012809205822044752 -0.0060033468450625968 0.0051336277243928131 0.0018240642972421229 -0.004326223818625732 -0.0036474397846562806 -0.0025413025918246158 -0.0031581406301248098 0.0054061090116705726 -0.00056800947808811604 0.0053818016215405546 0.00091622246046714386
leaf_weight=501 1007 711 653 519 547 570 541 557 568 501 803 8756 811 813
leaf_count=501 1007 711 653 519 547 570 541 557 568 501 803 8756 811 813
internal_value=2.96162e-11 -5.45693e-05 0.00208162 -0.000236759 4.38641e-05 -0.00270951 -0.00117081 -0.000157649 -1.10454e-05 0.000102199 0.0021157 -0.00012838 0.00133471 0.00314626
internal_weight=17858 17357 1364 15993 14363 1630 1111 13816 13259 12691 1304 11387 2631 1624
internal_count=17858 17357 1364 15993 14363 1630 1111 13816 13259 12691 1304 11387 2631 1624
is_linear=0
shrinkage=0.05


Tree=136
num_leaves=15
num_cat=0
split_feature=0 0 1 1 1 0 0 0 0 3 3 3 1 0
split_gain=0.793772 3.20976 2.37408 6.05248 3.85597 2.71794 2.49705 4.3723 5.88901 4.14332 7.6349 7.21201 17.3002 11.5374
threshold=5.9931476116180429 5.1829545497894296 3.0630726814270024 4.6392407417297372 6.5984327793121347 2.9065654277801518 0.7533368468284608 1.4529523253440859 1.2567819952964785 0.91106719906050493 0.55555556015467977 6.8452381006866503 13.092183589935305 2.6761906147003178
decision_type=2 2 2 2 2 2 2 2 2 2 2 2 2 2
left_child=1 2 5 -4 -5 -1 -6 8 -8 10 -9 12 -11 -14
right_child=-2 -3 3 4 6 -7 7 9 -10 11 -12 -13 13 -15
leaf_value=0.00022115763751544564 -0.001373788821720823 0.0029843855742261761 -0.0047895025731401241 0.003074689961551913 -0.00332359015142504 0.0048442539185518402 0.00018861825751088898 -0.00080226291697389806 0.0060258254679980911 0.008745532741837786 -0.006651408088109094 -0.0015674146879431827 -0.0036422033318111724 0.0029357609103813792
leaf_weight=873 993 901 705 927 634 500 1366 3385 632 716 668 2860 1203 1495
leaf_count=873 993 901 705 927 634 500 1366 3385 632 716 668 2860 1203 1495
internal_value=-8.35827e-12 8.08878e-05 -8.29842e-05 -0.000270027 -4.05702e-05 0.00190473 -0.000263415 -0.000105999 0.00203502 -0.00052023 -0.0017663 0.000284729 0.00183632 2.73979e-06
internal_weight=17858 16865 15964 14591 13886 1373 12959 12325 1998 10327 4053 6274 3414 2698
internal_count=17858 16865 15964 14591 13886 1373 12959 12325 1998 10327 4053 6274 3414 2698
is_linear=0
shrinkage=0.05


Tree=137
num_leaves=15
num_cat=0
split_feature=1 1 1 1 0 1 0 0 0 3 0 0 1 3
split_gain=0.730182 3.12439 4.82144 3.28652 5.75875 3.06077 3.03122 5.66542 3.11417 15.5062 6.16477 2.72744 8.56148 10.1882
threshold=34.385274887084968 32.397140502929695 31.102161407470707 28.25096416473389 2.6587969064712529 26.997159957885746 5.9931476116180429 4.9276232719421396 4.0821683406829843 2.9999998318843404 3.6852741241455083 2.8935406208038335 6.4566550254821786 1.1715686428978305
decision_type=2 2 2 2 2 2 2 2 2 2 2 2 2 2
left_child=1 2 3 5 -5 6 7 8 10 -10 11 -1 -13 -14
right_child=-2 -3 -4 4 -6 -7 -8 -9 9 -11 -12 12 13 -15
leaf_value=0.00029650545879147564 0.0014102454515940001 -0.0027442521060516167 0.0044187365381734003 0.00077699513567818543 -0.0058193549859564958 0.0035584286436722103 -0.0030518293009173377 0.0040309500470655001 0.0022013383477052541 -0.0086931097892555577 0.0045624086735970388 0.0035952239096585939 0.00098146988699833546 -0.0069786083826454742
leaf_weight=7437 873 1028 621 675 649 629 772 886 776 564 744 566 708 930
leaf_count=7437 873 1028 621 675 649 629 772 886 776 564 744 566 708 930
internal_value=-3.48721e-11 -7.24842e-05 9.96394e-05 -7.52536e-05 -0.00245641 0.000149743 -1.04648e-05 0.000175717 -0.000115604 -0.00238409 0.000177103 -0.000161313 -0.00170614 -0.00353799
internal_weight=17858 16985 15957 15336 1324 14012 13383 12611 11725 1340 10385 9641 2204 1638
internal_count=17858 16985 15957 15336 1324 14012 13383 12611 11725 1340 10385 9641 2204 1638
is_linear=0
shrinkage=0.05


Tree=138
num_leaves=15
num_cat=0
split_feature=3 1 1 0 3 0 0 1 1 0 0 1 0 0
split_gain=0.875711 4.68556 4.12314 5.44013 2.98482 10.9502 3.40337 6.47375 9.80491 7.84866 5.95846 2.90188 2.68175 1.89193
threshold=3.3333332919412215 34.385274887084968 32.397140502929695 5.9931476116180429 4.999999906867747 3.0026018619537358 2.5783061981201176 21.203180313110355 7.4077570438385019 3.8982125520706181 2.2406398057937627 28.501838684082035 4.6705245971679696 1.6598623991012575
decision_type=2 2 2 2 2 2 2 2 2 2 2 2 2 2
left_child=1 2 3 12 5 -2 10 8 -8 -10 13 -9 -1 -6
right_child=4 -3 -4 -5 6 -7 7 11 9 -11 -12 -13 -14 -15
leaf_value=-0.00025487148728654379 -0.0014110636890926574 0.0042594531029186353 -0.0044420335707919941 -0.0050440619678905575 0.0012742789058228943 0.0079803733329433923 -0.0040912047291633072 -0.0063872383160089134 -0.00033262324695651599 0.0080607194644699981 0.006095363837448531 -0.0016471658197961987 0.0026329181689535158 -0.0017033866726272149
leaf_weight=8144 721 539 630 561 1374 545 654 610 592 526 512 686 892 872
leaf_count=8144 721 539 630 561 1374 545 654 610 592 526 512 686 892 872
internal_value=1.40379e-11 -0.000284178 -0.000523644 -0.00026642 0.000431397 0.00263185 -4.67664e-05 -0.00119257 0.000771658 0.0036163 0.00122782 -0.00387822 3.02003e-05 0.000118213
internal_weight=17858 10766 10227 9597 7092 1266 5826 3068 1772 1118 2758 1296 9036 2246
internal_count=17858 10766 10227 9597 7092 1266 5826 3068 1772 1118 2758 1296 9036 2246
is_linear=0
shrinkage=0.05


Tree=139
num_leaves=15
num_cat=0
split_feature=3 1 1 0 3 1 0 3 0 1 0 0 0 0
split_gain=0.790329 4.30884 5.576 3.12942 2.77011 3.82365 3.93829 2.71889 6.45248 5.36914 2.71229 4.88777 7.33641 3.42575
threshold=3.3333332919412215 33.88446235656739 31.841682434082035 5.9931476116180429 3.9615384985709334 3.6643046140670781 5.1829545497894296 6.8452381006866503 4.0500555038452157 23.565176963806156 3.3841856718063359 2.5783061981201176 2.138858556747437 1.6272838115692141
decision_type=2 2 2 2 2 2 2 2 2 2 2 2 2 2
left_child=1 2 3 -1 -2 -6 7 9 10 -7 11 12 13 -9
right_child=4 -3 -4 -5 5 6 -8 8 -10 -11 -12 -13 -14 -15
leaf_value=-6.121376094606929e-06 0.0039787089249285141 0.0034973632244784678 -0.0051248482561965687 -0.0038794613501312554 -0.003513900881517647 0.0045366230413289464 0.0042550258676514142 0.0010098394157925272 -0.005569582459357408 -0.0019659440976192151 0.0035987320410640678 -0.0036569180655716075 0.006041201066403162 -0.0038294836872375705
leaf_weight=8882 505 709 621 554 647 825 635 984 555 516 512 806 525 582
leaf_count=8882 505 709 621 554 647 825 635 984 555 516 512 806 525 582
internal_value=8.08056e-12 -0.00026997 -0.00053556 -0.00023353 0.000409827 0.000136214 0.000533794 8.83688e-05 -0.000570003 0.00203452 0.000243951 -0.000348955 0.000926137 -0.000788683
internal_weight=17858 10766 10057 9436 7092 6587 5940 5305 3964 1341 3409 2897 2091 1566
internal_count=17858 10766 10057 9436 7092 6587 5940 5305 3964 1341 3409 2897 2091 1566
is_linear=0
shrinkage=0.05


Tree=140
num_leaves=15
num_cat=0
split_feature=0 1 1 1 0 3 1 0 3 1 1 1 0 1
split_gain=0.734587 1.54449 6.52392 5.80152 4.39461 4.83065 8.20621 5.77898 5.43035 4.92036 5.16293 7.13189 3.96095 3.07124
threshold=6.786980628967286 17.729066848754886 14.387863636016847 15.681638717651369 5.1829545497894296 1.3999999701976784 20.178304672241214 4.0821683406829843 2.9999999680689409 23.326500892639164 26.057966232299808 28.840053558349613 2.923602938652039 13.236307144165041
decision_type=2 2 2 2 2 2 2 2 2 2 2 2 2 2
left_child=1 2 13 -4 5 7 -7 12 -8 -10 -11 -12 -3 -1
right_child=-2 4 3 -5 -6 6 8 -9 9 10 11 -13 -14 -15
leaf_value=-0.00015845284844318925 0.0018480529658981668 -0.0015366726727397354 -0.0071825210722844778 -0.0011088341513836603 0.0043187042753500228 0.0069362104285753123 0.0037447097232908566 -0.0062387428939818385 -0.0048519232024869796 0.0047858172794348341 -0.0058496289349232733 0.0010833871336380335 0.0024589004306232228 0.0037123785655848829
leaf_weight=6406 522 2295 615 1090 666 548 917 501 566 511 520 1294 850 557
leaf_count=6406 522 2295 615 1090 666 548 917 501 566 511 520 1294 850 557
internal_value=2.52155e-11 -5.56462e-05 -0.000527588 -0.00329964 0.000416296 9.15013e-05 0.00121543 -0.00125129 0.000392164 -0.000671235 0.000346515 -0.000904027 -0.000456788 0.000151191
internal_weight=17858 17336 8668 1705 8668 8002 4356 3646 3808 2891 2325 1814 3145 6963
internal_count=17858 17336 8668 1705 8668 8002 4356 3646 3808 2891 2325 1814 3145 6963
is_linear=0
shrinkage=0.05


Tree=141
num_leaves=15
num_cat=0
split_feature=1 3 1 1 1 1 3 3 3 3 3 1 0 1
split_gain=0.722426 7.12901 3.96449 3.92577 4.02147 5.65131 5.61304 2.19525 9.95455 7.93419 6.80988 8.56496 10.3081 9.38332
threshold=3.769469261169434 0.94590643543921782 5.4553904533386239 6.5984327793121347 9.0466494560241717 10.142644405364992 1.8062499355990476 2.6339712105050967 1.9393381828105503 3.4999998044222678 1.3999999701976784 33.613300323486335 2.5783061981201176 28.378836631774906
decision_type=2 2 2 2 2 2 2 2 2 2 2 2 2 2
left_child=1 -1 -2 -4 6 -6 -5 8 10 -9 11 12 -7 -14
right_child=2 -3 3 4 5 7 -8 9 -10 -11 -12 -13 13 -15
leaf_value=0.0046505206066557742 -0.0032553037915244356 -0.0016381485774080462 0.0041847203218015857 -0.0062063373864979536 0.0050864376290328476 0.0011142851535483186 0.00062798315476676498 0.006093578173951758 -0.0062886169053518078 4.609226537930381e-05 0.0049438988042485189 0.0050448684842605909 -0.0018034941347683893 -0.0089961537560965445
leaf_weight=762 942 1103 563 610 562 2510 592 609 698 4957 628 615 2131 576
leaf_count=762 942 1103 563 610 562 2510 592 609 698 4957 628 615 2131 576
internal_value=-1.93743e-12 0.00093127 -0.000108599 8.83448e-05 -7.08393e-05 0.000179721 -0.00284035 -3.70008e-05 -0.000616131 0.000707774 -3.22171e-06 -0.000535936 -0.00119382 -0.00333396
internal_weight=17858 1865 15993 15051 14488 13286 1202 12724 7158 5566 6460 5832 5217 2707
internal_count=17858 1865 15993 15051 14488 13286 1202 12724 7158 5566 6460 5832 5217 2707
is_linear=0
shrinkage=0.05


Tree=142
num_leaves=15
num_cat=0
split_feature=2 1 1 0 0 3 0 0 0 0 0 1 3 0
split_gain=0.721343 3.72919 6.46612 4.30252 1.68873 12.1114 6.76776 4.87362 3.35762 8.89893 3.85613 5.58614 9.33073 3.75963
threshold=1.5000000000000002 17.013521194458011 9.5995421409606951 2.6449598073959355 5.2737994194030771 1.788888876084928 4.6705245971679696 4.3469109535217294 3.866962313652039 3.5976886749267583 2.97192394733429 12.851522922515871 1.1715686428978305 2.4330505132675175
decision_type=2 2 2 2 2 2 2 2 2 2 2 2 2 2
left_child=4 2 -2 -3 6 -6 7 8 9 10 13 -12 -13 -1
right_child=1 3 -4 -5 5 -7 -8 -9 -10 -11 11 12 -14 -15
leaf_value=0.00020523570372409569 0.0017161003493524338 -0.00018852601393443992 -0.004298924209314596 0.0047156035464539538 0.0028779113432053569 -0.006497169310576114 0.0047320057315459177 -0.0048033540707816029 0.002826528954770936 -0.0060809301805496221 0.0057019880372737655 0.0051405234878452929 -0.0036962388173552318 -0.002296453847042032
leaf_weight=6141 1001 899 807 890 687 691 719 563 939 625 686 520 702 1988
leaf_count=6141 1001 899 807 890 687 691 719 563 939 625 686 520 702 1988
internal_value=-1.94473e-11 0.000632746 -0.000968703 0.0022512 -0.000159595 -0.00182324 1.83522e-05 -0.000260266 -3.9789e-05 -0.000292225 6.82354e-05 0.00209113 6.40856e-05 -0.000406569
internal_weight=17858 3597 1808 1789 14261 1378 12883 12164 11601 10662 10037 1908 1222 8129
internal_count=17858 3597 1808 1789 14261 1378 12883 12164 11601 10662 10037 1908 1222 8129
is_linear=0
shrinkage=0.05


Tree=143
num_leaves=15
num_cat=0
split_feature=3 3 1 0 0 0 0 3 0 1 0 0 0 0
split_gain=0.788171 3.5714 14.1431 7.4649 3.75348 4.42412 2.55668 5.07633 9.46673 6.76702 5.73215 3.23852 6.5205 3.18109
threshold=3.3333332919412215 1.9045453773672938 18.33624362945557 5.7666234970092782 4.8932797908782968 4.3219997882843026 5.2737994194030771 7.585714074604371 2.5496876239776616 18.632964134216312 1.686325788497925 2.5783061981201176 3.1530255079269414 2.0294668674468999
decision_type=2 2 2 2 2 2 2 2 2 2 2 2 2 2
left_child=1 3 -3 4 5 -1 7 8 10 -10 -2 13 -13 -9
right_child=6 2 -4 -5 -6 -7 -8 11 9 -11 -12 12 -14 -15
leaf_value=-0.00033137153150174481 0.0027886055561702808 -0.0068042374391509876 0.0023517382833376237 0.0053646895144417693 -0.0042981608397225802 0.0041452469039003252 -0.0024871134095138946 -0.0002112380929084154 0.0096316590484822936 0.0017215499193389044 -0.004422136502269418 -0.0059001744732052139 0.00020887324950500855 0.003941515241175482
leaf_weight=7307 589 873 816 632 541 597 688 1547 586 502 518 643 1362 657
leaf_count=7307 589 873 816 632 541 597 688 1547 586 502 518 643 1362 657
internal_value=5.51389e-12 -0.000269601 -0.00238075 0.00012323 -0.000269026 6.75362e-06 0.000409267 0.000720433 0.00266979 0.00598196 -0.000585527 -0.00029616 -0.00175029 0.00102667
internal_weight=17858 10766 1689 9077 8445 7904 7092 6404 2195 1088 1107 4209 2005 2204
internal_count=17858 10766 1689 9077 8445 7904 7092 6404 2195 1088 1107 4209 2005 2204
is_linear=0
shrinkage=0.05


Tree=144
num_leaves=15
num_cat=0
split_feature=3 3 3 3 0 0 1 0 0 1 0 0 1 0
split_gain=0.716747 5.78327 3.40461 8.45121 4.4402 3.70251 3.83432 3.34716 7.76034 2.98412 3.20783 2.34235 2.27089 2.17755
threshold=0.50806453752716252 0.67261905433470692 0.20000000372529025 0.11834734520358153 3.6416338682174687 3.5753134489059453 17.557585716247562 6.2799839973449716 5.2737994194030771 10.678173065185549 1.856028735637665 4.6962068080902108 24.28449630737305 4.0500555038452157
decision_type=2 2 2 2 2 2 2 2 2 2 2 2 2 2
left_child=2 -2 3 4 9 6 -4 8 11 -1 -11 13 -12 -3
right_child=1 7 5 -5 -6 -7 -8 -9 -10 10 12 -13 -14 -15
leaf_value=-0.0020650214823632459 0.0050982243732700713 0.0001750987736811608 -0.0011611860022585616 0.0061430382077514792 -0.0033745015302980054 0.0011875342038606932 -0.0069844403510174319 0.0039665585320231419 -0.0056059239639835376 -0.00092987954974342872 0.0056271506076685362 0.0031634391868631791 0.00098420528776617172 -0.0023505108273130355
leaf_weight=765 578 8897 585 539 1013 501 547 502 628 708 554 595 502 944
leaf_count=765 578 8897 585 539 1013 501 547 502 628 708 554 595 502 944
internal_value=-2.58395e-11 0.000217283 -0.000461793 0.000310253 -0.000577344 -0.0023912 -0.00397507 -2.66376e-05 -0.000207818 0.000543067 0.00167413 0.00011702 0.00341999 -6.71709e-05
internal_weight=17858 12144 5714 4081 3542 1633 1132 11566 11064 2529 1764 10436 1056 9841
internal_count=17858 12144 5714 4081 3542 1633 1132 11566 11064 2529 1764 10436 1056 9841
is_linear=0
shrinkage=0.05


Tree=145
num_leaves=15
num_cat=0
split_feature=3 1 1 0 0 1 1 0 3 0 3 3 3 3
split_gain=0.719806 3.37263 3.62302 5.18998 2.5936 6.27123 3.55674 7.39453 9.73434 7.04677 5.1556 9.66091 7.46652 4.89406
threshold=3.3333332919412215 34.385274887084968 32.397140502929695 5.9931476116180429 4.1069266796112069 18.957884788513187 24.693804740905765 3.1936514377593999 0.42857144301643202 0.92444095015525829 0.26794872424129906 0.042572466128698867 0.98214284231772242 1.1017241781110163
decision_type=2 2 2 2 2 2 2 2 2 2 2 2 2 2
left_child=1 2 3 4 6 -6 7 9 -9 -1 11 -11 -12 -8
right_child=-2 -3 -4 -5 5 -7 13 8 -10 10 12 -13 -14 -15
leaf_value=-0.0054839698032149962 0.0003911147451534992 0.0035972011636714548 -0.0041338707435698736 -0.0048861933440474689 0.0045238790095300605 -0.0019761363895703563 -0.00011233906269371014 0.00016026406880193108 -0.0088136748728292226 0.0013334237297375998 0.0055362979936912499 -0.0066107900890296908 -0.00020253705632805355 0.005617989398263119
leaf_weight=517 7092 539 630 561 931 617 1202 596 613 1125 991 580 1324 540
leaf_count=517 7092 539 630 561 931 617 1202 596 613 1125 991 580 1324 540
internal_value=4.80381e-12 -0.000257643 -0.000460807 -0.000219687 7.00327e-05 0.00193311 -0.000315123 -0.000915127 -0.0043898 1.07876e-05 0.000717452 -0.00136901 0.00225413 0.001664
internal_weight=17858 10766 10227 9597 9036 1548 7488 5746 1209 4537 4020 1705 2315 1742
internal_count=17858 10766 10227 9597 9036 1548 7488 5746 1209 4537 4020 1705 2315 1742
is_linear=0
shrinkage=0.05


Tree=146
num_leaves=15
num_cat=0
split_feature=0 1 1 3 0 0 0 0 0 3 2 0 0 1
split_gain=0.669528 1.36499 5.77561 5.55945 6.04929 4.50989 4.21157 5.98841 6.0086 7.97083 6.04617 5.96708 6.45868 4.71948
threshold=6.786980628967286 17.729066848754886 14.387863636016847 0.48212006764387288 2.3590102195739751 5.1829545497894296 4.0500555038452157 2.8149876594543461 3.0817087888717656 4.9999998048657517 1.0000000180025095e-35 2.5632447004318242 2.3590102195739751 27.66272068023682
decision_type=2 2 2 2 2 2 2 2 2 2 2 2 2 2
left_child=1 2 -1 -4 -5 6 7 11 -9 10 -10 12 -3 -8
right_child=-2 5 3 4 -6 -7 13 8 9 -11 -12 -13 -14 -15
leaf_value=0.00014186935056520982 0.0017643193774535483 -0.00054474049611618854 0.0012899676197955731 -0.00090835496011027459 -0.0080730591293501301 0.0043438088080311596 -0.0058428275098939371 0.0073912445874441237 3.9836407507059675e-05 -0.0036863320240404455 0.0077253531367774035 -0.0053916719657766624 0.0054266236679152008 0.00055468395666124668
leaf_weight=6963 522 3699 506 521 678 666 593 525 522 543 502 541 516 561
leaf_count=6963 522 3699 506 521 678 666 593 525 522 543 502 541 516 561
internal_value=2.40758e-11 -5.3125e-05 -0.000496796 -0.00310502 -0.00495979 0.000390546 6.15191e-05 0.000532403 0.00276178 0.00121075 0.00380754 -0.000448224 0.000186273 -0.00273277
internal_weight=17858 17336 8668 1705 1199 8668 8002 6848 2092 1567 1024 4756 4215 1154
internal_count=17858 17336 8668 1705 1199 8668 8002 6848 2092 1567 1024 4756 4215 1154
is_linear=0
shrinkage=0.05


Tree=147
num_leaves=15
num_cat=0
split_feature=3 3 1 0 0 0 1 1 1 0 0 0 0 3
split_gain=0.74221 3.1413 12.1992 6.98568 3.53224 4.02608 2.44536 3.87265 6.66839 8.51601 10.4972 8.46536 3.5358 4.3777
threshold=3.3333332919412215 1.9045453773672938 18.33624362945557 5.7666234970092782 4.8932797908782968 4.3219997882843026 33.248571395874031 30.79969692230225 27.971342086791996 4.9729626178741464 4.0821683406829843 3.1530255079269414 1.0471910238265993 5.3484849330479109
decision_type=2 2 2 2 2 2 2 2 2 2 2 2 2 2
left_child=1 3 -3 4 5 -1 7 8 9 10 11 12 -2 -14
right_child=6 2 -4 -5 -6 -7 -8 -9 -10 -11 -12 -13 13 -15
leaf_value=-0.00032768766014016292 0.0036434465786442161 -0.0063498440177264153 0.0021536766916659534 0.0051772244304088477 -0.0041812478883154073 0.0039428049008950116 -0.002792362971332207 0.0048916072750133195 -0.005107331359543223 0.0061459784380483266 -0.0062423960747926138 0.005295852094750403 -0.0046460797951733777 0.00013912768740090747
leaf_weight=7307 512 873 816 632 541 597 554 501 518 662 575 889 605 2276
leaf_count=7307 512 873 816 632 541 597 554 501 518 662 575 889 605 2276
internal_value=-6.89326e-12 -0.000261622 -0.00224157 0.000106796 -0.00027266 -5.13148e-06 0.000397155 0.00066742 0.000316862 0.000825964 0.000100856 0.000952647 -0.000185317 -0.000865749
internal_weight=17858 10766 1689 9077 8445 7904 7092 6538 6037 5519 4857 4282 3393 2881
internal_count=17858 10766 1689 9077 8445 7904 7092 6538 6037 5519 4857 4282 3393 2881
is_linear=0
shrinkage=0.05


Tree=148
num_leaves=15
num_cat=0
split_feature=0 1 1 0 0 0 3 1 0 1 3 3 0 1
split_gain=0.73873 2.66086 9.84223 5.20801 3.36698 2.67382 7.86833 5.90235 10.0276 7.13835 5.15308 7.7805 3.82433 8.18038
threshold=5.9931476116180429 32.397140502929695 31.102161407470707 3.5171769857406621 5.2355828285217294 0.9646972417831422 1.9393381828105503 25.922469139099125 3.5328385829925542 23.834431648254398 7.585714074604371 4.0357142515024371 3.1936514377593999 7.7142424583435067
decision_type=2 2 2 2 2 2 2 2 2 2 2 2 2 2
left_child=1 2 4 -3 5 6 -1 9 -9 10 11 12 -7 -14
right_child=-2 3 -4 -5 -6 7 -8 8 -10 -11 -12 -13 13 -15
leaf_value=-0.0018143994595603849 -0.0013253026510601019 3.4737181063212637e-05 0.0066202462620894523 -0.0058034433374847599 0.0034746090789628662 0.00068476823022899514 0.0063658719588267181 -0.00080550252557634475 -0.0088854371847797518 0.0045435385185585925 -0.0021925159955366955 0.0046071938225313745 0.002375495501318652 -0.0041579911529063332
leaf_weight=607 993 1261 591 548 679 4063 570 1573 508 845 2521 967 727 1405
leaf_count=607 993 1261 591 548 679 4063 570 1573 508 845 2521 967 727 1405
internal_value=-1.00665e-11 7.80329e-05 0.00029573 -0.00173382 3.73276e-05 -0.000131968 0.00214716 -0.000344716 -0.00277792 0.00013624 -0.000248369 0.000435964 -0.000215138 -0.00193011
internal_weight=17858 16865 15056 1809 14465 13786 1177 12609 2081 10528 9683 7162 6195 2132
internal_count=17858 16865 15056 1809 14465 13786 1177 12609 2081 10528 9683 7162 6195 2132
is_linear=0
shrinkage=0.05


Tree=149
num_leaves=15
num_cat=0
split_feature=1 0 1 0 3 3 2 3 3 3 1 0 1 3
split_gain=0.722079 6.85744 5.12152 4.75995 3.86867 6.74718 2.72677 2.18415 8.67904 9.05197 7.50385 9.53066 8.5743 7.37642
threshold=9.0466494560241717 5.1321570873260507 10.142644405364992 3.4956555366516118 1.6396103838612908 7.3541665587884761 1.0000000180025095e-35 2.6339712105050967 1.8062499355990476 1.3999999701976784 33.613300323486335 2.5783061981201176 28.378836631774906 3.4999998044222678
decision_type=2 2 2 2 2 2 2 2 2 2 2 2 2 2
left_child=1 3 -2 4 6 -6 -1 8 9 10 11 -4 -13 -9
right_child=2 -3 7 -5 5 -7 -8 13 -10 -11 -12 12 -14 -15
leaf_value=-0.0004398498281299352 0.0048575778603238912 -0.0058952916336082115 0.0010673445188607352 0.0033127034181892421 0.0042700761398270677 -0.0022180969917296785 -0.0046812074348777334 0.0059161308938744427 -0.0054680833808903187 0.0063791081714398654 0.0046874447094231121 -0.0017468675653743442 -0.0086224676756602205 8.5084954664324942e-05
leaf_weight=749 562 529 2510 923 780 824 767 609 811 515 615 2131 576 4957
leaf_count=749 562 529 2510 923 780 824 767 609 811 515 615 2131 576 4957
internal_value=3.24249e-11 -0.000541988 0.00018651 0.000158456 -0.000774675 0.000937 -0.00258571 -1.98041e-05 -0.000597468 2.48838e-05 -0.000536232 -0.00115202 -0.00320987 0.000723085
internal_weight=17858 4572 13286 4043 3120 1604 1516 12724 7158 6347 5832 5217 2707 5566
internal_count=17858 4572 13286 4043 3120 1604 1516 12724 7158 6347 5832 5217 2707 5566
is_linear=0
shrinkage=0.05


end of trees

feature_importances:
Column_0=810
Column_1=641
Column_3=448
Column_2=201

parameters:
[boosting: gbdt]
[objective: regression]
[metric: l2]
[tree_learner: serial]
[device_type: cpu]
[data_sample_strategy: bagging]
[data: ]
[valid: ]
[num_iterations: 150]
[learning_rate: 0.05]
[num_leaves: 15]
[num_threads: 1]
[seed: 0]
[deterministic: 1]
[force_col_wise: 1]
[force_row_wise: 0]
[histogram_pool_size: -1]
[max_depth: -1]
[min_data_in_leaf: 500]
[min_sum_hessian_in_leaf: 0.001]
[bagging_fraction: 1]
[pos_bagging_fraction: 1]
[neg_bagging_fraction: 1]
[bagging_freq: 0]
[bagging_seed: 7719]
[bagging_by_query: 0]
[feature_fraction: 1]
[feature_fraction_bynode: 1]
[feature_fraction_seed: 2437]
[extra_trees: 0]
[extra_seed: 11797]
[early_stopping_round: 0]
[early_stopping_min_delta: 0]
[first_metric_only: 0]
[max_delta_step: 0]
[lambda_l1: 0]
[lambda_l2: 0]
[linear_lambda: 0]
[min_gain_to_split: 0]
[drop_rate: 0.1]
[max_drop: 50]
[skip_drop: 0.5]
[xgboost_dart_mode: 0]
[uniform_drop: 0]
[drop_seed: 21238]
[top_rate: 0.2]
[other_rate: 0.1]
[min_data_per_group: 100]
[max_cat_threshold: 32]
[cat_l2: 10]
[cat_smooth: 10]
[max_cat_to_onehot: 4]
[top_k: 20]
[monotone_constraints: ]
[monotone_constraints_method: basic]
[monotone_penalty: 0]
[feature_contri: ]
[forcedsplits_filename: ]
[refit_decay_rate: 0.9]
[cegb_tradeoff: 1]
[cegb_penalty_split: 0]
[cegb_penalty_feature_lazy: ]
[cegb_penalty_feature_coupled: ]
[path_smooth: 0]
[interaction_constraints: ]
[verbosity: -1]
[saved_feature_importance_type: 0]
[use_quantized_grad: 0]
[num_grad_quant_bins: 4]
[quant_train_renew_leaf: 0]
[stochastic_rounding: 1]
[linear_tree: 0]
[max_bin: 255]
[max_bin_by_feature: ]
[min_data_in_bin: 3]
[bin_construct_sample_cnt: 200000]
[data_random_seed: 38]
[is_enable_sparse: 1]
[enable_bundle: 1]
[use_missing: 1]
[zero_as_missing: 0]
[feature_pre_filter: 1]
[pre_partition: 0]
[two_round: 0]
[header: 0]
[label_column: ]
[weight_column: ]
[group_column: ]
[ignore_column: ]
[categorical_feature: ]
[forcedbins_filename: ]
[precise_float_parser: 0]
[parser_config_file: ]
[objective_seed: 8855]
[num_class: 1]
[is_unbalance: 0]
[scale_pos_weight: 1]
[sigmoid: 1]
[boost_from_average: 1]
[reg_sqrt: 0]
[alpha: 0.9]
[fair_c: 1]
[poisson_max_delta_step: 0.7]
[tweedie_variance_power: 1.5]
[lambdarank_truncation_level: 30]
[lambdarank_norm: 1]
[label_gain: ]
[lambdarank_position_bias_regularization: 0]
[eval_at: ]
[multi_error_top_k: 1]
[auc_mu_weights: ]
[num_machines: 1]
[local_listen_port: 12400]
[time_out: 120]
[machine_list_filename: ]
[machines: ]
[gpu_platform_id: -1]
[gpu_device_id: -1]
[gpu_device_id_list: ]
[gpu_use_dp: 0]
[num_gpu: 1]

end of parameters

pandas_categorical:null
