tree
version=v4
num_class=1
num_tree_per_iteration=1
label_index=0
max_feature_idx=2
objective=regression
feature_names=Column_0 Column_1 Column_2
feature_infos=[0.073584243655204773:14.344818115234375] [0.0024536035489290953:35.997413635253906] [0:2]
tree_sizes=1431 1492 1485 1487 1489 1490 1484 1488 1479 1487 1494 1503 1505 1486 1489 1500 1490 1492 1495 1500 1489 1499 1500 1499 1496 1493 1498 1502 1498 1501 1506 1506 1504 1493 1491 1502 1500 1503 1494 1495 1505 1510 1504 1512 1506 1509 1510 1502 1508 1499 1502 1505 1508 1497 1517 1506 1511 1514 1509 1524 1500 1501 1513 1523 1510 1512 1509 1522 1506 1506 1501 1499 1509 1508 1499 1498 1521 1509 1505 1521 1503 1505 1500 1513 1501 1508 1498 1510 1508 1515 1508 1513 1515 1501 1519 1512 1513 1508 1515 1515 1503 1515 1514 1518 1519 1508 1523 1505 1501 1518 1525 1516 1508 1520 1511 1514 1506 1507 1505 1524 1503 1506 1513 1513 1508 1511 1519 1507 1514 1501 1507 1510 1508 1510 1519 1505 1508 1505 1521 1509 1525 1513 1517 1522 1516 1522 1514 1503 1504 1502

Tree=0
num_leaves=15
num_cat=0
split_feature=0 2 2 2 2 0 0 0 0 1 0 0 0 1
split_gain=1167.86 554.182 433.265 383.725 246.387 244.323 108.547 101.727 82.5133 55.2661 33.4664 22.7653 15.5565 12.9665
threshold=3.6852741241455083 1.5000000000000002 1.5000000000000002 1.0000000180025095e-35 1.0000000180025095e-35 5.7666234970092782 2.1084632873535161 1.856028735637665 4.9276232719421396 11.662280082702638 4.6363980770111093 1.3101463317871096 1.2076039314270022 17.729066848754886
decision_type=2 2 2 2 2 2 2 2 2 2 2 2 2 2
left_child=1 4 3 5 6 10 11 13 -4 -9 -2 -1 -6 -3
right_child=2 7 8 -5 12 -7 -8 9 -10 -11 -12 -13 -14 -15
leaf_value=0.78748398464366454 0.8171442473433459 0.81273964158769763 0.84134488141194974 0.79916023406815406 0.7760748380107324 0.85858000549000424 0.80550040680755175 0.84108276173279473 0.86922206952315961 0.82072773549752953 0.83100610633963146 0.7960678621566375 0.78452521634801864 0.80162809210134833
leaf_weight=1314 1189 540 539 1500 658 613 3265 506 523 978 687 1874 3161 511
leaf_count=1314 1189 540 539 1500 658 613 3265 506 523 978 687 1874 3161 511
internal_value=0.806332 0.798302 0.826692 0.819137 0.793135 0.831175 0.799093 0.819239 0.855073 0.827668 0.822221 0.79253 0.783069 0.807337
internal_weight=17858 12807 5051 3989 10272 2489 6453 2535 1062 1484 1876 3188 3819 1051
internal_count=17858 12807 5051 3989 10272 2489 6453 2535 1062 1484 1876 3188 3819 1051
is_linear=0
shrinkage=1


Tree=1
num_leaves=15
num_cat=0
split_feature=0 2 2 2 2 0 0 0 0 1 0 0 1 0
split_gain=1053.99 500.149 391.022 346.312 222.364 221.068 97.9636 91.8089 74.4682 49.8777 20.5457 14.0398 11.7022 11.4125
threshold=3.6852741241455083 1.5000000000000002 1.5000000000000002 1.0000000180025095e-35 1.0000000180025095e-35 5.1829545497894296 2.1084632873535161 1.856028735637665 4.9276232719421396 11.662280082702638 1.3101463317871096 1.2076039314270022 17.729066848754886 4.9276232719421396
decision_type=2 2 2 2 2 2 2 2 2 2 2 2 2 2
left_child=1 4 3 5 6 -2 10 12 -4 -9 -1 -6 -3 -5
right_child=2 7 8 13 11 -7 -8 9 -10 -11 -12 -13 -14 -15
leaf_value=-0.017905782566858028 0.012483832125480359 0.0060870898294228095 0.033262069631153669 -0.010721232863859488 -0.028744470923686101 0.043574256026343017 -0.00079018096463786148 0.033013057490818114 0.059745397172284179 0.013675781353119693 -0.0097510970548479129 -0.02071661214989147 -0.0044688811857406408 -0.0019460356253349854
leaf_weight=1314 1599 540 539 832 658 890 3265 506 523 978 1874 3161 511 668
leaf_count=1314 1599 540 539 832 658 890 3265 506 523 978 1874 3161 511 668
internal_value=-1.55203e-11 -0.00762847 0.0193423 0.0121641 -0.0125371 0.0236009 -0.00687768 0.0122615 0.0463042 0.0202692 -0.0131122 -0.0220998 0.000954739 -0.00681335
internal_weight=17858 12807 5051 3989 10272 2489 6453 2535 1062 1484 3188 3819 1051 1500
internal_count=17858 12807 5051 3989 10272 2489 6453 2535 1062 1484 3188 3819 1051 1500
is_linear=0
shrinkage=0.05


Tree=2
num_leaves=15
num_cat=0
split_feature=0 2 2 2 0 2 0 0 0 1 1 0 0 0
split_gain=951.229 451.385 352.897 312.546 203.909 200.684 88.4122 82.8575 67.2076 45.0146 29.3407 18.5425 12.7813 10.8782
threshold=3.6852741241455083 1.5000000000000002 1.5000000000000002 1.0000000180025095e-35 5.7666234970092782 1.0000000180025095e-35 2.1084632873535161 1.856028735637665 4.9276232719421396 11.662280082702638 25.922469139099125 1.3101463317871096 2.775752186775208 4.5712542533874521
decision_type=2 2 2 2 2 2 2 2 2 2 2 2 2 2
left_child=1 5 3 4 10 6 11 -3 -4 -9 13 -1 -7 -2
right_child=2 7 8 -5 -6 12 -8 9 -10 -11 -12 -13 -14 -15
leaf_value=-0.017010493379205332 0.014626920980149415 0.00090700372925948004 0.03159896468740226 -0.0064726772268613175 0.047456722873070116 -0.022831086422440586 -0.00075067192361694384 0.03136240242439297 0.056758127533910845 0.01299199196824267 0.0044175162663521476 -0.0092635436176363144 -0.016438379294239833 0.023889111103238287
leaf_weight=1314 817 1051 539 1500 613 2722 3265 506 523 978 541 1874 1097 518
leaf_count=1314 817 1051 539 1500 613 2722 3265 506 523 978 541 1874 1097 518
internal_value=4.10537e-11 -0.00724705 0.0183752 0.0115559 0.0224209 -0.0119102 -0.0065338 0.0116484 0.043989 0.0192558 0.0142402 -0.0124566 -0.0209948 0.0182208
internal_weight=17858 12807 5051 3989 2489 10272 6453 2535 1062 1484 1876 3188 3819 1335
internal_count=17858 12807 5051 3989 2489 10272 6453 2535 1062 1484 1876 3188 3819 1335
is_linear=0
shrinkage=0.05


Tree=3
num_leaves=15
num_cat=0
split_feature=0 2 2 2 2 0 0 1 0 0 0 0 0 0
split_gain=861.654 526.993 262.948 169.79 229.301 161.284 122.433 91.9053 63.3265 53.8051 34.5795 33.2196 16.7346 10.8649
threshold=4.9276232719421396 1.5000000000000002 1.0000000180025095e-35 1.5000000000000002 1.0000000180025095e-35 2.1084632873535161 3.1530255079269414 19.641646385192875 3.866962313652039 5.9931476116180429 1.856028735637665 2.8274753093719487 1.3101463317871096 4.3469109535217294
decision_type=2 2 2 2 2 2 2 2 2 2 2 2 2 2
left_child=1 2 5 4 9 12 7 10 -7 -2 -3 -4 -1 -10
right_child=3 6 11 -5 -6 8 -8 -9 13 -11 -12 -13 -14 -15
leaf_value=-0.016159968613398856 0.024740831948872798 0.0083889343762045421 -0.021586234560376335 0.05392022335164634 -0.0015250991204541601 -0.00064352766651266566 0.030170314302477044 -0.003733028642492771 0.017330421793732658 0.047346704011343263 0.024995354595291355 -0.012958009639733828 -0.0088003673414792163 0.0077703381681607829
leaf_weight=1314 532 609 2794 523 668 3511 878 941 614 521 646 1857 1874 576
leaf_count=1314 532 609 2794 523 668 3511 878 941 614 521 646 1857 1874 576
internal_value=-1.08475e-11 -0.00416365 -0.00871163 0.0289712 0.0213893 -0.00315235 0.0143893 0.00807973 0.00273499 0.0359257 0.0169369 -0.0181413 -0.0118338 0.012703
internal_weight=17858 15614 12540 2244 1721 7889 3074 2196 4701 1053 1255 4651 3188 1190
internal_count=17858 15614 12540 2244 1721 7889 3074 2196 4701 1053 1255 4651 3188 1190
is_linear=0
shrinkage=0.05


Tree=4
num_leaves=15
num_cat=0
split_feature=0 2 2 2 2 0 0 1 0 0 0 0 0 1
split_gain=777.643 475.611 237.311 153.236 206.944 145.559 110.496 82.9445 57.1522 48.5591 31.208 29.9807 15.103 10.4566
threshold=4.9276232719421396 1.5000000000000002 1.0000000180025095e-35 1.5000000000000002 1.0000000180025095e-35 2.1084632873535161 3.1530255079269414 19.641646385192875 3.866962313652039 5.9931476116180429 1.856028735637665 2.8274753093719487 1.3101463317871096 23.565176963806156
decision_type=2 2 2 2 2 2 2 2 2 2 2 2 2 2
left_child=1 2 5 4 9 12 7 10 -7 -2 -3 -4 -1 -13
right_child=3 6 11 -5 -6 8 -8 -9 -10 -11 -12 13 -14 -15
leaf_value=-0.015351970741012145 0.023503790498900237 0.0079694872663917601 -0.020506922967875953 0.051224212322818624 -0.0014488447569087595 -0.00061135117704119312 0.0286617995751067 -0.0035463779040401469 0.012067869015100624 0.044979370844455691 0.023745586044924917 -0.015034199846712382 -0.0083603479055610261 -0.0071424095613908103
leaf_weight=1314 532 609 2794 523 668 3511 878 941 1190 521 646 1216 1874 641
leaf_count=1314 532 609 2794 523 668 3511 878 941 1190 521 646 1216 1874 641
internal_value=1.4302e-10 -0.00395547 -0.00827605 0.0275226 0.0203198 -0.00299474 0.0136698 0.00767574 0.00259824 0.0341294 0.0160901 -0.0172342 -0.0112421 -0.0123101
internal_weight=17858 15614 12540 2244 1721 7889 3074 2196 4701 1053 1255 4651 3188 1857
internal_count=17858 15614 12540 2244 1721 7889 3074 2196 4701 1053 1255 4651 3188 1857
is_linear=0
shrinkage=0.05


Tree=5
num_leaves=15
num_cat=0
split_feature=0 2 2 2 0 2 0 0 0 1 0 0 1 1
split_gain=703.886 332.782 258.003 226.837 151.825 148.999 64.9032 64.1238 49.4713 34.2482 13.6304 11.4294 9.28832 8.51772
threshold=3.6852741241455083 1.5000000000000002 1.5000000000000002 1.0000000180025095e-35 5.1829545497894296 1.0000000180025095e-35 2.1084632873535161 1.856028735637665 4.9276232719421396 11.662280082702638 1.3101463317871096 1.2076039314270022 24.545372962951664 17.729066848754886
decision_type=2 2 2 2 2 2 2 2 2 2 2 2 2 2
left_child=1 5 3 4 12 6 10 13 -4 -9 -1 -7 -2 -3
right_child=2 7 8 -5 -6 11 -8 9 -10 -11 -12 -13 -14 -15
leaf_value=-0.014584370649205678 0.012687159394229115 0.0049194659761808536 0.027077414255748212 -0.0053830578684806833 0.035784339677082021 -0.024061035752115281 -0.00065039553832131549 0.027242563791543602 0.048663000748216764 0.011218931288258431 -0.0079423311807557129 -0.016817808666963887 0.0045762401201652481 -0.0040864054237559821
leaf_weight=1314 1073 540 539 1500 890 658 3265 506 523 978 1874 3161 526 511
leaf_count=1314 1073 540 539 1500 890 658 3265 506 523 978 1874 3161 526 511
internal_value=-9.89628e-11 -0.00623404 0.0158066 0.00997591 0.019232 -0.010238 -0.00560535 0.00999022 0.0377076 0.0166825 -0.01068 -0.0180658 0.010019 0.000540779
internal_weight=17858 12807 5051 3989 2489 10272 6453 2535 1062 1484 3188 3819 1599 1051
internal_count=17858 12807 5051 3989 2489 10272 6453 2535 1062 1484 3188 3819 1599 1051
is_linear=0
shrinkage=0.05


Tree=6
num_leaves=15
num_cat=0
split_feature=0 2 2 0 0 0 1 0 0 0 0 1 1 0
split_gain=637.224 387.913 194.026 128.743 118.42 92.7982 71.4347 47.3976 25.0863 24.8037 12.3015 10.4516 10.2376 9.75662
threshold=4.9276232719421396 1.5000000000000002 1.0000000180025095e-35 6.786980628967286 2.1084632873535161 3.1530255079269414 19.641646385192875 3.866962313652039 1.8234136104583742 2.775752186775208 1.3101463317871096 15.270777702331545 23.565176963806156 4.3469109535217294
decision_type=2 2 2 2 2 2 2 2 2 2 2 2 2 2
left_child=1 2 4 11 10 6 8 -6 -3 -4 -1 -2 -11 -9
right_child=3 5 9 -5 7 -7 -8 13 -10 12 -12 -13 -14 -15
leaf_value=-0.013855152385510631 0.013869971448837354 0.0070630650194186094 -0.018656437157007984 0.046666229971581041 -0.00058528738665601123 0.026076050949599045 -0.0035705512201494672 0.015346360109528036 0.021237032820603678 -0.013905452445315254 -0.0075452158042689918 0.021729841547898757 -0.0062577121881365605 0.0062869968901698783
leaf_weight=1314 747 583 2722 522 3511 878 941 614 672 1258 1874 975 671 576
leaf_count=1314 747 583 2722 522 3511 878 941 614 672 1258 1874 975 671 576
internal_value=-3.42824e-10 -0.00358058 -0.00748255 0.0249141 -0.00270711 0.012337 0.00684388 0.00233759 0.0146526 -0.0155826 -0.010146 0.0183202 -0.0112452 0.0109613
internal_weight=17858 15614 12540 2244 7889 3074 2196 4701 1255 4651 3188 1722 1929 1190
internal_count=17858 15614 12540 2244 7889 3074 2196 4701 1255 4651 3188 1722 1929 1190
is_linear=0
shrinkage=0.05


Tree=7
num_leaves=15
num_cat=0
split_feature=0 2 2 2 0 2 0 0 0 1 1 0 0 0
split_gain=575.174 271.529 221.356 194.859 130.257 122.025 53.7733 52.8451 45.1457 28.394 28.2676 13.7068 11.1021 9.93368
threshold=3.6852741241455083 1.5000000000000002 1.5000000000000002 1.0000000180025095e-35 5.8343987464904794 1.0000000180025095e-35 1.856028735637665 2.1084632873535161 4.9276232719421396 11.662280082702638 25.922469139099125 4.6078360080719003 1.3101463317871096 1.2076039314270022
decision_type=2 2 2 2 2 2 2 2 2 2 2 2 2 2
left_child=1 5 3 4 10 7 -3 12 -4 -8 11 -2 -1 -7
right_child=2 6 8 -5 -6 13 9 -9 -10 -11 -12 -13 -14 -15
leaf_value=-0.01316239455972814 0.011190844415846085 0.00036665318865190794 0.024419740934429453 -0.0053474822739760083 0.038358950967988074 -0.021925162911233934 0.024763593065880034 -0.00058860912257277769 0.045040058801894434 0.010173588908888812 0.00169503190227457 0.021555213796415909 -0.0071679535295054901 -0.015172505454148194
leaf_weight=1314 849 1051 539 1500 574 658 506 3265 523 978 555 511 1874 3161
leaf_count=1314 849 1051 539 1500 574 658 506 3265 523 978 555 511 1874 3161
internal_value=1.61545e-10 -0.00563532 0.0142886 0.00888777 0.0174667 -0.00925204 0.00901992 -0.00505965 0.0345746 0.0151483 0.0112044 0.0150851 -0.00963869 -0.016336
internal_weight=17858 12807 5051 3989 2489 10272 2535 6453 1062 1484 1915 1360 3188 3819
internal_count=17858 12807 5051 3989 2489 10272 2535 6453 1062 1484 1915 1360 3188 3819
is_linear=0
shrinkage=0.05


Tree=8
num_leaves=15
num_cat=0
split_feature=0 2 2 0 0 0 1 0 0 0 0 1 1 0
split_gain=523.004 316.502 158.306 113.18 97.6716 78.0068 62.8442 23.809 21.8186 20.5579 19.7281 9.8266 9.23488 9.07761
threshold=4.9276232719421396 1.5000000000000002 1.0000000180025095e-35 6.786980628967286 2.7658754587173466 3.1530255079269414 19.641646385192875 3.866962313652039 1.3101463317871096 2.775752186775208 1.8234136104583742 15.270777702331545 23.565176963806156 4.3469109535217294
decision_type=2 2 2 2 2 2 2 2 2 2 2 2 2 2
left_child=1 2 4 11 8 6 10 -6 -1 -4 -3 -2 -11 -9
right_child=3 5 9 -5 7 -7 -8 13 -10 12 -12 -13 -14 -15
leaf_value=-0.012504275390365173 0.012073428364323485 0.0066915790197370805 -0.016883371649946386 0.042966090465299929 0.00096667564745001879 0.023730737799120927 -0.0036703797269070186 0.014130851825401917 -0.0049140347156854001 -0.012662816128215274 0.019261015936111413 0.01969466730646598 -0.0053992461829533702 0.0053924117935821416
leaf_weight=1314 747 583 2722 522 1997 878 941 614 3388 1258 672 975 671 576
leaf_count=1314 747 583 2722 522 1997 878 941 614 3388 1258 672 975 671 576
internal_value=3.39903e-10 -0.00324385 -0.0067684 0.0225711 -0.00245488 0.0111341 0.0060978 0.00430274 -0.00703517 -0.014085 0.013422 0.0163886 -0.0101362 0.00990115
internal_weight=17858 15614 12540 2244 7889 3074 2196 3187 4702 4651 1255 1722 1929 1190
internal_count=17858 15614 12540 2244 7889 3074 2196 3187 4702 4651 1255 1722 1929 1190
is_linear=0
shrinkage=0.05


Tree=9
num_leaves=15
num_cat=0
split_feature=0 2 2 2 2 0 0 1 0 0 0 0 0 0
split_gain=472.011 285.643 142.871 112.075 148.725 88.2708 70.4011 56.7169 34.7383 32.4845 18.619 17.8295 8.72865 8.19254
threshold=4.9276232719421396 1.5000000000000002 1.0000000180025095e-35 1.5000000000000002 1.0000000180025095e-35 2.1084632873535161 3.1530255079269414 19.641646385192875 3.866962313652039 5.9931476116180429 2.8274753093719487 1.856028735637665 1.3101463317871096 4.3469109535217294
decision_type=2 2 2 2 2 2 2 2 2 2 2 2 2 2
left_child=1 2 5 4 9 12 7 11 -7 -2 -4 -3 -1 -10
right_child=3 6 10 -5 -6 8 -8 -9 13 -11 -12 -13 -14 -15
leaf_value=-0.011879061688661938 0.018298849967637459 0.0066129040957867416 -0.015959829658419213 0.041712449884209538 -0.003171670932077362 -0.0004789858937636973 0.022544200200765713 -0.0034868610035093633 0.013424308729094094 0.035863829140270746 -0.0095002839063917637 0.018537314990448878 -0.0065638551971573967 0.005122791670469775
leaf_weight=1314 532 609 2794 523 668 3511 878 941 614 521 1857 646 1874 576
leaf_count=1314 532 609 2794 523 668 3511 878 941 614 521 1857 646 1874 576
internal_value=2.81806e-10 -0.00308166 -0.00642998 0.0214425 0.0152826 -0.00233214 0.0105774 0.00579291 0.0020233 0.0269896 -0.0133807 0.0127509 -0.00875463 0.0094061
internal_weight=17858 15614 12540 2244 1721 7889 3074 2196 4701 1053 4651 1255 3188 1190
internal_count=17858 15614 12540 2244 1721 7889 3074 2196 4701 1053 4651 1255 3188 1190
is_linear=0
shrinkage=0.05


Tree=10
num_leaves=15
num_cat=0
split_feature=0 2 2 2 2 0 1 0 0 1 0 0 0 1
split_gain=425.99 257.793 128.941 101.148 134.224 80.7004 67.0397 34.3924 29.3173 20.4235 19.058 17.671 16.8036 10.1825
threshold=4.9276232719421396 1.5000000000000002 1.0000000180025095e-35 1.5000000000000002 1.0000000180025095e-35 2.7658754587173466 7.7142424583435067 2.1526268720626835 5.9931476116180429 20.332229614257816 3.866962313652039 1.5108551979064944 2.8274753093719487 23.326500892639164
decision_type=2 2 2 2 2 2 2 2 2 2 2 2 2 2
left_child=1 2 5 4 8 11 -3 9 -2 -8 -7 -1 -4 -9
right_child=3 6 12 -5 -6 10 7 13 -10 -11 -12 -13 -14 -15
leaf_value=-0.010331137810801055 0.017383908327752936 0.023786413399245813 -0.015161839287538739 0.039626824425579715 -0.0030130873674047206 0.0009422912917617087 0.0064555447853491934 0.0072988746744213689 0.034070637647684615 -0.0076117349746532004 0.0089357906592493295 -0.0040016564862848302 -0.0090252706246409433 0.016001078814934618
leaf_weight=1766 532 689 2794 523 668 1997 501 726 521 532 1190 2936 1857 626
leaf_count=1766 532 689 2794 523 668 1997 501 726 521 532 1190 2936 1857 626
internal_value=-1.32715e-10 -0.00292757 -0.00610849 0.0203704 0.0145185 -0.00221553 0.0100486 0.00607985 0.0256401 -0.000789172 0.003927 -0.00637891 -0.0127117 0.0113281
internal_weight=17858 15614 12540 2244 1721 7889 3074 2385 1053 1033 3187 4702 4651 1352
internal_count=17858 15614 12540 2244 1721 7889 3074 2385 1053 1033 3187 4702 4651 1352
is_linear=0
shrinkage=0.05


Tree=11
num_leaves=15
num_cat=0
split_feature=0 2 0 2 2 2 0 0 0 1 0 0 1 1
split_gain=386.982 179.338 164.309 141.033 85.0261 82.4522 39.3453 36.8935 25.6615 20.0454 8.28251 7.14614 6.96475 7.97084
threshold=3.6852741241455083 1.5000000000000002 6.786980628967286 1.5000000000000002 1.0000000180025095e-35 1.0000000180025095e-35 1.856028735637665 2.1084632873535161 4.9729626178741464 11.662280082702638 1.0471910238265993 1.3101463317871096 13.9183406829834 27.378501892089847
decision_type=2 2 2 2 2 2 2 2 2 2 2 2 2 2
left_child=1 5 3 4 8 7 -3 11 -2 -8 -7 -1 -9 -14
right_child=2 6 -4 -5 -6 10 9 12 -10 -11 -12 -13 13 -15
leaf_value=-0.010768551927178963 0.0062430976100026625 -0.00011399721072811269 0.038283257988563441 0.025727479204106396 -0.0057890785516366457 -0.019383923488855363 0.020609018266966692 0.0025071953889713558 0.017573358263815505 0.0083501806029390949 -0.012480934606721943 -0.0059592465230978416 -0.0047472774419682756 0.0017442106082553544
leaf_weight=1314 1463 1051 522 955 1352 500 506 1274 759 978 3319 1874 1218 773
leaf_count=1314 1463 1051 522 955 1352 500 506 1274 759 978 3319 1874 1218 773
internal_value=-1.38942e-10 -0.00462236 0.0117202 0.00865859 0.00409765 -0.00756167 0.0072879 -0.00411549 0.0101133 0.0125301 -0.0133847 -0.0079415 -0.000379707 -0.00222698
internal_weight=17858 12807 5051 4529 3574 10272 2535 6453 2222 1484 3819 3188 3265 1991
internal_count=17858 12807 5051 4529 3574 10272 2535 6453 2222 1484 3819 3188 3265 1991
is_linear=0
shrinkage=0.05


Tree=12
num_leaves=15
num_cat=0
split_feature=0 2 0 2 2 2 0 0 0 1 0 0 1 1
split_gain=349.251 161.853 148.289 127.283 76.7361 74.4131 35.5091 33.2964 23.1595 18.0909 7.47496 6.44939 6.38459 6.36232
threshold=3.6852741241455083 1.5000000000000002 6.786980628967286 1.5000000000000002 1.0000000180025095e-35 1.0000000180025095e-35 1.856028735637665 2.1084632873535161 4.9729626178741464 11.662280082702638 1.0471910238265993 1.3101463317871096 15.902711868286135 15.156090736389162
decision_type=2 2 2 2 2 2 2 2 2 2 2 2 2 2
left_child=1 5 3 4 8 7 -3 11 -2 -8 -7 -1 -6 -9
right_child=2 6 -4 -5 12 10 9 13 -10 -11 -12 -13 -14 -15
leaf_value=-0.01023012259280482 0.0059309425373559772 -0.00010829653119496456 0.036369094911024295 0.024441107586489416 -0.0093004931989861175 -0.018414725315570833 0.019578566324157207 0.0022302437267074254 0.016694690434357864 0.0079326716120257709 -0.011856888332040814 -0.0056612837976172739 -0.0023935390976808409 -0.0022409506425671044
leaf_weight=1314 1463 1051 522 955 608 500 506 1373 759 978 3319 1874 744 1892
leaf_count=1314 1463 1051 522 955 608 500 506 1373 759 978 3319 1874 744 1892
internal_value=1.74412e-10 -0.00439124 0.0111342 0.00822566 0.00389277 -0.00718358 0.00692351 -0.00390971 0.00960767 0.0119036 -0.0127155 -0.00754443 -0.00549962 -0.000360721
internal_weight=17858 12807 5051 4529 3574 10272 2535 6453 2222 1484 3819 3188 1352 3265
internal_count=17858 12807 5051 4529 3574 10272 2535 6453 2222 1484 3819 3188 1352 3265
is_linear=0
shrinkage=0.05


Tree=13
num_leaves=15
num_cat=0
split_feature=0 2 2 0 0 0 1 0 0 0 0 1 0 0
split_gain=316.82 198.9 92.3531 76.2912 58.4865 57.753 45.1877 13.8411 12.8752 11.9963 11.5506 11.2995 10.8509 6.71222
threshold=4.9729626178741464 1.5000000000000002 1.0000000180025095e-35 6.786980628967286 3.1530255079269414 2.7658754587173466 19.641646385192875 3.7354383468627934 1.3101463317871096 1.8234136104583742 3.866962313652039 15.270777702331545 4.3469109535217294 1.2076039314270022
decision_type=2 2 2 2 2 2 2 2 2 2 2 2 2 2
left_child=1 2 5 11 6 8 9 13 -1 -3 -7 -2 -12 -4
right_child=3 4 7 -5 -6 10 -8 -9 -10 -11 12 -13 -14 -15
leaf_value=-0.0097186165540004265 0.0079005937700061136 0.0054129636691528579 -0.016700330485326542 0.034550640964969792 0.019549316639865998 0.00083922004857896627 -0.0038324121714398405 -0.0049042814586422239 -0.0038879495399972205 0.015214541481275642 0.011697602335133072 0.016243931876425755 0.0022547150379785062 -0.01115539984498173
leaf_weight=1314 717 583 658 522 906 1997 941 808 3388 672 614 935 603 3200
leaf_count=1314 717 583 658 522 906 1997 941 808 3388 672 614 935 603 3200
internal_value=-4.47115e-11 -0.00247948 -0.00527528 0.0178879 0.00886051 -0.00198646 0.00445065 -0.0108549 -0.00551736 0.0106613 0.00317917 0.0126228 0.00701883 -0.0121011
internal_weight=17858 15684 12582 2174 3102 7916 2196 4666 4702 1255 3214 1652 1217 3858
internal_count=17858 15684 12582 2174 3102 7916 2196 4666 4702 1255 3214 1652 1217 3858
is_linear=0
shrinkage=0.05


Tree=14
num_leaves=15
num_cat=0
split_feature=0 2 2 0 0 1 0 1 0 1 0 0 1 0
split_gain=286.551 179.683 89.7962 60.7631 60.0612 59.5745 24.1663 16.8663 14.3163 13.524 12.8511 10.7047 13.2596 11.3652
threshold=5.1829545497894296 1.5000000000000002 1.0000000180025095e-35 2.9896733760833745 6.786980628967286 7.7142424583435067 2.1526268720626835 20.332229614257816 1.5108551979064944 15.415084362030031 2.775752186775208 3.866962313652039 23.015763282775882 3.3052772283554082
decision_type=2 2 2 2 2 2 2 2 2 2 2 2 2 2
left_child=1 2 3 8 9 -3 7 -7 -1 -2 -4 13 -13 -5
right_child=4 5 10 11 -6 6 -8 -9 -10 -11 -12 12 -14 -15
leaf_value=-0.0084733477518350604 0.0071978647758982875 0.021394016936827596 -0.012517809098166285 0.007178682778308642 0.032823109017663651 0.0055923855322563727 0.0090380494483464271 -0.0071912915522890884 -0.0029357707219924574 0.017220719622877929 -0.0072577240496505928 0.011392711127946478 0.0012096960399601911 -0.0019186372813129926
leaf_weight=1766 592 697 2722 536 522 501 1435 532 3442 780 2025 835 518 955
leaf_count=1766 592 697 2722 536 522 501 1435 532 3442 780 2025 835 518 955
internal_value=-1.03312e-10 -0.00218159 -0.00481946 -0.00160381 0.018388 0.0084857 0.0048402 -0.00099127 -0.00481353 0.012896 -0.0102739 0.00427391 0.00749411 0.00135176
internal_weight=17858 15964 12799 8052 1894 3165 2468 1033 5208 1372 4747 2844 1353 1491
internal_count=17858 15964 12799 8052 1894 3165 2468 1033 5208 1372 4747 2844 1353 1491
is_linear=0
shrinkage=0.05


Tree=15
num_leaves=15
num_cat=0
split_feature=0 2 2 2 0 2 0 0 0 1 0 0 1 1
split_gain=259.247 119.976 117.806 105.408 67.2852 55.0538 31.2321 27.9657 25.8541 13.5026 12.8461 6.00745 6.1358 5.73103
threshold=3.6852741241455083 1.5000000000000002 1.5000000000000002 1.0000000180025095e-35 4.9729626178741464 1.0000000180025095e-35 4.9276232719421396 1.856028735637665 2.1084632873535161 11.662280082702638 5.9931476116180429 1.0471910238265993 28.840053558349613 15.156090736389162
decision_type=2 2 2 2 2 2 2 2 2 2 2 2 2 2
left_child=2 3 5 4 -2 8 -3 -4 -1 -9 -6 -7 -13 -10
right_child=1 6 7 -5 10 11 -8 9 13 -11 -12 12 -14 -15
leaf_value=-0.006552479716211819 0.0050419504949676605 0.016081305141241078 -0.00037054810832501823 -0.0048532085607449213 0.016060396052233066 -0.016033081793785094 0.03323223708129807 0.016920010253728145 0.0022367432550713692 0.0068587778231361408 0.027251289499165662 -0.011162973259959151 -0.0055729810652231336 -0.0020068348745715041
leaf_weight=3188 1463 539 1051 1500 505 500 523 506 1373 978 521 2720 599 1892
leaf_count=3188 1463 539 1051 1500 505 500 523 506 1373 978 521 2720 599 1892
internal_value=-1.33281e-10 0.00959281 -0.00378334 0.00561669 0.0119264 -0.00616562 0.0245276 0.00586981 -0.00334963 0.0102894 0.0217431 -0.0109238 -0.0101541 -0.000222323
internal_weight=17858 5051 12807 3989 2489 10272 1062 2535 6453 1484 1026 3819 3319 3265
internal_count=17858 5051 12807 3989 2489 10272 1062 2535 6453 1484 1026 3819 3319 3265
is_linear=0
shrinkage=0.05


Tree=16
num_leaves=15
num_cat=0
split_feature=0 2 2 0 0 0 1 0 1 0 0 0 1 1
split_gain=234.704 159.872 89.423 64.5532 55.1785 39.9945 36.2664 23.4979 16.9494 9.86948 9.11356 7.80714 9.69722 9.00722
threshold=5.5037066936492929 1.5000000000000002 1.0000000180025095e-35 3.866962313652039 3.1530255079269414 6.786980628967286 19.641646385192875 2.1084632873535161 23.015763282775882 4.0821683406829843 1.8234136104583742 2.775752186775208 23.565176963806156 13.506245613098146
decision_type=2 2 2 2 2 2 2 2 2 2 2 2 2 2
left_child=1 2 3 7 6 -2 10 -1 -5 -6 -3 -4 13 -13
right_child=5 4 11 8 9 -7 -8 -9 -10 -11 -12 12 -14 -15
leaf_value=-0.0062248551093948687 0.013004713813739216 0.0046061165899191677 -0.011328778379240255 0.012390843959421203 0.022499024454416254 0.030213212516690499 -0.0038037863741138922 -0.00029539376055878541 0.0014944919808344409 0.012910828276853257 0.013149245296205795 -0.0064093190706470647 -0.0027604167235821837 -0.014542706161737444
leaf_weight=3188 956 583 2722 949 508 522 941 3511 572 569 672 824 761 580
leaf_count=3188 956 583 2722 949 508 522 941 3511 572 569 672 824 761 580
internal_value=-4.08529e-11 -0.00172184 -0.00419027 -0.00100586 0.00816317 0.0190824 0.00361671 -0.00311718 0.00829307 0.0174334 0.0091806 -0.00954648 -0.00730565 -0.00976927
internal_weight=17858 16380 13107 8220 3273 1478 2196 6699 1521 1077 1255 4887 2165 1404
internal_count=17858 16380 13107 8220 3273 1478 2196 6699 1521 1077 1255 4887 2165 1404
is_linear=0
shrinkage=0.05


Tree=17
num_leaves=15
num_cat=0
split_feature=0 2 2 1 0 0 0 1 1 0 1 0 0 1
split_gain=212.592 131.357 65.4982 50.4839 47.701 45.6968 17.3145 13.9771 12.4505 11.239 11.2063 9.98792 7.48058 10.6325
threshold=5.1829545497894296 1.5000000000000002 1.0000000180025095e-35 7.7142424583435067 6.786980628967286 2.9896733760833745 2.1526268720626835 20.332229614257816 15.415084362030031 1.3101463317871096 17.729066848754886 3.7354383468627934 3.866962313652039 23.015763282775882
decision_type=2 2 2 2 2 2 2 2 2 2 2 2 2 2
left_child=1 2 5 -3 8 9 7 -5 -2 -1 -8 -4 -7 -14
right_child=4 3 11 6 -6 12 10 -9 -10 -11 -12 -13 13 -15
leaf_value=-0.0081701534342366634 0.0054765501726620099 0.019124300355676943 -0.0098938611063270013 0.0049429776812503915 0.028702552075822521 0.0012662817724673721 0.0015422927952089976 -0.0066943540160817319 0.015093379216985062 -0.0028223716001909826 0.01074984673333635 -0.0040151075115354038 0.0098920551807937518 0.00077346584051272125
leaf_weight=1314 592 697 3858 501 522 1491 516 532 780 3894 919 889 835 518
leaf_count=1314 592 697 3858 501 522 1491 516 532 780 3894 919 889 835 518
internal_value=-2.86182e-10 -0.00187908 -0.00413449 0.00724158 0.0158383 -0.00138815 0.00388572 -0.0010503 0.0109438 -0.00417164 0.00743898 -0.00879291 0.00370905 0.00640098
internal_weight=17858 15964 12799 3165 1894 8052 2468 1033 1372 5208 1435 4747 2844 1353
internal_count=17858 15964 12799 3165 1894 8052 2468 1033 1372 5208 1435 4747 2844 1353
is_linear=0
shrinkage=0.05


Tree=18
num_leaves=15
num_cat=0
split_feature=0 2 2 2 0 2 0 0 0 1 0 0 0 1
split_gain=192.482 99.8951 85.4648 85.0588 53.5449 40.6405 27.568 22.0652 19.724 11.3101 9.38948 8.78227 5.29755 5.31763
threshold=3.6852741241455083 1.5000000000000002 1.0000000180025095e-35 1.5000000000000002 4.9729626178741464 1.0000000180025095e-35 4.9276232719421396 1.7006043791770937 2.1084632873535161 10.800311565399172 5.9931476116180429 2.6901332139968877 1.0471910238265993 28.840053558349613
decision_type=2 2 2 2 2 2 2 2 2 2 2 2 2 2
left_child=3 2 4 5 -2 8 -3 -5 -1 -9 -6 -11 -7 -14
right_child=1 6 -4 7 10 12 -8 9 -10 11 -12 -13 13 -15
leaf_value=-0.0056622837640934037 0.0041777528995572914 0.013958129510698159 -0.0047898989518483483 -0.0014770759601299077 0.014217990422898001 -0.014170296633243562 0.030071626899204791 0.014476588460826134 -0.00013327151765136954 0.0016729065519757568 0.023785522226565974 0.010502129479146621 -0.0095887953360729375 -0.004384827153611064
leaf_weight=3188 1463 539 1500 876 505 500 523 516 3265 640 521 503 2720 599
leaf_count=3188 1463 539 1500 876 505 500 523 516 3265 640 521 503 2720 599
internal_value=-2.14604e-10 0.00826578 0.00463764 -0.00325997 0.0103192 -0.00528424 0.0218935 0.0049425 -0.00286479 0.00833222 0.0190764 0.00555838 -0.0093724 -0.0086496
internal_weight=17858 5051 3989 12807 2489 10272 1062 2535 6453 1659 1026 1143 3819 3319
internal_count=17858 5051 3989 12807 2489 10272 1062 2535 6453 1659 1026 1143 3819 3319
is_linear=0
shrinkage=0.05


Tree=19
num_leaves=15
num_cat=0
split_feature=0 2 2 0 0 0 1 0 0 0 1 0 1 1
split_gain=175.297 117.617 66.9502 49.0485 43.888 31.8134 18.6259 17.2992 9.62247 6.33745 6.29414 13.3031 5.75432 6.08219
threshold=5.5037066936492929 1.5000000000000002 1.0000000180025095e-35 2.9896733760833745 3.3242222070693974 6.786980628967286 19.641646385192875 4.6363980770111093 1.5108551979064944 1.2076039314270022 28.25096416473389 3.866962313652039 23.437017440795902 14.240219593048097
decision_type=2 2 2 2 2 2 2 2 2 2 2 2 2 2
left_child=1 2 3 8 6 -2 -3 10 -1 -4 11 -5 13 -11
right_child=5 4 9 7 -6 -7 -8 -9 -10 12 -12 -13 -14 -15
leaf_value=-0.0067876280737895261 0.011070936474029489 0.0071551381883088495 -0.012804565868569727 0.00027283674733524018 0.015971130856024984 0.026418811630393415 -0.0019099519001526133 0.01200471118376123 -0.0022477105987203602 -0.0070044174147863326 -0.0023626100374848804 0.008810373392774783 -0.0049936175183408977 -0.011816108193446405
leaf_weight=1766 956 1318 658 1122 961 522 994 578 3442 1693 543 769 1463 1073
leaf_count=1766 956 1318 658 1122 961 522 994 578 3442 1693 543 769 1463 1073
internal_value=-1.78353e-10 -0.00148806 -0.0036053 -0.000849933 0.0069906 0.0164915 0.00325778 0.00422879 -0.00378717 -0.00823987 0.00238225 0.00374474 -0.00752963 -0.00887099
internal_weight=17858 16380 13107 8220 3273 1478 2312 3012 5208 4887 2434 1891 4229 2766
internal_count=17858 16380 13107 8220 3273 1478 2312 3012 5208 4887 2434 1891 4229 2766
is_linear=0
shrinkage=0.05


Tree=20
num_leaves=15
num_cat=0
split_feature=0 2 2 0 0 0 1 0 0 0 0 0 0 0
split_gain=158.205 106.15 60.4226 44.2662 39.8732 28.7116 27.3211 15.6125 9.87051 8.81589 7.18658 5.71955 5.69992 6.64737
threshold=5.5037066936492929 1.5000000000000002 1.0000000180025095e-35 2.9896733760833745 3.1530255079269414 6.786980628967286 19.641646385192875 4.6363980770111093 4.0821683406829843 1.3101463317871096 1.8234136104583742 1.2076039314270022 3.3052772283554082 3.866962313652039
decision_type=2 2 2 2 2 2 2 2 2 2 2 2 2 2
left_child=1 2 3 9 6 -2 10 12 -6 -1 -3 -4 -5 -14
right_child=5 4 11 7 8 -7 -8 -9 -10 -11 -12 -13 13 -15
leaf_value=-0.0071391507393511831 0.010517391035719054 0.0035432732611332301 -0.012164337582048313 0.0068162684342754423 0.01958731837262671 0.025097871439440457 -0.003664396044488415 0.011404477182298797 0.0099986195682117522 -0.0024028115154353549 0.011129642748606526 -0.0071531532975792405 -0.001963037591017978 0.0039551053168538517
leaf_weight=1314 956 583 658 536 508 522 941 578 569 3894 672 4229 955 943
leaf_count=1314 956 583 658 536 508 522 941 578 569 3894 672 4229 955 943
internal_value=-1.05329e-10 -0.00141366 -0.00342504 -0.000807436 0.00664107 0.0156669 0.00277625 0.00401735 0.0145214 -0.00359781 0.00760546 -0.00782787 0.00226314 0.000977325
internal_weight=17858 16380 13107 8220 3273 1478 2196 3012 1077 5208 1255 4887 2434 1898
internal_count=17858 16380 13107 8220 3273 1478 2196 3012 1077 5208 1255 4887 2434 1898
is_linear=0
shrinkage=0.05


Tree=21
num_leaves=15
num_cat=0
split_feature=0 2 2 0 0 0 1 0 0 0 1 1 1 1
split_gain=142.78 95.8 54.5314 40.3039 36.3061 25.9122 14.804 12.9696 8.81117 5.43071 7.97183 7.68956 4.96468 13.3221
threshold=5.5037066936492929 1.5000000000000002 1.0000000180025095e-35 3.1530255079269414 3.3242222070693974 6.786980628967286 19.641646385192875 4.6363980770111093 1.5108551979064944 2.775752186775208 23.565176963806156 13.506245613098146 15.156090736389162 22.192398071289066
decision_type=2 2 2 2 2 2 2 2 2 2 2 2 2 2
left_child=1 2 3 8 6 -2 -3 -5 -1 -4 11 -11 -10 -14
right_child=5 4 9 7 -6 -7 -8 -9 12 10 -12 -13 13 -15
leaf_value=-0.0061519023043653028 0.0099915202361215913 0.0063884725659938708 -0.0089229696714247433 0.002403747990693011 0.0144770781491165 0.02384297758504977 -0.0016932237421123074 0.010834253716015074 0.00030287610605494016 -0.0046968043393012388 -0.0014464713309973519 -0.012211763756028539 -0.0091596188633723038 -0.00073268515976581913
leaf_weight=1766 956 1318 2722 2165 961 522 994 578 1546 824 761 580 687 1478
leaf_count=1766 956 1318 2722 2165 961 522 994 578 1546 824 761 580 687 1478
internal_value=-1.38927e-10 -0.00134297 -0.00325378 -0.000767064 0.00630902 0.0148836 0.0029139 0.00418021 -0.00324477 -0.00743648 -0.00556755 -0.00780127 -0.00186131 -0.00340673
internal_weight=17858 16380 13107 8220 3273 1478 2312 2743 5477 4887 2165 1404 3711 2165
internal_count=17858 16380 13107 8220 3273 1478 2312 2743 5477 4887 2165 1404 3711 2165
is_linear=0
shrinkage=0.05


Tree=22
num_leaves=15
num_cat=0
split_feature=0 2 2 0 0 0 1 0 0 0 0 0 1 0
split_gain=128.859 86.4595 49.2146 36.3742 32.7662 23.3858 13.3606 11.7051 8.09674 8.91321 7.85824 4.97732 4.96034 4.00968
threshold=5.5037066936492929 1.5000000000000002 1.0000000180025095e-35 3.1530255079269414 3.3242222070693974 6.786980628967286 19.641646385192875 4.6363980770111093 2.1084632873535161 2.4330505132675175 2.6761906147003178 1.2076039314270022 30.469845771789554 1.7006043791770937
decision_type=2 2 2 2 2 2 2 2 2 2 2 2 2 2
left_child=1 2 3 8 6 -2 13 -5 -1 -10 -11 -4 -13 -3
right_child=5 4 11 7 -6 -7 -8 -9 9 10 -12 12 -14 -15
leaf_value=-0.0047115136101524083 0.0094919447560364075 0.0026033303479859045 -0.011109971601549978 0.0022835609612784267 0.013753224222006958 0.022650830276128464 -0.0016085620107545223 0.010292540783236596 0.0037967566613196003 -0.0077023017213498947 -0.00030580242945127471 -0.0071570235593708667 -0.0023726326988595409 0.008263574841361877
leaf_weight=3188 956 511 658 2165 961 522 994 578 719 556 1014 3591 638 807
leaf_count=3188 956 511 658 2165 961 522 994 578 719 556 1014 3591 638 807
internal_value=1.03071e-10 -0.00127583 -0.00309109 -0.000728711 0.00599357 0.0141394 0.00276821 0.0039712 -0.00308253 -0.000813759 -0.0029252 -0.00706466 -0.00643524 0.00606905
internal_weight=17858 16380 13107 8220 3273 1478 2312 2743 5477 2289 1570 4887 4229 1318
internal_count=17858 16380 13107 8220 3273 1478 2312 2743 5477 2289 1570 4887 4229 1318
is_linear=0
shrinkage=0.05


Tree=23
num_leaves=15
num_cat=0
split_feature=0 2 2 0 1 0 0 1 0 1 0 0 1 1
split_gain=116.295 78.0297 44.4161 32.8277 30.8825 21.1057 13.5508 17.0024 10.5638 9.37144 7.57898 4.70663 6.92444 6.94823
threshold=5.5037066936492929 1.5000000000000002 1.0000000180025095e-35 3.1530255079269414 7.7142424583435067 6.786980628967286 2.1526268720626835 17.013521194458011 4.6363980770111093 20.626276969909672 1.3101463317871096 2.775752186775208 23.565176963806156 13.78537178039551
decision_type=2 2 2 2 2 2 2 2 2 2 2 2 2 2
left_child=1 2 3 10 -3 -2 9 -8 -5 -6 -1 -4 13 -13
right_child=5 4 11 8 6 -7 7 -9 -10 -11 -12 12 -14 -15
leaf_value=-0.0062390220582575926 0.0090173482201520005 0.014855809653992441 -0.0080952720644060609 0.0021693824868279296 0.003475522812709068 0.021518287898471287 -0.0011529281041354736 0.0099595234553557805 0.0097779129428795467 -0.0060492556355174441 -0.0018834436459521848 -0.0041540504286163736 -0.0011307194221975298 -0.011320653326914345
leaf_weight=1314 956 718 2722 2165 515 522 526 996 578 518 4163 836 761 568
leaf_count=1314 956 718 2722 2165 515 522 526 996 578 518 4163 836 761 568
internal_value=-1.05508e-10 -0.00121203 -0.00293654 -0.000692275 0.00569389 0.0134324 0.00311923 0.00611908 0.00377264 -0.0013007 -0.0029284 -0.00671142 -0.00497154 -0.00705336
internal_weight=17858 16380 13107 8220 3273 1478 2555 1522 2743 1033 5477 4887 2165 1404
internal_count=17858 16380 13107 8220 3273 1478 2555 1522 2743 1033 5477 4887 2165 1404
is_linear=0
shrinkage=0.05


Tree=24
num_leaves=15
num_cat=0
split_feature=2 0 0 2 0 1 1 0 0 1 1 0 0 0
split_gain=106.325 74.6989 72.6402 46.1761 34.5235 31.6194 11.9126 25.4455 11.8072 8.64988 8.27558 5.19485 10.5312 4.76818
threshold=1.5000000000000002 4.9276232719421396 6.5253713130950937 1.0000000180025095e-35 3.866962313652039 7.7142424583435067 17.150908470153812 2.8574331998825078 2.1084632873535161 25.922469139099125 15.270777702331545 2.4330505132675175 2.6761906147003178 3.3052772283554082
decision_type=2 2 2 2 2 2 2 2 2 2 2 2 2 2
left_child=2 5 3 4 8 -2 -7 -8 -1 10 -6 -10 -13 -14
right_child=1 -3 -4 -5 9 6 7 -9 11 -11 -12 12 13 -15
leaf_value=-0.0042920030662824994 0.014144696663194626 0.025150614255018907 0.016629763204223057 -0.006383744314408921 0.0042707759667845336 -0.0028523818618920917 -0.00036705356989151397 0.01285882095645728 0.0037010913681088638 0.00026953246597193991 0.01212200227789074 -0.0072230145120792252 0.0024600117212157063 -0.0022077205059416005
leaf_weight=3188 689 523 508 5123 782 830 975 580 719 561 588 556 1281 955
leaf_count=3188 689 523 508 5123 782 830 975 580 719 561 588 556 1281 955
internal_value=1.93765e-10 0.00768202 -0.00193761 -0.00262344 -0.000391219 0.00470997 0.00198439 0.00456607 -0.00208911 0.00549906 0.0076405 -8.88663e-05 -0.00106486 0.000466414
internal_weight=17858 3597 14261 13753 8630 3074 2385 1555 6699 1931 1370 3511 2792 2236
internal_count=17858 3597 14261 13753 8630 3074 2385 1555 6699 1931 1370 3511 2792 2236
is_linear=0
shrinkage=0.05


Tree=25
num_leaves=15
num_cat=0
split_feature=0 2 2 2 0 0 2 0 0 0 0 1 0 0
split_gain=96.4882 61.9675 51.6609 41.2931 32.394 22.0108 20.6899 15.6084 10.9583 8.2279 6.51759 6.36499 5.24315 5.17868
threshold=3.6852741241455083 1.5000000000000002 1.0000000180025095e-35 1.5000000000000002 4.9729626178741464 4.9276232719421396 1.0000000180025095e-35 1.7006043791770937 2.1084632873535161 5.1321570873260507 4.3469109535217294 10.944608688354494 2.6901332139968877 5.9931476116180429
decision_type=2 2 2 2 2 2 2 2 2 2 2 2 2 2
left_child=3 2 4 6 10 -3 8 -5 -1 -4 -2 -9 -13 -6
right_child=1 5 9 7 13 -7 -8 11 -10 -11 -12 12 -14 -15
leaf_value=-0.0040774030444986993 0.0054296185024255931 0.0094950044925060251 -0.0013197524452420932 -0.0019922301377335639 0.010615317278569288 0.023893083707495356 -0.0066354574060589894 0.010854400140610902 4.3781100334471261e-05 -0.0088829629883219966 -0.0013503534938664383 0.0011723704403266311 0.008002046607211679 0.017720721163670756
leaf_weight=3188 860 539 902 876 505 523 3819 518 3265 598 603 640 501 521
leaf_count=3188 860 539 902 876 505 523 3819 518 3265 598 603 640 501 521
internal_value=1.11563e-10 0.00585229 0.00299474 -0.0023081 0.00741199 0.0165856 -0.00371852 0.00340699 -0.00199222 -0.00433495 0.00263514 0.00625794 0.0041712 0.0142234
internal_weight=17858 5051 3989 12807 2489 1062 10272 2535 6453 1500 1463 1659 1141 1026
internal_count=17858 5051 3989 12807 2489 1062 10272 2535 6453 1500 1463 1659 1141 1026
is_linear=0
shrinkage=0.05


Tree=26
num_leaves=15
num_cat=0
split_feature=0 2 2 0 1 0 0 1 0 1 0 0 1 0
split_gain=87.6671 56.5898 32.9069 25.2344 24.4857 17.1503 9.37791 14.3519 8.7423 8.57698 6.05406 4.28558 4.91151 3.77544
threshold=5.5037066936492929 1.5000000000000002 1.0000000180025095e-35 3.1530255079269414 7.7142424583435067 6.786980628967286 2.1526268720626835 17.013521194458011 4.6363980770111093 20.626276969909672 1.3101463317871096 1.0471910238265993 28.840053558349613 3.5976886749267583
decision_type=2 2 2 2 2 2 2 2 2 2 2 2 2 2
left_child=1 2 3 10 -3 -2 9 -8 13 -6 -1 -4 -13 -5
right_child=5 4 11 8 6 -7 7 -9 -10 -11 -12 12 -14 -15
leaf_value=-0.0055086000914624476 0.0076825786565594125 0.012986854030160509 -0.010155965483188631 0.0045542010628372613 0.003428601943752141 0.018951398025042025 -0.0016493769415686114 0.0085602361577970677 0.0087884613857395107 -0.0056835068181214643 -0.001615784993945994 -0.0060802129585218355 -0.001814611367031592 0.00024459788313618418
leaf_weight=1314 956 718 500 815 515 522 526 996 578 518 4163 3554 833 1350
leaf_count=1314 956 718 500 815 515 522 526 996 578 518 4163 3554 833 1350
internal_value=-3.13301e-12 -0.00105233 -0.00252093 -0.000589197 0.0048288 0.0116625 0.00253624 0.00503182 0.00332541 -0.00114068 -0.00254972 -0.00577013 -0.00527026 0.00186692
internal_weight=17858 16380 13107 8220 3273 1478 2555 1522 2743 1033 5477 4887 4387 2165
internal_count=17858 16380 13107 8220 3273 1478 2555 1522 2743 1033 5477 4887 4387 2165
is_linear=0
shrinkage=0.05


Tree=27
num_leaves=15
num_cat=0
split_feature=0 2 2 2 0 0 2 0 0 0 0 1 1 0
split_gain=80.36 53.8576 44.1776 33.2688 26.8694 19.5967 16.8718 13.4329 9.08925 8.73009 6.24201 5.23866 4.75034 6.96136
threshold=3.6852741241455083 1.5000000000000002 1.0000000180025095e-35 1.5000000000000002 4.9729626178741464 4.9276232719421396 1.0000000180025095e-35 1.7006043791770937 2.1084632873535161 5.1321570873260507 4.3469109535217294 10.944608688354494 13.9183406829834 2.8427542448043828
decision_type=2 2 2 2 2 2 2 2 2 2 2 2 2 2
left_child=3 2 4 6 10 -3 8 -5 -1 -4 -2 -9 13 -10
right_child=1 5 9 7 -6 -7 -8 11 12 -11 -12 -13 -14 -15
leaf_value=-0.0037125187534535094 0.0051459073760481769 0.0086567085739121478 -0.00099538938697848784 -0.0019853926497643399 0.012965112674407676 0.022242284431440551 -0.0060064457027223551 0.0098382423456549704 0.0060920880915962651 -0.0087859914815645156 -0.0014891799879113636 0.0037751276943894675 -0.0014848086558233728 -0.0013001482745137398
leaf_weight=3188 860 539 902 876 1026 523 3819 518 642 598 603 1141 1991 632
leaf_count=3188 860 539 902 876 1026 523 3819 518 642 598 603 1141 1991 632
internal_value=6.7533e-12 0.00534083 0.00267682 -0.00210639 0.00676164 0.0153472 -0.00337237 0.00302344 -0.00181347 -0.00410124 0.00241114 0.00566825 4.0788e-05 0.00242498
internal_weight=17858 5051 3989 12807 2489 1062 10272 2535 6453 1500 1463 1659 3265 1274
internal_count=17858 5051 3989 12807 2489 1062 10272 2535 6453 1500 1463 1659 3265 1274
is_linear=0
shrinkage=0.05


Tree=28
num_leaves=15
num_cat=0
split_feature=0 2 2 1 0 0 1 0 1 0 0 0 0 0
split_gain=73.069 45.8219 26.9527 21.5915 21.2374 15.465 13.0205 7.72551 7.16401 20.8439 4.82086 9.26048 4.81559 5.60093
threshold=5.5037066936492929 1.5000000000000002 1.0000000180025095e-35 8.1841802597045916 3.866962313652039 6.786980628967286 23.015763282775882 2.1084632873535161 17.013521194458011 2.4047893285751347 2.4330505132675175 2.6761906147003178 3.3052772283554082 2.9896733760833745
decision_type=2 2 2 2 2 2 2 2 2 2 2 2 2 2
left_child=1 2 4 -3 7 -2 -6 -1 -5 -10 -9 -12 13 -13
right_child=5 3 -4 8 6 -7 -8 10 9 -11 11 12 -14 -15
leaf_value=-0.0035268926242812814 0.0068679850804229826 0.011747777495249514 -0.0052228262804636131 -0.0015889183555463907 0.0083912309938286075 0.017568839002504118 -0.001159063807421631 0.0035239784044416955 -0.0017567574680594734 0.0094679036762225135 -0.0068418911731929228 -0.00043214531552871605 -0.0023186931419747038 0.0062700053343354772
leaf_weight=3188 956 755 4887 862 949 522 572 719 802 854 556 745 955 536
leaf_count=3188 956 755 4887 862 949 522 572 719 802 854 556 745 955 536
internal_value=1.09656e-10 -0.000960728 -0.00228224 0.00433138 -0.000533986 0.0106473 0.00479967 -0.00174499 0.00210763 0.00403181 -0.000127009 -0.00106722 0.000368704 0.00237219
internal_weight=17858 16380 13107 3273 8220 1478 1521 6699 2518 1656 3511 2792 2236 1281
internal_count=17858 16380 13107 3273 8220 1478 1521 6699 2518 1656 3511 2792 2236 1281
is_linear=0
shrinkage=0.05


Tree=29
num_leaves=15
num_cat=0
split_feature=2 0 0 2 0 0 1 1 0 0 0 0 0 0
split_gain=66.7113 52.4345 48.0856 27.8452 20.8977 14.9728 8.98722 7.81557 4.83775 4.40008 3.95551 5.94916 3.67827 4.01381
threshold=1.5000000000000002 3.3242222070693974 6.5253713130950937 1.0000000180025095e-35 3.1530255079269414 4.9276232719421396 19.641646385192875 9.0466494560241717 1.3101463317871096 4.6363980770111093 3.5976886749267583 3.9215983152389531 1.0471910238265993 4.8173367977142343
decision_type=2 2 2 2 2 2 2 2 2 2 2 2 2 2
left_child=2 6 3 4 8 -3 7 -2 -1 10 -6 -12 -5 -14
right_child=1 5 -4 12 9 -7 -8 -9 -10 -11 11 -13 13 -15
leaf_value=-0.0048712004310645651 8.6157813283944891e-05 0.0097110596286368814 0.013571900621379222 -0.0090867041528224952 0.0043722742631391509 0.020697196686451626 -0.0020052527442904304 0.0078167233070569053 -0.0013913360984744059 0.0056484099912083889 -0.0043460368132496449 0.0025189375704970244 -0.004039815882360711 -0.0086490727877349006
leaf_weight=1314 601 762 508 500 815 523 994 717 4163 988 503 847 4089 534
leaf_count=1314 601 762 508 500 815 523 994 717 4163 988 503 847 4089 534
internal_value=-2.14284e-11 0.00608496 -0.00153479 -0.00209279 -0.000359371 0.0141825 0.00158441 0.00429163 -0.0022262 0.00288345 0.00162166 -3.8901e-05 -0.00501284 -0.00457223
internal_weight=17858 3597 14261 13753 8630 1285 2312 1318 5477 3153 2165 1350 5123 4623
internal_count=17858 3597 14261 13753 8630 1285 2312 1318 5477 3153 2165 1350 5123 4623
is_linear=0
shrinkage=0.05


Tree=30
num_leaves=15
num_cat=0
split_feature=0 2 2 2 1 1 0 0 2 0 0 0 1 1
split_gain=60.7166 41.4281 34.6046 24.6088 22.5232 23.1031 16.0698 15.1609 12.7542 11.4153 9.52518 6.81931 4.46483 4.28161
threshold=3.6852741241455083 1.5000000000000002 1.0000000180025095e-35 1.5000000000000002 27.971342086791996 9.0466494560241717 4.9276232719421396 4.9729626178741464 1.0000000180025095e-35 1.7006043791770937 5.1321570873260507 2.1084632873535161 24.122246742248539 15.156090736389162
decision_type=2 2 2 2 2 2 2 2 2 2 2 2 2 2
left_child=3 2 4 8 5 -2 -3 -7 11 -5 -4 -1 -11 -13
right_child=1 6 10 9 -6 7 -8 -9 -10 12 -12 13 -14 -15
leaf_value=-0.0032092672425650596 0.0004956287137727202 0.0073598783242936096 -0.00044876094535819177 -0.0020363838756329395 -0.0028559062560861602 0.0078157720399590642 0.019662335267678674 0.018775084365229563 -0.0052099532421173989 0.0067963402275741762 -0.0085863968581708777 0.0021672387498187394 0.0012333196710865454 -0.0015006746805369476
leaf_weight=3188 614 539 902 876 565 780 523 530 3819 1129 598 1373 530 1892
leaf_count=3188 614 539 902 876 565 780 523 530 3819 1129 598 1373 530 1892
internal_value=-2.15997e-10 0.0046424 0.00230594 -0.00183093 0.00592118 0.00849866 0.0134184 0.0122497 -0.00291974 0.00258101 -0.00369297 -0.00156436 0.00501912 4.17587e-05
internal_weight=17858 5051 3989 12807 2489 1924 1062 1310 10272 2535 1500 6453 1659 3265
internal_count=17858 5051 3989 12807 2489 1924 1062 1310 10272 2535 1500 6453 1659 3265
is_linear=0
shrinkage=0.05


Tree=31
num_leaves=15
num_cat=0
split_feature=0 2 2 1 0 0 1 0 0 0 1 1 1 1
split_gain=55.9592 33.1803 19.9867 19.6497 16.0302 12.656 7.42537 16.6214 6.15613 4.13302 3.94615 5.67601 5.21785 5.23837
threshold=5.5037066936492929 1.5000000000000002 1.0000000180025095e-35 8.1841802597045916 3.1530255079269414 6.786980628967286 17.013521194458011 2.8574331998825078 4.6363980770111093 1.3101463317871096 23.565176963806156 27.289301872253422 14.240219593048097 18.053408622741703
decision_type=2 2 2 2 2 2 2 2 2 2 2 2 2 2
left_child=1 2 4 -3 9 -2 -5 -8 -6 -1 12 -12 -4 -14
right_child=5 3 10 6 8 -7 7 -9 -10 -11 11 -13 13 -15
leaf_value=-0.0044671763069190577 0.0058988026885786315 0.010737599456915633 -0.0038983033094641241 -0.0022222096046428533 0.0014363409465234771 0.01557914469983443 -0.00066546795012636744 0.0095239259760711275 0.0072445733888416358 -0.0012507466879882923 0.0019258304091984641 -0.0044318897098633136 -0.011963547456994829 -0.0053975161302246555
leaf_weight=1314 956 755 1947 862 2165 522 979 677 578 4163 501 1173 506 760
leaf_count=1314 956 755 1947 862 2165 522 979 677 578 4163 501 1173 506 760
internal_value=3.38884e-11 -0.000840755 -0.00196529 0.00366256 -0.000459816 0.00931771 0.00154117 0.00350012 0.00266024 -0.00202241 -0.00449753 -0.00252913 -0.00552308 -0.00802185
internal_weight=17858 16380 13107 3273 8220 1478 2518 1656 2743 5477 4887 1674 3213 1266
internal_count=17858 16380 13107 3273 8220 1478 2518 1656 2743 5477 4887 1674 3213 1266
is_linear=0
shrinkage=0.05


Tree=32
num_leaves=15
num_cat=0
split_feature=0 2 2 1 0 0 1 1 0 0 1 1 1 1
split_gain=50.5032 29.9452 18.038 17.7616 14.6135 11.422 11.2747 6.08768 15.3075 5.35828 4.07945 7.23222 10.3905 8.34168
threshold=5.5037066936492929 1.5000000000000002 1.0000000180025095e-35 7.7142424583435067 3.866962313652039 6.786980628967286 23.015763282775882 17.013521194458011 2.4047893285751347 1.5108551979064944 31.102161407470707 15.156090736389162 18.732512474060062 3.6643046140670781
decision_type=2 2 2 2 2 2 2 2 2 2 2 2 2 2
left_child=1 2 4 -3 9 -2 -6 -5 -9 -1 11 13 -13 -11
right_child=5 3 -4 7 6 -7 -8 8 -10 10 -12 12 -14 -15
leaf_value=-0.0038047775035536303 0.0056038625391612272 0.01042760872356023 -0.0042726535216684311 -0.0017855925214071825 0.0073296800481491148 0.014800186196816693 -0.0015573425465947267 -0.0016354788196948995 0.0079836619463891003 -0.0045881976936661337 0.0029113991411638934 -0.0093585211611711058 -0.0012554806216812479 0.0027853968491479853
leaf_weight=1766 956 718 4887 899 949 522 572 802 854 511 710 520 1654 1538
leaf_count=1766 956 718 4887 899 949 522 572 802 854 511 710 520 1654 1538
internal_value=-6.57507e-11 -0.000798717 -0.00186703 0.00347943 -0.000436825 0.00885182 0.00398755 0.00152687 0.00332512 -0.00144137 -0.000595283 -0.00118485 -0.00319365 0.000946497
internal_weight=17858 16380 13107 3273 8220 1478 1521 2555 1656 6699 4933 4223 2174 2049
internal_count=17858 16380 13107 3273 8220 1478 1521 2555 1656 6699 4933 4223 2174 2049
is_linear=0
shrinkage=0.05


Tree=33
num_leaves=15
num_cat=0
split_feature=2 0 0 2 1 0 1 0 1 1 1 0 0 0
split_gain=46.6212 40.4175 33.7613 18.6218 18.3721 13.721 9.50712 13.278 4.11192 8.60526 5.41032 6.26837 6.66623 3.35548
threshold=1.5000000000000002 4.9276232719421396 6.5253713130950937 1.0000000180025095e-35 7.7142424583435067 2.7658754587173466 17.150908470153812 2.8574331998825078 4.7500071525573739 10.800311565399172 18.177651405334476 4.6363980770111093 3.5171769857406621 4.8173367977142343
decision_type=2 2 2 2 2 2 2 2 2 2 2 2 2 2
left_child=2 4 3 5 -2 -1 -6 -8 -7 -10 -11 12 -12 -5
right_child=1 -3 -4 13 6 8 7 -9 9 10 11 -13 -14 -15
leaf_value=-0.0021552759673888508 0.010092397091345233 0.017936339073709392 0.011375141476499151 -0.003702038708050596 -0.00349782526425748 -0.0021482690117889461 -0.00043410463822193634 0.0091198807328554069 0.0077731401627025914 -0.0021313509481770943 0.0046624999393278096 0.0075010330556510539 -0.0021893332513752361 -0.0078897781307331188
leaf_weight=4702 689 523 508 4589 830 553 975 580 630 812 670 508 755 534
leaf_count=4702 689 523 508 4589 830 553 975 580 630 812 670 508 755 534
internal_value=-2.24447e-11 0.00508686 -0.00128304 -0.0017506 0.0029007 -0.000333051 0.000823096 0.00312944 0.00184824 0.00250307 0.00129355 0.00273226 0.00103223 -0.00413855
internal_weight=17858 3597 14261 13753 3074 8630 2385 1555 3928 3375 2745 1933 1425 5123
internal_count=17858 3597 14261 13753 3074 8630 2385 1555 3928 3375 2745 1933 1425 5123
is_linear=0
shrinkage=0.05


Tree=34
num_leaves=15
num_cat=0
split_feature=0 2 2 0 1 2 1 1 0 1 0 0 1 0
split_gain=42.3745 44.7755 31.4884 20.3582 12.1157 8.76258 14.0247 14.5738 7.79799 7.51944 8.97088 8.68513 7.43933 6.21549
threshold=3.1530255079269414 1.5000000000000002 1.0000000180025095e-35 5.7666234970092782 12.746846199035646 1.5000000000000002 19.641646385192875 9.0466494560241717 5.3287389278411874 27.971342086791996 3.866962313652039 4.3469109535217294 23.565176963806156 1.2076039314270022
decision_type=2 2 2 2 2 2 2 2 2 2 2 2 2 2
left_child=5 2 3 9 -3 13 7 -7 12 10 -2 -12 -4 -1
right_child=1 4 8 -5 -6 6 -8 -9 -10 -11 11 -13 -14 -15
leaf_value=-0.0052964478949057642 -0.00015766995037839714 0.017087737920049292 -0.0046533027040486291 0.012227736232038072 0.0074633516143969396 -0.0015715726791766652 -0.0037394145707521629 0.0092501121476618927 -0.0091662820523197297 -0.002430959585335559 0.011415104482602696 0.0029538125999867327 0.0024712391003318453 -0.0019821454323435293
leaf_weight=1778 915 520 1010 613 881 570 941 685 512 674 506 757 575 6921
leaf_count=1778 915 520 1010 613 881 570 941 685 512 674 506 757 575 6921
internal_value=9.9204e-11 0.00304664 0.00103433 0.00396102 0.0110356 -0.00194711 0.00087511 0.00433508 -0.00380163 0.0021842 0.0036124 0.00634369 -0.00206869 -0.00265956
internal_weight=17858 6963 5562 3465 1401 10895 2196 1255 2097 2852 2178 1263 1585 8699
internal_count=17858 6963 5562 3465 1401 10895 2196 1255 2097 2852 2178 1263 1585 8699
is_linear=0
shrinkage=0.05


Tree=35
num_leaves=15
num_cat=0
split_feature=0 2 1 2 0 0 1 0 0 1 1 1 1 1
split_gain=38.9123 21.2891 14.5756 14.1492 11.2502 9.24851 6.39021 11.7705 6.26834 5.37904 8.98807 4.23162 12.2835 3.39041
threshold=5.5037066936492929 1.5000000000000002 8.1841802597045916 1.0000000180025095e-35 4.6363980770111093 6.786980628967286 17.013521194458011 2.4047893285751347 2.1084632873535161 28.25096416473389 21.647588729858402 13.9183406829834 8.5157127380371112 28.840053558349613
decision_type=2 2 2 2 2 2 2 2 2 2 2 2 2 2
left_child=1 3 -3 4 8 -2 -4 -8 -1 10 11 12 -10 -5
right_child=5 2 6 13 -6 -7 7 -9 9 -11 -12 -13 -14 -15
leaf_value=-0.0025365108378708288 0.0048472911717611748 0.0089995780219601484 -0.0024121810648624902 -0.0043700594041919012 0.0063907889229532291 0.013122498630358699 -0.0014535900734903807 0.0069813557910303253 -0.0020138006526711993 -0.0029605665468694781 0.0058922385691124717 -0.0027820836231579119 0.0066156897072073631 -0.0010122911667387034
leaf_weight=3188 956 755 862 3959 578 522 802 854 1055 954 810 958 677 928
leaf_count=3188 956 755 862 3959 578 522 802 854 1055 954 810 958 677 928
internal_value=8.56994e-11 -0.000701096 0.0029061 -0.00160186 -0.000335178 0.00776993 0.00107903 0.00289632 -0.000843894 0.000367615 0.00127478 -0.000115604 0.00135927 -0.00373245
internal_weight=17858 16380 3273 13107 8220 1478 2518 1656 7642 4454 3500 2690 1732 4887
internal_count=17858 16380 3273 13107 8220 1478 2518 1656 7642 4454 3500 2690 1732 4887
is_linear=0
shrinkage=0.05


Tree=36
num_leaves=15
num_cat=0
split_feature=0 2 2 0 0 0 2 1 1 1 0 0 0 0
split_gain=35.4717 38.6335 26.8197 17.4419 11.8707 8.07668 6.96488 12.3897 14.4063 6.52705 5.43527 5.2631 6.28999 8.83051
threshold=3.1530255079269414 1.5000000000000002 1.0000000180025095e-35 4.9729626178741464 4.9276232719421396 5.3287389278411874 1.5000000000000002 19.641646385192875 9.0466494560241717 23.565176963806156 1.2076039314270022 4.3469109535217294 3.9215983152389531 3.5976886749267583
decision_type=2 2 2 2 2 2 2 2 2 2 2 2 2 2
left_child=6 2 3 11 -3 9 10 8 -8 -4 -1 12 13 -2
right_child=1 4 5 -5 -6 -7 7 -9 -10 -11 -12 -13 -14 -15
leaf_value=-0.0048824867227348356 0.0040300655730662908 0.0066560956492493946 -0.0042021345088977631 0.009088789256966762 0.016171553634983234 -0.0090044823176867791 -0.0018859160861425233 -0.0036025685756036758 0.0088734003357643625 0.0024712864419688348 -0.0017831773383995303 -0.0027344058476277255 0.0073177746105148062 -0.0043947010195515973
leaf_weight=1778 815 878 1010 1026 523 512 570 941 685 575 6921 603 518 503
leaf_count=1778 815 878 1010 1026 523 512 570 941 685 575 6921 603 518 503
internal_value=-6.48009e-11 0.00278747 0.000918261 0.00361929 0.0102083 -0.00354481 -0.00178147 0.000734649 0.0039867 -0.00178118 -0.00241665 0.00131846 0.00264955 0.000814847
internal_weight=17858 6963 5562 3465 1401 2097 10895 2196 1255 1585 8699 2439 1836 1318
internal_count=17858 6963 5562 3465 1401 2097 10895 2196 1255 1585 8699 2439 1836 1318
is_linear=0
shrinkage=0.05


Tree=37
num_leaves=15
num_cat=0
split_feature=0 2 1 2 0 0 1 0 0 1 1 1 1 1
split_gain=32.6178 17.1712 13.6173 12.2082 9.47126 8.33731 6.54625 9.8382 5.08869 4.86394 8.13389 3.8455 6.31211 7.40273
threshold=5.5037066936492929 1.5000000000000002 8.1841802597045916 1.0000000180025095e-35 4.6363980770111093 6.786980628967286 17.013521194458011 2.4047893285751347 2.1084632873535161 28.25096416473389 21.647588729858402 17.013521194458011 8.5157127380371112 12.746846199035646
decision_type=2 2 2 2 2 2 2 2 2 2 2 2 2 2
left_child=1 3 -3 4 8 -2 -4 -8 -1 10 11 12 -10 -14
right_child=5 2 6 -5 -6 -7 7 -9 9 -11 -12 -13 13 -15
leaf_value=-0.0022660850202536192 0.0043388516809226303 0.0084874623027068885 -0.0027018534890948659 -0.0034299232076349644 0.0058970485636875821 0.012195836972816352 -0.0013057862619806704 0.0064057681059156192 -0.0019152497355406882 -0.0028142733721988008 0.0056057555715978884 -0.003864274995730204 0.0079866995215415963 -0.00027937965495937369
leaf_weight=3188 956 755 862 4887 578 522 802 854 1055 954 810 544 500 591
leaf_count=3188 956 755 862 4887 578 522 802 854 1055 954 810 544 500 591
internal_value=-7.5063e-11 -0.000641891 0.00259772 -0.00145087 -0.000274265 0.00711378 0.000831727 0.00267107 -0.00074103 0.000350545 0.00121318 -0.000109486 0.000842334 0.00350892
internal_weight=17858 16380 3273 13107 8220 1478 2518 1656 7642 4454 3500 2690 2146 1091
internal_count=17858 16380 3273 13107 8220 1478 2518 1656 7642 4454 3500 2690 2146 1091
is_linear=0
shrinkage=0.05


Tree=38
num_leaves=15
num_cat=0
split_feature=0 2 2 0 1 0 1 0 0 1 2 1 1 0
split_gain=29.7321 33.3662 22.8407 14.7803 10.8934 8.25688 6.22281 7.21746 8.06708 5.89066 5.53647 10.9732 14.212 4.75439
threshold=3.1530255079269414 1.5000000000000002 1.0000000180025095e-35 5.7666234970092782 12.746846199035646 5.3287389278411874 27.971342086791996 3.866962313652039 4.3469109535217294 23.565176963806156 1.5000000000000002 19.641646385192875 9.0466494560241717 1.2076039314270022
decision_type=2 2 2 2 2 2 2 2 2 2 2 2 2 2
left_child=10 2 3 6 -3 9 7 -2 -9 -4 13 12 -12 -1
right_child=1 4 5 -5 -6 -7 -8 8 -10 -11 11 -13 -14 -15
leaf_value=-0.0045035224060105796 -0.00028882408891219263 0.015187161759867404 -0.0038205316338208646 0.010351273149166859 0.0060611470495815795 -0.0088240652512467932 -0.002404882369745379 0.010430296492788633 0.0022756225340279947 0.0025192179835360987 -0.0021600446830454625 -0.003469423061349567 0.0085264691525567191 -0.0016048320952203815
leaf_weight=1778 915 520 1010 613 881 512 674 506 757 575 570 941 685 6921
leaf_count=1778 915 520 1010 613 881 512 674 506 757 575 570 941 685 6921
internal_value=9.20351e-11 0.00255201 0.000814893 0.00330752 0.00944839 -0.00330382 0.00179355 0.00309279 0.00554266 -0.00152062 -0.00163099 0.000612331 0.00367283 -0.0021973
internal_weight=17858 6963 5562 3465 1401 2097 2852 2178 1263 1585 10895 2196 1255 8699
internal_count=17858 6963 5562 3465 1401 2097 2852 2178 1263 1585 10895 2196 1255 8699
is_linear=0
shrinkage=0.05


Tree=39
num_leaves=15
num_cat=0
split_feature=0 2 0 2 0 1 0 0 1 1 0 0 0 1
split_gain=27.8976 25.4286 21.4724 11.3919 6.78004 5.44468 4.95609 9.9456 3.4702 7.2264 6.95728 6.14615 3.34695 3.47036
threshold=6.5253713130950937 1.5000000000000002 3.3242222070693974 1.0000000180025095e-35 2.7658754587173466 15.031881332397463 1.7006043791770937 2.5783061981201176 4.7500071525573739 10.800311565399172 4.0500555038452157 4.6962068080902108 3.1530255079269414 22.594151496887211
decision_type=2 2 2 2 2 2 2 2 2 2 2 2 2 2
left_child=1 3 6 4 -1 -4 -3 -8 -6 -10 12 -12 -11 -14
right_child=-2 2 5 -5 8 -7 7 -9 9 10 11 -13 13 -15
leaf_value=-0.0015206212619171403 0.010127883890060752 -0.0022788910305799417 0.012946973239707919 -0.0032161510379873355 -0.0023777968036330847 0.0059858413088748948 0.0060183279011309437 -0.0024185916054993871 0.0067246317898943314 -0.00020644122703679168 -0.006247290083590676 0.0010347003750808415 0.0076346652895212174 0.001808814502127084
leaf_weight=4702 655 876 505 5123 553 633 836 600 630 541 510 671 500 523
leaf_count=4702 655 876 505 5123 553 633 836 600 630 541 510 671 500 523
internal_value=-5.65297e-11 -0.000385617 0.0034525 -0.00134842 -0.000239692 0.00907492 0.00068506 0.00249315 0.00129364 0.00189521 0.000786821 -0.00210994 0.00297421 0.00465625
internal_weight=17858 17203 3450 13753 8630 1138 2312 1436 3928 3375 2745 1181 1564 1023
internal_count=17858 17203 3450 13753 8630 1138 2312 1436 3928 3375 2745 1181 1564 1023
is_linear=0
shrinkage=0.05


Tree=40
num_leaves=15
num_cat=0
split_feature=0 2 1 2 0 1 0 0 1 0 1 0 0 0
split_gain=25.475 11.9696 12.0736 9.5526 8.07663 7.03149 8.15015 6.68553 4.41634 6.16614 11.4455 5.37805 3.73719 5.64311
threshold=5.5037066936492929 1.5000000000000002 8.1841802597045916 1.0000000180025095e-35 4.6363980770111093 17.013521194458011 2.4047893285751347 6.786980628967286 33.755502700805671 2.7658754587173466 26.997159957885746 3.9215983152389531 2.4330505132675175 2.1084632873535161
decision_type=2 2 2 2 2 2 2 2 2 2 2 2 2 2
left_child=1 3 -3 4 8 -4 -7 -2 9 12 11 -11 13 -1
right_child=7 2 5 -5 -6 6 -8 -9 -10 10 -12 -13 -14 -15
leaf_value=-0.0017412619176485863 0.0038019223860075316 0.0076833769878902978 -0.0031875744339959476 -0.0029933200082287166 0.0054969707204215873 -0.0012387129619829077 0.0057801501885976917 0.010837680978836113 -0.0050675512471344917 -0.0016609159482070823 0.0081126001037990867 0.003770875241980531 -0.0046493398806425335 0.0033035796059191751
leaf_weight=2961 956 755 862 4887 578 802 854 522 523 1530 536 649 761 682
leaf_count=2961 956 755 862 4887 578 802 854 522 523 1530 536 649 761 682
internal_value=2.72177e-11 -0.000567271 0.00213751 -0.00124269 -0.000201899 0.000474627 0.00238092 0.00628681 -0.000632931 -0.00030714 0.00156702 -4.30947e-05 -0.00146253 -0.000796825
internal_weight=17858 16380 3273 13107 8220 2518 1656 1478 7642 7119 2715 2179 4404 3643
internal_count=17858 16380 3273 13107 8220 2518 1656 1478 7642 7119 2715 2179 4404 3643
is_linear=0
shrinkage=0.05


Tree=41
num_leaves=15
num_cat=0
split_feature=0 2 1 2 0 1 1 1 1 0 1 0 0 0
split_gain=22.9912 10.8026 10.8964 8.62122 7.28916 6.58377 6.34592 7.40574 3.98575 5.56494 10.3295 4.85369 3.61287 3.37281
threshold=5.5037066936492929 1.5000000000000002 8.1841802597045916 1.0000000180025095e-35 4.6363980770111093 15.415084362030031 17.013521194458011 24.28449630737305 33.755502700805671 2.7658754587173466 26.997159957885746 3.9215983152389531 3.3052772283554082 2.4330505132675175
decision_type=2 2 2 2 2 2 2 2 2 2 2 2 2 2
left_child=1 3 -3 4 8 -2 -4 -8 9 13 11 12 -11 -1
right_child=5 2 6 -5 -6 -7 7 -9 -10 10 -12 -13 -14 -15
leaf_value=-0.00075698436419125489 0.0022060516638538015 0.0072992076846888137 -0.0030281959917342828 -0.002843654252998859 0.0052221221074294361 0.0089292013562162938 0.0065343916162978778 -0.00035489051228256751 -0.0048141733866120841 0.0009424369140266565 0.0077069699347241602 0.0035823322407820928 -0.0039201980900644201 -0.0044168729388917478
leaf_weight=3643 650 755 862 4887 578 828 629 1027 523 737 536 649 793 761
leaf_count=3643 650 755 862 4887 578 828 629 1027 523 737 536 649 793 761
internal_value=-7.95836e-11 -0.000538908 0.00203063 -0.00118056 -0.000191804 0.00597247 0.000450895 0.00226187 -0.000601285 -0.000291783 0.00148867 -4.09396e-05 -0.00157787 -0.0013894
internal_weight=17858 16380 3273 13107 8220 1478 2518 1656 7642 7119 2715 2179 1530 4404
internal_count=17858 16380 3273 13107 8220 1478 2518 1656 7642 7119 2715 2179 1530 4404
is_linear=0
shrinkage=0.05


Tree=42
num_leaves=15
num_cat=0
split_feature=0 2 0 2 0 0 0 0 0 0 0 0 0 0
split_gain=21.5227 17.2343 15.2872 7.83971 5.2928 4.2867 9.32576 3.34032 4.10242 4.14993 6.75325 2.99461 8.3321 2.56244
threshold=6.786980628967286 1.5000000000000002 3.3242222070693974 1.0000000180025095e-35 2.1084632873535161 1.7006043791770937 2.5783061981201176 2.775752186775208 3.2475197315216069 3.7354383468627934 4.7351951599121103 2.4330505132675175 2.6761906147003178 2.4047893285751347
decision_type=2 2 2 2 2 2 2 2 2 2 2 2 2 2
left_child=1 3 5 4 -1 -3 -7 13 -9 -10 -11 -6 -13 -5
right_child=-2 2 -4 7 11 6 -8 8 9 10 -12 12 -14 -15
leaf_value=-0.0017943903976768592 0.010003248201076556 -0.0022797612822083031 0.0074748759138783677 -0.0030891643405557495 0.0037752563540560816 0.0055718872562478608 -0.0025978979598730804 0.0022631575786225709 -0.0062193415479370497 0.002535287304116147 -0.0046384447775839272 -0.0054392178603213468 0.0010730734882411501 -0.0069773420067060568
leaf_weight=3188 522 876 1178 2197 719 836 600 609 527 672 641 556 4212 525
leaf_count=3188 522 876 1178 2197 719 836 600 609 527 672 641 556 4212 525
internal_value=1.08261e-10 -0.000301205 0.00283888 -0.00109269 -0.000174124 0.000476768 0.00215833 -0.0026337 -0.00129394 -0.00247126 -0.000966893 0.000767266 0.00031367 -0.00383909
internal_weight=17858 17336 3490 13846 8675 2312 1436 5171 2449 1840 1313 5487 4768 2722
internal_count=17858 17336 3490 13846 8675 2312 1436 5171 2449 1840 1313 5487 4768 2722
is_linear=0
shrinkage=0.05


Tree=43
num_leaves=15
num_cat=0
split_feature=0 2 0 2 0 1 1 0 0 0 0 1 1 1
split_gain=19.4242 15.5539 13.7967 7.07533 4.77676 4.15917 10.9734 3.03999 4.38419 3.74532 6.09481 2.81611 14.6189 12.8958
threshold=6.786980628967286 1.5000000000000002 3.3242222070693974 1.0000000180025095e-35 2.1084632873535161 19.641646385192875 9.0466494560241717 2.8274753093719487 3.2475197315216069 3.7354383468627934 4.7351951599121103 18.177651405334476 22.594151496887211 14.240219593048097
decision_type=2 2 2 2 2 2 2 2 2 2 2 2 2 2
left_child=1 3 5 4 -1 6 -3 -5 -9 -10 -11 13 -13 -6
right_child=-2 2 -4 7 11 -7 -8 8 9 10 -12 12 -14 -15
leaf_value=-0.0017046714054334119 0.0095030849945813532 -0.0026885524435517395 0.0071011316733069546 -0.0036202161346876208 0.0014682562607955128 -0.0019890606973012931 0.0064715763016225912 0.0027872165238391092 -0.0059083742989082264 0.0024085231081006075 -0.0044065229187889516 0.008589283337977786 -0.00012695767825824167 -0.006655409053109046
leaf_weight=3188 522 601 1178 2794 2129 994 717 537 527 672 641 624 2100 634
leaf_count=3188 522 601 1178 2794 2129 994 717 537 527 672 641 624 2100 634
internal_value=-3.98894e-11 -0.000286145 0.00269694 -0.00103806 -0.000165418 0.00045293 0.00229461 -0.00250201 -0.00118764 -0.0023477 -0.000918548 0.000728903 0.00186971 -0.000395806
internal_weight=17858 17336 3490 13846 8675 2312 1318 5171 2377 1840 1313 5487 2724 2763
internal_count=17858 17336 3490 13846 8675 2312 1318 5171 2377 1840 1313 5487 2724 2763
is_linear=0
shrinkage=0.05


Tree=44
num_leaves=15
num_cat=0
split_feature=0 0 2 1 1 0 1 2 0 1 1 1 1 1
split_gain=18.0121 8.88361 8.72932 29.3734 10.0294 6.52353 6.00682 4.55612 5.03625 5.17944 5.61774 8.43557 5.37319 3.79001
threshold=5.5037066936492929 1.7966887950897219 1.5000000000000002 8.1841802597045916 16.250737190246586 2.8574331998825078 15.415084362030031 1.0000000180025095e-35 4.6363980770111093 3.9450728893280034 28.25096416473389 23.682008743286136 11.662280082702638 16.450156211853031
decision_type=2 2 2 2 2 2 2 2 2 2 2 2 2 2
left_child=1 -1 7 -4 -5 -6 -2 8 9 -3 11 12 -11 -14
right_child=6 2 3 4 5 -7 -8 -9 -10 10 -12 -13 13 -15
leaf_value=-0.0022941578101466765 0.0016887448140634942 -0.0044854072441776662 0.013167068105422756 -0.0058286667650861443 -0.0019169234973877725 0.0054831625193252527 0.0081105571980576892 -0.0018368048609885496 0.004875310777547966 0.0030061491993330887 -0.0025667986090489249 0.0065212935518335416 -0.0041674558793978736 0.000567714647057066
leaf_weight=4768 650 583 545 535 513 710 828 3503 578 1118 1122 675 734 996
leaf_count=4768 650 583 545 535 513 710 828 3503 578 1118 1122 675 734 996
internal_value=5.30324e-11 -0.000476998 0.000269146 0.00302535 -0.000118699 0.00237912 0.00528635 -0.000412725 0.000446481 -4.3164e-05 0.000514388 0.00149568 0.000304567 -0.00144131
internal_weight=17858 16380 11612 2303 1758 1223 1478 9309 5806 5228 4645 3523 2848 1730
internal_count=17858 16380 11612 2303 1758 1223 1478 9309 5806 5228 4645 3523 2848 1730
is_linear=0
shrinkage=0.05


Tree=45
num_leaves=15
num_cat=0
split_feature=2 0 2 0 1 0 1 0 0 0 0 0 1 1
split_gain=16.6247 22.9417 12.5493 17.8257 10.5328 9.36419 9.14812 6.10542 4.80728 2.82104 3.20088 7.22705 4.55511 3.84657
threshold=1.5000000000000002 4.9276232719421396 1.0000000180025095e-35 4.9729626178741464 7.7142424583435067 5.3287389278411874 17.150908470153812 2.4047893285751347 3.7354383468627934 1.5108551979064944 4.3469109535217294 3.9215983152389531 31.102161407470707 15.156090736389162
decision_type=2 2 2 2 2 2 2 2 2 2 2 2 2 2
left_child=2 4 3 9 -2 8 -6 -8 -4 -1 11 12 13 -11
right_child=1 -3 5 -5 6 -7 7 -9 -10 10 -12 -13 -14 -15
leaf_value=-0.0021873632102090939 0.0068359016510421422 0.012718494514931159 -0.0027888284431275092 0.006578678575796657 -0.0044210863784264146 -0.0091175384161033442 -0.00097162029274125449 0.0052965930063902473 0.0011834753011878349 0.00079953806472132501 -0.0033798342981494682 0.0060793351396400503 0.0035550478923337308 -0.002189866055171125
leaf_weight=1766 689 523 3858 1026 830 512 798 757 949 2091 603 518 721 2217
leaf_count=1766 689 523 3858 1026 830 512 798 757 949 2091 603 518 721 2217
internal_value=1.31419e-11 0.00303764 -0.000766172 0.000377766 0.00139057 -0.0026893 -0.00018253 0.00207985 -0.00200461 -0.00042594 7.98612e-05 0.000455956 -0.000123267 -0.000738881
internal_weight=17858 3597 14261 8942 3074 5319 2385 1555 4807 7916 6150 5547 5029 4308
internal_count=17858 3597 14261 8942 3074 5319 2385 1555 4807 7916 6150 5547 5029 4308
is_linear=0
shrinkage=0.05


Tree=46
num_leaves=15
num_cat=0
split_feature=0 2 0 0 1 2 1 1 1 1 1 1 1 1
split_gain=15.9081 11.827 10.5566 5.44607 5.31395 4.25691 3.95897 11.6958 2.45767 2.30352 2.16626 7.47578 5.83075 3.20129
threshold=6.786980628967286 1.5000000000000002 3.3242222070693974 1.2076039314270022 25.415451049804691 1.0000000180025095e-35 9.0466494560241717 19.641646385192875 14.387863636016847 13.78537178039551 17.417921066284183 26.322703361511234 30.59936618804932 12.496533870697023
decision_type=2 2 2 2 2 2 2 2 2 2 2 2 2 2
left_child=1 3 6 4 9 -5 -3 -8 -4 -1 13 -12 -13 -7
right_child=-2 2 8 5 -6 10 7 -9 -10 -11 11 12 -14 -15
leaf_value=-0.0032647664004698735 0.0086000688366905942 -0.0031116439571941953 0.0088449782865939186 0.00019180169192831262 0.00070208708820811746 -0.0016715795582072099 0.0064729974785692358 -0.0019053117250292834 0.0042267126251651346 -0.0075683474540710451 0.002308378913995887 -0.0074473964812237685 -0.00036321002519502682 -0.0058826965558680762
leaf_weight=665 522 601 502 7555 529 1604 717 994 676 584 1097 511 673 628
leaf_count=665 522 601 502 7555 529 1604 717 994 676 584 1097 511 673 628
internal_value=2.26501e-12 -0.000258955 0.00234229 -0.00091462 -0.00349808 -0.000533995 0.000379395 0.00160565 0.00619477 -0.00527701 -0.00174902 -0.000665396 -0.00342066 -0.00285643
internal_weight=17858 17336 3490 13846 1778 12068 2312 1711 1178 1249 4513 2281 1184 2232
internal_count=17858 17336 3490 13846 1778 12068 2312 1711 1178 1249 4513 2281 1184 2232
is_linear=0
shrinkage=0.05


Tree=47
num_leaves=15
num_cat=0
split_feature=0 2 0 0 1 0 0 1 0 1 1 0 0 1
split_gain=14.3571 10.6738 9.5273 5.1972 5.33257 4.70412 4.45759 6.99732 10.8516 18.9329 7.52614 7.06019 3.7827 4.79755
threshold=6.786980628967286 1.5000000000000002 3.3242222070693974 2.7658754587173466 4.6392407417297372 2.5632447004318242 3.3052772283554082 25.922469139099125 3.71253514289856 18.33624362945557 30.012357711791996 4.500927448272706 1.2076039314270022 25.26520919799805
decision_type=2 2 2 2 2 2 2 2 2 2 2 2 2 2
left_child=1 3 -3 5 -5 12 -6 8 -8 11 -9 -10 13 -1
right_child=-2 2 -4 4 6 -7 7 10 9 -11 -12 -13 -14 -15
leaf_value=-0.0050225611767136906 0.0081700655904694882 0.00036042523264214659 0.0058850289464545567 -0.0034876155756577974 0.0030856678199510665 -0.005523425086677948 -0.0040052540642753287 -0.0077896294643385504 0.0036373378727523192 0.009787544969593923 -0.00014429102997881867 -0.0037209607047747964 -0.00062914089801396076 0.00064631815978778468
leaf_weight=1245 522 2312 1178 863 1482 751 702 517 602 710 853 711 4877 533
leaf_count=1245 522 2312 1178 863 1482 751 702 517 602 710 853 711 4877 533
internal_value=-1.74264e-11 -0.000246007 0.00222518 -0.000868889 0.000169933 -0.00177221 0.000735912 -0.000114475 0.00135102 0.0032097 -0.00302943 -0.00034724 -0.0013489 -0.00332317
internal_weight=17858 17336 3490 13846 6440 7406 5577 4095 2725 2023 1370 1313 6655 1778
internal_count=17858 17336 3490 13846 6440 7406 5577 4095 2725 2023 1370 1313 6655 1778
is_linear=0
shrinkage=0.05


Tree=48
num_leaves=15
num_cat=0
split_feature=0 0 1 1 1 1 1 1 0 0 0 0 0 0
split_gain=13.1058 6.41167 7.11309 5.87983 16.2657 5.39466 5.08853 14.4659 10.5052 9.68929 10.9741 8.23715 16.4407 7.23943
threshold=5.5037066936492929 1.7966887950897219 1.5362544655799868 4.6392407417297372 6.5984327793121347 15.415084362030031 17.729066848754886 14.387863636016847 3.2475197315216069 4.0500555038452157 3.6416338682174687 2.8742823600769047 3.8982125520706181 3.3052772283554082
decision_type=2 2 2 2 2 2 2 2 2 2 2 2 2 2
left_child=1 -1 -3 -4 -5 -2 7 11 -9 10 13 -6 -13 -8
right_child=5 2 3 4 6 -7 9 8 -10 -11 -12 12 -14 -15
leaf_value=-0.0019506551297194007 0.0010998973597127659 0.0057981578321042622 -0.0038088403117695923 0.0075319324559525672 0.0036755431241252169 0.0071856949414837445 0.001785791485878743 -0.010705896452778862 -0.0010210524120974162 -0.0030361162037052941 0.0084450190400649962 -0.0069059137297882468 0.0041740977056365213 -0.0041679698838204739
leaf_weight=4768 650 546 950 723 1087 828 3301 630 504 1356 544 781 586 604
leaf_count=4768 650 546 950 723 1087 828 3301 630 504 1356 544 781 586 604
internal_value=8.85208e-11 -0.00040688 0.00022701 -4.78725e-05 0.000305322 0.00450926 -0.000250926 -0.00173119 -0.00640152 0.000664007 0.00179176 0.000426984 -0.00215618 0.000864902
internal_weight=17858 16380 11612 11066 10116 1478 9393 3588 1134 5805 4449 2454 1367 3905
internal_count=17858 16380 11612 11066 10116 1478 9393 3588 1134 5805 4449 2454 1367 3905
is_linear=0
shrinkage=0.05


Tree=49
num_leaves=15
num_cat=0
split_feature=2 0 2 0 0 1 0 1 0 1 1 1 1 1
split_gain=12.543 18.3391 10.6845 13.9947 9.61269 9.54654 9.02275 15.8861 4.0693 3.17716 5.8943 2.821 5.4064 5.83737
threshold=1.5000000000000002 4.9276232719421396 1.0000000180025095e-35 4.9729626178741464 5.3287389278411874 7.7142424583435067 3.0172090530395512 19.641646385192875 2.8274753093719487 23.565176963806156 13.506245613098146 33.88446235656739 31.102161407470707 28.25096416473389
decision_type=2 2 2 2 2 2 2 2 2 2 2 2 2 2
left_child=2 5 3 11 8 -2 7 -7 -4 10 -10 12 13 -1
right_child=1 -3 4 -5 -6 6 -8 -9 9 -11 -12 -13 -14 -15
leaf_value=-1.5510740267208537e-05 0.0063500285506821602 0.011293965216301362 -0.002981106068674974 0.0058843457531710438 -0.0089529742246668327 0.0071149230152766979 -0.0048946162618246662 -0.0027653166581563353 0.0013481664926047114 0.0026881164291075298 -0.0054471605901744297 -0.0038315149421772263 0.0044442875925543275 -0.0051736493765119698
leaf_weight=6171 689 523 2794 1026 512 748 745 892 766 700 547 534 609 602
leaf_count=6171 689 523 2794 1026 512 748 745 892 766 700 547 534 609 602
internal_value=-8.07782e-11 0.00263851 -0.000665502 0.000390028 -0.00244 0.0011659 -0.000331735 0.00174104 -0.00174629 -3.23993e-05 -0.00148279 -0.000322096 -6.82312e-05 -0.000473978
internal_weight=17858 3597 14261 8942 5319 3074 2385 1640 4807 2013 1313 7916 7382 6773
internal_count=17858 3597 14261 8942 5319 3074 2385 1640 4807 2013 1313 7916 7382 6773
is_linear=0
shrinkage=0.05


Tree=50
num_leaves=15
num_cat=0
split_feature=0 2 0 0 1 0 0 1 0 1 0 1 1 0
split_gain=11.7854 8.64442 8.35613 4.20306 4.79469 4.49236 8.07519 6.37009 4.30304 6.34959 9.03433 17.4249 6.63427 6.02386
threshold=6.786980628967286 1.5000000000000002 3.3242222070693974 2.7658754587173466 4.6392407417297372 2.4330505132675175 2.2694872617721562 21.079396247863773 3.3052772283554082 25.922469139099125 3.71253514289856 15.415084362030031 30.012357711791996 4.4603416919708261
decision_type=2 2 2 2 2 2 2 2 2 2 2 2 2 2
left_child=1 3 -3 5 -5 6 -1 -7 -6 10 -10 -12 -11 -13
right_child=-2 2 -4 4 8 7 -8 -9 9 12 11 13 -14 -15
leaf_value=-0.001607818072866792 0.0074022745736785443 0.00025462115136745374 0.0054285301149748465 -0.0033174242353798478 0.0029960986694343664 -0.0072684879497133051 0.0047209852788637693 -5.5173682569309012e-05 -0.0036392985925375564 -0.0073941003077265368 -0.0017682172735801424 0.01134676868804017 -0.00021603875973666959 0.0036881165866149371
leaf_weight=5587 522 2312 1178 863 1482 746 554 519 702 517 996 513 853 514
leaf_count=5587 522 2312 1178 863 1482 746 554 519 702 517 996 513 853 514
internal_value=8.18884e-11 -0.000222888 0.002001 -0.000783438 0.000150761 -0.00159578 -0.00103688 -0.00430903 0.000687438 -0.000148078 0.00124795 0.00294387 -0.00292484 0.00751371
internal_weight=17858 17336 3490 13846 6440 7406 6141 1265 5577 4095 2725 2023 1370 1027
internal_count=17858 17336 3490 13846 6440 7406 6141 1265 5577 4095 2725 2023 1370 1027
is_linear=0
shrinkage=0.05


Tree=51
num_leaves=15
num_cat=0
split_feature=0 2 0 1 1 0 2 0 1 1 1 1 1 1
split_gain=10.6363 7.80159 7.73553 9.79332 9.44094 7.53299 4.18601 2.74823 2.76071 8.80054 6.57105 5.70014 5.28141 2.97611
threshold=6.786980628967286 1.5000000000000002 1.7006043791770937 8.1841802597045916 17.729066848754886 2.8574331998825078 1.0000000180025095e-35 2.5200794935226445 10.800311565399172 18.177651405334476 22.876661300659183 27.378501892089847 6.1443142890930185 32.229108810424812
decision_type=2 2 2 2 2 2 2 2 2 2 2 2 2 2
left_child=1 6 -3 -4 -5 -6 7 -1 12 -10 -11 -12 -9 -13
right_child=-2 2 3 4 5 -7 -8 8 9 10 11 13 -14 -15
leaf_value=-0.001007716495701761 0.0070321601808385151 -0.0021653846892864194 0.0087060750458129253 -0.0029210231634675256 -0.00049377525512408831 0.007426868322075706 -0.0018703097218564391 1.409217156469822e-05 -0.0041078869764828397 0.0065056696865526259 -0.0040734735356690024 0.0046708799344342472 0.0062900331123139676 -0.00039650770978242315
leaf_weight=4125 522 876 628 742 506 738 5171 800 936 534 544 578 577 581
leaf_count=4125 522 876 628 742 506 738 5171 800 936 534 544 578 577 581
internal_value=-4.14843e-11 -0.000211744 0.00190095 0.00326366 0.00154269 0.00420513 -0.000744266 -7.30529e-05 0.000774307 -3.70396e-05 0.00166627 0.000148813 0.00264388 0.00213063
internal_weight=17858 17336 3490 2614 1986 1244 13846 8675 4550 3173 2237 1703 1377 1159
internal_count=17858 17336 3490 2614 1986 1244 13846 8675 4550 3173 2237 1703 1377 1159
is_linear=0
shrinkage=0.05


Tree=52
num_leaves=15
num_cat=0
split_feature=0 2 0 1 0 1 2 0 0 1 1 1 0 1
split_gain=9.6241 8.97196 10.3622 5.39939 7.63698 11.9595 4.28177 2.71366 3.98526 2.56409 5.05246 6.74736 4.08127 3.54499
threshold=6.5253713130950937 1.5000000000000002 4.3469109535217294 6.7174110412597665 3.0172090530395512 19.641646385192875 1.0000000180025095e-35 4.8173367977142343 3.7354383468627934 34.103580474853523 30.012357711791996 27.798629760742191 1.1486966609954836 32.229108810424812
decision_type=2 2 2 2 2 2 2 2 2 2 2 2 2 2
left_child=1 6 3 -3 5 -5 9 8 -8 10 11 12 -1 -12
right_child=-2 2 -4 4 -6 -7 7 -9 -10 -11 13 -13 -14 -15
leaf_value=-0.0033803431170929162 0.0059486041082254127 0.0052427084769564383 0.0078677646679123428 0.0057794526936831301 -0.0052709014950945302 -0.0026128582890258246 -0.0021922791256009759 -0.0053168970491555747 0.0018341243837828839 -0.0035575956230362257 0.0063457277147849558 -0.0059076761692004199 0.00050594784693461811 0.0004181254684925079
leaf_weight=764 655 543 627 810 578 892 3858 534 731 510 509 511 5836 500
leaf_count=764 655 543 627 810 578 892 3858 534 731 510 509 511 5836 500
internal_value=6.95713e-11 -0.000226492 0.00205333 0.000761919 -0.000305217 0.00138113 -0.000798395 -0.00194345 -0.0015509 -0.000118659 9.73331e-05 -0.000372478 5.60802e-05 0.00340836
internal_weight=17858 17203 3450 2823 2280 1702 13753 5123 4589 8630 8120 7111 6600 1009
internal_count=17858 17203 3450 2823 2280 1702 13753 5123 4589 8630 8120 7111 6600 1009
is_linear=0
shrinkage=0.05


Tree=53
num_leaves=15
num_cat=0
split_feature=0 2 2 0 1 1 0 1 1 0 1 0 0 0
split_gain=9.14966 12.1537 10.6718 10.1143 9.88643 6.82533 8.25274 5.33041 4.40289 4.3504 8.27459 6.34457 5.71685 9.76238
threshold=3.1530255079269414 1.5000000000000002 1.0000000180025095e-35 5.3287389278411874 22.4625997543335 27.971342086791996 4.9729626178741464 23.565176963806156 11.662280082702638 2.8935406208038335 17.417921066284183 2.7337535619735722 2.5632447004318242 2.3410284519195561
decision_type=2 2 2 2 2 2 2 2 2 2 2 2 2 2
left_child=9 2 5 7 -3 6 -2 8 -4 11 -11 12 13 -1
right_child=1 4 3 -5 -6 -7 -8 -9 -10 10 -12 -13 -14 -15
leaf_value=-0.0011975880115877371 0.001496704165974099 0.0024099561369384476 0.00063250291017675597 -0.0085576954795214995 0.01114673373421405 -0.0019562633807368147 0.007613007242167691 0.003368525080058886 -0.0059700048070341826 -0.0082826722551275194 0.0005585167104798245 0.0039966662795367569 -0.0050347198626583389 0.0039500239169122601
leaf_weight=7302 1877 893 506 512 508 807 781 575 504 540 519 704 776 1054
leaf_count=7302 1877 893 506 512 508 807 781 575 504 540 519 704 776 1054
internal_value=2.40875e-11 0.0014157 0.000367295 -0.00244801 0.0055779 0.0020711 0.00329386 -0.000474406 -0.00266221 -0.000904775 -0.00394974 -0.000576937 -0.000929523 -0.000548284
internal_weight=17858 6963 5562 2097 1401 3465 2658 1585 1010 10895 1059 9836 9132 8356
internal_count=17858 6963 5562 2097 1401 3465 2658 1585 1010 10895 1059 9836 9132 8356
is_linear=0
shrinkage=0.05


Tree=54
num_leaves=15
num_cat=0
split_feature=0 1 1 0 1 1 1 0 0 0 1 0 0 1
split_gain=8.5578 5.53777 10.5319 8.76036 7.62982 5.07593 5.29538 6.11901 14.1241 8.16845 4.90451 4.15644 5.75229 5.53951
threshold=5.5037066936492929 3.0630726814270024 4.6392407417297372 2.9375507831573491 6.5984327793121347 8.5157127380371112 9.899322986602785 4.0500555038452157 3.6852741241455083 4.3469109535217294 15.415084362030031 3.4751502275466923 3.1530255079269414 14.240219593048097
decision_type=2 2 2 2 2 2 2 2 2 2 2 2 2 2
left_child=1 3 -3 -1 -4 -6 -7 8 11 -9 -2 12 13 -8
right_child=10 2 4 -5 5 6 7 9 -10 -11 -12 -13 -14 -15
leaf_value=-0.00030320438616794496 0.0003930082859901282 -0.0065015663421865034 0.0039835335843311425 0.0079193048307481476 -0.0043358414614536349 0.0040707307067761036 0.0021789862701696128 -0.0085855332866369063 0.0069720496052711927 -0.0012127359423060558 0.0061957464863434848 -0.0049481875779761467 0.0035515879145320592 -0.0013712282245629344
leaf_weight=894 650 722 964 508 861 638 1321 514 658 1396 828 521 852 6531
leaf_count=894 650 722 964 508 861 638 1321 514 658 1396 828 521 852 6531
internal_value=-3.1525e-11 -0.000328787 -0.00061006 0.00267614 -0.000311682 -0.000623192 -0.000366046 -0.000606075 -0.000105382 -0.00319683 0.0036438 -0.000610201 -0.00035054 -0.000773949
internal_weight=17858 16380 14978 1402 14256 13292 12431 11793 9883 1910 1478 9225 8704 7852
internal_count=17858 16380 14978 1402 14256 13292 12431 11793 9883 1910 1478 9225 8704 7852
is_linear=0
shrinkage=0.05


Tree=55
num_leaves=15
num_cat=0
split_feature=0 2 0 1 1 0 0 1 2 1 1 1 1 1
split_gain=8.02977 5.75544 6.40776 8.58436 8.74662 8.43877 3.23322 4.33313 2.3464 2.02187 1.74318 6.9186 4.76855 1.67795
threshold=6.786980628967286 1.5000000000000002 1.7006043791770937 8.1841802597045916 16.576591491699222 2.8574331998825078 1.2076039314270022 25.415451049804691 1.0000000180025095e-35 13.78537178039551 26.322703361511234 20.474933624267582 30.59936618804932 30.012357711791996
decision_type=2 2 2 2 2 2 2 2 2 2 2 2 2 2
left_child=1 6 -3 -4 -5 -6 7 9 13 -1 11 -10 -12 -8
right_child=-2 2 3 4 5 -7 8 -9 10 -11 12 -13 -14 -15
leaf_value=-0.0023531136969874677 0.0061100451291763586 -0.0020702957681733177 0.0079663174276653186 -0.0035524398914276393 -0.0011931971874202571 0.0068537823851179212 -0.0001519396947427982 0.001160849368865188 -0.001865793768595368 -0.0063850179467707466 -0.0065394357604989795 0.003659595104541568 -0.00013292988466118277 0.0018109745285992734
leaf_weight=665 522 876 628 640 553 793 6236 529 2605 584 511 724 673 1319
leaf_count=665 522 876 628 640 553 793 6236 529 2605 584 511 724 673 1319
internal_value=-2.16396e-12 -0.000183978 0.00163064 0.00287089 0.00125964 0.00354771 -0.000641367 -0.00263194 -0.000348092 -0.00423833 -0.00125016 -0.000664117 -0.0028979 0.000190758
internal_weight=17858 17336 3490 2614 1986 1346 13846 1778 12068 1249 4513 3329 1184 7555
internal_count=17858 17336 3490 2614 1986 1346 13846 1778 12068 1249 4513 3329 1184 7555
is_linear=0
shrinkage=0.05


Tree=56
num_leaves=15
num_cat=0
split_feature=2 0 2 0 0 1 0 1 0 1 1 0 1 1
split_gain=7.32076 12.8918 7.43804 9.09924 9.07307 6.77552 10.712 13.2622 3.55637 2.4085 4.56128 6.42787 2.34838 2.83822
threshold=1.5000000000000002 4.9276232719421396 1.0000000180025095e-35 4.9729626178741464 5.3287389278411874 7.7142424583435067 3.0172090530395512 19.641646385192875 4.3219997882843026 33.88446235656739 27.378501892089847 2.8149876594543461 5.5818932056427011 23.437017440795902
decision_type=2 2 2 2 2 2 2 2 2 2 2 2 2 2
left_child=2 5 3 9 8 -2 7 -7 12 10 -1 -12 -4 -14
right_child=1 -3 4 -5 -6 6 -8 -9 -10 -11 11 -13 13 -15
leaf_value=-0.00056891510326305059 0.0051484775650402848 0.0092727525566613754 0.00091112197462458295 0.0048025754510949703 -0.0083165184749873344 0.0066879276375480514 -0.0054523336911736523 -0.0023395546031238787 0.0025199489498049631 -0.0034446530211507606 -8.1518752788140527e-05 0.0068771195798008533 -0.0034536309073530053 -0.00058716178291957476
leaf_weight=5981 689 523 674 1026 512 748 745 892 537 534 861 540 2155 1441
leaf_count=5981 689 523 674 1026 512 748 745 892 537 534 861 540 2155 1441
internal_value=-4.51623e-11 0.00201575 -0.000508425 0.000372263 -0.00198899 0.000781067 -0.00048063 0.00177786 -0.00131503 -0.000201954 3.26166e-05 0.00260061 -0.00179733 -0.00230497
internal_weight=17858 3597 14261 8942 5319 3074 2385 1640 4807 7916 7382 1401 4270 3596
internal_count=17858 3597 14261 8942 5319 3074 2385 1640 4807 7916 7382 1401 4270 3596
is_linear=0
shrinkage=0.05


Tree=57
num_leaves=15
num_cat=0
split_feature=0 2 0 1 1 0 0 1 0 0 2 1 1 1
split_gain=6.99941 4.65082 5.91844 7.21751 10.9277 7.69207 2.83688 3.88536 2.24095 2.81538 2.03669 1.82129 1.71344 5.37009
threshold=6.786980628967286 1.5000000000000002 1.7006043791770937 9.5995421409606951 16.576591491699222 2.8574331998825078 1.2076039314270022 25.26520919799805 1.3807836174964907 1.5433149933815005 1.0000000180025095e-35 13.78537178039551 26.322703361511234 20.474933624267582
decision_type=2 2 2 2 2 2 2 2 2 2 2 2 2 2
left_child=1 6 -3 -4 -5 -6 7 11 -8 -10 -11 -1 13 -12
right_child=-2 2 3 4 5 -7 8 -9 9 10 12 -13 -14 -15
leaf_value=-0.0021908397221923771 0.0057045787589810083 -0.0020973763798605907 0.0068801869589011555 -0.0049897550317217357 -0.0010965498942363111 0.0065861717899991165 0.0027747057431321128 0.0011247385006684524 -0.0039363105078681713 0.00024536544752913061 -0.0016757377698428573 -0.0060245515046448549 -0.0028674651730445123 0.0033980388338886096
leaf_weight=665 522 876 728 540 553 793 562 533 554 6844 2353 580 1085 670
leaf_count=665 522 876 728 540 553 793 562 533 554 6844 2353 580 1085 670
internal_value=7.42482e-11 -0.000171769 0.00145944 0.0026514 0.00101907 0.00342975 -0.000582929 -0.0024475 -0.000308218 -0.000458801 -0.000282893 -0.00397683 -0.00116298 -0.000551216
internal_weight=17858 17336 3490 2614 1886 1346 13846 1778 12068 11506 10952 1245 4108 3023
internal_count=17858 17336 3490 2614 1886 1346 13846 1778 12068 11506 10952 1245 4108 3023
is_linear=0
shrinkage=0.05


Tree=58
num_leaves=15
num_cat=0
split_feature=0 2 0 1 1 0 0 1 0 1 1 1 1 1
split_gain=6.31697 4.19737 5.34139 6.51381 9.86228 6.9421 2.56028 3.50654 2.02246 2.55073 7.63763 4.67317 4.29854 8.24366
threshold=6.786980628967286 1.5000000000000002 1.7006043791770937 9.5995421409606951 16.576591491699222 2.8574331998825078 1.2076039314270022 25.26520919799805 1.3807836174964907 4.6392407417297372 3.0630726814270024 6.5984327793121347 8.5157127380371112 11.662280082702638
decision_type=2 2 2 2 2 2 2 2 2 2 2 2 2 2
left_child=1 6 -3 -4 -5 -6 7 -1 -8 10 -10 -11 -13 -14
right_child=-2 2 3 4 5 -7 8 -9 9 11 -12 12 13 -15
leaf_value=-0.0037779849755716134 0.0054193498372498159 -0.001992507884491524 0.0065361776661670232 -0.0047402670707001734 -0.0010417225779072931 0.0062568635885306596 0.0026359703405047651 0.0010685016832700589 0.00015835788449630362 0.0038309951832647933 -0.0073614283866090743 -0.004634631686497733 0.0042018518862537184 -0.00070511783570141422
leaf_weight=1245 522 876 728 540 553 793 562 533 1015 688 506 573 962 7762
leaf_count=1245 522 876 728 540 553 793 562 533 1015 688 506 573 962 7762
internal_value=3.34767e-11 -0.000163181 0.00138647 0.00251883 0.000968121 0.00325826 -0.000553783 -0.00232513 -0.000292807 -0.000435861 -0.00234329 -0.000145304 -0.00043956 -0.000164024
internal_weight=17858 17336 3490 2614 1886 1346 13846 1778 12068 11506 1521 9985 9297 8724
internal_count=17858 17336 3490 2614 1886 1346 13846 1778 12068 11506 1521 9985 9297 8724
is_linear=0
shrinkage=0.05


Tree=59
num_leaves=15
num_cat=0
split_feature=0 1 0 0 0 0 1 0 0 1 0 1 0 0
split_gain=5.84071 4.75271 5.29632 14.392 4.99781 5.61865 4.44733 3.91648 5.05255 9.76312 4.81396 7.74408 5.92832 5.18733
threshold=5.5037066936492929 1.1188510656356814 4.500927448272706 4.2526242733001718 4.0119636058807382 3.6852741241455083 15.415084362030031 3.5171769857406621 3.1530255079269414 23.20114898681641 2.8935406208038335 17.729066848754886 2.7658754587173466 2.5632447004318242
decision_type=2 2 2 2 2 2 2 2 2 2 2 2 2 2
left_child=1 -1 3 4 5 7 -2 8 10 -10 12 -12 13 -3
right_child=6 2 -4 -5 -6 -7 -8 -9 9 -11 11 -13 -14 -15
leaf_value=0.0044226950894456036 -8.5300012276722837e-05 -0.00023853211194662787 -0.003191520174795823 0.0078751529019511889 -0.0050912322234429614 0.003777751572018752 0.0054403741192606903 -0.0046644256178743288 -0.00079591756554350617 0.0081041592136025433 -0.0083607671956418758 0.00037435539998114113 0.0047459993030312319 -0.0042461299859693352
leaf_weight=522 650 8088 1561 541 554 815 828 542 803 500 503 512 542 897
leaf_count=522 650 8088 1561 541 554 815 828 542 803 500 503 512 542 897
internal_value=-1.72732e-11 -0.000271623 -0.000426147 -0.000124213 -0.000438814 -0.000243583 0.00301027 -0.000508166 -0.000317985 0.00261931 -0.000681037 -0.00395448 -0.000332287 -0.000638623
internal_weight=17858 16380 15858 14297 13756 13202 1478 12387 11845 1303 10542 1015 9527 8985
internal_count=17858 16380 15858 14297 13756 13202 1478 12387 11845 1303 10542 1015 9527 8985
is_linear=0
shrinkage=0.05


Tree=60
num_leaves=15
num_cat=0
split_feature=2 0 2 0 0 1 1 0 1 1 1 1 1 0
split_gain=5.63979 10.7887 6.38529 8.93423 7.5357 9.79768 5.20485 11.184 12.3057 3.33984 3.5112 6.36906 8.19311 3.22007
threshold=1.5000000000000002 4.9276232719421396 1.0000000180025095e-35 5.3287389278411874 4.6363980770111093 21.995532989501957 7.7142424583435067 3.0172090530395512 19.641646385192875 33.755502700805671 31.102161407470707 28.25096416473389 24.693804740905765 4.3219997882843026
decision_type=2 2 2 2 2 2 2 2 2 2 2 2 2 2
left_child=2 6 4 13 9 -6 -2 8 -8 10 11 12 -1 -4
right_child=1 -3 3 -5 5 -7 7 -9 -10 -11 -12 -13 -14 -15
leaf_value=-0.00050267620122912112 0.0044676229769312634 0.008407998905226902 -0.0016081870109959564 -0.0080969729433036271 0.0074730144582332188 -0.0013681240800407625 0.0065713262135651028 -0.0055461307343926854 -0.0021245078689047041 -0.0040853796366523828 0.003814702769398898 -0.0052851232277893283 0.0050144826089734409 0.0024998924446949528
leaf_weight=5197 689 523 4270 512 773 527 748 745 892 523 571 578 773 537
leaf_count=5197 689 523 4270 512 773 527 748 745 892 523 571 578 773 537
internal_value=-5.93765e-11 0.00176925 -0.000446252 -0.00181804 0.000369735 0.00388895 0.000639758 -0.00046607 0.00184164 -0.000228929 5.4387e-05 -0.000273521 0.00021169 -0.00114926
internal_weight=17858 3597 14261 5319 8942 1300 3074 2385 1640 7642 7119 6548 5970 4807
internal_count=17858 3597 14261 5319 8942 1300 3074 2385 1640 7642 7119 6548 5970 4807
is_linear=0
shrinkage=0.05


Tree=61
num_leaves=15
num_cat=0
split_feature=0 2 1 2 0 1 1 0 1 0 1 0 0 0
split_gain=5.28157 8.02287 8.19664 7.51102 8.35831 6.42082 8.00145 14.6225 4.70432 4.15336 10.3186 6.04241 4.88723 8.38961
threshold=3.1530255079269414 1.5000000000000002 22.4625997543335 1.0000000180025095e-35 5.3287389278411874 27.971342086791996 9.0466494560241717 3.71253514289856 23.565176963806156 2.8742823600769047 17.417921066284183 2.7337535619735722 2.5632447004318242 2.3410284519195561
decision_type=2 2 2 2 2 2 2 2 2 2 2 2 2 2
left_child=9 3 -3 5 8 6 -2 -8 -5 11 -11 12 13 -1
right_child=1 2 -4 4 -6 -7 7 -9 -10 10 -12 -13 -14 -15
leaf_value=-0.000932619793605647 -0.0011037381866467728 0.0015727541363675019 0.009527924545769265 -0.002399271056793704 -0.0076921246355624367 -0.0022530109006472974 -0.0024418509629586275 0.007586785982293294 0.0032662343123684764 -0.0082092036409624689 0.0013545145672527168 0.0043646558331860352 -0.0044788447467936686 0.0038393642378712969
leaf_weight=7302 867 893 508 1010 512 807 507 1284 575 580 549 634 776 1054
leaf_count=7302 867 893 508 1010 512 807 507 1284 575 580 549 634 776 1054
internal_value=5.90474e-11 0.0010756 0.00445728 0.000223795 -0.00213808 0.00165319 0.00283915 0.00474786 -0.000343962 -0.000687416 -0.00355864 -0.000355488 -0.000683189 -0.000330696
internal_weight=17858 6963 1401 5562 2097 3465 2658 1791 1585 10895 1129 9766 9132 8356
internal_count=17858 6963 1401 5562 2097 3465 2658 1791 1585 10895 1129 9766 9132 8356
is_linear=0
shrinkage=0.05


Tree=62
num_leaves=15
num_cat=0
split_feature=0 2 0 0 0 0 1 0 1 2 1 1 1 1
split_gain=5.1412 4.53997 6.37195 4.01011 4.79405 3.62413 10.3719 12.4682 2.13516 3.56462 5.30183 6.95845 8.19362 2.73615
threshold=6.5253713130950937 1.5000000000000002 4.3469109535217294 5.2737994194030771 4.6705245971679696 2.923602938652039 19.641646385192875 1.856028735637665 34.524749755859382 1.0000000180025095e-35 31.102161407470707 28.25096416473389 24.693804740905765 19.974007606506351
decision_type=2 2 2 2 2 2 2 2 2 2 2 2 2 2
left_child=1 3 5 4 8 6 7 -3 9 10 11 12 13 -1
right_child=-2 2 -4 -5 -6 -7 -8 -9 -10 -11 -12 -13 -14 -15
leaf_value=0.00010013101874171077 0.0043477755716027876 -0.00024064887431259031 0.0060157205028856025 -0.0038578402388027345 0.0036167281800272236 -0.002356425772034904 -0.0026049815267499966 0.010169754504085169 -0.003771248610601539 -0.0015859778410480267 0.0041547938055979707 -0.0054452601284401062 0.0050622519436490125 -0.0028651461506090247
leaf_weight=4255 655 609 627 870 719 820 849 545 504 4324 768 584 777 952
leaf_count=4255 655 609 627 870 719 820 849 545 504 4324 768 584 777 952
internal_value=-4.18738e-11 -0.000165541 0.00145621 -0.000572363 -0.000350492 0.000443522 0.00158978 0.00467588 -0.00058499 -0.000447265 0.000223917 -0.000235722 0.000272695 -0.000442013
internal_weight=17858 17203 3450 13753 12883 2823 2003 1154 12164 11660 7336 6568 5984 5207
internal_count=17858 17203 3450 13753 12883 2823 2003 1154 12164 11660 7336 6568 5984 5207
is_linear=0
shrinkage=0.05


Tree=63
num_leaves=15
num_cat=0
split_feature=0 1 0 0 0 0 1 0 0 1 0 1 0 0
split_gain=4.79649 4.34341 6.08641 12.3641 4.68261 4.83644 4.18159 3.40367 4.82322 8.60356 3.81206 6.34214 4.93229 6.19966
threshold=5.5037066936492929 1.1188510656356814 4.500927448272706 4.2526242733001718 4.0119636058807382 3.6852741241455083 15.415084362030031 3.5171769857406621 3.1530255079269414 23.20114898681641 2.8935406208038335 17.729066848754886 2.7337535619735722 2.5632447004318242
decision_type=2 2 2 2 2 2 2 2 2 2 2 2 2 2
left_child=1 -1 3 4 5 7 -2 8 10 -10 12 -12 13 -3
right_child=6 2 -4 -5 -6 -7 -8 -9 9 -11 11 -13 -14 -15
leaf_value=0.0042414878930368419 -0.00027372050901445063 -0.00019728874111017 -0.0033583400466298584 0.0073442084673454719 -0.004865113312936647 0.0035581161527454492 0.0050843194183603311 -0.0042929106642839217 -0.00057714719552625607 0.0077777024105191231 -0.0074962174234759968 0.00040878319123294204 0.0038052389888386974 -0.0049349020609003036
leaf_weight=522 650 8088 1561 541 554 815 828 542 803 500 503 512 684 755
leaf_count=522 650 8088 1561 541 554 815 828 542 803 500 503 512 684 755
internal_value=-1.02882e-11 -0.000246148 -0.000393868 -7.01956e-05 -0.000361791 -0.000172817 0.00272794 -0.000418293 -0.000240999 0.00262886 -0.000595716 -0.00350867 -0.000285372 -0.000601778
internal_weight=17858 16380 15858 14297 13756 13202 1478 12387 11845 1303 10542 1015 9527 8843
internal_count=17858 16380 15858 14297 13756 13202 1478 12387 11845 1303 10542 1015 9527 8843
is_linear=0
shrinkage=0.05


Tree=64
num_leaves=15
num_cat=0
split_feature=0 0 0 0 1 1 2 1 1 0 1 1 1 0
split_gain=4.40778 3.27043 4.39669 8.46343 7.07843 6.40041 3.87133 10.5815 10.1137 4.27965 3.71652 13.4586 8.74074 10.6064
threshold=6.786980628967286 1.7966887950897219 1.4529523253440859 1.2567819952964785 17.013521194458011 19.829639434814457 1.5000000000000002 8.1841802597045916 15.681638717651369 2.8574331998825078 17.877139091491703 14.387863636016847 25.922469139099125 3.71253514289856
decision_type=2 2 2 2 2 2 2 2 2 2 2 2 2 2
left_child=1 2 3 4 -1 -4 10 -8 -9 -10 11 -3 13 -12
right_child=-2 6 5 -5 -6 -7 7 8 9 -11 12 -13 -14 -15
leaf_value=-0.0044672005148051015 0.0045269170581537987 0.00018483266070033115 -0.0005058319493255794 0.0043323287459285671 0.0009445110755780386 -0.0069277869330512153 0.0077721483713458677 -0.0055060511759394432 -0.00098991528266093682 0.0047647062197596918 0.00066061670346618205 -0.0062815574477315846 -0.0010175758288035071 0.0079822538591012241
leaf_weight=1161 522 3989 854 782 1260 711 610 551 529 830 1438 1008 2859 754
leaf_count=1161 522 3989 854 782 1260 711 610 551 529 830 1438 1008 2859 754
internal_value=4.16932e-11 -0.000136309 -0.00125128 -0.000189964 -0.0016507 -0.00342341 0.000286684 0.00203898 0.000207962 0.00252468 -0.000152784 -0.00111957 0.00080367 0.0031791
internal_weight=17858 17336 4768 3203 2421 1565 12568 2520 1910 1359 10048 4997 5051 2192
internal_count=17858 17336 4768 3203 2421 1565 12568 2520 1910 1359 10048 4997 5051 2192
is_linear=0
shrinkage=0.05


Tree=65
num_leaves=15
num_cat=0
split_feature=0 0 0 0 1 1 1 2 1 1 0 1 1 1
split_gain=3.97802 2.95156 3.96802 7.63824 6.38829 5.77637 3.66055 3.49387 9.61788 12.1129 6.31025 3.35416 12.1464 7.88852
threshold=6.786980628967286 1.7966887950897219 1.4529523253440859 1.2567819952964785 17.013521194458011 19.829639434814457 7.8885366916656503 1.5000000000000002 9.5995421409606951 16.576591491699222 2.8574331998825078 17.877139091491703 14.387863636016847 25.922469139099125
decision_type=2 2 2 2 2 2 2 2 2 2 2 2 2 2
left_child=1 2 3 4 6 -4 -1 11 -9 -10 -11 12 -3 -13
right_child=-2 7 5 -5 -6 -7 -8 8 9 10 -12 13 -14 -15
leaf_value=-0.0010327243603484532 0.0043005702665639446 0.0001755909758437155 -0.00048054065860685759 0.0041157122691878887 0.0008972857602768475 -0.006581397312686749 -0.0066985388544011622 0.0068689870847303842 -0.0064925579935790623 -0.0018023794794651436 0.0053569949949618251 0.0030201446360153873 -0.0059674795229165334 -0.00096669710134086005
leaf_weight=503 522 3989 854 782 1260 711 658 710 514 503 793 2192 1008 2859
leaf_count=503 522 3989 854 782 1260 711 658 710 514 503 793 2192 1008 2859
internal_value=-8.53265e-12 -0.000129493 -0.00118871 -0.000180466 -0.00156816 -0.00325224 -0.00424384 0.00027235 0.00193703 2.38969e-06 0.00257832 -0.000145145 -0.0010636 0.000763486
internal_weight=17858 17336 4768 3203 2421 1565 1161 12568 2520 1810 1296 10048 4997 5051
internal_count=17858 17336 4768 3203 2421 1565 1161 12568 2520 1810 1296 10048 4997 5051
is_linear=0
shrinkage=0.05


Tree=66
num_leaves=15
num_cat=0
split_feature=2 0 2 0 0 1 1 0 1 1 1 0 0 1
split_gain=3.67573 8.12571 5.01811 7.96315 5.57561 8.80198 3.60713 11.9655 10.6345 2.92682 3.55693 5.50095 2.62403 2.56159
threshold=1.5000000000000002 4.9276232719421396 1.0000000180025095e-35 5.3287389278411874 4.6363980770111093 21.995532989501957 7.7142424583435067 3.0172090530395512 19.641646385192875 33.755502700805671 27.378501892089847 2.7658754587173466 4.3219997882843026 19.974007606506351
decision_type=2 2 2 2 2 2 2 2 2 2 2 2 2 2
left_child=2 6 4 12 9 -6 -2 8 -8 10 13 -12 -4 -1
right_child=1 -3 3 -5 5 -7 7 -9 -10 -11 11 -13 -14 -15
leaf_value=0.00021087461238637986 0.0036347484558750436 0.0071897834468184199 -0.0013592486301615869 -0.0075042386328277649 0.0067873022970857946 -0.0015925566833713701 0.0063113060296777108 -0.005727037578421152 -0.0017725204455879238 -0.0037619750854162139 -6.6733991695662681e-05 0.0065616789406963763 0.0023491823390209476 -0.0021693748893675865
leaf_weight=4249 689 523 4270 512 773 527 748 745 892 523 826 504 537 1540
leaf_count=4249 689 523 4270 512 773 527 748 745 892 523 826 504 537 1540
internal_value=1.85946e-11 0.00142834 -0.000360264 -0.00157636 0.00036311 0.00339024 0.000448103 -0.000472484 0.00191449 -0.000151842 0.000113377 0.00244509 -0.000944972 -0.000422324
internal_weight=17858 3597 14261 5319 8942 1300 3074 2385 1640 7642 7119 1330 4807 5789
internal_count=17858 3597 14261 5319 8942 1300 3074 2385 1640 7642 7119 1330 4807 5789
is_linear=0
shrinkage=0.05


Tree=67
num_leaves=15
num_cat=0
split_feature=0 1 1 0 0 0 0 0 0 1 0 1 0 0
split_gain=3.50529 3.92805 3.70408 6.2949 10.6873 4.57499 4.08816 3.14947 4.20256 7.59706 3.70798 5.55471 4.35127 4.09491
threshold=5.5037066936492929 15.415084362030031 1.1188510656356814 4.500927448272706 4.2526242733001718 4.0119636058807382 3.6852741241455083 3.5171769857406621 3.1530255079269414 23.20114898681641 2.8935406208038335 17.729066848754886 2.7658754587173466 2.5632447004318242
decision_type=2 2 2 2 2 2 2 2 2 2 2 2 2 2
left_child=2 -2 -1 4 5 6 7 8 10 -10 12 -12 13 -4
right_child=1 -3 3 -5 -6 -7 -8 -9 9 -11 11 -13 -14 -15
leaf_value=0.0039337902882946403 -0.00057720610571022218 0.0046158587328632974 -8.9128954040345359e-05 -0.0033616586230351599 0.006875644719259136 -0.0047400444813260967 0.0033282105003032223 -0.0040547939601639545 -0.00049092082183803452 0.007360030534863473 -0.0070929475587831583 0.00030505951726809147 0.004168546466479882 -0.0036498223027523814
leaf_weight=522 650 828 8088 1561 541 554 815 542 803 500 503 512 542 897
leaf_count=522 650 828 8088 1561 541 554 815 542 803 500 503 512 542 897
internal_value=-4.69768e-11 0.00233203 -0.000210424 -0.00034684 -1.76707e-05 -0.000288773 -0.000101983 -0.000327672 -0.000157127 0.00252172 -0.000488235 -0.00336114 -0.000182157 -0.000444604
internal_weight=17858 1478 16380 15858 14297 13756 13202 12387 11845 1303 10542 1015 9527 8985
internal_count=17858 1478 16380 15858 14297 13756 13202 12387 11845 1303 10542 1015 9527 8985
is_linear=0
shrinkage=0.05


Tree=68
num_leaves=15
num_cat=0
split_feature=2 0 2 0 0 1 1 0 1 1 1 0 0 0
split_gain=3.36022 7.3178 4.51849 7.37231 5.03649 8.12948 3.26655 10.8521 9.64489 2.72294 3.44358 3.17889 2.44064 3.17596
threshold=1.5000000000000002 4.9276232719421396 1.0000000180025095e-35 5.3287389278411874 4.6363980770111093 21.995532989501957 7.7142424583435067 3.0172090530395512 19.641646385192875 33.413610458374031 27.378501892089847 2.4610753059387211 2.8274753093719487 3.2475197315216069
decision_type=2 2 2 2 2 2 2 2 2 2 2 2 2 2
left_child=2 6 4 12 9 -6 -2 8 -8 10 -1 -12 -4 -14
right_child=1 -3 3 -5 5 -7 7 -9 -10 -11 11 -13 13 -15
leaf_value=-0.00039263914560773336 0.0034679088840890993 0.0068331892244218638 -0.0018472114144561114 -0.0072021545516690825 0.0064837378178654488 -0.0015696401932264415 0.0060198390228863074 -0.0054447328670562921 -0.0016786810144314318 -0.003425523597969968 0.00013401848802934417 0.0051510170001774934 0.0037290269769103832 -0.0007615148980766131
leaf_weight=5789 689 523 2794 512 773 527 748 745 892 585 674 594 537 1476
leaf_count=5789 689 523 2794 512 773 527 748 745 892 585 674 594 537 1476
internal_value=-4.53536e-11 0.00136566 -0.000344455 -0.00149842 0.000341964 0.00321902 0.000435432 -0.000440616 0.0018326 -0.00014746 0.00012428 0.00248425 -0.000890913 0.000436409
internal_weight=17858 3597 14261 5319 8942 1300 3074 2385 1640 7642 7057 1268 4807 2013
internal_count=17858 3597 14261 5319 8942 1300 3074 2385 1640 7642 7057 1268 4807 2013
is_linear=0
shrinkage=0.05


Tree=69
num_leaves=15
num_cat=0
split_feature=0 2 1 1 1 1 1 0 0 1 0 1 0 0
split_gain=3.16901 4.58062 4.99835 8.32718 4.90468 15.4148 7.93352 9.0432 16.2109 8.8864 6.07354 5.17539 11.1204 6.80278
threshold=1.7966887950897219 1.5000000000000002 9.5995421409606951 17.729066848754886 27.971342086791996 30.012357711791996 18.053408622741703 3.71253514289856 3.0817087888717656 15.156090736389162 3.7354383468627934 7.4077570438385019 4.1606194972991952 3.060837030410767
decision_type=2 2 2 2 2 2 2 2 2 2 2 2 2 2
left_child=-1 4 -3 -4 6 -6 9 8 -8 11 -7 -2 13 -13
right_child=1 2 3 -5 5 10 7 -9 -10 -11 -12 12 -14 -15
leaf_value=-0.0011036138970642382 -0.0013611974378169992 0.0057448463889110003 -0.0037458039741367572 0.0032773308842812621 -0.0091283310811781353 0.0026121494034740417 0.0034916700825404902 0.0063638056972375725 -0.006976755629194544 -0.0051024467017505648 -0.0033962492474556988 0.0024379759839299095 0.0079971888283054942 -0.0044634869057952635
leaf_weight=4768 2243 742 638 1247 583 1070 1299 1037 517 919 693 953 578 571
leaf_count=4768 2243 742 638 1247 583 1070 1299 1037 517 919 693 953 578 571
internal_value=-5.89433e-12 0.000401989 0.00226863 0.00090027 -6.66782e-05 -0.00208031 0.000515309 0.00263861 0.000511397 -0.000635486 0.000250368 0.000309309 0.00209187 -0.000147808
internal_weight=17858 13090 2627 1885 10463 2346 8117 2853 1816 5264 1763 4345 2102 1524
internal_count=17858 13090 2627 1885 10463 2346 8117 2853 1816 5264 1763 4345 2102 1524
is_linear=0
shrinkage=0.05


Tree=70
num_leaves=15
num_cat=0
split_feature=0 2 1 1 1 0 2 1 1 1 0 1 0 0
split_gain=3.08482 5.57749 7.54433 5.92696 7.89031 10.0014 6.18521 4.50868 3.76626 3.66206 3.52474 7.91043 4.33139 3.81329
threshold=3.1530255079269414 1.5000000000000002 12.746846199035646 27.971342086791996 9.0466494560241717 3.71253514289856 1.0000000180025095e-35 17.013521194458011 5.7009029388427743 32.859310150146491 2.8742823600769047 17.417921066284183 2.7337535619735722 2.5632447004318242
decision_type=2 2 2 2 2 2 2 2 2 2 2 2 2 2
left_child=10 3 -3 4 8 -6 7 -7 -2 -5 12 -12 13 -1
right_child=1 2 -4 9 5 6 -8 -9 -10 -11 11 -13 -14 -15
leaf_value=-0.00018566305874617278 -9.6606604062794349e-05 0.0084174391880962787 0.00082275550579916481 -0.0051610496534878741 -0.0020269963903602889 0.010140173512229227 0.00071410404346513418 0.0041025932668860444 -0.0054553596940759112 0.00017861770384131501 -0.0072422713657905313 0.0011314185102129243 0.0037767769645441224 -0.0038498100277382079
leaf_weight=8356 915 520 881 737 841 519 705 765 511 569 580 549 634 776
leaf_count=8356 915 520 881 737 841 519 705 765 511 569 580 549 634 776
internal_value=9.20149e-12 0.000822023 0.00364162 0.0001118 0.00101595 0.00254416 0.00447696 0.00654302 -0.00201689 -0.00283466 -0.000525355 -0.00317039 -0.000219576 -0.000497027
internal_weight=17858 6963 1401 5562 4256 2830 1989 1284 1426 1306 10895 1129 9766 9132
internal_count=17858 6963 1401 5562 4256 2830 1989 1284 1426 1306 10895 1129 9766 9132
is_linear=0
shrinkage=0.05


Tree=71
num_leaves=15
num_cat=0
split_feature=0 2 1 1 0 0 0 0 1 0 0 1 0 1
split_gain=2.88339 4.14825 4.61371 11.7562 5.41536 5.10863 4.25063 7.30383 10.8245 5.57025 7.45763 6.83544 4.01741 14.0259
threshold=2.138858556747437 1.5000000000000002 28.107201576232914 30.012357711791996 6.1770546436309823 3.5171769857406621 4.500927448272706 3.7354383468627934 15.54867458343506 2.4330505132675175 2.6761906147003178 15.270777702331545 2.923602938652039 22.4625997543335
decision_type=2 2 2 2 2 2 2 2 2 2 2 2 2 2
left_child=-1 2 4 -4 6 -5 7 9 -9 -2 -11 -12 -3 -14
right_child=1 12 3 5 -6 -7 -8 8 -10 10 11 -13 13 -15
leaf_value=-0.00085175809634844765 0.0034953331230197018 0.0054921421829318071 -0.008742529449175555 0.002923025039325503 0.0054508417074505553 -0.0028292254729359138 -0.002445612316670774 -0.00037267526409421209 0.0091203809064677645 -0.0054857773098716126 0.0024954446791518063 -0.0026769591693754321 -0.0026303616978939483 0.007076626547259858
leaf_weight=6384 827 712 502 777 532 767 1229 617 585 748 1429 1155 1002 592
leaf_count=6384 827 712 502 777 532 767 1229 617 585 748 1429 1155 1002 592
internal_value=4.98668e-11 0.000473908 -2.8928e-06 -0.00209559 0.000598295 6.55275e-05 0.000206556 0.000814561 0.00424749 -0.000177595 -0.00108921 0.000183476 0.00236953 0.000974743
internal_weight=17858 11474 9168 2046 7122 1544 6590 5361 1202 4159 3332 2584 2306 1594
internal_count=17858 11474 9168 2046 7122 1544 6590 5361 1202 4159 3332 2584 2306 1594
is_linear=0
shrinkage=0.05


Tree=72
num_leaves=15
num_cat=0
split_feature=0 0 2 1 1 0 1 2 1 0 1 0 0 0
split_gain=2.6798 5.22122 6.07507 6.00458 5.88096 6.43687 12.2814 4.66734 3.87679 3.30599 7.21951 3.78299 5.96576 6.98927
threshold=3.1530255079269414 3.3052772283554082 1.5000000000000002 13.381580829620363 27.971342086791996 3.7354383468627934 9.0466494560241717 1.0000000180025095e-35 17.013521194458011 2.8742823600769047 17.417921066284183 2.6901332139968877 2.5632447004318242 2.3410284519195561
decision_type=2 2 2 2 2 2 2 2 2 2 2 2 2 2
left_child=9 -2 4 -4 5 -3 -7 8 -8 11 -11 12 13 -1
right_child=1 2 3 -5 -6 6 7 -9 -10 10 -12 -13 -14 -15
leaf_value=-0.00070955961011860333 0.0053691265308182991 -0.0030421481997054364 0.0076408849732137706 0.00067433941867629083 -0.0035006112920429491 -0.002827923412540716 0.0091538990849588959 0.00069262763900722541 0.0035022426410322607 -0.0069412896653701529 0.0010583528404027388 0.0030039635000849618 -0.0054688371625621762 0.0036459994221378321
leaf_weight=7302 566 959 510 786 1187 1002 511 695 747 580 549 845 565 1054
leaf_count=7302 566 959 510 786 1187 1002 511 695 747 580 549 845 565 1054
internal_value=-2.09578e-11 0.000766161 0.000358895 0.0034158 -0.000417767 0.000517168 0.00167229 0.00398115 0.00579795 -0.000489654 -0.0030513 -0.000193515 -0.000496381 -0.000160163
internal_weight=17858 6963 6397 1296 5101 3914 2955 1953 1258 10895 1129 9766 8921 8356
internal_count=17858 6963 6397 1296 5101 3914 2955 1953 1258 10895 1129 9766 8921 8356
is_linear=0
shrinkage=0.05


Tree=73
num_leaves=15
num_cat=0
split_feature=0 0 1 1 1 1 1 0 1 1 0 1 1 1
split_gain=2.44882 1.94337 3.63311 10.6572 10.3926 8.21304 7.07263 3.17017 4.89322 9.81999 7.49156 4.96907 4.93446 13.5255
threshold=6.786980628967286 1.7966887950897219 10.678173065185549 19.974007606506351 24.693804740905765 4.0947723388671884 31.273641586303714 1.9304367899894717 4.6392407417297372 3.0630726814270024 3.1357897520065312 6.5984327793121347 17.729066848754886 19.301691055297855
decision_type=2 2 2 2 2 2 2 2 2 2 2 2 2 2
left_child=1 2 5 -4 -5 -1 -6 -3 9 10 -9 -10 -13 -14
right_child=-2 7 3 4 6 -7 -8 8 11 -11 -12 12 13 -15
leaf_value=0.0015610120647965697 0.0033742034287723602 0.003678381398154892 0.0034981261494085774 -0.0078504048711480114 0.0028642001892289809 -0.0062549577565859261 -0.004144440063131534 -0.0040054947979322924 0.0043620597086122745 -0.0081727162082170113 0.0046027777305476473 -0.0013031384375299425 0.0088644288554343264 0.00029485241887500208
leaf_weight=563 522 631 1290 598 868 834 615 508 746 521 503 3714 503 5442
leaf_count=563 522 631 1290 598 868 834 615 508 746 521 503 3714 503 5442
internal_value=-4.02714e-11 -0.0001016 -0.000961084 -7.25791e-05 -0.00228604 -0.00310507 -4.22825e-05 0.000224468 4.18912e-05 -0.00259633 0.000277355 0.000430335 0.000126673 0.00101991
internal_weight=17858 17336 4768 3371 2081 1397 1483 12568 11937 1532 1011 10405 9659 5945
internal_count=17858 17336 4768 3371 2081 1397 1483 12568 11937 1532 1011 10405 9659 5945
is_linear=0
shrinkage=0.05


Tree=74
num_leaves=15
num_cat=0
split_feature=0 2 0 0 1 1 1 1 0 1 1 1 1 0
split_gain=2.25917 3.40536 3.96937 8.33657 6.77881 3.92865 10.6047 4.52296 4.32558 4.29175 6.92538 9.34999 5.19156 10.8634
threshold=2.138858556747437 1.5000000000000002 4.9276232719421396 2.923602938652039 17.150908470153812 28.107201576232914 30.012357711791996 24.860664367675785 3.7354383468627934 22.594151496887211 18.177651405334476 16.160283088684086 9.0466494560241717 4.1606194972991952
decision_type=2 2 2 2 2 2 2 2 2 2 2 2 2 2
left_child=-1 5 3 -3 -5 7 -7 9 -8 10 11 12 -2 -14
right_child=1 2 -4 4 -6 6 8 -9 -10 -11 -12 -13 13 -15
leaf_value=-0.00075394357321200366 -0.0010421050791035423 0.005206668309427882 0.0059672454661417254 -0.0058232116228776913 0.0021338055778397334 -0.0082566537660550329 0.0024971489865687427 0.0040868561943347226 -0.0028237422126577831 -0.0038994274316600675 0.0041666751124737958 -0.006503755181115501 -5.2297109263616429e-05 0.0084560367830649585
leaf_weight=6384 2347 712 523 526 545 502 851 799 693 608 1060 539 1229 540
leaf_count=6384 2347 712 523 526 545 502 851 799 693 608 1060 539 1229 540
internal_value=1.71344e-11 0.000419485 0.002137 0.0010135 -0.00177412 -1.2517e-05 -0.00194361 0.000542244 0.000108951 9.43327e-05 0.000519216 -0.000311355 0.000499554 0.00254493
internal_weight=17858 11474 2306 1783 1071 9168 2046 7122 1544 6323 5715 4655 4116 1769
internal_count=17858 11474 2306 1783 1071 9168 2046 7122 1544 6323 5715 4655 4116 1769
is_linear=0
shrinkage=0.05


Tree=75
num_leaves=15
num_cat=0
split_feature=0 1 1 1 0 0 1 1 0 0 1 0 1 0
split_gain=2.14613 5.26858 10.6064 5.13825 3.58869 9.1414 13.0834 10.9789 32.9776 10.6792 6.65097 2.94924 6.05761 3.32493
threshold=3.1530255079269414 33.248571395874031 30.195087432861332 26.997159957885746 3.4956555366516118 4.0500555038452157 21.203180313110355 9.0466494560241717 4.9729626178741464 5.1321570873260507 16.250737190246586 2.8742823600769047 17.417921066284183 2.7337535619735722
decision_type=2 2 2 2 2 2 2 2 2 2 2 2 2 2
left_child=11 2 3 4 -2 10 7 9 -9 -7 -6 13 -13 -1
right_child=1 -3 -4 -5 5 6 -8 8 -10 -11 -12 12 -14 -15
leaf_value=-0.00040157764857986545 -0.0024345632545326071 0.0051604871810127222 -0.0061646895511890572 0.0052276522308200984 0.0015615594178267534 0.0024362453935598887 -0.0067529980973541782 -0.0043676632461145844 0.011501307983191329 -0.0075592209167764414 0.0090985984309109851 -0.0064209271736186124 0.00090677033845192739 0.0033429051047243908
leaf_weight=9132 920 601 583 616 704 540 648 599 722 529 501 580 549 634
leaf_count=9132 920 601 583 616 704 540 648 599 722 529 501 580 549 634
internal_value=-6.93942e-12 0.000685642 0.000262916 0.000911349 0.000396369 0.00101019 -0.000451443 0.0012571 0.00430561 -0.00251006 0.00469522 -0.000438194 -0.00285768 -0.000158489
internal_weight=17858 6963 6362 5779 5163 4243 3038 2390 1321 1069 1205 10895 1129 9766
internal_count=17858 6963 6362 5779 5163 4243 3038 2390 1321 1069 1205 10895 1129 9766
is_linear=0
shrinkage=0.05


Tree=76
num_leaves=15
num_cat=0
split_feature=0 0 0 0 0 1 0 0 0 1 1 1 1 1
split_gain=2.04199 1.8803 4.02304 3.86018 6.71436 4.28908 3.3777 3.92554 6.52451 2.84105 2.65967 1.68104 3.92717 5.8815
threshold=6.786980628967286 5.8950626850128183 5.1829545497894296 4.500927448272706 4.2526242733001718 21.647588729858402 4.0119636058807382 3.400376677513123 3.5547726154327397 21.203180313110355 1.5362544655799868 4.0947723388671884 8.5157127380371112 14.240219593048097
decision_type=2 2 2 2 2 2 2 2 2 2 2 2 2 2
left_child=1 2 3 4 6 -5 7 10 -9 -10 -1 -12 -13 -14
right_child=-2 -3 -4 5 -6 -7 -8 8 9 -11 11 12 13 -15
leaf_value=-0.0037493214344902059 0.0030811965169377942 -0.0029969022411818584 0.0033902298891637025 -0.00033281422362927977 0.0054199348543712304 -0.0063993500844121741 -0.0039689817417698538 0.0066111787678921124 -0.0017814656972283017 0.0030442339483436297 0.0019588578326956317 -0.0027393075453771933 0.0025528119593907078 -0.00061355020970152354
leaf_weight=547 522 540 832 685 559 507 561 565 761 509 850 1480 1849 7091
leaf_count=547 522 540 832 685 559 507 561 565 761 509 850 1480 1849 7091
internal_value=4.81424e-11 -9.27771e-05 5.92015e-07 -0.000176067 4.47956e-05 -0.00291313 -0.00016661 -1.03592e-05 0.00214122 0.000152614 -0.000344466 -0.000179209 -0.000353619 4.13272e-05
internal_weight=17858 17336 16796 15964 14772 1192 14213 13652 1835 1270 11817 11270 10420 8940
internal_count=17858 17336 16796 15964 14772 1192 14213 13652 1835 1270 11817 11270 10420 8940
is_linear=0
shrinkage=0.05


Tree=77
num_leaves=15
num_cat=0
split_feature=1 1 1 1 1 1 0 0 0 1 0 1 1 0
split_gain=1.8766 11.2162 10.2714 3.26973 7.14086 6.87792 4.89949 2.46094 3.91063 5.63246 8.72248 13.3118 13.6917 9.89708
threshold=27.971342086791996 26.752210617065433 29.375464439392093 32.397140502929695 33.613300323486335 31.102161407470707 3.1530255079269414 1.1486966609954836 1.365992605686188 14.387863636016847 1.8988497853279116 17.729066848754886 19.301691055297855 3.2877758741378789
decision_type=2 2 2 2 2 2 2 2 2 2 2 2 2 2
left_child=1 7 -2 5 -5 -4 -6 -1 -9 -10 -11 13 -13 -12
right_child=2 -3 3 4 6 -7 -8 8 9 10 11 12 -14 -15
leaf_value=-0.0019574294865453783 -0.0064697480355649971 0.0067983638382678197 -0.001111903461790583 -0.0055604406692958503 -0.0016918928569530887 0.0059688028850969103 0.0045451000973960199 0.004004042699072923 0.0010219890599066897 -0.0060190580905894117 -0.0092365457553808625 0.008775914952665961 -8.2966574248473661e-05 -0.00042606121638039156
leaf_weight=1479 697 629 766 616 733 621 552 641 6029 803 608 529 2485 670
leaf_count=1479 697 629 766 616 733 621 552 641 6029 803 608 529 2485 670
internal_value=-4.79129e-11 0.000274706 -0.000956336 0.000212413 -0.0011344 0.00205833 0.000987345 -3.51232e-05 0.000206533 -1.2291e-05 -0.00123617 -0.000341331 0.00147189 -0.00461759
internal_weight=17858 13873 3985 3288 1901 1387 1285 13244 11765 11124 5095 4292 3014 1278
internal_count=17858 13873 3985 3288 1901 1387 1285 13244 11765 11124 5095 4292 3014 1278
is_linear=0
shrinkage=0.05


Tree=78
num_leaves=15
num_cat=0
split_feature=2 0 2 0 0 1 0 0 1 1 0 0 1 0
split_gain=1.83402 4.94669 3.59601 7.42771 3.20387 5.37964 3.62368 2.81967 4.57738 7.74565 6.01979 2.4298 2.22457 2.04885
threshold=1.5000000000000002 4.9276232719421396 1.0000000180025095e-35 5.3287389278411874 4.6363980770111093 18.33624362945557 4.0500555038452157 3.7354383468627934 17.150908470153812 28.378836631774906 1.8234136104583742 4.3219997882843026 5.5818932056427011 2.5200794935226445
decision_type=2 2 2 2 2 2 2 2 2 2 2 2 2 2
left_child=2 7 4 11 6 -6 13 8 10 -10 -2 12 -4 -1
right_child=1 -3 3 -5 5 -7 -8 -9 9 -11 -12 -13 -14 -15
leaf_value=-0.00039762514432271326 -0.0054731885910034184 0.0055042232817704888 0.001563288919207604 -0.0070090550509121392 -0.00051477227599896265 0.0059188629060008685 -0.0034693321247867056 -0.0031393624756841051 0.0063374504827523742 -0.0015592259129484868 0.0015478310212659252 0.0024957543311838332 -0.00156687666041501 0.0013511120818608198
leaf_weight=4125 500 523 674 512 660 640 697 513 744 533 784 537 3596 2820
leaf_count=4125 500 523 674 512 660 640 697 513 744 533 784 537 3596 2820
internal_value=-3.54592e-11 0.00100893 -0.000254478 -0.00128393 0.000357876 0.00265256 -3.24774e-05 0.000244115 0.000921867 0.0030415 -0.00118621 -0.000674144 -0.00107279 0.000312445
internal_weight=17858 3597 14261 5319 8942 1300 7642 3074 2561 1277 1284 4807 4270 6945
internal_count=17858 3597 14261 5319 8942 1300 7642 3074 2561 1277 1284 4807 4270 6945
is_linear=0
shrinkage=0.05


Tree=79
num_leaves=15
num_cat=0
split_feature=0 0 0 0 0 1 0 0 0 1 1 0 2 1
split_gain=1.76801 1.80224 3.38902 3.81382 6.10618 4.00751 2.94135 3.22705 5.81744 2.61308 2.54864 1.50069 2.58554 2.52395
threshold=6.786980628967286 5.8950626850128183 5.1829545497894296 4.500927448272706 4.2526242733001718 21.647588729858402 4.0119636058807382 3.400376677513123 3.5547726154327397 21.203180313110355 1.5362544655799868 3.0817087888717656 1.0000000180025095e-35 4.0947723388671884
decision_type=2 2 2 2 2 2 2 2 2 2 2 2 2 2
left_child=1 2 3 4 6 -5 7 10 -9 -10 -1 13 -13 -12
right_child=-2 -3 -4 5 -6 -7 -8 8 9 -11 11 12 -14 -15
leaf_value=-0.0036292806792139354 0.0028670527376377266 -0.0029295336732778838 0.0031161753423825413 -0.00038345717763813746 0.0051883954961312699 -0.0062474848152389954 -0.0036874061241188153 0.006178275321700932 -0.0017751552687123241 0.0028528864848590321 0.0028348964452252069 0.00065697014441586771 -0.0040957108361661934 -0.00016480804538765635
leaf_weight=547 522 540 832 685 559 507 561 565 761 509 758 543 605 9364
leaf_count=547 522 540 832 685 559 507 561 565 761 509 758 543 605 9364
internal_value=1.66077e-11 -8.63291e-05 5.08139e-06 -0.00015706 6.24717e-05 -0.00287764 -0.000139132 6.67695e-06 0.00195747 7.97056e-05 -0.000296251 -0.000134479 -0.00184771 5.9829e-05
internal_weight=17858 17336 16796 15964 14772 1192 14213 13652 1835 1270 11817 11270 1148 10122
internal_count=17858 17336 16796 15964 14772 1192 14213 13652 1835 1270 11817 11270 1148 10122
is_linear=0
shrinkage=0.05


Tree=80
num_leaves=15
num_cat=0
split_feature=2 1 1 0 1 0 2 0 0 1 0 0 1 1
split_gain=1.68224 5.14661 4.17226 6.00861 11.1971 3.95545 3.17398 6.8849 2.92806 5.44372 3.28986 2.20079 2.0495 4.38143
threshold=1.5000000000000002 31.102161407470707 19.641646385192875 2.923602938652039 9.0466494560241717 2.6449598073959355 1.0000000180025095e-35 5.3287389278411874 4.6363980770111093 21.995532989501957 4.0500555038452157 4.3219997882843026 33.413610458374031 30.012357711791996
decision_type=2 2 2 2 2 2 2 2 2 2 2 2 2 2
left_child=6 2 3 4 -2 -4 8 11 10 -10 12 -8 13 -1
right_child=1 -3 5 -5 -6 -7 7 -9 9 -11 -12 -13 -14 -15
leaf_value=9.2873197534809951e-05 -0.0015915145395884239 0.0056461586648284805 -0.0055798269495992607 -0.0015456936287973283 0.0083161478404521188 0.00061374964357376548 -0.0010031951574796256 -0.0067228406101094151 0.0051968045176379145 -0.0013933318407333103 -0.0033163222277181564 0.0023930172846969946 -0.0026830362128232844 0.004397113774994979
leaf_weight=5750 515 505 501 906 639 531 4270 512 773 527 697 537 536 659
leaf_count=5750 515 505 501 906 639 531 4270 512 773 527 697 537 536 659
internal_value=-3.47694e-11 0.00096628 0.00020194 0.00150194 0.00389462 -0.00239302 -0.000243721 -0.00121088 0.000331579 0.00252526 -4.15945e-05 -0.000623797 0.000287057 0.000535453
internal_weight=17858 3597 3092 2060 1154 1032 14261 5319 8942 1300 7642 4807 6945 6409
internal_count=17858 3597 3092 2060 1154 1032 14261 5319 8942 1300 7642 4807 6945 6409
is_linear=0
shrinkage=0.05


Tree=81
num_leaves=15
num_cat=0
split_feature=1 1 1 1 1 1 0 0 0 1 1 0 0 0
split_gain=1.70841 10.1889 9.01721 2.89164 6.72261 5.97918 4.3085 2.17269 8.06908 11.1042 9.74308 28.8385 9.89352 6.7225
threshold=27.971342086791996 26.752210617065433 29.375464439392093 32.397140502929695 33.613300323486335 31.102161407470707 3.1530255079269414 3.4956555366516118 4.0500555038452157 21.203180313110355 9.0466494560241717 4.9729626178741464 5.1321570873260507 3.0817087888717656
decision_type=2 2 2 2 2 2 2 2 2 2 2 2 2 2
left_child=1 7 -2 5 -5 -4 -6 13 -9 10 12 -12 -10 -1
right_child=2 -3 3 4 6 -7 -8 8 9 -11 11 -13 -14 -15
leaf_value=4.3455367846398195e-05 -0.0060783211307511957 0.0064798491972902815 -0.0010373465463947068 -0.0053784212024955008 -0.0015377452924827274 0.0055645509107089368 0.0043110018022412405 0.0043778380656260109 0.0022918923026709645 -0.0063961917832285834 -0.0041591014176644448 0.010680609731290005 -0.0073288714016712013 -0.0040906688986298029
leaf_weight=7907 697 629 766 616 733 621 552 1197 540 627 599 722 529 1123
leaf_count=7907 697 629 766 616 733 621 552 1197 540 627 599 722 529 1123
internal_value=-5.69365e-12 0.000262107 -0.000912475 0.000182596 -0.00108396 0.00191851 0.000974713 -3.31933e-05 0.000904273 -0.00047387 0.00107981 0.00395163 -0.00246899 -0.000470678
internal_weight=17858 13873 3985 3288 1901 1387 1285 13244 4214 3017 2390 1321 1069 9030
internal_count=17858 13873 3985 3288 1901 1387 1285 13244 4214 3017 2390 1321 1069 9030
is_linear=0
shrinkage=0.05


Tree=82
num_leaves=15
num_cat=0
split_feature=0 1 1 1 0 1 1 0 2 1 1 1 0 0
split_gain=1.59411 2.065 18.9428 7.31099 5.63508 4.96301 9.96696 6.31587 3.363 3.4713 3.52153 3.13193 3.10431 9.25754
threshold=6.5253713130950937 14.387863636016847 15.681638717651369 13.236307144165041 1.2567819952964785 4.6392407417297372 3.0630726814270024 3.0026018619537358 1.5000000000000002 11.662280082702638 9.5995421409606951 6.5984327793121347 1.365992605686188 1.7006043791770937
decision_type=2 2 2 2 2 2 2 2 2 2 2 2 2 2
left_child=1 3 -3 4 -1 6 7 -6 9 10 11 -7 -4 -14
right_child=-2 2 12 -5 5 8 -8 -9 -10 -11 -12 -13 13 -15
leaf_value=-0.0036366535863334979 0.0024209949037216549 -0.0090503149643934109 0.0020213997957461574 0.0061009253762297324 -0.0018809841664323768 0.0031025131209291754 -0.0064740658467240773 0.0052071659120092768 0.0046902855047622222 -0.0027869001179339878 0.0049394205675362063 -0.0012963209104260532 -0.0053043915208199248 0.00018635597516791612
leaf_weight=872 655 615 1587 551 728 706 637 553 781 502 644 948 859 7220
leaf_count=872 655 615 1587 551 728 706 637 553 781 502 644 948 859 7220
internal_value=-2.51064e-11 -9.21788e-05 -0.000541675 0.000575442 9.75675e-05 0.000689719 -0.00136276 0.00117893 0.00178904 0.000979795 0.00180263 0.000581295 -3.12508e-07 -0.000397448
internal_weight=17858 17203 10281 6922 6371 5499 1918 1281 3581 2800 2298 1654 9666 8079
internal_count=17858 17203 10281 6922 6371 5499 1918 1281 3581 2800 2298 1654 9666 8079
is_linear=0
shrinkage=0.05


Tree=83
num_leaves=15
num_cat=0
split_feature=1 1 1 1 1 1 0 0 0 1 1 0 1 0
split_gain=1.55156 9.1802 8.13247 2.61312 6.04847 5.39688 3.86608 2.0168 3.70307 3.484 8.59837 8.82446 5.82144 12.946
threshold=27.971342086791996 26.752210617065433 29.375464439392093 32.397140502929695 33.613300323486335 31.102161407470707 3.1530255079269414 1.1486966609954836 1.4343159794807436 14.387863636016847 15.681638717651369 1.8360277414321902 9.0466494560241717 4.1606194972991952
decision_type=2 2 2 2 2 2 2 2 2 2 2 2 2 2
left_child=1 7 -2 5 -5 -4 -6 -1 -9 12 -11 -12 -10 -14
right_child=2 -3 3 4 6 -7 -8 8 9 10 11 -13 13 -15
leaf_value=-0.0017707360997806136 -0.0057754535479217217 0.0061517295437984896 -0.00098766027305362747 -0.0051070816065003355 -0.0014608753288589103 0.0052845351355249323 0.0040794542342748336 0.003358971731479888 -0.00040417362040555475 -0.0071030279473398052 -0.0061243949158416768 0.00052385129848178506 0.00058378856510190365 0.0095990894448224895
leaf_weight=1479 697 629 766 616 733 621 552 854 3799 522 572 3918 1566 534
leaf_count=1479 697 629 766 616 733 621 552 854 3799 522 572 3918 1566 534
internal_value=-3.87186e-11 0.000249785 -0.000869578 0.000170384 -0.00103363 0.00182058 0.000919095 -3.05173e-05 0.000188249 -5.99225e-05 -0.00102923 -0.000323097 0.000763633 0.00287625
internal_weight=17858 13873 3985 3288 1901 1387 1285 13244 11765 10911 5012 4490 5899 2100
internal_count=17858 13873 3985 3288 1901 1387 1285 13244 11765 10911 5012 4490 5899 2100
is_linear=0
shrinkage=0.05


Tree=84
num_leaves=15
num_cat=0
split_feature=2 1 1 0 1 0 2 0 1 0 0 0 1 0
split_gain=1.40128 4.62925 3.52098 5.87444 10.0833 3.53168 2.82782 6.6034 2.27398 3.78814 6.4598 6.8617 3.54689 5.00876
threshold=1.5000000000000002 31.102161407470707 19.641646385192875 2.923602938652039 9.0466494560241717 2.6449598073959355 1.0000000180025095e-35 5.3287389278411874 33.413610458374031 5.1829545497894296 4.3469109535217294 3.866962313652039 29.262808799743656 3.3052772283554082
decision_type=2 2 2 2 2 2 2 2 2 2 2 2 2 2
left_child=6 2 3 4 -2 -4 8 -8 9 10 11 12 13 -1
right_child=1 -3 5 -5 -6 -7 7 -9 -10 -11 -12 -13 -14 -15
leaf_value=0.00033681234189316653 -0.0014890928072764458 0.0053203329960308451 -0.0052380997620656818 -0.0016621821171400562 0.0079129172182978609 0.0006143027607863681 -0.00056038063003239678 -0.0065334394646015433 -0.0023964901931573376 0.0037771229712739497 -0.0045196993531498621 0.0058886921961340752 0.0032909789625203837 -0.004017123726864579
leaf_weight=4611 515 505 501 906 639 531 4807 512 709 821 661 574 795 771
leaf_count=4611 515 505 501 906 639 531 4807 512 709 821 661 574 795 771
internal_value=3.43392e-11 0.000881904 0.000156999 0.00135123 0.00371705 -0.00222683 -0.000222439 -0.00113534 0.000320584 0.00055457 0.000197619 0.000659499 0.000173574 -0.000286912
internal_weight=17858 3597 3092 2060 1154 1032 14261 5319 8942 8233 7412 6751 6177 5382
internal_count=17858 3597 3092 2060 1154 1032 14261 5319 8942 8233 7412 6751 6177 5382
is_linear=0
shrinkage=0.05


Tree=85
num_leaves=15
num_cat=0
split_feature=1 1 1 0 0 1 1 0 0 1 1 1 1 1
split_gain=1.48454 8.35382 7.15894 2.4013 5.00063 2.08331 3.56256 2.03222 8.0268 2.7892 10.5456 8.03379 3.76069 3.5314
threshold=27.971342086791996 26.752210617065433 29.375464439392093 1.6598623991012575 2.5783061981201176 31.841682434082035 34.385274887084968 5.9931476116180429 5.2737994194030771 3.0630726814270024 4.6392407417297372 6.5984327793121347 8.5157127380371112 9.899322986602785
decision_type=2 2 2 2 2 2 2 2 2 2 2 2 2 2
left_child=1 7 -2 -4 -5 -6 -7 8 9 -1 -11 -12 -13 -14
right_child=2 -3 3 4 5 6 -8 -9 -10 10 11 12 13 -15
leaf_value=0.0019695946410809399 -0.005453473422542706 0.0058743727871695085 -0.0023059800804890308 0.0042857921416382706 0.0019711315258658865 -0.0040700781176473359 0.0014198773865520839 -0.0025142327051814501 0.0060705451760441065 -0.0063019159693323392 0.004401187398634241 -0.0036240015253600367 0.0035308169801574682 -0.0004235268785774343
leaf_weight=1385 697 629 776 753 549 697 513 771 544 710 941 848 611 7434
leaf_count=1385 697 629 776 753 549 697 513 771 544 710 941 848 611 7434
internal_value=6.42279e-12 0.000244331 -0.000850591 0.000125141 0.000876157 -0.000583454 -0.00174252 -2.30575e-05 0.000130931 -0.000139934 -0.00041703 7.84975e-06 -0.000457025 -0.000123203
internal_weight=17858 13873 3985 3288 2512 1759 1210 13244 12473 11929 10544 9834 8893 8045
internal_count=17858 13873 3985 3288 2512 1759 1210 13244 12473 11929 10544 9834 8893 8045
is_linear=0
shrinkage=0.05


Tree=86
num_leaves=15
num_cat=0
split_feature=0 1 1 1 0 1 1 0 1 0 1 0 0 1
split_gain=1.4674 1.68191 16.0726 6.39461 4.90544 4.02268 8.06789 5.77637 3.09884 3.28103 6.0336 2.95187 7.82831 6.56506
threshold=6.5253713130950937 14.387863636016847 15.681638717651369 13.236307144165041 1.2567819952964785 4.6392407417297372 3.0630726814270024 3.0026018619537358 11.662280082702638 3.4956555366516118 7.8885366916656503 1.365992605686188 1.7006043791770937 29.564505577087406
decision_type=2 2 2 2 2 2 2 2 2 2 2 2 2 2
left_child=1 3 -3 4 -1 6 7 -6 9 10 -7 13 -13 -4
right_child=-2 2 11 -5 5 8 -8 -9 -10 -11 -12 12 -14 -15
leaf_value=-0.0034169282883815808 0.0023227902280010342 -0.0083316602819879359 0.0042274543880856654 0.0056816822235656733 -0.001867740026260675 -0.0017282213998168552 -0.0058268478423871657 0.0049109187132087805 -0.0015110509907869699 0.004611315897124108 0.0038762108185646698 -0.0048949937655984044 0.00015414955796092786 -0.0026174579943276915
leaf_weight=872 655 615 1065 551 728 955 637 553 651 1009 966 859 7220 522
leaf_count=872 655 615 1065 551 728 955 637 553 651 1009 966 859 7220 522
internal_value=5.43468e-11 -8.84396e-05 -0.000494104 0.00051408 6.71561e-05 0.000619642 -0.0012282 0.00105857 0.00160935 0.00230266 0.00109004 4.56094e-06 -0.000382701 0.00197601
internal_weight=17858 17203 10281 6922 6371 5499 1918 1281 3581 2930 1921 9666 8079 1587
internal_count=17858 17203 10281 6922 6371 5499 1918 1281 3581 2930 1921 9666 8079 1587
is_linear=0
shrinkage=0.05


Tree=87
num_leaves=15
num_cat=0
split_feature=0 0 1 1 0 1 0 0 0 1 0 1 0 0
split_gain=1.33479 1.90089 2.65578 12.8334 7.3788 4.75776 7.54571 5.37605 4.56793 6.45608 5.11786 4.7532 8.9413 8.78371
threshold=6.786980628967286 5.8950626850128183 32.397140502929695 31.102161407470707 3.5171769857406621 28.25096416473389 5.2355828285217294 2.6587969064712529 4.500927448272706 24.693804740905765 2.775752186775208 19.974007606506351 1.9830864667892458 3.0363135337829594
decision_type=2 2 2 2 2 2 2 2 2 2 2 2 2 2
left_child=1 2 3 5 -4 6 8 -7 9 11 -11 -1 -13 -14
right_child=-2 -3 4 -5 -6 7 -8 -9 -10 10 -12 12 13 -15
leaf_value=0.00031316290184442842 0.0024911503486827703 -0.0029949885397164274 0.00030859786305136386 0.007516242145109423 -0.0066539163600414179 4.850821804117274e-05 0.0058822986020884939 -0.0065002233223018487 -0.003374360771297272 0.0012000630794392053 0.0074299804038471641 -0.006975516411040327 0.0043723589936761481 -0.0041839603897863746
leaf_weight=8288 522 540 1261 582 545 675 564 585 944 953 504 695 608 592
leaf_count=8288 522 540 1261 582 545 675 564 585 944 953 504 695 608 592
internal_value=-2.71213e-11 -7.50104e-05 1.88684e-05 0.000237102 -0.00179249 -5.69335e-05 0.000224338 -0.00299197 -2.92456e-05 0.000242042 0.00335509 -0.000203378 -0.00246253 0.000151241
internal_weight=17858 17336 16796 14990 1806 14408 13148 1260 12584 11640 1457 10183 1895 1200
internal_count=17858 17336 16796 14990 1806 14408 13148 1260 12584 11640 1457 10183 1895 1200
is_linear=0
shrinkage=0.05


Tree=88
num_leaves=15
num_cat=0
split_feature=2 1 1 0 1 0 2 0 1 1 0 0 1 0
split_gain=1.24734 4.17243 3.09675 5.55696 8.89768 3.12679 2.58021 6.40713 2.16219 3.19512 2.95814 2.06401 6.04504 3.13432
threshold=1.5000000000000002 31.102161407470707 19.641646385192875 2.923602938652039 9.0466494560241717 2.6449598073959355 1.0000000180025095e-35 5.3287389278411874 6.3008201122283944 24.28449630737305 3.1936514377593999 4.6363980770111093 18.33624362945557 3.5976886749267583
decision_type=2 2 2 2 2 2 2 2 2 2 2 2 2 2
left_child=6 2 3 4 -2 -4 11 8 -8 -10 -11 13 -13 -1
right_child=1 -3 5 -5 -6 -7 7 -9 9 10 -12 12 -14 -15
leaf_value=0.00046456751247272326 -0.0013256691618668802 0.0050457984504133175 -0.0049251687502908613 -0.0016670279907449162 0.0075062959383537702 0.0005815509573438972 0.0017030011337475491 -0.0063991546801844381 -0.0021727690138958439 -0.00083891075577527765 0.0037723673602281988 -0.0012068713716386508 0.005613049606472487 -0.0021905493057436417
leaf_weight=6292 515 505 501 906 639 531 894 512 2374 1008 531 660 640 1350
leaf_count=6292 515 505 501 906 639 531 894 512 2374 1008 531 660 640 1350
internal_value=-3.18111e-11 0.000832054 0.000143845 0.00126382 0.00356482 -0.00209177 -0.000209866 -0.00108188 -0.000515533 -0.0010224 0.000752115 0.000308839 0.00215063 -4.47301e-06
internal_weight=17858 3597 3092 2060 1154 1032 14261 5319 4807 3913 1539 8942 1300 7642
internal_count=17858 3597 3092 2060 1154 1032 14261 5319 4807 3913 1539 8942 1300 7642
is_linear=0
shrinkage=0.05


Tree=89
num_leaves=15
num_cat=0
split_feature=1 1 1 0 0 0 0 1 1 1 1 0 0 1
split_gain=1.31502 7.08334 6.19463 2.0366 4.31906 1.87859 6.65038 2.40719 8.69745 7.25056 3.35434 3.04326 9.44178 4.7311
threshold=27.971342086791996 26.752210617065433 29.375464439392093 1.6598623991012575 2.5783061981201176 5.9931476116180429 5.2737994194030771 3.0630726814270024 4.6392407417297372 6.5984327793121347 8.5157127380371112 1.0850296020507815 1.365992605686188 12.851522922515871
decision_type=2 2 2 2 2 2 2 2 2 2 2 2 2 2
left_child=1 5 -2 -4 -5 6 7 -1 -9 -10 -11 -12 -13 -14
right_child=2 -3 3 4 -6 -7 -8 8 9 10 11 12 13 -15
leaf_value=0.001844994895133301 -0.0050822237268667485 0.0054142355972187327 -0.0021318213054046186 0.0039674892803903917 -0.00055777329161038895 -0.0024114196418256687 0.0055382203379207677 -0.0057165811520437128 0.0041873668738137085 -0.0034189421279391032 -0.0028630505155530285 0.0063927888049633355 0.0021395005541670034 -0.0010401338122458014
leaf_weight=1385 697 629 776 753 1759 771 544 710 941 848 894 572 1522 5057
leaf_count=1385 697 629 776 753 1759 771 544 710 941 848 894 572 1522 5057
internal_value=1.42361e-11 0.000229958 -0.000800554 0.000107087 0.000798725 -1.626e-05 0.000131793 -0.000114757 -0.000372179 1.36791e-05 -0.000427954 -0.000112682 0.000231162 -0.00030455
internal_weight=17858 13873 3985 3288 2512 13244 12473 11929 10544 9834 8893 8045 7151 6579
internal_count=17858 13873 3985 3288 2512 13244 12473 11929 10544 9834 8893 8045 7151 6579
is_linear=0
shrinkage=0.05


Tree=90
num_leaves=15
num_cat=0
split_feature=0 0 0 1 1 0 1 2 0 0 1 0 1 0
split_gain=1.42376 1.41364 9.34766 7.12306 11.7116 5.96512 4.65632 6.27134 1.73154 3.6871 5.53632 2.81126 5.28061 2.7387
threshold=6.5253713130950937 4.0500555038452157 4.2921187877655038 6.0166039466857919 12.746846199035646 3.6852741241455083 27.66272068023682 1.0000000180025095e-35 3.5171769857406621 3.1530255079269414 23.20114898681641 2.8742823600769047 17.417921066284183 2.6901332139968877
decision_type=2 2 2 2 2 2 2 2 2 2 2 2 2 2
left_child=1 5 -3 -4 -5 8 7 -6 9 11 -11 13 -13 -1
right_child=-2 2 3 4 6 -7 -8 -9 -10 10 -12 12 -14 -15
leaf_value=-0.00030226556634558194 0.0022879849173811102 -0.00689199158451205 -0.0051363528216432208 0.008094151344510218 -0.0064500160210070453 0.0040390331266594312 0.0025118507590757653 0.0010178947368226314 -0.0028413829686574298 -9.0257627955565225e-06 0.0066273778364062319 -0.0060067456087161755 0.00083487429851174147 0.00267601679503565
leaf_weight=8921 655 562 523 502 537 916 766 590 566 846 500 580 549 845
leaf_count=8921 655 562 523 502 537 916 766 590 566 846 500 580 549 845
internal_value=3.30615e-11 -8.71144e-05 -0.000987176 0.000150078 0.00130448 0.000141131 -0.00049605 -0.00254046 -0.00013766 -1.26452e-05 0.00245621 -0.000317654 -0.00267986 -4.45706e-05
internal_weight=17858 17203 3480 2918 2395 13723 1893 1127 12807 12241 1346 10895 1129 9766
internal_count=17858 17203 3480 2918 2395 13723 1893 1127 12807 12241 1346 10895 1129 9766
is_linear=0
shrinkage=0.05


Tree=91
num_leaves=15
num_cat=0
split_feature=1 1 1 1 1 1 0 0 0 1 1 1 0 1
split_gain=1.35059 6.33173 5.55759 2.00955 5.47942 3.96707 3.62041 1.80907 5.98101 2.25262 7.69967 6.61451 3.16486 3.05573
threshold=27.971342086791996 26.752210617065433 29.375464439392093 32.397140502929695 33.613300323486335 31.102161407470707 3.1530255079269414 5.9931476116180429 5.2737994194030771 3.0630726814270024 4.6392407417297372 6.5984327793121347 2.9065654277801518 8.5157127380371112
decision_type=2 2 2 2 2 2 2 2 2 2 2 2 2 2
left_child=1 7 -2 5 -5 -4 -6 8 9 12 -11 -12 -1 -13
right_child=2 -3 3 4 6 -7 -8 -9 -10 10 11 13 -14 -15
leaf_value=-2.2898735062465635e-05 -0.0048668478993723011 0.0051345596602260599 -0.00091215479078243051 -0.0048845520122097683 -0.0014519629301185662 0.004465378044344089 0.0039094465589015808 -0.0023501643803497309 0.0052726758880239427 -0.0053657954149472879 0.0040121850606121374 -0.0032508034395264847 0.0049285279383184388 -9.5142362854339882e-05
leaf_weight=873 697 629 766 616 733 621 552 771 544 710 941 848 512 8045
leaf_count=873 697 629 766 616 733 621 552 771 544 710 941 848 512 8045
internal_value=1.65483e-11 0.000233047 -0.000811308 4.83975e-05 -0.00100745 0.00149552 0.000851148 2.58564e-07 0.000145546 -8.82668e-05 -0.000337287 2.57641e-05 0.00180752 -0.000396053
internal_weight=17858 13873 3985 3288 1901 1387 1285 13244 12473 11929 10544 9834 1385 8893
internal_count=17858 13873 3985 3288 1901 1387 1285 13244 12473 11929 10544 9834 1385 8893
is_linear=0
shrinkage=0.05


Tree=92
num_leaves=15
num_cat=0
split_feature=0 0 0 1 1 0 0 0 1 1 1 1 1 0
split_gain=1.37506 1.46311 5.70866 4.14372 6.93078 2.40822 2.6126 5.4879 2.45358 2.02543 2.02256 1.99393 3.66042 2.39629
threshold=6.5253713130950937 4.500927448272706 4.2526242733001718 7.2953014373779306 21.079396247863773 3.9820390939712529 3.400376677513123 3.5547726154327397 1.5362544655799868 29.856619834899906 15.681638717651369 4.0947723388671884 5.5818932056427011 0.7533368468284608
decision_type=2 2 2 2 2 2 2 2 2 2 2 2 2 2
left_child=1 2 5 -3 -5 6 8 -8 -1 -6 -9 -10 -13 -14
right_child=-2 3 -4 4 9 -7 7 10 11 -11 -12 12 13 -15
leaf_value=-0.003491665883299638 0.0022485152414452483 -0.005169948099102554 0.0050577119641524136 0.0031046922080269421 -0.0051334278860805929 -0.0031155422199813151 0.0059041873003001762 -0.0024075081226474695 0.0022658989516032096 -0.00069003274601827248 0.0017308310339100947 -0.0043374819184104681 -0.0029625005906145875 0.00016929221337005343
leaf_weight=547 655 522 559 883 519 630 565 523 850 507 678 521 654 9245
leaf_count=547 655 522 559 883 519 630 565 523 850 507 678 521 654 9245
internal_value=-3.11149e-12 -8.56117e-05 0.000101448 -0.00122228 -0.000142825 -9.34829e-05 4.66847e-05 0.00184045 -0.000221386 -0.00293772 -7.12933e-05 -6.26604e-05 -0.00025261 -3.76168e-05
internal_weight=17858 17203 14772 2431 1909 14213 13583 1766 11817 1026 1201 11270 10420 9899
internal_count=17858 17203 14772 2431 1909 14213 13583 1766 11817 1026 1201 11270 10420 9899
is_linear=0
shrinkage=0.05


Tree=93
num_leaves=15
num_cat=0
split_feature=0 1 1 1 0 0 1 1 0 1 0 1 0 0
split_gain=1.24099 1.55313 14.4137 5.839 4.23311 3.12511 4.74428 10.2883 9.065 4.5076 12.6573 3.15813 3.03732 6.62781
threshold=6.5253713130950937 14.387863636016847 15.681638717651369 13.236307144165041 1.2567819952964785 5.0728566646575937 4.6392407417297372 3.0630726814270024 3.9820390939712529 6.7174110412597665 3.060837030410767 9.7443413734436053 1.365992605686188 1.7006043791770937
decision_type=2 2 2 2 2 2 2 2 2 2 2 2 2 2
left_child=1 3 -3 4 -1 6 7 -6 9 -8 11 -11 -4 -14
right_child=-2 2 12 -5 5 -7 8 -9 -10 10 -12 -13 13 -15
leaf_value=-0.0031659326652799728 0.0021360896175144284 -0.0078932493622225468 0.0020008561164422387 0.0054356668832392426 0.0015607710114301215 -0.0031163104916103112 0.0043986598525286658 -0.0065802194026905224 0.0081662911323032213 -0.00038491258687944169 -0.0067457217484767091 0.0042869171516990781 -0.0045436651850329565 0.00010222212495308091
leaf_weight=872 655 615 1587 551 1177 517 701 579 518 661 547 799 859 7220
leaf_count=872 655 615 1587 551 1177 517 701 579 518 661 547 799 859 7220
internal_value=3.29494e-11 -8.13311e-05 -0.000471156 0.000497662 7.05955e-05 0.000583826 0.000967802 -0.00112353 0.00210617 0.000946961 -0.00025864 0.00217179 1.07532e-06 -0.000391752
internal_weight=17858 17203 10281 6922 6371 5499 4982 1756 3226 2708 2007 1460 9666 8079
internal_count=17858 17203 10281 6922 6371 5499 4982 1756 3226 2708 2007 1460 9666 8079
is_linear=0
shrinkage=0.05


Tree=94
num_leaves=15
num_cat=0
split_feature=1 1 1 1 1 1 2 0 0 1 0 1 1 0
split_gain=1.24727 5.73054 4.96295 1.82154 4.92572 3.55947 3.26385 1.78439 5.61162 2.10347 5.19077 3.05611 4.43514 7.59586
threshold=27.971342086791996 26.752210617065433 29.375464439392093 32.397140502929695 33.613300323486335 31.102161407470707 1.0000000180025095e-35 5.9931476116180429 5.2737994194030771 1.1188510656356814 4.5363481044769296 24.693804740905765 19.974007606506351 1.9830864667892458
decision_type=2 2 2 2 2 2 2 2 2 2 2 2 2 2
left_child=1 7 -2 5 -5 -4 -6 8 9 -1 11 12 -11 -14
right_child=2 -3 3 4 6 -7 -8 -9 -10 10 -12 -13 13 -15
leaf_value=0.0030365654853492631 -0.0046121013066176882 0.0048869722248876804 -0.00087011650049032821 -0.0046484867038277837 -0.0016434491733859358 0.0042236714156707461 0.0033994499545904897 -0.0023318433828516615 0.0051130689365570161 0.00035923468155729378 -0.0039993511982961182 0.0030095494857078349 -0.0064966009921736002 5.9186026564532826e-05
leaf_weight=518 697 629 766 616 665 621 620 771 544 7840 842 821 695 1213
leaf_count=518 697 629 766 616 665 621 620 771 544 7840 842 821 695 1213
internal_value=-2.53065e-11 0.000223956 -0.00077966 3.27519e-05 -0.000972489 0.00141052 0.000789701 2.49475e-06 0.000146788 -7.96896e-05 -0.000221151 7.98462e-05 -0.0001669 -0.0023288
internal_weight=17858 13873 3985 3288 1901 1387 1285 13244 12473 11929 11411 10569 9748 1908
internal_count=17858 13873 3985 3288 1901 1387 1285 13244 12473 11929 11411 10569 9748 1908
is_linear=0
shrinkage=0.05


Tree=95
num_leaves=15
num_cat=0
split_feature=0 0 0 0 0 1 1 0 0 1 0 1 0 0
split_gain=1.21067 1.41471 8.41687 6.25839 5.38357 4.45807 6.16455 1.64536 3.07647 4.77486 2.64142 4.7922 2.39548 3.58126
threshold=6.5253713130950937 4.0500555038452157 4.2921187877655038 4.5363481044769296 3.6852741241455083 7.2953014373779306 21.079396247863773 3.5171769857406621 3.1530255079269414 23.20114898681641 2.8742823600769047 17.417921066284183 2.7337535619735722 2.5632447004318242
decision_type=2 2 2 2 2 2 2 2 2 2 2 2 2 2
left_child=1 4 -3 -4 7 -5 -7 8 10 -10 12 -12 13 -1
right_child=-2 2 3 5 -6 6 -8 -9 9 -11 11 -13 -14 -15
leaf_value=8.6517346547644583e-05 0.0021098351362339074 -0.0065838563468081888 0.0048657850434257917 -0.0051194295861358135 0.0038510249322686978 0.0032313868461914413 -0.0025681069968967241 -0.0027524333249764393 -2.9250930985942234e-05 0.0061338969498872763 -0.0057326353071578615 0.00078491091131078312 0.0029630886819742457 -0.0034644007942034416
leaf_weight=8356 655 562 557 519 916 856 986 566 846 500 580 549 634 776
leaf_count=8356 655 562 557 519 916 856 986 566 846 500 580 549 634 776
internal_value=1.31057e-11 -8.03314e-05 -0.000980734 9.8414e-05 0.000148001 -0.00102629 0.000126989 -0.000116852 5.01201e-06 0.00226018 -0.000273598 -0.00256334 -8.89185e-06 -0.000215225
internal_weight=17858 17203 3480 2918 13723 2361 1842 12807 12241 1346 10895 1129 9766 9132
internal_count=17858 17203 3480 2918 13723 2361 1842 12807 12241 1346 10895 1129 9766 9132
is_linear=0
shrinkage=0.05


Tree=96
num_leaves=15
num_cat=0
split_feature=1 1 1 0 0 1 1 1 0 0 0 1 0 0
split_gain=1.16876 5.12822 4.44951 1.71487 5.05661 1.9407 5.96891 5.85353 3.11649 7.98304 14.0322 9.36394 7.45085 6.27538
threshold=27.971342086791996 26.752210617065433 29.375464439392093 5.9931476116180429 5.2737994194030771 3.0630726814270024 4.6392407417297372 6.5984327793121347 3.0817087888717656 3.6852741241455083 4.0500555038452157 17.277469635009769 2.6901332139968877 2.4330505132675175
decision_type=2 2 2 2 2 2 2 2 2 2 2 2 2 2
left_child=1 3 -2 4 5 -1 -7 -8 12 -10 -11 -12 13 -9
right_child=2 -3 -4 -5 -6 6 7 8 9 10 11 -13 -14 -15
leaf_value=0.0016934058290741503 -0.004383507534498122 0.0046279488839149853 1.4518907437709425e-05 -0.002281116944255764 0.0048630447438507175 -0.0047247967270898153 0.003772379551775651 0.0002588344507576435 -0.0047800016681837851 0.0073166545519516585 0.0016936319706914013 -0.0070434294085099814 0.0045636796317566402 -0.0048583600578977057
leaf_weight=1385 697 629 3288 771 544 710 941 4343 1230 525 647 583 870 695
leaf_count=1385 697 629 3288 771 544 710 941 4343 1230 525 647 583 870 695
internal_value=1.0236e-11 0.000216793 -0.000754722 7.29288e-06 0.000148748 -6.62393e-05 -0.000297376 2.22768e-05 -0.000374535 -0.00169136 0.000473336 -0.00244759 0.000290785 -0.000447091
internal_weight=17858 13873 3985 13244 12473 11929 10544 9834 8893 2985 1755 1230 5908 5038
internal_count=17858 13873 3985 13244 12473 11929 10544 9834 8893 2985 1755 1230 5908 5038
is_linear=0
shrinkage=0.05


Tree=97
num_leaves=15
num_cat=0
split_feature=0 1 1 1 0 2 0 0 1 1 0 1 0 1
split_gain=1.18748 1.28682 13.1689 5.24189 3.90038 3.13643 5.10013 5.76707 4.972 3.25065 2.81128 6.15168 5.85889 3.53555
threshold=6.5253713130950937 14.387863636016847 15.681638717651369 13.236307144165041 1.3297689557075503 1.5000000000000002 3.5976886749267583 3.0026018619537358 3.6643046140670781 5.4553904533386239 1.365992605686188 29.564505577087406 1.7006043791770937 17.729066848754886
decision_type=2 2 2 2 2 2 2 2 2 2 2 2 2 2
left_child=1 3 -3 4 -1 6 7 8 -6 -8 11 -4 -12 -14
right_child=-2 2 10 -5 5 -7 9 -9 -10 -11 12 -13 13 -15
leaf_value=-0.0028518239558651681 0.0020895303260243521 -0.0075287559570941494 0.0041203255867454372 0.0051261728793423212 -0.003719274180608469 0.0029411316997880947 -0.0054684624036676005 0.0051859375422022179 0.0014163452688207108 -0.00047062292282216468 -0.0042645910427373283 -0.0025055821442626905 -0.0030068910381562653 0.00049708765107637869
leaf_weight=984 655 615 1065 551 666 1109 570 672 1612 758 859 522 811 6409
leaf_count=984 655 615 1065 551 666 1109 570 672 1612 758 859 522 811 6409
internal_value=2.96472e-11 -7.95583e-05 -0.000434393 0.000447464 4.28232e-05 0.000571565 -4.27054e-05 0.00111561 -8.51133e-05 -0.00261578 1.69869e-05 0.00194092 -0.00036094 0.000103497
internal_weight=17858 17203 10281 6922 6371 5387 4278 2950 2278 1328 9666 1587 8079 7220
internal_count=17858 17203 10281 6922 6371 5387 4278 2950 2278 1328 9666 1587 8079 7220
is_linear=0
shrinkage=0.05


Tree=98
num_leaves=15
num_cat=0
split_feature=0 0 0 0 0 1 1 0 0 1 0 1 1 1
split_gain=1.0717 1.17219 7.43402 5.82455 4.3913 3.94052 5.48289 1.37006 2.86927 4.30852 2.61602 4.44551 2.42939 5.35748
threshold=6.5253713130950937 4.0500555038452157 4.2921187877655038 4.5363481044769296 3.6852741241455083 7.2953014373779306 21.079396247863773 3.5171769857406621 3.1530255079269414 23.20114898681641 2.8742823600769047 17.417921066284183 4.2316496372222909 7.8885366916656503
decision_type=2 2 2 2 2 2 2 2 2 2 2 2 2 2
left_child=1 4 -3 -4 7 -5 -7 8 10 -10 12 -12 -1 -14
right_child=-2 2 3 5 -6 6 -8 -9 9 -11 11 -13 13 -15
leaf_value=0.0021561229150001116 0.001985053908086972 -0.0061610097945518664 0.0047181687192386105 -0.0048142341276009885 0.0034766584719169284 0.0030459894677792748 -0.0024234694139710789 -0.0025119493922791296 7.4045006053667538e-06 0.0058618567787110804 -0.0055960079179755576 0.00068135682513805038 -0.0036751110700436076 0.00016959946265705903
leaf_weight=1151 655 562 557 519 916 856 986 566 846 500 580 549 1029 7586
leaf_count=1151 655 562 557 519 916 856 986 566 846 500 580 549 1029 7586
internal_value=-9.77777e-12 -7.55805e-05 -0.000895181 0.000119006 0.000132261 -0.000966015 0.000118255 -0.000106942 4.2613e-06 0.00218216 -0.000264803 -0.00254351 -1.37316e-06 -0.000289624
internal_weight=17858 17203 3480 2918 13723 2361 1842 12807 12241 1346 10895 1129 9766 8615
internal_count=17858 17203 3480 2918 13723 2361 1842 12807 12241 1346 10895 1129 9766 8615
is_linear=0
shrinkage=0.05


Tree=99
num_leaves=15
num_cat=0
split_feature=1 1 1 0 0 1 0 1 0 0 1 0 0 0
split_gain=1.0844 4.49948 4.09497 1.71506 4.60279 1.9121 4.37365 2.67206 15.2627 5.06752 3.48599 4.46184 9.51906 8.05007
threshold=27.971342086791996 26.752210617065433 29.375464439392093 5.9931476116180429 5.2737994194030771 1.1188510656356814 4.500927448272706 6.5984327793121347 3.2877758741378789 2.596737384796143 24.693804740905765 3.2125424146652226 3.866962313652039 2.6901332139968877
decision_type=2 2 2 2 2 2 2 2 2 2 2 2 2 2
left_child=1 3 -2 4 5 -1 7 8 9 -7 11 13 -13 -9
right_child=2 -3 -4 -5 -6 6 -8 10 -10 -11 -12 12 -14 -15
leaf_value=0.0029200572038651897 -0.0042081892821761429 0.0043407266873670882 1.0983745605455952e-05 -0.0022759569678987087 0.0046518206655438172 0.0011038920770584358 -0.0035618432325253131 -0.0008566241874493418 0.0092054143504441133 -0.0048179194316444671 0.0027766492700518493 -0.0056555862866082317 0.0016208984684074085 0.0040490539058258661
leaf_weight=518 697 629 3288 771 544 1263 885 4522 513 506 818 1133 745 1026
leaf_count=518 697 629 3288 771 544 1263 885 4522 513 506 818 1133 745 1026
internal_value=-1.924e-11 0.000208822 -0.000726974 1.2585e-05 0.000154048 -5.10648e-05 -0.000185938 9.78995e-05 0.00161206 -0.000589967 -0.000321232 -0.000662474 -0.00276901 5.05903e-05
internal_weight=17858 13873 3985 13244 12473 11929 11411 10526 2282 1769 8244 7426 1878 5548
internal_count=17858 13873 3985 13244 12473 11929 11411 10526 2282 1769 8244 7426 1878 5548
is_linear=0
shrinkage=0.05


Tree=100
num_leaves=15
num_cat=0
split_feature=0 1 1 1 0 0 1 1 0 1 0 0 1 1
split_gain=1.05688 1.23103 11.7522 4.75331 3.57201 2.80114 4.13829 8.39296 8.23774 3.76981 11.0734 3.08803 2.73213 2.61786
threshold=6.5253713130950937 14.387863636016847 15.681638717651369 13.236307144165041 1.2567819952964785 5.0728566646575937 4.6392407417297372 3.0630726814270024 3.9820390939712529 6.7174110412597665 3.060837030410767 2.8274753093719487 9.7443413734436053 19.974007606506351
decision_type=2 2 2 2 2 2 2 2 2 2 2 2 2 2
left_child=1 3 -3 4 -1 6 7 11 9 -8 12 -6 -11 -4
right_child=-2 2 13 -5 5 -7 8 -9 -10 10 -12 -13 -14 -15
leaf_value=-0.0029179861880155333 0.0019712792943722304 -0.0071239954354317212 0.0015647352685734695 0.0048957465755704206 -0.0010007332893287612 -0.0029765527738650948 0.0040048131934458794 -0.0059916261406631468 0.0077302450182466526 -0.00035906595018735994 -0.006321952167823503 0.00413818335687387 0.0039862635726102156 -0.00042960708087814341
leaf_weight=872 655 615 2103 551 636 517 701 579 518 661 547 541 799 7563
leaf_count=872 655 615 2103 551 636 517 701 579 518 661 547 541 799 7563
internal_value=-1.63756e-11 -7.5056e-05 -0.000422112 0.000440414 5.50922e-05 0.000526546 0.000890075 -0.00106313 0.00195326 0.000848208 -0.000254323 0.00136133 0.00201896 4.29546e-06
internal_weight=17858 17203 10281 6922 6371 5499 4982 1756 3226 2708 2007 1177 1460 9666
internal_count=17858 17203 10281 6922 6371 5499 4982 1756 3226 2708 2007 1177 1460 9666
is_linear=0
shrinkage=0.05


Tree=101
num_leaves=15
num_cat=0
split_feature=2 0 1 0 1 2 0 1 1 1 1 1 0 1
split_gain=0.986911 3.62109 3.56911 9.54712 7.5425 2.49978 6.51057 2.07492 2.05799 2.77736 1.89063 5.77063 5.48875 4.36097
threshold=1.5000000000000002 4.9276232719421396 7.7142424583435067 3.0172090530395512 23.565176963806156 1.0000000180025095e-35 5.3287389278411874 34.103580474853523 5.8704924583435067 28.840053558349613 7.1739900112152108 11.222597599029543 3.5976886749267583 13.506245613098146
decision_type=2 2 2 2 2 2 2 2 2 2 2 2 2 2
left_child=5 2 -2 4 -4 7 8 10 -7 -10 12 -12 -1 -13
right_child=1 -3 3 -5 -6 6 -8 -9 9 -11 11 13 -14 -15
leaf_value=0.00084636569233007832 0.0032555527347092705 0.0045862122378303154 0.0041883710462337544 -0.0055235680702748723 -0.0026815165434416564 0.0018021315906563478 -0.0064050170905375131 -0.0027350803209161851 -0.0016615635307290157 0.0014855287903468514 0.0044651253592034937 -0.0040568469729751746 -0.0052260239933218273 0.00073627830672447062
leaf_weight=1278 689 523 951 745 689 823 512 522 3076 908 971 523 525 5123
leaf_count=1278 689 523 951 745 689 823 512 522 3076 908 971 523 525 5123
internal_value=-4.41424e-11 0.000740112 8.57494e-05 -0.000829972 0.00130218 -0.000186676 -0.00104499 0.000323881 -0.000474091 -0.000944305 0.000513522 0.000904618 -0.000921801 0.000292282
internal_weight=17858 3597 3074 2385 1640 14261 5319 8942 4807 3984 8420 6617 1803 5646
internal_count=17858 3597 3074 2385 1640 14261 5319 8942 4807 3984 8420 6617 1803 5646
is_linear=0
shrinkage=0.05


Tree=102
num_leaves=15
num_cat=0
split_feature=0 0 1 1 0 0 1 0 0 0 1 0 1 0
split_gain=1.02216 1.31743 2.41357 9.82763 6.78528 2.94429 2.91943 5.11515 5.10656 3.0519 4.10821 4.08601 3.56348 7.33759
threshold=6.786980628967286 5.8950626850128183 32.397140502929695 31.102161407470707 3.5171769857406621 2.3753602504730229 28.25096416473389 5.2355828285217294 2.6587969064712529 4.500927448272706 24.693804740905765 2.775752186775208 19.974007606506351 1.9830864667892458
decision_type=2 2 2 2 2 2 2 2 2 2 2 2 2 2
left_child=1 2 3 6 5 -4 7 9 -8 10 12 -12 -1 -14
right_child=-2 -3 4 -5 -6 -7 8 -9 -10 -11 11 -13 13 -15
leaf_value=0.00028847494742673065 0.0021799754404232719 -0.0024965273505249234 -0.0016708348719021761 0.0065904755151712201 -0.0063760837755345431 0.00326152170697848 0.00062742391670191728 0.0048420035504035865 -0.0057550587753454853 -0.0027594446197326764 0.00075426478826236623 0.0063208357164902355 -0.0062031440447560321 0.00025292910099960862
leaf_weight=8288 522 540 757 582 545 504 675 564 585 944 953 504 695 1200
leaf_count=8288 522 540 757 582 545 504 675 564 585 944 953 504 695 1200
internal_value=1.14994e-11 -6.56407e-05 1.25136e-05 0.000220558 -0.00171428 0.000300543 -3.67503e-05 0.000183579 -0.00233587 -2.52058e-05 0.00019654 0.00267983 -0.000158773 -0.00211487
internal_weight=17858 17336 16796 14990 1806 1261 14408 13148 1260 12584 11640 1457 10183 1895
internal_count=17858 17336 16796 14990 1806 1261 14408 13148 1260 12584 11640 1457 10183 1895
is_linear=0
shrinkage=0.05


Tree=103
num_leaves=15
num_cat=0
split_feature=0 2 0 0 0 1 1 1 0 0 0 0 1 0
split_gain=0.947956 0.970365 5.93485 5.18694 3.92367 7.12406 4.59646 4.44139 3.33186 1.75486 4.54767 3.04118 7.34279 2.48532
threshold=6.5253713130950937 1.5000000000000002 5.2737994194030771 4.6705245971679696 3.3242222070693974 9.0466494560241717 23.565176963806156 15.031881332397463 4.3469109535217294 3.866962313652039 3.5976886749267583 2.97192394733429 19.974007606506351 2.4330505132675175
decision_type=2 2 2 2 2 2 2 2 2 2 2 2 2 2
left_child=1 2 3 8 5 -3 -7 -6 9 10 11 13 -13 -1
right_child=-2 4 -4 -5 7 6 -8 -9 -10 -11 -12 12 -14 -15
leaf_value=0.00010008603659578419 0.0018669345295625449 -0.0051873532773155148 -0.004256080438974367 0.0041373344905083799 0.0065792531330434671 0.003493214204812101 -0.0017141210905638887 0.00029211106738090327 -0.0039895384325968437 0.0020213252962968603 -0.0043715245747566224 0.0045862732747760674 -0.0016581828230936855 -0.0019339177663807178
leaf_weight=6141 655 601 870 719 505 938 773 633 563 939 625 1063 845 1988
leaf_count=6141 655 601 870 719 505 938 773 633 563 939 625 1063 845 1988
internal_value=3.70154e-12 -7.10831e-05 -0.000259165 1.07505e-05 0.000678681 -0.000504317 0.00114063 0.0030821 -0.000233167 -5.08693e-05 -0.000233367 2.43144e-05 0.00182078 -0.000397343
internal_weight=17858 17203 13753 12883 3450 2312 1711 1138 12164 11601 10662 10037 1908 8129
internal_count=17858 17203 13753 12883 3450 2312 1711 1138 12164 11601 10662 10037 1908 8129
is_linear=0
shrinkage=0.05


Tree=104
num_leaves=15
num_cat=0
split_feature=0 1 1 0 0 0 0 1 1 1 1 1 0 1
split_gain=0.90575 4.47128 2.89686 5.7767 5.92431 3.05905 1.44091 3.30233 3.7802 1.84952 3.9176 3.22045 2.63658 2.37889
threshold=5.5037066936492929 18.33624362945557 1.1188510656356814 4.500927448272706 4.2526242733001718 4.0119636058807382 3.400376677513123 23.565176963806156 11.662280082702638 2.6117454767227177 4.2316496372222909 6.0166039466857919 0.7533368468284608 14.240219593048097
decision_type=2 2 2 2 2 2 2 2 2 2 2 2 2 2
left_child=2 -2 -1 4 5 6 9 8 -8 -4 -11 -12 -13 -14
right_child=1 -3 3 -5 -6 -7 7 -9 -10 10 11 12 13 -15
leaf_value=0.0035579690781075836 -0.0013497546506353254 0.0041686690237581602 -0.003074332200333305 -0.0031156667216363544 0.0052200492185690275 -0.0037539590535086952 0.0030330521682352981 0.0044088131306821744 -0.0026783521646105198 0.0041487516197009702 -0.0037889321842794598 -0.0031031632838980261 0.0015104090831472628 -0.00030040042356834688
leaf_weight=522 799 679 522 1561 541 554 517 593 659 534 603 649 2497 6628
leaf_count=522 799 679 522 1561 541 554 517 593 659 534 603 649 2497 6628
internal_value=8.47528e-12 0.00118543 -0.000106964 -0.000227603 8.77264e-05 -0.000114119 3.86207e-05 0.00136658 -0.000167471 -0.000166851 -2.77526e-05 -0.000242675 -2.38915e-05 0.000195116
internal_weight=17858 1478 16380 15858 14297 13756 13202 1769 1176 11433 10911 10377 9774 9125
internal_count=17858 1478 16380 15858 14297 13756 13202 1769 1176 11433 10911 10377 9774 9125
is_linear=0
shrinkage=0.05


Tree=105
num_leaves=15
num_cat=0
split_feature=1 0 1 0 0 0 1 0 0 1 0 0 1 1
split_gain=0.861999 9.31889 8.20843 8.18363 4.09844 5.52638 7.37405 3.04802 7.29765 8.34975 5.89538 3.15936 2.93497 2.8992
threshold=9.0466494560241717 5.1321570873260507 10.142644405364992 3.4956555366516118 2.7074600458145146 1.7966887950897219 4.2316496372222909 5.5037066936492929 4.0500555038452157 27.66272068023682 3.6852741241455083 3.3052772283554082 17.557585716247562 17.150908470153812
decision_type=2 2 2 2 2 2 2 2 2 2 2 2 2 2
left_child=1 3 -2 4 5 6 -1 8 10 12 11 13 -10 -4
right_child=2 -3 7 -5 -6 -7 -8 -9 9 -11 -12 -13 -14 -15
leaf_value=0.001874021519785342 0.0061173094318660963 -0.0068327298028736123 -0.001249808893317883 0.0043602364729052635 -0.003936868331633335 0.002744759729556501 -0.005977857649852529 0.0025189531518629306 -0.0027534721191972496 0.0012743171013683214 0.0048728270343744162 -0.0027581675569755865 -0.0077812045126227462 0.00084187342307738197
leaf_weight=575 562 529 2308 923 860 1062 623 1053 500 679 646 976 692 5870
leaf_count=575 562 529 2308 923 860 1062 623 1053 500 679 646 976 692 5870
internal_value=-3.24911e-11 -0.000592176 0.000203781 0.000224359 -0.000999171 0.000118713 -0.00220922 -5.7411e-05 -0.00028986 -0.00315129 0.00025644 -6.93395e-05 -0.00567226 0.000251558
internal_weight=17858 4572 13286 4043 3120 2260 1198 12724 11671 1871 9800 9154 1192 8178
internal_count=17858 4572 13286 4043 3120 2260 1198 12724 11671 1871 9800 9154 1192 8178
is_linear=0
shrinkage=0.05


Tree=106
num_leaves=15
num_cat=0
split_feature=1 1 1 1 1 1 0 0 0 1 0 0 0 0
split_gain=0.867446 5.53005 3.95439 5.27301 4.23645 7.40811 3.64175 2.75084 6.58613 7.53565 5.32058 2.85133 2.89676 8.41656
threshold=2.6117454767227177 3.769469261169434 5.4553904533386239 6.5984327793121347 9.0466494560241717 10.142644405364992 2.7074600458145146 5.5037066936492929 4.0500555038452157 27.66272068023682 3.6852741241455083 3.3052772283554082 2.8149876594543461 2.5783061981201176
decision_type=2 2 2 2 2 2 2 2 2 2 2 2 2 2
left_child=6 -2 -3 -4 -5 -6 -1 8 10 -10 11 12 13 -7
right_child=1 2 3 4 5 7 -8 -9 9 -11 -12 -13 -14 -15
leaf_value=0.0013282049452899992 0.0049192166922919014 -0.003218478245701198 0.0048684258272021115 -0.0029061539870331968 0.0058114439844786855 0.00042919896446041978 -0.0039854090886946303 0.0023930058695958772 -0.0053886434209029881 0.0012106011318528424 0.0046291857610396099 -0.0026202592136124608 0.0023348852318681714 -0.0052291647893764597
leaf_weight=665 574 942 563 1202 562 6069 626 1053 1192 679 646 976 1372 737
leaf_count=665 574 942 563 1202 562 6069 626 1053 1192 679 646 976 1372 737
internal_value=1.37139e-11 9.72783e-05 -7.57844e-05 0.000120908 -6.35793e-05 0.000193592 -0.00124834 -5.45404e-05 -0.000275367 -0.00299373 0.000243618 -6.58724e-05 0.00023898 -0.000183527
internal_weight=17858 16567 15993 15051 14488 13286 1291 12724 11671 1871 9800 9154 8178 6806
internal_count=17858 16567 15993 15051 14488 13286 1291 12724 11671 1871 9800 9154 8178 6806
is_linear=0
shrinkage=0.05


Tree=107
num_leaves=15
num_cat=0
split_feature=0 0 1 1 1 1 0 1 1 0 0 1 0 2
split_gain=0.986118 4.98443 1.99038 4.0541 4.03923 7.93842 7.59708 4.9596 5.56142 9.58673 6.83141 3.98608 3.74758 2.21573
threshold=2.4750533103942876 2.596737384796143 30.195087432861332 26.997159957885746 21.835895538330082 17.729066848754886 3.6211440563201909 12.746846199035646 9.0466494560241717 5.1321570873260507 3.3642048835754399 32.620370864868171 4.0821683406829843 1.0000000180025095e-35
decision_type=2 2 2 2 2 2 2 2 2 2 2 2 2 2
left_child=-1 -2 3 4 5 7 -6 8 9 10 -3 -4 -12 -9
right_child=1 2 11 -5 6 -7 -8 13 -10 -11 12 -13 -14 -15
leaf_value=-0.00041554239894307348 0.0048971306651513632 -0.0020775610142018757 -0.0047236150062799995 0.0037652960395349318 -0.0070541421659912826 0.0047856117431497713 0.00072359259805686652 -0.00085013654453470078 0.0041002188616458633 -0.0064223916706451284 0.0069208565503000646 0.00042208785343230987 0.00092086702113302558 -0.0048543880088604933
leaf_weight=7934 564 874 611 797 539 935 752 719 918 529 520 980 521 665
leaf_count=7934 564 874 611 797 539 935 752 719 918 529 520 980 521 665
internal_value=4.90896e-11 0.000332216 5.71509e-05 0.000387105 9.28615e-07 0.000574637 -0.00252366 -0.000254958 0.000782089 -0.000464246 0.00118163 -0.00155404 0.00391798 -0.00277414
internal_weight=17858 9924 9360 7769 6972 5681 1291 4746 3362 2444 1915 1591 1041 1384
internal_count=17858 9924 9360 7769 6972 5681 1291 4746 3362 2444 1915 1591 1041 1384
is_linear=0
shrinkage=0.05


Tree=108
num_leaves=15
num_cat=0
split_feature=0 0 1 1 1 0 0 1 1 1 1 1 0 1
split_gain=0.889972 4.49845 1.95228 6.4104 4.70866 5.23032 5.36665 3.58346 8.29206 4.80014 3.30607 2.47621 3.50472 1.92628
threshold=2.4750533103942876 2.596737384796143 10.678173065185549 14.240219593048097 8.1841802597045916 1.9304367899894717 1.3807836174964907 17.013521194458011 19.974007606506351 22.740912437438968 26.869554519653324 33.613300323486335 1.3297689557075503 27.971342086791996
decision_type=2 2 2 2 2 2 2 2 2 2 2 2 2 2
left_child=2 -2 4 -4 5 6 -1 -5 -9 -10 -11 12 -12 -3
right_child=1 13 3 7 -6 -7 -8 8 9 10 11 -13 -14 -15
leaf_value=-0.0017962237584251393 0.0046522740591713723 0.00044255378871722596 0.0042210502979493766 -0.0040401337613769238 -0.0057852045483602829 -0.0044008332322917733 0.00480040865285056 0.0050400429682451349 -0.005170396839578947 0.0022978317090555241 0.00095251381776337524 0.0016196638802458956 -0.0041769564182937901 -0.0012708446383300619
leaf_weight=632 564 7239 811 649 524 561 602 672 582 912 511 522 956 2121
leaf_count=632 564 7239 811 649 524 561 602 672 582 912 511 522 956 2121
internal_value=6.64676e-12 0.000315605 -0.000394765 0.000109281 -0.00161521 -0.000397902 0.00142191 -0.000584858 -4.5153e-05 -0.00102628 -0.000194881 -0.00133784 -0.00239021 5.42933e-05
internal_weight=17858 9924 7934 5615 2319 1795 1234 4804 4155 3483 2901 1989 1467 9360
internal_count=17858 9924 7934 5615 2319 1795 1234 4804 4155 3483 2901 1989 1467 9360
is_linear=0
shrinkage=0.05


Tree=109
num_leaves=15
num_cat=0
split_feature=2 1 1 1 1 2 0 0 0 1 0 0 0 1
split_gain=0.863649 3.88372 2.27202 6.01411 5.19217 2.15204 5.69094 2.24701 2.23166 5.19561 3.33467 4.38674 3.86584 1.83764
threshold=1.5000000000000002 31.102161407470707 24.28449630737305 17.013521194458011 9.5995421409606951 1.0000000180025095e-35 5.3287389278411874 4.3219997882843026 4.6363980770111093 18.33624362945557 3.5976886749267583 3.2297723293304448 3.9215983152389531 26.322703361511234
decision_type=2 2 2 2 2 2 2 2 2 2 2 2 2 2
left_child=5 2 3 4 -2 8 7 13 10 -10 11 -1 -12 -7
right_child=1 -3 -4 -5 -6 6 -8 -9 9 -11 12 -13 -14 -15
leaf_value=-2.0838149639240418e-06 0.0015959100515165782 0.0047577025556918423 -0.00271961861590216 0.0047090669451638053 -0.0037941047744052265 -0.00021932466965033506 -0.0059822999927746428 0.0026110795484352821 -0.00089846084472920858 0.0054241700112834228 -0.0057535890482410526 0.0042529496511057654 -0.00021966554602737833 -0.0026099341944054296
leaf_weight=5613 1001 505 605 679 807 3196 512 537 660 640 503 679 847 1074
leaf_count=5613 1001 505 605 679 807 3196 512 537 660 640 503 679 847 1074
internal_value=3.05334e-11 0.000692352 2.83799e-05 0.000696872 -0.000809921 -0.000174629 -0.000971013 -0.000437254 0.000299086 0.00221422 -2.67019e-05 0.000457097 -0.00228156 -0.000820616
internal_weight=17858 3597 3092 2487 1808 14261 5319 4807 8942 1300 7642 6292 1350 4270
internal_count=17858 3597 3092 2487 1808 14261 5319 4807 8942 1300 7642 6292 1350 4270
is_linear=0
shrinkage=0.05


Tree=110
num_leaves=15
num_cat=0
split_feature=0 1 1 0 0 0 0 0 0 1 0 1 1 0
split_gain=0.81366 3.09554 2.57485 4.75401 2.53101 9.97933 3.05249 2.21856 2.63864 4.09472 2.70805 3.97348 5.24897 5.53448
threshold=5.5037066936492929 18.33624362945557 1.1188510656356814 4.7351951599121103 4.2921187877655038 4.0500555038452157 3.6852741241455083 3.5171769857406621 3.1530255079269414 23.20114898681641 2.8935406208038335 4.2316496372222909 7.8885366916656503 2.7337535619735722
decision_type=2 2 2 2 2 2 2 2 2 2 2 2 2 2
left_child=2 -2 -1 4 5 6 7 8 10 -10 11 -4 -13 -14
right_child=1 -3 3 -5 -6 -7 -8 -9 9 -11 -12 12 13 -15
leaf_value=0.0033538578670486183 -0.00098586206456112479 0.0036057727801783591 0.0033174405520801525 -0.0034206754869240612 0.0025123649235705243 -0.0067216909987231101 0.0029568357343807018 -0.0032092888719261353 -2.7073251726024624e-05 0.0057367644324898721 -0.0026555154557004941 -0.0035932070992463934 -0.00017105984432117178 0.0051487807376044137
leaf_weight=522 799 679 853 1078 952 555 886 542 803 500 1015 1039 7110 525
leaf_count=522 799 679 853 1078 952 555 886 542 803 500 1015 1039 7110 525
internal_value=-2.40018e-11 0.00112356 -0.000101381 -0.000215117 1.86846e-05 -0.000152995 0.00012167 -8.11198e-05 6.2018e-05 0.00218468 -0.000200345 6.12269e-05 -0.000258989 0.000194745
internal_weight=17858 1478 16380 15858 14780 13828 13273 12387 11845 1303 10542 9527 8674 7635
internal_count=17858 1478 16380 15858 14780 13828 13273 12387 11845 1303 10542 9527 8674 7635
is_linear=0
shrinkage=0.05


Tree=111
num_leaves=15
num_cat=0
split_feature=1 1 1 1 0 1 0 0 0 1 0 0 0 1
split_gain=0.930365 4.79033 3.44187 5.03652 3.68621 6.77199 3.14722 2.49512 4.99987 9.8827 4.47163 4.47049 5.53477 5.08716
threshold=2.6117454767227177 3.769469261169434 5.4553904533386239 6.5984327793121347 5.6610910892486581 21.479108810424808 2.7074600458145146 3.3052772283554082 3.866962313652039 23.565176963806156 2.6901332139968877 2.4330505132675175 2.2694872617721562 12.172334194183351
decision_type=2 2 2 2 2 2 2 2 2 2 2 2 2 2
left_child=6 -2 -3 -4 7 -6 -1 10 9 -9 11 12 13 -5
right_child=1 2 3 4 5 -7 -8 8 -10 -11 -12 -13 -14 -15
leaf_value=0.0011024041193768495 0.0045886076055467132 -0.0029922969926014197 0.0047630125368890719 -0.0035167345789396706 0.0065520282928231395 -0.0013344254885911519 -0.0038372737792924574 -0.0069441269541734478 2.4114112850430775e-05 0.0012809616326076257 0.0022615302886281694 -0.0035630103346312985 0.0046563521675441573 0.00031314044344335766
leaf_weight=665 574 942 563 1065 563 527 626 897 2583 616 2002 972 598 4665
leaf_count=665 574 942 563 1065 563 527 626 897 2583 616 2002 972 598 4665
internal_value=-3.47809e-11 0.000100744 -6.03281e-05 0.000123176 -5.71272e-05 0.00273904 -0.00129282 -0.00028461 -0.00131287 -0.00359538 0.00016817 -0.000405927 7.90102e-05 -0.000398695
internal_weight=17858 16567 15993 15051 14488 1090 1291 13398 4096 1513 9302 7300 6328 5730
internal_count=17858 16567 15993 15051 14488 1090 1291 13398 4096 1513 9302 7300 6328 5730
is_linear=0
shrinkage=0.05


Tree=112
num_leaves=15
num_cat=0
split_feature=1 1 1 1 0 0 1 1 0 1 0 0 0 0
split_gain=0.900095 4.48624 3.80986 2.22199 3.34618 5.47966 7.13841 8.42297 9.78756 4.5015 3.87556 5.3064 2.36973 6.15906
threshold=28.25096416473389 29.375464439392093 26.997159957885746 25.922469139099125 3.4956555366516118 5.9931476116180429 20.799974441528324 7.7142424583435067 4.8173367977142343 14.0803279876709 2.8935406208038335 2.6587969064712529 2.4330505132675175 2.1526268720626835
decision_type=2 2 2 2 2 2 2 2 2 2 2 2 2 2
left_child=2 -2 3 4 10 6 7 -6 9 -9 11 12 13 -1
right_child=1 -3 -4 -5 5 -7 -8 8 -10 -11 -12 -13 -14 -15
leaf_value=-0.0007559708427682815 -0.0048228464139405125 2.5936695819305949e-05 0.0039889715315806658 -0.003078582737268297 0.0046125496449825817 -0.0025755385116126321 0.0068083135833410264 -0.0069685056691089972 0.0046210317490383603 -0.00070996182179545683 -0.0025959572875883571 0.0039961567237263634 -0.0029646492758060453 0.0037534987189657785
leaf_weight=4636 558 3288 629 559 1017 738 668 553 507 598 1646 777 779 905
leaf_count=4636 558 3288 629 559 1017 738 668 553 507 598 1646 777 779 905
internal_value=2.24936e-12 -0.000677553 0.000185974 7.23346e-06 0.000141745 0.00132391 0.00218476 0.00103016 -0.00116724 -0.00371689 -0.00041006 9.69124e-05 -0.000382473 -1.94486e-05
internal_weight=17858 3846 14012 13383 12824 4081 3343 2675 1658 1151 8743 7097 6320 5541
internal_count=17858 3846 14012 13383 12824 4081 3343 2675 1658 1151 8743 7097 6320 5541
is_linear=0
shrinkage=0.05


Tree=113
num_leaves=15
num_cat=0
split_feature=1 1 1 1 0 1 0 1 1 0 0 0 1 1
split_gain=0.882842 4.26732 3.21165 4.40038 3.38609 6.13947 2.96115 2.55982 11.0326 6.80401 2.85178 7.22328 9.8675 2.91078
threshold=2.6117454767227177 3.769469261169434 5.4553904533386239 6.5984327793121347 5.6610910892486581 21.479108810424808 2.7074600458145146 32.397140502929695 31.102161407470707 3.4751502275466923 1.4343159794807436 1.2401294112205508 17.013521194458011 25.922469139099125
decision_type=2 2 2 2 2 2 2 2 2 2 2 2 2 2
left_child=6 -2 -3 -4 7 -6 -1 8 10 -9 11 12 -5 -12
right_child=1 2 3 4 5 -7 -8 9 -10 -11 13 -13 -14 -15
leaf_value=0.0010639718976011851 0.0043339297370108996 -0.0028861018239061749 0.0044603045732047588 -0.0047471867584519926 0.0062653169271637086 -0.0012438054450573772 -0.0037274598504026864 -6.3376016257088609e-05 0.006769865774671445 -0.0069482696405242369 -0.0002735713818187298 0.0062988734035191165 0.0031020878712975002 -0.0024892175483841677
leaf_weight=665 574 942 563 720 563 527 626 1246 573 504 7036 539 902 1878
leaf_count=665 574 942 563 720 563 527 626 1246 573 504 7036 539 902 1878
internal_value=3.66365e-12 9.81378e-05 -5.38878e-05 0.000123373 -4.51595e-05 0.00263476 -0.00125937 -0.000263185 4.69916e-06 -0.00204623 -0.000345318 0.00128422 -0.000382177 -0.000740363
internal_weight=17858 16567 15993 15051 14488 1090 1291 13398 11648 1750 11075 2161 1622 8914
internal_count=17858 16567 15993 15051 14488 1090 1291 13398 11648 1750 11075 2161 1622 8914
is_linear=0
shrinkage=0.05


Tree=114
num_leaves=15
num_cat=0
split_feature=0 0 0 0 0 1 1 1 1 1 2 1 1 1
split_gain=0.883595 4.58875 1.83067 1.83127 2.37884 3.93961 5.99069 6.69155 4.60823 7.66974 1.90517 1.77691 3.98017 4.01782
threshold=2.4750533103942876 2.596737384796143 2.2876739501953129 2.138858556747437 1.9304367899894717 31.273641586303714 26.186702728271488 19.974007606506351 12.37440347671509 5.7009029388427743 1.0000000180025095e-35 30.195087432861332 26.997159957885746 21.835895538330082
decision_type=2 2 2 2 2 2 2 2 2 2 2 2 2 2
left_child=2 -2 3 4 5 6 7 8 9 -1 -10 12 13 -3
right_child=1 11 -4 -5 -6 -7 -8 -9 10 -11 -12 -13 -14 -15
leaf_value=0.0027094262735002997 0.0046944522397949348 0.00055185611874084472 -0.0025931987695440033 0.0022871454844766476 -0.0026578526395529059 -0.0034484811785512022 0.0045201260610714345 -0.0041358451091500718 0.0012991904891150113 -0.0037537410946711439 0.0053025114480342479 -0.0014717910329824155 0.0037095551807877409 -0.0025382141585373066
leaf_weight=865 564 5681 845 705 985 713 787 867 603 978 586 1591 797 1291
leaf_count=865 564 5681 845 705 985 713 787 867 603 978 586 1591 797 1291
internal_value=-9.70541e-12 0.000314473 -0.000393349 -0.000131129 -0.000398185 1.40717e-05 0.000540918 -0.000262272 0.000845375 -0.000720296 0.00327223 5.05509e-05 0.000362309 -2.03299e-05
internal_weight=17858 9924 7934 7089 6384 5399 4686 3899 3032 1843 1189 9360 7769 6972
internal_count=17858 9924 7934 7089 6384 5399 4686 3899 3032 1843 1189 9360 7769 6972
is_linear=0
shrinkage=0.05


Tree=115
num_leaves=15
num_cat=0
split_feature=1 1 1 1 1 1 0 0 0 0 1 0 1 0
split_gain=0.868 3.72654 3.02521 3.99383 3.18648 7.1758 2.61633 2.5558 1.89972 5.83137 7.51016 4.91594 3.15334 2.21553
threshold=2.6117454767227177 3.769469261169434 5.4553904533386239 6.5984327793121347 9.0466494560241717 10.142644405364992 2.7074600458145146 2.8427542448043828 5.5037066936492929 4.0500555038452157 27.66272068023682 3.6852741241455083 17.557585716247562 3.3052772283554082
decision_type=2 2 2 2 2 2 2 2 2 2 2 2 2 2
left_child=6 -2 -3 -4 7 -6 -1 -5 9 11 12 13 -11 -7
right_child=1 2 3 4 5 8 -8 -9 -10 10 -12 -13 -14 -15
leaf_value=0.00093514176015567062 0.0040556199238586926 -0.0027935389819112063 0.0042590147172155432 -0.00048192561263554951 0.0057188253579628107 0.00022161526208723864 -0.0035686793323522941 -0.0051345034818846072 0.001979511894629729 -0.0021612690007314088 0.0014013864999754967 0.004465884187088663 -0.0073726826059736976 -0.0022987636409272424
leaf_weight=665 574 942 563 681 562 8178 626 521 1053 500 679 646 692 976
leaf_count=665 574 942 563 681 562 8178 626 521 1053 500 679 646 692 976
internal_value=-1.76963e-11 9.73093e-05 -4.47572e-05 0.000127281 -3.32768e-05 0.00018976 -0.00124874 -0.00249856 -5.44503e-05 -0.000237962 -0.00279583 0.000250381 -0.00518669 -4.71077e-05
internal_weight=17858 16567 15993 15051 14488 13286 1291 1202 12724 11671 1871 9800 1192 9154
internal_count=17858 16567 15993 15051 14488 13286 1291 1202 12724 11671 1871 9800 1192 9154
is_linear=0
shrinkage=0.05


Tree=116
num_leaves=15
num_cat=0
split_feature=0 0 1 0 1 0 0 0 0 0 1 1 1 1
split_gain=0.968052 4.98533 4.11539 5.21058 8.35081 8.42117 4.98407 4.87613 5.86417 3.14995 2.53928 2.3038 2.31026 3.45764
threshold=3.1530255079269414 3.3052772283554082 17.013521194458011 3.5976886749267583 9.0466494560241717 4.9276232719421396 5.1321570873260507 3.6211440563201909 4.0500555038452157 4.6705245971679696 26.322703361511234 1.5362544655799868 4.0947723388671884 7.1739900112152108
decision_type=2 2 2 2 2 2 2 2 2 2 2 2 2 2
left_child=11 -2 3 -3 6 -6 -5 -4 -9 -10 -11 -1 -13 -14
right_child=1 2 7 4 5 -7 -8 8 9 10 -12 12 13 -15
leaf_value=-0.0035990938977532787 0.004958273175537797 0.0059723697357284009 -0.0052977140144483282 0.00021217730656887093 -0.00019843043937532961 0.00833539847393059 -0.0060053312439526064 0.0041470411412855976 -0.0040297461307149752 -0.0024274711347982503 0.0018504447604776157 0.0024881590661164875 -0.0031965377215599344 -3.0847996872650418e-05
leaf_weight=503 566 516 584 825 659 515 529 591 774 626 778 777 958 8657
leaf_count=503 566 516 584 825 659 515 529 591 774 626 778 777 958 8657
internal_value=-5.36923e-11 0.000460488 6.25286e-05 0.00139354 0.000458936 0.00354511 -0.00221697 -0.00114582 -0.00027016 -0.00146877 -5.69451e-05 -0.000294298 -0.000134337 -0.000346265
internal_weight=17858 6963 6397 3044 2528 1174 1354 3353 2769 2178 1404 10895 10392 9615
internal_count=17858 6963 6397 3044 2528 1174 1354 3353 2769 2178 1404 10895 10392 9615
is_linear=0
shrinkage=0.05


Tree=117
num_leaves=15
num_cat=0
split_feature=0 0 2 1 1 1 0 1 1 1 0 1 0 1
split_gain=0.873667 4.49926 4.03788 4.75857 4.97783 5.88329 4.52627 4.44977 2.83772 2.53271 2.2183 3.87275 2.04692 3.80372
threshold=3.1530255079269414 3.3052772283554082 1.5000000000000002 25.922469139099125 15.415084362030031 10.512176990509035 4.0500555038452157 13.381580829620363 29.375464439392093 21.835895538330082 2.8742823600769047 17.417921066284183 2.4750533103942876 14.387863636016847
decision_type=2 2 2 2 2 2 2 2 2 2 2 2 2 2
left_child=10 -2 3 4 5 6 -3 -4 -5 -6 12 -12 -1 -14
right_child=1 2 7 8 9 -7 -8 -9 -10 -11 11 -13 13 -15
leaf_value=-0.00038484291487871357 0.0047103596607703628 -0.0032464746448953273 0.0061887680911390554 -0.0060009587960247928 0.0041241072999712615 -0.0054079080466968958 0.0024815095671853887 0.00019161744047970568 -0.0013801451158251892 -0.00010695691749547013 -0.0052270141821996923 0.00063202741856132054 0.0041752564230639689 -0.0004489040398386432
leaf_weight=7934 566 531 510 507 966 591 984 786 964 558 580 549 760 1072
leaf_count=7934 566 531 510 507 966 591 984 786 964 558 580 549 760 1072
internal_value=5.07686e-11 0.000437464 5.94023e-05 -0.000573787 0.000398363 -0.00117671 0.000473879 0.00255161 -0.00297277 0.00257494 -0.000279583 -0.00237793 -3.70033e-05 0.00146942
internal_weight=17858 6963 6397 5101 3630 2106 1515 1296 1471 1524 10895 1129 9766 1832
internal_count=17858 6963 6397 5101 3630 2106 1515 1296 1471 1524 10895 1129 9766 1832
is_linear=0
shrinkage=0.05


Tree=118
num_leaves=15
num_cat=0
split_feature=0 0 2 1 1 0 1 0 0 1 1 1 1 1
split_gain=0.788485 4.06058 3.64419 4.52596 11.8387 6.62951 6.98908 11.5459 4.03621 6.27495 4.01592 2.06809 2.07147 3.16125
threshold=3.1530255079269414 3.3052772283554082 1.5000000000000002 17.013521194458011 13.506245613098146 3.6852741241455083 27.971342086791996 4.4603416919708261 4.1069266796112069 7.1739900112152108 13.381580829620363 1.5362544655799868 4.0947723388671884 7.1739900112152108
decision_type=2 2 2 2 2 2 2 2 2 2 2 2 2 2
left_child=11 -2 3 4 8 -5 7 -7 -3 -10 -4 -1 -13 -14
right_child=1 2 10 5 -6 6 -8 -9 9 -11 -12 12 13 -15
leaf_value=-0.0033967754283316335 0.0044748416348186068 -0.0037240701758613189 0.0058793293699672374 -0.0065677386235161077 0.0078258175546160116 0.0075244980012012727 -0.0038737175455346978 -0.0024027085912625311 -0.00222097750319991 0.005217049655913129 0.00018203643465511805 0.0023692226250736255 -0.0030400934794408297 -1.3128723925526291e-05
leaf_weight=503 566 720 510 602 507 518 929 674 645 506 786 777 958 8657
leaf_count=503 566 720 510 602 507 518 929 674 645 506 786 777 958 8657
internal_value=-1.47058e-11 0.000415591 5.64321e-05 -0.000545097 0.00104864 -0.00193691 -0.000622546 0.0019113 -0.000787832 0.00104891 0.00242403 -0.000265604 -0.000114047 -0.000314723
internal_weight=17858 6963 6397 5101 2378 2723 2121 1192 1871 1151 1296 10895 10392 9615
internal_count=17858 6963 6397 5101 2378 2723 2121 1192 1871 1151 1296 10895 10392 9615
is_linear=0
shrinkage=0.05


Tree=119
num_leaves=15
num_cat=0
split_feature=0 0 0 1 1 1 1 2 0 0 0 0 1 1
split_gain=0.764061 5.87185 3.39919 2.76947 4.41854 4.36663 6.95173 3.86573 3.15764 1.764 3.31594 3.80431 3.04196 9.71395
threshold=0.9646972417831422 1.1486966609954836 0.7533368468284608 33.613300323486335 32.397140502929695 31.102161407470707 28.378836631774906 1.0000000180025095e-35 6.2799839973449716 1.4343159794807436 1.7966887950897219 1.6598623991012575 17.729066848754886 14.387863636016847
decision_type=2 2 2 2 2 2 2 2 2 2 2 2 2 2
left_child=2 -2 -1 4 5 6 8 -5 9 -3 11 -11 13 -12
right_child=1 3 -4 7 -6 -7 -8 -9 -10 10 12 -13 -14 -15
leaf_value=-0.00099614834617775734 -0.0047814399421772114 0.002161957983110772 0.0040834056157847912 -0.00037530077446220272 -0.0044892106307008878 0.0044135777878992373 -0.0039100197121799537 0.005439237002716508 0.0036242964606201578 -0.000300232962254555 0.0005084000617416218 -0.0058575759982642831 0.0013718348751508879 -0.0044842484656272968
leaf_weight=782 642 915 569 585 549 559 1098 559 653 775 4950 511 3498 1213
leaf_count=782 642 915 569 585 549 559 1098 559 653 775 4950 511 3498 1213
internal_value=8.56883e-12 -9.35645e-05 0.0011432 9.61371e-05 -8.80217e-05 8.24731e-05 -9.5378e-05 0.00246589 0.000239298 5.29552e-05 -0.000123325 -0.00250848 0.000194169 -0.000474252
internal_weight=17858 16507 1351 15865 14721 14172 13613 1144 12515 11862 10947 1286 9661 6163
internal_count=17858 16507 1351 15865 14721 14172 13613 1144 12515 11862 10947 1286 9661 6163
is_linear=0
shrinkage=0.05


Tree=120
num_leaves=15
num_cat=0
split_feature=2 1 0 0 0 1 0 1 1 1 0 1 0 1
split_gain=0.751167 3.47109 5.26136 2.66389 8.25763 5.08963 4.62921 2.15223 5.33077 5.77732 3.55128 6.19241 10.2 2.07953
threshold=1.0000000180025095e-35 33.413610458374031 5.8343987464904794 1.7006043791770937 1.4529523253440859 12.37440347671509 1.9830864667892458 29.094898223876957 22.4625997543335 25.922469139099125 4.3469109535217294 10.944608688354494 3.1936514377593999 5.8704924583435067
decision_type=2 2 2 2 2 2 2 2 2 2 2 2 2 2
left_child=-1 2 3 4 5 -2 -5 8 10 -10 11 13 -13 -8
right_child=1 -3 -4 6 -6 -7 7 -9 9 -11 -12 12 -14 -15
leaf_value=0.00032380955119503134 -0.0036270343119542778 0.0032050833959513035 -0.0054493398383839188 0.0044477734877259138 -0.0072080085703143575 0.0023938437275645764 -0.00093415094830718323 -0.0029521931485648745 0.0068862525347579018 -0.00056204481418439724 0.0022963705834898782 -0.0005494531244039536 -0.0093451538239822923 0.0030374323782741924
leaf_weight=8942 571 646 524 596 528 911 742 627 542 501 743 856 536 593
leaf_count=8942 571 646 524 596 528 911 742 627 542 501 743 856 536 593
internal_value=3.15517e-12 -0.000324754 -0.000600482 -0.000272468 -0.00183884 7.40587e-05 0.000276419 -0.000207263 0.000174095 0.0033085 -0.000768033 -0.00160296 -0.0039363 0.000830006
internal_weight=17858 8916 8270 7746 2010 1482 5736 5140 4513 1043 3470 2727 1392 1335
internal_count=17858 8916 8270 7746 2010 1482 5736 5140 4513 1043 3470 2727 1392 1335
is_linear=0
shrinkage=0.05


Tree=121
num_leaves=15
num_cat=0
split_feature=0 1 1 1 0 1 0 1 1 1 2 0 1 0
split_gain=0.712355 3.9761 9.35504 5.6018 2.56704 5.31946 8.27302 8.09822 4.58527 4.09231 11.3516 2.04336 3.4009 1.7863
threshold=3.1530255079269414 33.248571395874031 30.195087432861332 26.997159957885746 5.9931476116180429 7.7142424583435067 4.9729626178741464 4.7500071525573739 21.479108810424808 17.013521194458011 1.0000000180025095e-35 2.8742823600769047 17.417921066284183 2.4750533103942876
decision_type=2 2 2 2 2 2 2 2 2 2 2 2 2 2
left_child=11 2 3 4 5 7 8 -2 9 10 -7 13 -13 -1
right_child=1 -3 -4 -5 -6 6 -8 -9 -10 -11 -12 12 -14 -15
leaf_value=-0.00034457998881306671 -1.3106148353072715e-05 0.0042824259520618376 -0.0060087553172416819 0.0051435660788571686 -0.0025598777562460969 0.0031311730810144344 0.0048755129974890968 0.0080136235913399103 0.001573206208053403 -0.0065899021901177496 -0.0065482245465933245 -0.0049362501335041276 0.00055427602840034472 0.0013876166735576493
leaf_weight=7934 774 601 583 616 772 634 570 529 721 583 580 580 549 1832
leaf_count=7934 774 601 583 616 772 634 570 529 721 583 580 580 549 1832
internal_value=3.50507e-11 0.000395018 2.77859e-05 0.000636767 9.9059e-05 0.000566538 -0.000563923 0.00324564 -0.00179525 -0.00314676 -0.00149325 -0.000252456 -0.00226637 -1.96379e-05
internal_weight=17858 6963 6362 5779 5163 4391 3088 1303 2518 1797 1214 10895 1129 9766
internal_count=17858 6963 6362 5779 5163 4391 3088 1303 2518 1797 1214 10895 1129 9766
is_linear=0
shrinkage=0.05


Tree=122
num_leaves=15
num_cat=0
split_feature=0 0 0 0 0 0 2 2 0 1 0 0 1 1
split_gain=0.695818 5.30575 3.08582 2.2868 3.12936 2.90912 8.17526 1.79199 2.2441 7.72853 4.96127 3.10064 2.5609 5.69749
threshold=0.9646972417831422 1.1486966609954836 0.7533368468284608 1.4529523253440859 1.3101463317871096 1.7006043791770937 1.0000000180025095e-35 1.5000000000000002 5.2737994194030771 21.479108810424808 4.6705245971679696 4.3469109535217294 2.6117454767227177 6.5984327793121347
decision_type=2 2 2 2 2 2 2 2 2 2 2 2 2 2
left_child=2 -2 -1 4 -3 6 -5 8 10 -10 11 12 -7 -14
right_child=1 3 -4 5 -6 7 -8 -9 9 -11 -12 -13 13 -15
leaf_value=-0.00094739865235355508 -0.0045454599636366062 -0.00021554004755481356 0.0038923536353664364 0.0016565485067408662 0.0048790068036642566 -0.0030764774313190475 -0.0068092557264628041 0.001269950236123499 0.0010431626063807935 -0.0065828097604751614 0.0041016180270321686 -0.0038085140420213263 0.004005052465780647 -0.0002269194089861774
leaf_weight=782 642 641 569 580 569 614 561 2721 819 559 719 563 904 6615
leaf_count=782 642 641 569 580 569 614 561 2721 819 559 719 563 904 6615
internal_value=5.86705e-13 -8.92884e-05 0.00109096 9.1037e-05 0.00218016 -8.14529e-05 -0.00250587 0.000123243 -0.000165851 -0.00205039 0.000109974 -0.000220062 2.8346e-05 0.000281885
internal_weight=17858 16507 1351 15865 1210 14655 1141 13514 10793 1378 9415 8696 8133 7519
internal_count=17858 16507 1351 15865 1210 14655 1141 13514 10793 1378 9415 8696 8133 7519
is_linear=0
shrinkage=0.05


Tree=123
num_leaves=15
num_cat=0
split_feature=1 0 1 0 0 0 1 1 0 0 1 0 1 1
split_gain=0.762011 7.26154 6.02331 5.93898 3.55418 4.52618 4.43562 2.03563 1.74985 5.34144 7.67452 4.10759 2.68235 1.88131
threshold=9.0466494560241717 5.1321570873260507 10.142644405364992 3.4956555366516118 2.7074600458145146 1.7966887950897219 4.2316496372222909 4.6392407417297372 5.5037066936492929 4.0500555038452157 27.66272068023682 3.6852741241455083 17.557585716247562 14.240219593048097
decision_type=2 2 2 2 2 2 2 2 2 2 2 2 2 2
left_child=1 3 -2 4 5 6 -1 -7 9 11 12 13 -11 -4
right_child=2 -3 8 -5 -6 7 -8 -9 -10 10 -12 -13 -14 -15
leaf_value=0.0012228182333966961 0.0052572360126387817 -0.0060655520576631582 0.0016246654660157537 0.0036873209557595904 -0.0036139920709091565 0.00029172216554674928 -0.0048669093756384882 0.0046713567053506136 0.0019199383928655432 -0.0022828619206789881 0.0015865673274021261 0.0041124702762846983 -0.0070893517225332067 -0.00032659132766812087
leaf_weight=575 562 529 1472 923 860 517 623 545 1053 500 679 646 692 7682
leaf_count=575 562 529 1472 923 860 517 623 545 1053 500 679 646 692 7682
internal_value=8.11609e-12 -0.000556773 0.000191598 0.000164014 -0.000878297 0.000162719 -0.00194404 0.00253927 -3.21439e-05 -0.000208268 -0.00265632 0.000259111 -0.00507321 -1.28214e-05
internal_weight=17858 4572 13286 4043 3120 2260 1198 1062 12724 11671 1871 9800 1192 9154
internal_count=17858 4572 13286 4043 3120 2260 1198 1062 12724 11671 1871 9800 1192 9154
is_linear=0
shrinkage=0.05


Tree=124
num_leaves=15
num_cat=0
split_feature=1 0 1 0 0 0 1 0 1 0 0 1 0 1
split_gain=0.687715 6.55354 5.43604 5.38389 4.21262 4.08488 4.00315 3.93819 1.83715 1.57924 4.82065 6.92625 3.7071 2.42082
threshold=9.0466494560241717 5.1321570873260507 10.142644405364992 3.3642048835754399 2.7074600458145146 1.7966887950897219 4.2316496372222909 4.0821683406829843 4.6392407417297372 5.5037066936492929 4.0500555038452157 27.66272068023682 3.6852741241455083 17.557585716247562
decision_type=2 2 2 2 2 2 2 2 2 2 2 2 2 2
left_child=1 3 -2 4 5 6 -1 -5 -7 10 12 13 -4 -12
right_child=2 -3 9 7 -6 8 -8 -9 -10 -11 11 -13 -14 -15
leaf_value=0.0011616775069547738 0.0049943742375436421 -0.0057622743444781339 -1.2180306992469357e-05 0.0063325709487813027 -0.0041874727691119575 0.00027713625326147395 -0.0046235639488333494 0.00018188836206744593 0.0044377886777350667 0.0018239412916345407 -0.0021687190653756259 0.0015072388483954812 0.003906846712790314 -0.0067348840923773289
leaf_weight=575 562 529 9154 520 742 517 623 521 545 1053 500 679 646 692
leaf_count=575 562 529 9154 520 742 517 623 521 545 1053 500 679 646 692
internal_value=5.99523e-12 -0.000528935 0.000182018 0.000155814 -0.000918636 0.000154583 -0.00184684 0.00325428 0.00241231 -3.05367e-05 -0.000197854 -0.00252351 0.000246156 -0.00481955
internal_weight=17858 4572 13286 4043 3002 2260 1198 1041 1062 12724 11671 1871 9800 1192
internal_count=17858 4572 13286 4043 3002 2260 1198 1041 1062 12724 11671 1871 9800 1192
is_linear=0
shrinkage=0.05


Tree=125
num_leaves=15
num_cat=0
split_feature=0 1 1 1 1 1 0 0 0 0 1 0 0 0
split_gain=0.672413 1.6485 7.50383 5.00774 4.53539 3.03272 3.5131 2.77311 2.77212 5.28525 2.99364 5.18776 9.18066 4.77012
threshold=6.786980628967286 17.729066848754886 19.974007606506351 14.387863636016847 15.681638717651369 13.236307144165041 5.0728566646575937 4.0119636058807382 4.2526242733001718 4.8547461032867441 24.693804740905765 1.9830864667892458 3.0363135337829594 3.5171769857406621
decision_type=2 2 2 2 2 2 2 2 2 2 2 2 2 2
left_child=1 3 -3 5 -5 6 7 -1 10 -10 11 -4 -13 -12
right_child=-2 2 8 4 -6 -7 -8 -9 9 -11 13 12 -14 -15
leaf_value=-0.00031903866095483069 0.0017681159317257935 0.0044163537779925831 -0.0056634184921816955 -0.0064026119111756973 -0.0010324330201133267 0.0035926654933211089 -0.0040669156231687986 0.0028937186314231052 0.005506082183992924 -0.00071690261482264565 0.00078567012016384798 0.0039961559036256452 -0.0050671395963702778 -0.0040695958708510394
leaf_weight=5080 522 1041 695 615 1090 557 552 774 589 811 3824 608 517 583
leaf_count=5080 522 1041 695 615 1090 557 552 774 589 811 3824 608 517 583
internal_value=-7.87423e-12 -5.32393e-05 0.000434333 -0.000540812 -0.00296948 5.38847e-05 -0.000253811 0.000105743 -0.000109168 0.0019012 -0.000561152 -0.0022671 -0.000168932 0.000143369
internal_weight=17858 17336 8668 8668 1705 6963 6406 5854 7627 1400 6227 1820 1125 4407
internal_count=17858 17336 8668 8668 1705 6963 6406 5854 7627 1400 6227 1820 1125 4407
is_linear=0
shrinkage=0.05


Tree=126
num_leaves=15
num_cat=0
split_feature=1 1 0 0 1 0 0 1 0 1 1 0 0 1
split_gain=0.724373 3.57296 3.33249 5.0585 3.49283 1.6694 4.00167 1.63188 3.89698 1.92851 2.14043 5.98067 5.4095 5.30609
threshold=27.971342086791996 26.752210617065433 3.5171769857406621 2.8427542448043828 32.859310150146491 5.9931476116180429 5.2737994194030771 1.1188510656356814 4.7351951599121103 24.693804740905765 19.974007606506351 1.9830864667892458 3.0363135337829594 17.150908470153812
decision_type=2 2 2 2 2 2 2 2 2 2 2 2 2 2
left_child=1 5 3 -2 -4 6 7 -1 9 10 13 -12 -13 -9
right_child=2 -3 4 -5 -6 -7 -8 8 -10 -11 11 12 -14 -15
leaf_value=0.0026889098053042952 -0.00079296518669608879 0.0038526661954642483 -0.0049894460294019546 0.0043142808169599565 0.00035990783309733327 -0.0022620656398631123 0.0043291700388448703 -0.00033688684844311313 -0.0043630128337873641 0.0022930106800697794 -0.0053802476705407075 0.0037963480590597581 -0.0027242734697347191 0.0033184356344883844
leaf_weight=518 2104 629 723 630 528 771 544 6888 531 862 695 608 667 1160
leaf_count=518 2104 629 723 630 528 771 544 6888 531 862 695 608 667 1160
internal_value=-3.2066e-11 0.000170672 -0.000594163 0.000383906 -0.00273169 -4.19719e-06 0.00013537 -5.58809e-05 -0.00018048 2.3649e-05 -0.000171619 -0.00164882 0.000385168 0.000189974
internal_weight=17858 13873 3985 2734 1251 13244 12473 11929 11411 10880 10018 1970 1275 8048
internal_count=17858 13873 3985 2734 1251 13244 12473 11929 11411 10880 10018 1970 1275 8048
is_linear=0
shrinkage=0.05


Tree=127
num_leaves=15
num_cat=0
split_feature=0 0 2 1 1 1 0 1 1 1 1 0 0 0
split_gain=0.726417 3.76776 3.34284 3.81666 5.34892 5.26594 4.52503 3.46961 2.75972 2.42244 1.92045 4.03129 4.12474 3.94889
threshold=3.1530255079269414 3.3052772283554082 1.5000000000000002 25.922469139099125 15.415084362030031 10.512176990509035 4.0500555038452157 13.381580829620363 29.375464439392093 21.835895538330082 33.248571395874031 0.9646972417831422 1.1486966609954836 0.7533368468284608
decision_type=2 2 2 2 2 2 2 2 2 2 2 2 2 2
left_child=10 -2 3 4 5 6 -3 -4 -5 -6 11 13 -13 -1
right_child=1 2 7 8 9 -7 -8 -9 -10 -11 -12 12 -14 -15
leaf_value=0.00021203405311259117 0.0043090461684200032 -0.0034435350426846307 0.0055322190326200253 -0.0056579487019859593 0.0041187633536601785 -0.0052883314331221305 0.002283662330071495 0.00023660010993639159 -0.0011010821994212438 -1.9169913076605368e-05 -0.0025787508726990136 -0.0044502463926838392 -0.00014946828238179973 0.0059234891745906619
leaf_weight=724 566 531 510 507 966 591 984 786 964 558 822 598 8231 520
leaf_count=724 566 531 510 507 966 591 984 786 964 558 822 598 8231 520
internal_value=3.70301e-11 0.000398898 5.29322e-05 -0.00052319 0.000347447 -0.00128528 0.000276308 0.00232052 -0.00267167 0.00260369 -0.000254936 -6.53027e-05 -0.000440766 0.00259946
internal_weight=17858 6963 6397 5101 3630 2106 1515 1296 1471 1524 10895 10073 8829 1244
internal_count=17858 6963 6397 5101 3630 2106 1515 1296 1471 1524 10895 10073 8829 1244
is_linear=0
shrinkage=0.05


Tree=128
num_leaves=15
num_cat=0
split_feature=0 0 1 1 1 1 0 0 0 1 0 0 1 0
split_gain=0.678245 7.71614 2.50092 7.22428 6.89445 5.20521 7.60117 5.53655 4.44684 2.3173 1.66545 1.99962 8.72049 4.3923
threshold=3.400376677513123 3.5547726154327397 25.922469139099125 20.626276969909672 17.013521194458011 9.0466494560241717 4.9276232719421396 4.4603416919708261 4.3219997882843026 1.5362544655799868 3.0817087888717656 2.8149876594543461 18.177651405334476 2.5632447004318242
decision_type=2 2 2 2 2 2 2 2 2 2 2 2 2 2
left_child=9 -2 3 4 5 7 -7 -3 -4 -1 11 13 -13 -11
right_child=1 2 8 -5 -6 6 -8 -9 -10 10 -12 12 -14 -15
leaf_value=-0.0033984783287730469 0.0059941496383563615 0.0021952204372188669 -0.0055934608224814985 0.0048357241754074286 -0.0058031437495683104 -0.00050363812166795451 0.0075114230277215687 -0.0042042002235675221 5.2284533531541127e-05 0.00030547066495239947 -0.001870892119662064 -0.002308569485197936 0.0068402577632839245 -0.0030861553526397561
leaf_weight=547 565 574 523 781 519 695 515 822 1047 7996 1148 527 515 1084
leaf_count=547 565 574 523 781 519 695 515 822 1047 7996 1148 527 515 1084
internal_value=-2.27419e-11 0.000430969 -0.000143026 0.000534416 -0.000540567 0.000507505 0.00290773 -0.00157292 -0.00182843 -0.000220317 -6.60618e-05 0.000138635 0.00221316 -9.94327e-05
internal_weight=17858 6041 5476 3906 3125 2606 1210 1396 1570 11817 11270 10122 1042 9080
internal_count=17858 6041 5476 3906 3125 2606 1210 1396 1570 11817 11270 10122 1042 9080
is_linear=0
shrinkage=0.05


Tree=129
num_leaves=15
num_cat=0
split_feature=0 0 2 1 1 0 1 0 0 1 1 0 1 0
split_gain=0.635588 3.59314 2.96397 3.43275 11.3124 6.20948 6.10556 10.9119 4.22539 5.43455 3.12781 1.92659 2.33524 1.62109
threshold=3.1530255079269414 3.3052772283554082 1.5000000000000002 17.013521194458011 13.506245613098146 3.6852741241455083 27.971342086791996 4.4603416919708261 4.1069266796112069 7.1739900112152108 13.381580829620363 2.8742823600769047 17.417921066284183 2.6901332139968877
decision_type=2 2 2 2 2 2 2 2 2 2 2 2 2 2
left_child=11 -2 3 4 8 -5 7 -7 -3 -10 -4 13 -13 -1
right_child=1 2 10 5 -6 6 -8 -9 9 -11 -12 12 -14 -15
leaf_value=-0.00021065829630547369 0.0041915917617693392 -0.003918689182028175 0.0052198985474658953 -0.0062010717550385437 0.0075055823457487944 0.0073779034971270321 -0.00348603024881281 -0.002272920744032088 -0.0020781840707442558 0.004843856877989685 0.00019188426254594429 -0.0044063750114934205 0.00014332463398222933 0.0020807216576570592
leaf_weight=8921 566 720 510 602 507 518 929 674 645 506 786 580 549 845
leaf_count=8921 566 720 510 602 507 518 929 674 645 506 786 580 549 845
internal_value=6.08804e-12 0.000373127 3.52735e-05 -0.000507219 0.000880756 -0.00171934 -0.000447297 0.00192098 -0.000914427 0.000964868 0.0021705 -0.000238466 -0.00219399 -1.23974e-05
internal_weight=17858 6963 6397 5101 2378 2723 2121 1192 1871 1151 1296 10895 1129 9766
internal_count=17858 6963 6397 5101 2378 2723 2121 1192 1871 1151 1296 10895 1129 9766
is_linear=0
shrinkage=0.05


Tree=130
num_leaves=15
num_cat=0
split_feature=2 1 0 0 0 1 0 0 0 1 0 0 0 0
split_gain=0.655255 3.03428 4.70293 1.9108 6.63328 4.64019 4.28189 2.06825 6.06031 5.47005 5.35597 4.57904 5.50011 5.4835
threshold=1.0000000180025095e-35 33.413610458374031 5.8343987464904794 1.7006043791770937 1.4529523253440859 12.37440347671509 1.9830864667892458 4.3469109535217294 3.8086048364639287 15.902711868286135 3.400376677513123 3.1208673715591435 2.8274753093719487 2.5632447004318242
decision_type=2 2 2 2 2 2 2 2 2 2 2 2 2 2
left_child=-1 2 3 4 5 -2 -5 8 10 -9 11 12 13 -8
right_child=1 -3 -4 6 -6 -7 7 9 -10 -11 -12 -13 -14 -15
leaf_value=0.00030243122961542274 -0.0033970446725442825 0.0029969536921372725 -0.0051454272692825799 0.0042257019049869293 -0.0063898011265943458 0.0023518538762918552 0.00044581278185613048 -0.0018951906917390523 -0.0057512158359353752 0.0050207157712109721 0.0043373998106481177 -0.0052442857406840883 0.0042161950545433237 -0.0055899513559935264
leaf_weight=8942 571 646 524 596 528 911 1252 562 533 582 585 503 585 538
leaf_count=8942 571 646 524 596 528 911 1252 562 533 582 585 503 585 538
internal_value=2.10837e-11 -0.000303313 -0.000561109 -0.00025099 -0.00157761 0.00013686 0.000213881 -0.000251303 -0.000787952 0.00162322 -2.40424e-05 -0.000910576 7.25805e-06 -0.00136829
internal_weight=17858 8916 8270 7746 2010 1482 5736 5140 3996 1144 3463 2878 2375 1790
internal_count=17858 8916 8270 7746 2010 1482 5736 5140 3996 1144 3463 2878 2375 1790
is_linear=0
shrinkage=0.05


Tree=131
num_leaves=15
num_cat=0
split_feature=0 1 1 1 1 0 1 1 0 0 0 0 1 0
split_gain=0.70601 1.38574 6.29704 5.05942 3.90672 2.93075 2.7751 2.62938 3.42709 2.48892 3.39251 2.843 8.42398 6.33505
threshold=6.786980628967286 17.729066848754886 19.974007606506351 14.387863636016847 15.681638717651369 5.1829545497894296 22.323723793029789 13.236307144165041 5.0728566646575937 4.4603416919708261 3.6211440563201909 2.5632447004318242 26.869554519653324 3.060837030410767
decision_type=2 2 2 2 2 2 2 2 2 2 2 2 2 2
left_child=1 3 -3 7 -5 6 -4 8 -1 10 11 -8 -13 -14
right_child=-2 2 5 4 -6 -7 9 -9 -10 -11 -12 12 13 -15
leaf_value=0.00016479534469290342 0.0018117498254075191 0.0040402689354920385 -0.0028712699308837812 -0.0061290671373528194 -0.0011449594210423189 0.0032951683257646763 0.00067696794277510765 0.0033912406775546953 -0.0039564666048070227 -0.0032954606007705952 0.0033159008281954012 -0.0072109860853821622 -0.0032345361441925725 0.0044349929411484548
leaf_weight=5854 522 1041 970 615 1090 585 3157 557 552 521 807 510 540 537
leaf_count=5854 522 1041 970 615 1090 585 3157 557 552 521 807 510 540 537
internal_value=-1.79333e-12 -5.45532e-05 0.000392476 -0.000501583 -0.00294275 -0.000105406 -0.000387902 9.61746e-05 -0.000190331 8.81482e-06 0.000318944 -0.000190867 -0.00191724 0.000589547
internal_weight=17858 17336 8668 8668 1705 7627 7042 6963 6406 6072 5551 4744 1587 1077
internal_count=17858 17336 8668 8668 1705 7627 7042 6963 6406 6072 5551 4744 1587 1077
is_linear=0
shrinkage=0.05


Tree=132
num_leaves=15
num_cat=0
split_feature=0 1 1 1 1 0 1 1 0 0 1 1 1 0
split_gain=0.637174 1.25063 5.68307 4.56612 3.52581 2.645 2.50452 2.37301 3.09295 2.42869 3.20451 7.63911 6.15171 3.22118
threshold=6.786980628967286 17.729066848754886 19.974007606506351 14.387863636016847 15.681638717651369 5.1829545497894296 22.323723793029789 13.236307144165041 5.0728566646575937 1.3297689557075503 4.6392407417297372 3.0630726814270024 6.7174110412597665 2.8274753093719487
decision_type=2 2 2 2 2 2 2 2 2 2 2 2 2 2
left_child=1 3 -3 7 -5 6 -4 8 9 -1 11 13 -12 -11
right_child=-2 2 5 4 -6 -7 -8 -9 -10 10 12 -13 -14 -15
leaf_value=-0.0021091160947472099 0.0017211626192387122 0.0038382554318090248 -0.002727706499551375 -0.0058226135103562017 -0.0010877114249854733 0.0031304097092216912 8.3741058987517494e-06 0.0032216783868970521 -0.0037586431862597449 -0.0012717210337495179 0.0052201419385181046 -0.0058607069346628205 0.00022757168610783147 0.0040300265560529146
leaf_weight=984 522 1041 970 615 1090 585 6072 557 552 609 842 569 2309 541
leaf_count=984 522 1041 970 615 1090 585 6072 557 552 609 842 569 2309 541
internal_value=6.06775e-12 -5.18255e-05 0.000372853 -0.000476504 -0.00279561 -0.000100136 -0.000368507 9.13658e-05 -0.000180814 0.000156556 0.000614342 -0.00112215 0.00156167 0.00122241
internal_weight=17858 17336 8668 8668 1705 7627 7042 6963 6406 5854 4870 1719 3151 1150
internal_count=17858 17336 8668 8668 1705 7627 7042 6963 6406 5854 4870 1719 3151 1150
is_linear=0
shrinkage=0.05


Tree=133
num_leaves=15
num_cat=0
split_feature=1 0 1 0 0 1 1 0 2 1 1 0 0 0
split_gain=0.639152 3.34866 3.04677 1.57862 3.04297 2.15282 2.7091 1.33945 5.39897 3.72607 3.23018 2.50764 1.52201 5.97688
threshold=27.971342086791996 6.2799839973449716 29.375464439392093 1.3807836174964907 2.5783061981201176 31.841682434082035 34.385274887084968 4.500927448272706 1.0000000180025095e-35 24.693804740905765 23.20114898681641 2.6761906147003178 3.866962313652039 3.5547726154327397
decision_type=2 2 2 2 2 2 2 2 2 2 2 2 2 2
left_child=1 7 -2 -4 -5 -6 -7 9 -9 10 12 -11 13 -1
right_child=2 -3 3 4 5 6 -8 8 -10 11 -12 -13 -14 -15
leaf_value=0.00023755390143621148 -0.0035609099014503203 0.0036583892324906519 -0.002376740545907737 0.002795439374956207 0.0019189859024556066 -0.0038858090183955525 0.00090159649287167116 -0.004419650970323181 0.0012382041199018885 0.00098869678114304701 -0.0035918257861534131 0.0054649845590814955 0.0020083922393563875 -0.0049481890637192013
leaf_weight=8020 697 652 546 983 549 697 513 770 932 836 637 500 929 597
leaf_count=8020 697 652 546 983 549 697 513 770 932 836 637 500 929 597
internal_value=4.78751e-12 0.000160319 -0.000558119 7.84215e-05 0.000567305 -0.000677866 -0.00185611 -1.21901e-05 -0.00132146 0.000181262 -0.000144465 0.00266395 8.55761e-05 -0.000121723
internal_weight=17858 13873 3985 3288 2742 1759 1210 13221 1702 11519 10183 1336 9546 8617
internal_count=17858 13873 3985 3288 2742 1759 1210 13221 1702 11519 10183 1336 9546 8617
is_linear=0
shrinkage=0.05


Tree=134
num_leaves=15
num_cat=0
split_feature=0 0 0 0 0 0 2 0 0 1 0 1 0 1
split_gain=0.633735 4.08404 2.47299 2.31477 2.71138 2.12782 6.86932 1.42415 2.96088 2.23255 1.99207 4.01957 3.5191 2.04902
threshold=0.9646972417831422 1.1486966609954836 0.7533368468284608 1.4529523253440859 1.3101463317871096 1.7006043791770937 1.0000000180025095e-35 1.9304367899894717 2.138858556747437 18.632964134216312 2.4330505132675175 20.799974441528324 2.5496876239776616 9.899322986602785
decision_type=2 2 2 2 2 2 2 2 2 2 2 2 2 2
left_child=2 -2 -1 4 -3 6 -5 9 -9 -7 11 -10 -12 -14
right_child=1 3 -4 5 -6 7 -8 8 10 -11 12 -13 13 -15
leaf_value=-0.00078361008478247608 -0.0039948199118409206 -5.5116167446008521e-05 0.0035489956568435545 0.0016415052526983721 0.0046870061456633369 0.0040931569114604407 -0.0061187210076101752 -0.0027055847909547353 0.0043009575319386296 -0.00050793074835199915 -0.0039338592559205257 -0.0012444951866580323 0.0012970938265535017 -0.00032418847485362077
leaf_weight=782 642 641 569 580 569 538 561 985 775 517 562 565 2724 6848
leaf_count=782 642 641 569 580 569 538 561 985 775 517 562 565 2724 6848
internal_value=9.46143e-12 -8.5212e-05 0.00104115 7.29958e-05 0.00217486 -0.000100546 -0.002174 7.45176e-05 -7.48444e-05 0.00183841 0.000150995 0.00196276 -8.85719e-05 0.000137196
internal_weight=17858 16507 1351 15865 1210 14655 1141 13514 12459 1055 11474 1340 10134 9572
internal_count=17858 16507 1351 15865 1210 14655 1141 13514 12459 1055 11474 1340 10134 9572
is_linear=0
shrinkage=0.05


Tree=135
num_leaves=15
num_cat=0
split_feature=0 0 0 0 0 1 0 0 1 1 1 1 0 0
split_gain=0.597054 3.96401 2.08775 1.5535 1.65477 7.79887 2.53661 6.99925 2.22347 6.35883 6.62474 4.42314 6.76623 4.78979
threshold=2.4750533103942876 2.596737384796143 2.2876739501953129 2.8149876594543461 3.0817087888717656 18.177651405334476 3.400376677513123 3.5547726154327397 25.922469139099125 20.626276969909672 17.013521194458011 9.0466494560241717 4.9276232719421396 4.4603416919708261
decision_type=2 2 2 2 2 2 2 2 2 2 2 2 2 2
left_child=2 -2 -1 -3 5 -5 -6 -8 9 10 11 13 -13 -9
right_child=1 3 -4 4 6 -7 7 8 -10 -11 -12 12 -14 -15
leaf_value=-4.3312424712649254e-05 0.0043294180580910223 -0.0018629580977719122 -0.0026725777313554074 -0.0017988233894012332 -0.0021374851681632127 0.0065508318815416513 0.0056734199182385892 0.0020729157810816575 -0.0017608809872132957 0.0045024966106968593 -0.0057001027149401308 -0.00052010876722901852 0.0070419483485821529 -0.003879304532156555
leaf_weight=7089 564 987 845 612 1205 515 565 574 1570 781 519 695 515 822
leaf_count=7089 564 987 845 612 1205 515 565 574 1570 781 519 695 515 822
internal_value=-8.70719e-12 0.000258502 -0.000323339 1.32028e-05 0.000234363 0.00201668 -4.28486e-05 0.000374969 -0.000171712 0.000467048 -0.000541491 0.000485876 0.00269845 -0.0014319
internal_weight=17858 9924 7934 9360 8373 1127 7246 6041 5476 3906 3125 2606 1210 1396
internal_count=17858 9924 7934 9360 8373 1127 7246 6041 5476 3906 3125 2606 1210 1396
is_linear=0
shrinkage=0.05


Tree=136
num_leaves=15
num_cat=0
split_feature=2 1 0 0 1 0 0 1 1 1 1 1 1 0
split_gain=0.580674 2.69514 4.67064 1.96953 5.84075 3.15582 4.15729 3.42238 1.75054 5.05974 3.77459 9.48472 7.37012 4.27347
threshold=1.0000000180025095e-35 33.413610458374031 5.8343987464904794 4.6363980770111093 18.33624362945557 3.5976886749267583 3.2297723293304448 15.54867458343506 26.619839668273929 22.594151496887211 19.641646385192875 17.013521194458011 14.240219593048097 1.3463281989097597
decision_type=2 2 2 2 2 2 2 2 2 2 2 2 2 2
left_child=3 2 8 5 -5 6 -1 -7 9 10 11 12 13 -2
right_child=1 -3 -4 4 -6 7 -8 -9 -10 -11 -12 -13 -14 -15
leaf_value=2.278928586384542e-06 -0.0038671022556749065 0.0028248418952935253 -0.0050970442161761146 -0.0012164355402417256 0.0054872542864904976 -0.0052698309795978747 0.004144536535940044 -0.00014031387921144715 -0.0017252965087619608 0.0035776510367514164 -0.0040561369038003637 0.0059542468893231974 -0.0055555275557959312 0.00093676722768851531
leaf_weight=5613 554 646 524 660 640 546 679 804 1545 920 635 594 681 2817
leaf_count=5613 554 646 524 660 640 546 679 804 1545 920 635 594 681 2817
internal_value=-1.26797e-11 -0.00028553 -0.000528493 0.0002847 0.00208384 -2.13567e-05 0.00044929 -0.00221492 -0.00021944 0.000155749 -0.000440379 5.38112e-05 -0.000811159 0.000147285
internal_weight=17858 8916 8270 8942 1300 7642 6292 1350 7746 6201 5281 4646 4052 3371
internal_count=17858 8916 8270 8942 1300 7642 6292 1350 7746 6201 5281 4646 4052 3371
is_linear=0
shrinkage=0.05


Tree=137
num_leaves=15
num_cat=0
split_feature=0 0 0 0 0 0 2 2 0 1 0 1 0 1
split_gain=0.624095 3.6042 2.23239 2.15336 2.40092 1.91975 6.23225 1.30158 2.21766 12.4705 11.6624 7.75663 1.91715 8.02129
threshold=0.9646972417831422 1.1486966609954836 0.7533368468284608 1.4529523253440859 1.3101463317871096 1.7006043791770937 1.0000000180025095e-35 1.5000000000000002 2.923602938652039 22.4625997543335 4.3469109535217294 18.495265960693363 5.2737994194030771 21.479108810424808
decision_type=2 2 2 2 2 2 2 2 2 2 2 2 2 2
left_child=2 -2 -1 4 -3 6 -5 12 11 10 -10 -9 -7 -14
right_child=1 3 -4 5 -6 7 -8 8 9 -11 -12 -13 13 -15
leaf_value=-0.000700520836483792 -0.0037573227270091439 -7.1079294413746619e-06 0.0034159285414093205 0.001561481464525749 0.0044552720755810056 7.1525379018269519e-05 -0.0058301423814101231 0.0065566312912546222 -0.008953586809835332 0.0055936163260854746 0.0018348988924015632 -0.0017678690314062329 0.0012263320264166565 -0.0065427372382857139
leaf_weight=782 642 641 569 580 569 9415 561 610 501 592 501 517 819 559
leaf_count=782 642 641 569 580 569 9415 561 610 501 592 501 517 819 559
internal_value=7.3136e-12 -8.45615e-05 0.0010332 6.40621e-05 0.00209132 -0.00010332 -0.00207279 6.29645e-05 0.00104025 -0.000160001 -0.00355934 0.00273785 -0.000183416 -0.00192527
internal_weight=17858 16507 1351 15865 1210 14655 1141 13514 2721 1594 1002 1127 10793 1378
internal_count=17858 16507 1351 15865 1210 14655 1141 13514 2721 1594 1002 1127 10793 1378
is_linear=0
shrinkage=0.05


Tree=138
num_leaves=15
num_cat=0
split_feature=1 1 1 0 0 1 1 0 0 0 0 0 2 0
split_gain=0.59156 3.31661 2.92692 2.97462 2.91473 6.27986 3.3693 3.30216 2.07639 3.4523 1.86346 4.25025 2.36573 9.90712
threshold=32.397140502929695 31.102161407470707 33.613300323486335 3.1530255079269414 0.9646972417831422 28.378836631774906 17.013521194458011 6.2799839973449716 1.2401294112205508 1.4343159794807436 1.7966887950897219 1.6598623991012575 1.5000000000000002 5.3287389278411874
decision_type=2 2 2 2 2 2 2 2 2 2 2 2 2 2
left_child=1 4 -2 -4 6 7 -1 8 -6 -10 11 -11 13 -12
right_child=2 -3 3 -5 5 -7 -8 -9 9 10 12 -13 -14 -15
leaf_value=2.5998361940894811e-05 -0.0036673970133453224 0.0036815429905702433 -0.0015629878412490002 0.0032967788821923125 -0.0026119374058758602 -0.0037911226808920884 0.0054310269329217401 0.0035333995938737514 0.0036464541655363922 0.00039190323218222584 0.00017610466880748387 -0.0054821324616728933 0.0016503176563059715 -0.0069382043231189967
leaf_weight=672 616 621 733 552 780 1147 505 653 632 775 7207 511 1929 525
leaf_count=672 616 621 733 552 780 1147 505 653 632 775 7207 511 1929 525
internal_value=1.24851e-11 9.93272e-05 -0.000833753 0.000524632 -4.57273e-05 -0.000244467 0.00234506 6.81682e-05 -0.000114921 5.32867e-05 -0.000154157 -0.00194218 8.38518e-05 -0.000306954
internal_weight=17858 15957 1901 1285 15336 14159 1177 13012 12359 11579 10947 1286 9661 7732
internal_count=17858 15957 1901 1285 15336 14159 1177 13012 12359 11579 10947 1286 9661 7732
is_linear=0
shrinkage=0.05


Tree=139
num_leaves=15
num_cat=0
split_feature=2 1 0 0 1 0 0 0 0 0 1 0 0 0
split_gain=0.553696 2.39336 4.38346 1.96904 5.57583 2.85513 3.74096 3.35421 1.6791 5.95616 4.90259 4.46978 4.1335 4.28629
threshold=1.0000000180025095e-35 33.413610458374031 5.8343987464904794 4.6363980770111093 18.33624362945557 3.5976886749267583 3.2297723293304448 3.9215983152389531 4.3469109535217294 3.8086048364639287 15.902711868286135 3.400376677513123 3.1208673715591435 2.8274753093719487
decision_type=2 2 2 2 2 2 2 2 2 2 2 2 2 2
left_child=3 2 8 5 -5 6 -1 -7 9 11 -10 12 13 -2
right_child=1 -3 -4 4 -6 7 -8 -9 10 -11 -12 -13 -14 -15
leaf_value=-4.3851884741335444e-06 -0.0006117738975725519 0.002652245152153467 -0.0049336485761659445 -0.0011476370026216362 0.0054022611310756479 -0.0053485725689716417 0.0039249904574456028 -0.00019384041305415888 -0.0017708306137830339 -0.0055825096746822773 0.0047765308197370102 0.0040848126286306442 -0.0048326450538919655 0.0039440033718561515
leaf_weight=5613 4396 646 524 660 640 503 679 847 562 533 582 585 503 585
leaf_count=5613 4396 646 524 660 640 503 679 847 562 533 582 585 503 585
internal_value=9.08122e-12 -0.000278819 -0.000507775 0.000278008 0.00207693 -2.8011e-05 0.000419653 -0.00211446 -0.000208374 -0.000514814 0.00156008 -6.97514e-05 -0.000512935 -7.67147e-05
internal_weight=17858 8916 8270 8942 1300 7642 6292 1350 7746 6602 1144 6069 5484 4981
internal_count=17858 8916 8270 8942 1300 7642 6292 1350 7746 6602 1144 6069 5484 4981
is_linear=0
shrinkage=0.05


Tree=140
num_leaves=15
num_cat=0
split_feature=1 1 0 0 1 0 0 1 1 1 1 1 1 0
split_gain=0.636448 2.43978 2.30714 2.60956 2.27015 2.13078 2.17036 1.68276 7.86105 3.69352 2.91741 4.67076 7.33264 5.27683
threshold=30.347546577453617 32.720546722412116 0.9646972417831422 1.2401294112205508 15.791111946105959 1.4343159794807436 6.5253713130950937 27.66272068023682 25.922469139099125 23.834431648254398 14.387863636016847 17.729066848754886 19.301691055297855 3.0363135337829594
decision_type=2 2 2 2 2 2 2 2 2 2 2 2 2 2
left_child=2 -2 4 -4 -1 -5 7 8 9 10 -7 -12 -13 -14
right_child=1 -3 3 5 -6 6 -8 -9 -10 -11 11 12 13 -15
leaf_value=0.00025237567746754245 -0.0024343965966984304 0.00053034685793594538 -0.0027553825768414867 0.0028769456117809893 0.0047288264534794365 0.00043833230963784807 0.0029634708744987592 0.0018041913351467818 -0.0054472099283586302 0.0032800532824662459 -0.0036703405112968228 0.0046534762997180222 0.0010016602390350109 -0.0046905895307534189
leaf_weight=622 1174 1697 836 668 520 5641 580 989 707 794 1379 620 847 784
leaf_count=622 1174 1697 836 668 520 5641 580 989 707 794 1379 620 847 784
internal_value=-9.55417e-12 -0.000681986 0.000130645 -4.75251e-05 0.00229069 0.000126491 -2.23875e-05 -0.000169637 -0.000350858 7.12714e-06 -0.000273177 -0.00137886 2.49397e-05 -0.00173453
internal_weight=17858 2871 14987 13845 1142 13009 12341 11761 10772 10065 9271 3630 2251 1631
internal_count=17858 2871 14987 13845 1142 13009 12341 11761 10772 10065 9271 3630 2251 1631
is_linear=0
shrinkage=0.05


Tree=141
num_leaves=15
num_cat=0
split_feature=1 1 1 0 0 1 0 1 1 1 0 1 0 0
split_gain=0.652005 3.137 2.49899 2.60663 2.40709 5.8952 2.90904 2.82976 1.86785 5.31027 6.73944 2.85556 2.44892 2.29032
threshold=32.397140502929695 31.102161407470707 33.613300323486335 3.1530255079269414 0.9646972417831422 28.378836631774906 6.2799839973449716 17.013521194458011 4.6392407417297372 3.0630726814270024 3.0026018619537358 6.5984327793121347 1.365992605686188 1.8715583682060244
decision_type=2 2 2 2 2 2 2 2 2 2 2 2 2 2
left_child=1 4 -2 -4 7 6 8 -1 9 10 -6 -10 -13 -14
right_child=2 -3 3 -5 5 -7 -8 -9 11 -11 -12 12 13 -15
leaf_value=1.0559000518350376e-05 -0.0034936289980330251 0.0035881498204649166 -0.0015743810393800514 0.0029748665465824846 -0.0025548455815076533 -0.0036537161004366625 0.0033379363673732006 0.00496395295946905 0.0028049967477403624 -0.0050955908204670308 0.0046791964264333357 0.0023242566202926486 -0.0022422263609422816 8.6864153766020171e-06
leaf_weight=672 616 621 733 552 804 1147 653 505 945 675 537 953 1344 7101
leaf_count=672 616 621 733 552 804 1147 653 505 945 675 537 953 1344 7101
internal_value=-5.43028e-12 0.000104278 -0.000875313 0.000379848 -3.67939e-05 -0.0002174 8.55095e-05 0.00213585 -8.63357e-05 -0.00147862 0.000342008 0.00018504 -7.84053e-05 -0.000349541
internal_weight=17858 15957 1901 1285 15336 14159 13012 1177 12359 2016 1341 10343 9398 8445
internal_count=17858 15957 1901 1285 15336 14159 13012 1177 12359 2016 1341 10343 9398 8445
is_linear=0
shrinkage=0.05


Tree=142
num_leaves=15
num_cat=0
split_feature=1 0 1 0 0 1 0 1 1 1 0 1 1 1
split_gain=0.588434 2.98585 7.83989 3.48944 2.41418 3.97845 7.1679 4.34224 2.55386 2.25533 2.35248 2.24747 2.24517 8.69736
threshold=32.397140502929695 5.9931476116180429 31.102161407470707 5.2355828285217294 0.9646972417831422 25.922469139099125 3.5328385829925542 23.834431648254398 17.013521194458011 33.613300323486335 3.1530255079269414 27.798629760742191 4.6392407417297372 3.0630726814270024
decision_type=2 2 2 2 2 2 2 2 2 2 2 2 2 2
left_child=1 2 3 4 8 7 11 12 -1 -2 -11 -7 13 -6
right_child=9 -3 -4 -5 5 6 -8 -9 -10 10 -12 -13 -14 -15
leaf_value=1.0031086969233694e-05 -0.0033189476116911158 -0.002696831489605379 0.0059110113786763549 0.0035349880774822279 0.00061492482636706807 0.0017806736101892982 -0.0075001336976988466 0.0034935245923036658 0.0047157551879339881 -0.0014956618873923407 0.0028261232027864975 -0.0021270455864331786 0.00013134300423014544 -0.0065697910452458723
leaf_weight=672 616 901 591 679 1259 587 508 845 505 733 552 986 7791 633
leaf_count=672 616 901 591 679 1259 587 508 845 505 733 552 986 7791 633
internal_value=-2.08849e-11 9.90645e-05 0.00026638 3.57559e-05 -0.000136591 -0.000338746 -0.00233641 5.61203e-05 0.00202905 -0.000831548 0.000360856 -0.000668793 -0.000243849 -0.00178884
internal_weight=17858 15957 15056 14465 13786 12609 2081 10528 1177 1901 1285 1573 9683 1892
internal_count=17858 15957 15056 14465 13786 12609 2081 10528 1177 1901 1285 1573 9683 1892
is_linear=0
shrinkage=0.05


Tree=143
num_leaves=15
num_cat=0
split_feature=1 1 1 0 1 2 1 1 2 0 1 0 1 0
split_gain=0.59565 2.46365 2.28389 3.0822 4.69658 2.43111 1.59082 1.4414 1.28245 1.26457 2.70807 2.04722 3.78003 1.58992
threshold=30.347546577453617 32.720546722412116 27.66272068023682 6.2799839973449716 26.619839668273929 1.0000000180025095e-35 34.004079818725593 25.26520919799805 1.0000000180025095e-35 1.0850296020507815 9.899322986602785 1.4529523253440859 12.746846199035646 2.138858556747437
decision_type=2 2 2 2 2 2 2 2 2 2 2 2 2 2
left_child=2 -2 3 4 7 -4 -3 9 -8 10 -1 12 -11 -13
right_child=1 6 5 -5 -6 -7 8 -9 -10 11 -12 13 -14 -15
leaf_value=0.001158359817264113 -0.0024207282325909734 0.0025787293369338663 0.0043634767207318534 0.0032947819306803697 -0.0048793696251388588 -3.4317524902000551e-05 -0.0022418051049797778 0.0023694294068949792 0.0012116714802687058 -0.0009218142023236733 -0.0035814050018466502 -0.0013830688070245796 0.0051453710434983466 0.00014441232512304111
leaf_weight=507 1174 619 629 652 521 628 566 594 512 508 743 2206 519 7480
leaf_count=507 1174 619 629 652 521 628 566 594 512 508 743 2206 519 7480
internal_value=1.44408e-11 -0.000659766 0.000126389 -6.03706e-05 -0.000227641 0.00216633 0.000558484 -3.46368e-05 -0.000601564 -0.000154006 -0.00165896 2.15925e-05 0.00214427 -0.000203474
internal_weight=17858 2871 14987 13730 13078 1257 1697 12557 1078 11963 1250 10713 1027 9686
internal_count=17858 2871 14987 13730 13078 1257 1697 12557 1078 11963 1250 10713 1027 9686
is_linear=0
shrinkage=0.05


Tree=144
num_leaves=15
num_cat=0
split_feature=1 0 1 0 0 1 0 1 1 1 1 0 1 1
split_gain=0.547235 2.94888 7.37492 3.13267 2.30927 3.59397 6.47114 3.82669 2.37436 2.18809 2.09481 2.12731 1.99713 7.85513
threshold=32.397140502929695 5.9931476116180429 31.102161407470707 5.2355828285217294 0.9646972417831422 25.922469139099125 3.5328385829925542 23.834431648254398 17.013521194458011 27.798629760742191 33.613300323486335 3.1530255079269414 4.6392407417297372 3.0630726814270024
decision_type=2 2 2 2 2 2 2 2 2 2 2 2 2 2
left_child=1 2 3 4 8 7 9 12 -1 -7 -2 -12 13 -6
right_child=10 -3 -4 -5 5 6 -8 -9 -10 -11 11 -13 -14 -15
leaf_value=4.6124682939123541e-05 -0.0031991535180865174 -0.0026829999193313226 0.0057364975916956084 0.0033536548021939395 0.00059808481860435414 0.001779823106740565 -0.0071279028489247085 0.0032793173255652366 0.0045834619751070988 -0.0020759333650492754 -0.0014181581914099633 0.0026915924974541734 0.00012467832779642108 -0.0062298981361032287
leaf_weight=672 616 901 591 679 1259 587 508 845 505 986 733 552 7791 633
leaf_count=672 616 901 591 679 1259 587 508 845 505 986 733 552 7791 633
internal_value=-7.92492e-12 9.55336e-05 0.00026181 3.81294e-05 -0.00012517 -0.000322883 -0.00222157 5.24179e-05 0.0019929 -0.000637072 -0.000801909 0.000347276 -0.000229182 -0.00168633
internal_weight=17858 15957 15056 14465 13786 12609 2081 10528 1177 1573 1901 1285 9683 1892
internal_count=17858 15957 15056 14465 13786 12609 2081 10528 1177 1573 1901 1285 9683 1892
is_linear=0
shrinkage=0.05


Tree=145
num_leaves=15
num_cat=0
split_feature=1 1 1 0 1 0 1 1 0 1 0 1 1 1
split_gain=0.570026 2.39703 2.30095 3.03253 4.20889 2.40181 1.55469 1.23253 1.21156 2.56068 1.85711 3.36028 1.62757 3.43984
threshold=30.347546577453617 32.720546722412116 27.66272068023682 6.2799839973449716 26.619839668273929 2.8149876594543461 34.004079818725593 25.26520919799805 1.0850296020507815 9.899322986602785 1.4529523253440859 12.746846199035646 12.746846199035646 17.729066848754886
decision_type=2 2 2 2 2 2 2 2 2 2 2 2 2 2
left_child=2 -2 3 4 7 -4 -3 8 9 -1 11 -10 -12 -14
right_child=1 6 5 -5 -6 -7 -8 -9 10 -11 12 -13 13 -15
leaf_value=0.0011090973777883857 -0.002382408227339971 0.0025534140370388988 0.00022784162344586137 0.0032641928292670933 -0.0046333254906643839 0.0046292529758569364 -0.00059055015997674335 0.0021760478289641113 -0.00085465277391155888 -0.0034998764621136484 0.00044026981485320333 0.0048657611069881394 -0.002436472564811477 0.00028157412573991228
leaf_weight=507 1174 619 702 652 521 555 1078 594 508 743 4903 519 2002 2781
leaf_count=507 1174 619 702 652 521 555 1078 594 508 743 4903 519 2002 2781
internal_value=-1.29349e-11 -0.000645419 0.00012364 -6.38153e-05 -0.000229732 0.00217119 0.000556246 -4.70235e-05 -0.000157406 -0.00163048 1.4473e-05 0.00203619 -0.000199888 -0.000856107
internal_weight=17858 2871 14987 13730 13078 1257 1697 12557 11963 1250 10713 1027 9686 4783
internal_count=17858 2871 14987 13730 13078 1257 1697 12557 11963 1250 10713 1027 9686 4783
is_linear=0
shrinkage=0.05


Tree=146
num_leaves=15
num_cat=0
split_feature=1 1 0 1 1 1 1 0 0 0 0 2 0 1
split_gain=0.587584 4.01071 2.69218 1.93541 3.32845 2.76851 4.7048 2.78089 1.56626 6.25965 4.20685 4.01362 3.99386 1.7846
threshold=2.6117454767227177 3.769469261169434 2.7074600458145146 5.4553904533386239 6.5984327793121347 9.0466494560241717 10.142644405364992 2.8427542448043828 4.0500555038452157 4.3469109535217294 3.6852741241455083 1.5000000000000002 5.2737994194030771 15.156090736389162
decision_type=2 2 2 2 2 2 2 2 2 2 2 2 2 2
left_child=2 -2 -1 -3 -5 7 -7 -6 10 -10 13 12 -11 -8
right_child=1 3 -4 4 5 6 8 -9 9 11 -12 -13 -14 -15
leaf_value=0.0011878945597244386 0.0041865226212330813 -0.002265932745464105 -0.0033807471870614318 0.0038421705021104424 -0.00027064454909988438 0.004608603898979379 0.0013816321063807651 -0.0051237733680719148 -0.0061328726960713491 0.0013188445289861433 0.0041365172033523993 0.0036838492192660002 -0.0033281444653864888 -0.00038155955247322278
leaf_weight=665 574 942 626 563 681 562 1782 521 507 873 646 561 983 7372
leaf_count=665 574 942 626 563 681 562 1782 521 507 873 646 561 983 7372
internal_value=-1.52188e-11 8.00626e-05 -0.00102742 -6.73211e-05 7.02839e-05 -7.62907e-05 0.000131604 -0.00237421 -6.6138e-05 -0.00108172 0.000236878 -2.2166e-05 -0.00114236 -3.83208e-05
internal_weight=17858 16567 1291 15993 15051 14488 13286 1202 12724 2924 9800 2417 1856 9154
internal_count=17858 16567 1291 15993 15051 14488 13286 1202 12724 2924 9800 2417 1856 9154
is_linear=0
shrinkage=0.05


Tree=147
num_leaves=15
num_cat=0
split_feature=2 1 0 0 0 0 0 0 0 0 0 1 2 1
split_gain=0.559655 1.97587 4.44187 4.77935 5.00381 4.12656 3.63772 3.9783 5.22461 3.41564 4.39466 3.53555 2.23303 1.77382
threshold=1.0000000180025095e-35 33.413610458374031 5.1321570873260507 4.3469109535217294 3.8086048364639287 3.400376677513123 3.1208673715591435 2.8274753093719487 2.5632447004318242 1.7006043791770937 1.4529523253440859 12.37440347671509 1.5000000000000002 34.103580474853523
decision_type=2 2 2 2 2 2 2 2 2 2 2 2 2 2
left_child=13 2 3 4 5 6 7 8 9 10 11 -2 -11 -1
right_child=1 -3 -4 -5 -6 -7 -8 -9 -10 12 -12 -13 -14 -15
leaf_value=0.00045484211463414821 -0.0030740051757015825 0.0023828632921995396 -0.0036524726300329402 0.0038955611095804234 -0.0051227113613806401 0.0039220000400693499 -0.0045480746605524253 0.00378709512643325 -0.0052178693125128307 0.00012601511872289796 -0.0053016716191037136 0.001944165613040181 0.0036521161355378574 -0.0025488165974388633
leaf_weight=8420 571 646 978 690 533 585 503 585 538 1079 528 911 769 522
leaf_count=8420 571 646 978 690 533 585 503 585 538 1079 528 911 769 522
internal_value=8.87848e-12 -0.000280315 -0.000488346 -6.39742e-05 -0.0004778 -6.98685e-05 -0.000495697 -8.64726e-05 -0.00060195 4.17426e-05 -0.00138478 1.07138e-05 0.00159332 0.0002795
internal_weight=17858 8916 8270 7292 6602 6069 5484 4981 4396 3858 2010 1482 1848 8942
internal_count=17858 8916 8270 7292 6602 6069 5484 4981 4396 3858 2010 1482 1848 8942
is_linear=0
shrinkage=0.05


Tree=148
num_leaves=15
num_cat=0
split_feature=0 0 0 1 1 1 1 0 1 1 0 0 2 1
split_gain=0.576701 3.58002 2.0379 1.8796 2.98073 4.60077 6.68219 6.63556 4.42083 7.42345 8.08361 14.3567 2.39423 1.91954
threshold=2.4750533103942876 2.596737384796143 2.2876739501953129 31.841682434082035 26.997159957885746 21.835895538330082 17.729066848754886 3.6211440563201909 9.899322986602785 7.4077570438385019 4.5363481044769296 3.3242222070693974 1.0000000180025095e-35 34.385274887084968
decision_type=2 2 2 2 2 2 2 2 2 2 2 2 2 2
left_child=2 -2 -1 4 5 6 8 -7 9 10 11 -3 -6 -5
right_child=1 3 -4 13 12 7 -8 -9 -10 -11 -12 -13 -14 -15
leaf_value=-4.1116839375923379e-05 0.0041227814774458292 -0.0030611638881441303 -0.0026388010197489925 -0.003540365173174553 0.0048343776885376548 -0.0070294538433343899 0.0043747364256511078 0.00023944384970781492 -0.0019826782671995263 0.0058439768433262889 -0.0049159007805995589 0.0071380586384541603 0.00033916554194414169 0.00050016429326305652
leaf_weight=7089 564 723 845 692 599 539 935 752 2073 629 661 660 586 511
leaf_count=7089 564 723 845 692 599 539 935 752 2073 629 661 660 586 511
internal_value=3.65061e-13 0.000254057 -0.00031778 2.09418e-05 0.000293045 -0.000101001 0.000511289 -0.00279536 -0.000249841 0.00109403 -0.000367668 0.00180614 0.00261143 -0.00182406
internal_weight=17858 9924 7934 9360 8157 6972 5681 1291 4746 2673 2044 1383 1185 1203
internal_count=17858 9924 7934 9360 8157 6972 5681 1291 4746 2673 2044 1383 1185 1203
is_linear=0
shrinkage=0.05


Tree=149
num_leaves=15
num_cat=0
split_feature=0 0 0 1 1 1 1 0 1 1 0 0 2 1
split_gain=0.520473 3.23097 1.8392 1.69634 2.69011 4.1522 6.03067 5.98859 3.9898 6.69966 7.29546 12.9569 2.1608 1.73239
threshold=2.4750533103942876 2.596737384796143 2.2876739501953129 31.841682434082035 26.997159957885746 21.835895538330082 17.729066848754886 3.6211440563201909 9.899322986602785 7.4077570438385019 4.5363481044769296 3.3242222070693974 1.0000000180025095e-35 34.385274887084968
decision_type=2 2 2 2 2 2 2 2 2 2 2 2 2 2
left_child=2 -2 -1 4 5 6 8 -7 9 10 11 -3 -6 -5
right_child=1 3 -4 13 12 7 -8 -9 -10 -11 -12 -13 -14 -15
leaf_value=-3.906100381957676e-05 0.0039166424225302457 -0.0029081056216528145 -0.0025068609372398561 -0.0033633469859665702 0.0045926591627088341 -0.0066779809159007277 0.0041559997050559776 0.00022747131526480092 -0.0018835442923708001 0.0055517777830172803 -0.0046701054926398073 0.0067811561244624577 0.00032220724874745051 0.00047515622994437844
leaf_weight=7089 564 723 845 692 599 539 935 752 2073 629 661 660 586 511
leaf_count=7089 564 723 845 692 599 539 935 752 2073 629 661 660 586 511
internal_value=3.79566e-11 0.000241354 -0.000301891 1.98948e-05 0.000278392 -9.59509e-05 0.000485725 -0.0026556 -0.000237349 0.00103933 -0.000349284 0.00171584 0.00248086 -0.00173286
internal_weight=17858 9924 7934 9360 8157 6972 5681 1291 4746 2673 2044 1383 1185 1203
internal_count=17858 9924 7934 9360 8157 6972 5681 1291 4746 2673 2044 1383 1185 1203
is_linear=0
shrinkage=0.05


end of trees

feature_importances:
Column_0=1041
Column_1=850
Column_2=209

parameters:
[boosting: gbdt]
[objective: regression]
[metric: l2]
[tree_learner: serial]
[device_type: cpu]
[data_sample_strategy: bagging]
[data: ]
[valid: ]
[num_iterations: 150]
[learning_rate: 0.05]
[num_leaves: 15]
[num_threads: 1]
[seed: 0]
[deterministic: 1]
[force_col_wise: 1]
[force_row_wise: 0]
[histogram_pool_size: -1]
[max_depth: -1]
[min_data_in_leaf: 500]
[min_sum_hessian_in_leaf: 0.001]
[bagging_fraction: 1]
[pos_bagging_fraction: 1]
[neg_bagging_fraction: 1]
[bagging_freq: 0]
[bagging_seed: 7719]
[bagging_by_query: 0]
[feature_fraction: 1]
[feature_fraction_bynode: 1]
[feature_fraction_seed: 2437]
[extra_trees: 0]
[extra_seed: 11797]
[early_stopping_round: 0]
[early_stopping_min_delta: 0]
[first_metric_only: 0]
[max_delta_step: 0]
[lambda_l1: 0]
[lambda_l2: 0]
[linear_lambda: 0]
[min_gain_to_split: 0]
[drop_rate: 0.1]
[max_drop: 50]
[skip_drop: 0.5]
[xgboost_dart_mode: 0]
[uniform_drop: 0]
[drop_seed: 21238]
[top_rate: 0.2]
[other_rate: 0.1]
[min_data_per_group: 100]
[max_cat_threshold: 32]
[cat_l2: 10]
[cat_smooth: 10]
[max_cat_to_onehot: 4]
[top_k: 20]
[monotone_constraints: ]
[monotone_constraints_method: basic]
[monotone_penalty: 0]
[feature_contri: ]
[forcedsplits_filename: ]
[refit_decay_rate: 0.9]
[cegb_tradeoff: 1]
[cegb_penalty_split: 0]
[cegb_penalty_feature_lazy: ]
[cegb_penalty_feature_coupled: ]
[path_smooth: 0]
[interaction_constraints: ]
[verbosity: -1]
[saved_feature_importance_type: 0]
[use_quantized_grad: 0]
[num_grad_quant_bins: 4]
[quant_train_renew_leaf: 0]
[stochastic_rounding: 1]
[linear_tree: 0]
[max_bin: 255]
[max_bin_by_feature: ]
[min_data_in_bin: 3]
[bin_construct_sample_cnt: 200000]
[data_random_seed: 38]
[is_enable_sparse: 1]
[enable_bundle: 1]
[use_missing: 1]
[zero_as_missing: 0]
[feature_pre_filter: 1]
[pre_partition: 0]
[two_round: 0]
[header: 0]
[label_column: ]
[weight_column: ]
[group_column: ]
[ignore_column: ]
[categorical_feature: ]
[forcedbins_filename: ]
[precise_float_parser: 0]
[parser_config_file: ]
[objective_seed: 8855]
[num_class: 1]
[is_unbalance: 0]
[scale_pos_weight: 1]
[sigmoid: 1]
[boost_from_average: 1]
[reg_sqrt: 0]
[alpha: 0.9]
[fair_c: 1]
[poisson_max_delta_step: 0.7]
[tweedie_variance_power: 1.5]
[lambdarank_truncation_level: 30]
[lambdarank_norm: 1]
[label_gain: ]
[lambdarank_position_bias_regularization: 0]
[eval_at: ]
[multi_error_top_k: 1]
[auc_mu_weights: ]
[num_machines: 1]
[local_listen_port: 12400]
[time_out: 120]
[machine_list_filename: ]
[machines: ]
[gpu_platform_id: -1]
[gpu_device_id: -1]
[gpu_device_id_list: ]
[gpu_use_dp: 0]
[num_gpu: 1]

end of parameters

pandas_categorical:null
