tree
version=v4
num_class=1
num_tree_per_iteration=1
label_index=0
max_feature_idx=2
objective=regression
feature_names=Column_0 Column_1 Column_2
feature_infos=[0.073584243655204773:14.344818115234375] [0.0024536035489290953:35.997413635253906] [0:2]
tree_sizes=1393 1452 1459 1356 1362 1460 1551 1556 1458 1467 1374 1281 1369 1366 1364 1556 1456 1556 1469 1380 1281 1372 1466 1370 1372 1556 1378 1375 1360 1457 1468 1461 1363 1468 1369 1464 1463 1367 1466 1470 1464 1556 1372 1476 1560 1381 1367 1369 1566 1373 1375 1473 1462 1290 1381 1288 1378 1474 1382 1475 1568 1470 1463 1469 1560 1571 1381 1477 1466 1488 1385 1478 1472 1379 1571 1481 1477 1474 1483 1472 1480 1382 1374 1482 1472 1473 1472 1474 1372 1285 1468 1483 1373 1482 1481 1476 1470 1477 1379 1291 1487 1287 1469 1377 1572 1480 1378 1380 1482 1383 1578 1481 1481 1473 1484 1478 1480 1377 1483 1384 1383 1382 1481 1570 1383 1574 1487 1479 1479 1477 1568 1383 1391 1489 1382 1470 1574 1573 1379 1479 1279 1477 1385 1471 1480 1474 1478 1475 1486 1475

Tree=0
num_leaves=14
num_cat=0
split_feature=0 0 2 1 0 0 1 1 2 1 1 1 1
split_gain=11.1385 3.65075 3.41307 2.08255 3.15085 2.53023 1.8976 1.51533 1.42251 1.27422 1.71661 1.22401 0.959553
threshold=2.1276745796203618 4.9353501796722421 1.0000000180025095e-35 28.187615394592289 2.3991304636001591 3.6778954267501835 20.131559371948246 9.0399641990661639 1.0000000180025095e-35 17.748370170593265 9.8924860954284686 14.54577159881592 26.057966232299808
decision_type=2 2 2 2 2 2 2 2 2 2 2 2 2
left_child=6 3 -3 4 -2 9 7 -1 -7 10 -6 -9 -8
right_child=1 2 -4 -5 5 8 12 11 -10 -11 -12 -13 -14
leaf_value=0.068286711034791808 0.072168662802501046 0.073112428707702903 0.070369765487962727 0.06907327284205543 0.069862840704631016 0.071885089428743831 0.066992581660694481 0.07061454884637311 0.07007991500886053 0.070386078664143911 0.06804214226464686 0.068879844653619599 0.068366789937929273
leaf_weight=3225 2061 2141 2412 3984 3010 2300 2011 2003 2077 2882 2260 2045 3548
leaf_count=3225 2061 2141 2412 3984 3010 2300 2011 2003 2077 2882 2260 2045 3548
internal_value=0.0697414 0.0703968 0.071664 0.0700853 0.0703619 0.070063 0.0685605 0.0690935 0.0710312 0.0695422 0.0690803 0.0697382 0.0678656
internal_weight=35959 23127 4553 18574 14590 12529 12832 7273 4377 8152 5270 4048 5559
internal_count=35959 23127 4553 18574 14590 12529 12832 7273 4377 8152 5270 4048 5559
is_linear=0
shrinkage=1


Tree=1
num_leaves=14
num_cat=0
split_feature=0 0 2 1 0 0 1 1 2 1 1 1 1
split_gain=10.0568 3.29633 3.08184 1.88018 2.84513 2.28463 1.71338 1.36804 1.28438 1.151 1.59525 1.10524 0.866647
threshold=2.1276745796203618 4.9353501796722421 1.0000000180025095e-35 28.187615394592289 2.3991304636001591 3.6778954267501835 20.131559371948246 9.0399641990661639 1.0000000180025095e-35 17.430292129516605 9.8924860954284686 14.54577159881592 26.057966232299808
decision_type=2 2 2 2 2 2 2 2 2 2 2 2 2
left_child=6 3 -3 4 -2 9 7 -1 -7 10 -6 -9 -8
right_child=1 2 -4 -5 5 8 12 11 -10 -11 -12 -13 -14
leaf_value=-0.001382142405918827 0.0023065223222731401 0.0032032968896938646 0.00059711392681733807 -0.00063476788598506488 0.0001154254992107835 0.0020370054787432717 -0.0026120211098575601 0.0008297447745903221 0.0003217069876819988 0.00060216198217295368 -0.0016509714865229023 -0.00081865048634484317 -0.0013060358513060132
leaf_weight=3225 2061 2141 2412 3984 3010 2300 2011 2003 2077 2932 2210 2045 3548
leaf_count=3225 2061 2141 2412 3984 3010 2300 2011 2003 2077 2932 2210 2045 3548
internal_value=2.41571e-08 0.000622809 0.00182698 0.000326809 0.000589636 0.000305596 -0.00112203 -0.000615582 0.00122564 -0.000189293 -0.000634144 -2.96957e-06 -0.00178233
internal_weight=35959 23127 4553 18574 14590 12529 12832 7273 4377 8152 5220 4048 5559
internal_count=35959 23127 4553 18574 14590 12529 12832 7273 4377 8152 5220 4048 5559
is_linear=0
shrinkage=0.05


Tree=2
num_leaves=14
num_cat=0
split_feature=0 0 2 1 0 0 1 1 2 1 1 1 1
split_gain=9.08013 2.97633 2.78276 1.69746 2.56908 2.06288 1.54705 1.23506 1.15968 1.04016 1.40061 0.997998 0.782736
threshold=2.1276745796203618 4.9353501796722421 1.0000000180025095e-35 28.187615394592289 2.3991304636001591 3.6778954267501835 20.131559371948246 9.0399641990661639 1.0000000180025095e-35 17.748370170593265 9.8924860954284686 14.54577159881592 26.057966232299808
decision_type=2 2 2 2 2 2 2 2 2 2 2 2 2
left_child=6 3 -3 4 -2 9 7 -1 -7 10 -6 -9 -8
right_child=1 2 -4 -5 5 8 12 11 -10 -11 -12 -13 -14
leaf_value=-0.0013132489840234434 0.0021917532657890096 0.0030438773222887863 0.00056738148791883787 -0.00060310912563689585 0.00010967378953455109 0.0019355969099942505 -0.0024820658256919487 0.00078846400743615695 0.00030569858749981239 0.00058258854343553972 -0.0015349293564341651 -0.00077791730842129343 -0.0012409176858011641
leaf_weight=3225 2061 2141 2412 3984 3010 2300 2011 2003 2077 2882 2260 2045 3548
leaf_count=3225 2061 2141 2412 3984 3010 2300 2011 2003 2077 2882 2260 2045 3548
internal_value=4.53638e-08 0.000591817 0.00173605 0.000310552 0.000560282 0.000290373 -0.00106613 -0.000584897 0.00116463 -0.000179886 -0.000597173 -2.81962e-06 -0.00169356
internal_weight=35959 23127 4553 18574 14590 12529 12832 7273 4377 8152 5270 4048 5559
internal_count=35959 23127 4553 18574 14590 12529 12832 7273 4377 8152 5270 4048 5559
is_linear=0
shrinkage=0.05


Tree=3
num_leaves=13
num_cat=0
split_feature=0 0 2 1 1 1 1 1 0 1 1 1
split_gain=8.26215 2.57692 2.5127 1.67388 1.72142 1.59278 1.31134 1.99014 1.67456 0.379093 1.90107 1.03488
threshold=2.1971623897552495 4.9353501796722421 1.0000000180025095e-35 12.508381366729738 6.1421737670898446 29.303289413452152 17.748370170593265 26.057966232299808 3.111780166625977 14.390244483947756 9.0399641990661639 22.744544029235843
decision_type=2 2 2 2 2 2 2 2 2 2 2 2
left_child=5 3 -3 4 -2 9 -5 -8 -9 10 -1 -11
right_child=1 2 -4 6 -6 -7 7 8 -10 11 -12 -13
leaf_value=-0.0011422379457470158 0.0001664337448260162 0.0028923907912740202 0.00053912906902493611 -0.001011822607677196 0.001818398963040099 -0.0021094839796754221 0.0010803763663938977 -0.0014447945971856023 0.00040847661544316785 -0.0015957588257543807 0.00077579560220547811 -0.00021676925934980187
leaf_weight=3411 3235 2141 2412 2659 3071 2510 3986 2197 2715 3172 2067 2383
leaf_count=3411 3235 2141 2412 2659 3071 2510 3986 2197 2715 3172 2067 2383
internal_value=6.48567e-08 0.00058909 0.00164964 0.000318001 0.00097254 -0.000974589 -3.96761e-05 0.000251641 -0.000421691 -0.000714724 -0.000418416 -0.00100565
internal_weight=35959 22416 4553 17863 6306 13543 11557 8898 4912 11033 5478 5555
internal_count=35959 22416 4553 17863 6306 13543 11557 8898 4912 11033 5478 5555
is_linear=0
shrinkage=0.05


Tree=4
num_leaves=13
num_cat=0
split_feature=0 0 2 1 1 1 1 1 0 1 1 1
split_gain=7.45918 2.32695 2.26885 1.5113 1.55412 1.43818 1.18387 1.79671 1.51198 0.385819 0.905541 0.862764
threshold=2.1971623897552495 4.9353501796722421 1.0000000180025095e-35 12.508381366729738 6.1421737670898446 29.303289413452152 17.748370170593265 26.057966232299808 3.111780166625977 19.969761848449711 9.0399641990661639 14.390244483947756
decision_type=2 2 2 2 2 2 2 2 2 2 2 2
left_child=5 3 -3 4 -2 9 -5 -8 -9 10 -1 -12
right_child=1 2 -4 6 -6 -7 7 8 -10 -11 11 -13
leaf_value=-0.0010852928108633917 0.0001581378064573785 0.0027484439469552206 0.00051228457616836335 -0.00096142103016825229 0.0017277742774122837 -0.0020044280401643414 0.0010264931304949747 -0.0013728819640519375 0.00038812826361579337 -0.0011217864099175628 0.00073719247361647363 -0.00068925030173321608
leaf_weight=3411 3235 2141 2412 2659 3071 2510 3986 2197 2715 3400 2067 2155
leaf_count=3411 3235 2141 2412 2659 3071 2510 3986 2197 2715 3400 2067 2155
internal_value=6.40437e-08 0.000559735 0.00156753 0.00030213 0.000924071 -0.000926017 -3.77338e-05 0.000239062 -0.000400711 -0.000679087 -0.000480684 9.19704e-06
internal_weight=35959 22416 4553 17863 6306 13543 11557 8898 4912 11033 7633 4222
internal_count=35959 22416 4553 17863 6306 13543 11557 8898 4912 11033 7633 4222
is_linear=0
shrinkage=0.05


Tree=5
num_leaves=14
num_cat=0
split_feature=0 0 2 0 0 1 1 2 0 1 0 0 1
split_gain=6.73427 2.10123 2.04867 1.45245 1.45291 1.29858 0.904581 0.601969 0.84288 0.517309 0.361592 1.02609 0.744755
threshold=2.1971623897552495 4.9353501796722421 1.0000000180025095e-35 2.4292459487915044 3.111780166625977 29.303289413452152 13.971977710723879 1.0000000180025095e-35 3.7457928657531743 17.027730941772464 1.1476519703865053 1.6672472357749941 15.403133392333986
decision_type=2 2 2 2 2 2 2 2 2 2 2 2 2
left_child=5 3 -3 -2 6 10 -5 9 -9 -6 -1 -12 -13
right_child=1 2 -4 4 7 -7 -8 8 -10 -11 11 12 -14
leaf_value=-0.0010903455915908336 0.0015101869019325863 0.0026116609660181045 0.00048677501830877263 0.00024716668167453393 0.0014136403459546996 -0.0019046046056835275 -0.0010022927534023129 0.00079956594781247458 -0.00053379320486916673 0.00039562598922933075 0.00016222788350308827 -0.00035241382345639025 -0.0016816820081790454
leaf_weight=3224 2127 2141 2412 2443 2368 2510 3537 2224 2515 2649 3582 2217 2010
leaf_count=3224 2127 2141 2412 2443 2368 2510 3537 2224 2515 2649 3582 2217 2010
internal_value=6.15951e-08 0.000531842 0.00148951 0.00028705 0.000120867 -0.00087987 -0.000492293 0.000496827 9.23147e-05 0.00087798 -0.00064523 -0.000460302 -0.000986977
internal_weight=35959 22416 4553 17863 15736 13543 5980 9756 4739 5017 11033 7809 4227
internal_count=35959 22416 4553 17863 15736 13543 5980 9756 4739 5017 11033 7809 4227
is_linear=0
shrinkage=0.05


Tree=6
num_leaves=15
num_cat=0
split_feature=0 2 0 1 1 1 1 0 0 0 0 0 0 1
split_gain=6.11762 1.89794 3.00553 1.35294 0.953819 2.7523 0.81968 0.778199 0.774795 0.744068 1.2061 0.970004 0.23989 0.0101318
threshold=2.2565510272979741 1.0000000180025095e-35 4.9803133010864267 19.969761848449711 8.5199499130249041 17.027730941772464 25.549051284790043 1.5098375082015993 3.2911728620529179 3.4042251110076909 2.6871799230575566 4.1764507293701181 1.5241505503654482 10.140483856201174
decision_type=2 2 2 2 2 2 2 2 2 2 2 2 2 2
left_child=3 2 4 7 -2 -6 -5 -1 -7 10 -3 -11 -8 -9
right_child=1 9 -4 6 5 8 12 13 -10 11 -12 -13 -14 -15
leaf_value=-0.00088113092742159139 -0.0003448528074287663 0.00055088022901499144 0.0026919047491209564 -0.0021741719107168031 0.0023561886002806832 0.00084525760268903006 -0.0013330308712003458 2.4754950630801149e-05 -0.00045137958915886635 0.0013095156583830068 -0.0010347524933050493 -2.8194510931456487e-05 -0.00055811689253198267 0.00018288369964761169
leaf_weight=3941 2096 2006 2088 2085 2130 2250 2029 2003 2341 2060 2954 3923 2006 2047
leaf_count=3941 2096 2006 2088 2085 2130 2250 2029 2003 2341 2060 2954 3923 2006 2047
internal_value=7.32996e-08 0.000524113 0.000990627 -0.000811092 0.000585145 0.000875254 -0.00137 -0.000381868 0.000184544 5.87398e-05 -0.000393648 0.000433808 -0.000950115 0.000104932
internal_weight=35959 21848 10905 14111 8817 6721 6120 7991 4591 10943 4960 5983 4035 4050
internal_count=35959 21848 10905 14111 8817 6721 6120 7991 4591 10943 4960 5983 4035 4050
is_linear=0
shrinkage=0.05


Tree=7
num_leaves=15
num_cat=0
split_feature=0 0 2 0 0 1 1 1 1 1 2 0 0 1
split_gain=5.53203 1.81054 1.61505 1.34537 1.53358 1.32824 0.998198 0.976807 0.765284 0.672571 0.541591 0.786845 0.487329 0.0538777
threshold=2.1276745796203618 4.9353501796722421 1.0000000180025095e-35 2.4125087261199956 3.111780166625977 23.832257270812992 20.131559371948246 9.0399641990661639 26.057966232299808 14.54577159881592 1.0000000180025095e-35 3.7457928657531743 3.6778954267501835 11.090110778808596
decision_type=2 2 2 2 2 2 2 2 2 2 2 2 2 2
left_child=6 3 -3 -2 5 13 7 -1 -8 -9 12 -12 -6 -5
right_child=1 2 -4 4 10 -7 8 9 -10 -11 11 -13 -14 -15
leaf_value=-0.001093352875791755 0.0012735890201273558 0.0023507965688915385 0.00046394112889954289 0.00014724243199298485 0.00023758875606912056 -0.0016022449670393545 -0.0021142960540660458 0.00072128711461424088 -0.00089028185065403672 -0.00056461621031929615 0.00075586659825692176 -0.00053240032953188272 0.0012364774066269384 -0.00021389188676812734
leaf_weight=3225 2694 2141 2412 2018 2110 2011 2011 2003 3548 2045 2224 2515 2907 2095
leaf_count=3225 2694 2141 2412 2018 2110 2011 2011 2003 3548 2045 2224 2515 2907 2095
internal_value=8.57002e-08 0.000461989 0.00135442 0.000242617 6.70243e-05 -0.00055262 -0.000832109 -0.000445604 -0.00133608 7.1874e-05 0.000456153 7.24985e-05 0.000817683 -3.67778e-05
internal_weight=35959 23127 4553 18574 15880 6124 12832 7273 5559 4048 9756 4739 5017 4113
internal_count=35959 23127 4553 18574 15880 6124 12832 7273 5559 4048 9756 4739 5017 4113
is_linear=0
shrinkage=0.05


Tree=8
num_leaves=14
num_cat=0
split_feature=0 2 0 1 1 1 0 1 1 1 0 0 1
split_gain=5.0756 1.58342 2.45452 1.19431 0.883735 2.44837 0.786607 0.699268 1.49956 1.11562 0.60028 0.633997 0.652769
threshold=2.2565510272979741 1.0000000180025095e-35 4.9803133010864267 28.021887779235843 8.5199499130249041 17.027730941772464 3.2911728620529179 9.7457880973815936 17.748370170593265 25.086171150207523 1.1476519703865053 1.6672472357749941 15.403133392333986
decision_type=2 2 2 2 2 2 2 2 2 2 2 2 2
left_child=3 2 4 10 -2 -6 -7 -3 -9 -10 -1 -12 -13
right_child=1 7 -4 -5 5 6 -8 8 9 -11 11 12 -14
leaf_value=-0.0010837772490489646 -0.00035801558887096598 0.00068457992575576344 0.0024409713898811774 -0.0016065023881220648 0.0022131037390860238 0.00083066319991629287 -0.00047579624594864351 -0.0012274071880676229 0.0011386762347952097 -0.0003249774342167608 0.00025051930908716183 -0.00011121069214736471 -0.0013198937757779
leaf_weight=3096 2096 3116 2088 3088 2130 2250 2341 2434 2171 3222 3414 2502 2011
leaf_count=3096 2096 3116 2088 3088 2130 2250 2341 2434 2171 3222 3414 2502 2011
internal_value=8.38357e-08 0.000477411 0.00090352 -0.000738775 0.000537075 0.000816334 0.000164899 5.23454e-05 -0.000199905 0.000265246 -0.000494453 -0.000263209 -0.000651529
internal_weight=35959 21848 10905 14111 8817 6721 4591 10943 7827 5393 11023 7927 4513
internal_count=35959 21848 10905 14111 8817 6721 4591 10943 7827 5393 11023 7927 4513
is_linear=0
shrinkage=0.05


Tree=9
num_leaves=14
num_cat=0
split_feature=0 2 0 1 1 1 0 0 0 0 0 0 1
split_gain=4.58271 1.42974 2.21633 1.07819 0.797965 2.21074 0.710239 0.667386 1.07919 0.870706 0.541892 0.572443 0.589436
threshold=2.2565510272979741 1.0000000180025095e-35 4.9803133010864267 28.021887779235843 8.5199499130249041 17.027730941772464 3.2911728620529179 3.4042251110076909 2.6871799230575566 4.1764507293701181 1.1476519703865053 1.6672472357749941 15.403133392333986
decision_type=2 2 2 2 2 2 2 2 2 2 2 2 2
left_child=3 2 4 10 -2 -6 -7 8 -3 -9 -1 -12 -13
right_child=1 7 -4 -5 5 6 -8 9 -10 -11 11 12 -14
leaf_value=-0.0010297628684252486 -0.00034019969352173972 0.00051477926331019248 0.0023195055433946339 -0.0015264364854498471 0.0021029656732659712 0.00078931376136048967 -0.00045210752234893135 0.0012346368514649598 -0.00098512685203252614 -3.2740675073659199e-05 0.00023802994862103969 -0.00010567223712053762 -0.0012542255177895988
leaf_weight=3096 2096 2006 2088 3088 2130 2250 2341 2060 2954 3923 3414 2502 2011
leaf_count=3096 2096 2006 2088 3088 2130 2250 2341 2060 2954 3923 3414 2502 2011
internal_value=9.43467e-08 0.000453654 0.000858557 -0.000701973 0.000510347 0.000775708 0.000156693 4.97405e-05 -0.000378696 0.000404961 -0.000469833 -0.000250123 -0.000619111
internal_weight=35959 21848 10905 14111 8817 6721 4591 10943 4960 5983 11023 7927 4513
internal_count=35959 21848 10905 14111 8817 6721 4591 10943 4960 5983 11023 7927 4513
is_linear=0
shrinkage=0.05


Tree=10
num_leaves=13
num_cat=0
split_feature=0 0 0 2 0 0 2 0 2 0 1 1
split_gain=4.14536 1.30652 2.05128 0.970013 1.50243 0.790949 0.743944 1.40031 0.673949 0.509033 0.453953 0.115583
threshold=3.4418236017227177 2.1276745796203618 2.4125087261199956 1.5000000000000002 1.2132524251937868 1.6672472357749941 1.0000000180025095e-35 4.9803133010864267 1.0000000180025095e-35 4.6334328651428232 17.748370170593265 18.900667190551761
decision_type=2 2 2 2 2 2 2 2 2 2 2 2
left_child=1 3 -3 4 -1 -6 7 -2 11 -8 -10 -4
right_child=6 2 8 -5 5 -7 9 -9 10 -11 -12 -13
leaf_value=-0.0013293176034861012 0.00059338254024810411 0.0012190122158258231 -0.00015527366506729677 -0.0015681310951752695 0.00052900693877776055 -0.000562567085426639 0.00085368474984473292 0.0022040821896857419 -0.0012851817794699847 -7.8913013559103135e-05 -0.00026264395879276828 0.00036167820061438094
leaf_weight=3524 3813 2694 2330 2660 3101 3547 2809 2088 2265 3039 2088 2001
leaf_count=3524 3813 2694 2330 2660 3101 3547 2809 2088 2265 3039 2088 2001
internal_value=1.09994e-07 -0.00037385 1.62792e-05 -0.000719516 -0.00049628 -5.3366e-05 0.000770354 0.00116607 -0.000357812 0.000369739 -0.000796428 8.38504e-05
internal_weight=35959 24210 11378 12832 10172 6648 11749 5901 8684 5848 4353 4331
internal_count=35959 24210 11378 12832 10172 6648 11749 5901 8684 5848 4353 4331
is_linear=0
shrinkage=0.05


Tree=11
num_leaves=12
num_cat=0
split_feature=0 0 0 0 1 0 2 0 0 2 0
split_gain=3.80852 1.18295 1.27745 1.56329 0.970084 0.960032 0.726428 0.437315 0.414983 0.521609 0.386318
threshold=2.2565510272979741 4.9353501796722421 2.5569663047790532 2.9606319665908818 28.021887779235843 6.0247890949249276 1.0000000180025095e-35 3.7457928657531743 1.1476519703865053 1.0000000180025095e-35 3.6778954267501835
decision_type=2 2 2 2 2 2 2 2 2 2 2
left_child=4 2 -2 -4 8 -3 10 -8 -1 -10 -5
right_child=1 5 3 6 -6 -7 7 -9 9 -11 -12
leaf_value=-0.0009097551076449967 0.0011928052723368518 0.0017803150663949869 -0.00087415920767866604 0.0002909750314804907 -0.0014219159441622366 0.00031932327231083457 0.00033981381855424046 -0.00056261116166260222 0.00017833712046010517 -0.00063198433010187328 0.0011290281611612712
leaf_weight=3096 2836 2519 3561 2619 3088 2034 2857 2515 3960 3967 2907
leaf_count=3096 2836 2519 3561 2619 3088 2034 2857 2515 3960 3967 2907
internal_value=1.1171e-07 0.000413588 0.000224508 3.38917e-05 -0.000639912 0.00112976 0.000331133 -8.29333e-05 -0.00041975 -0.000227467 0.000733083
internal_weight=35959 21848 17295 14459 14111 4553 10898 5372 11023 7927 5526
internal_count=35959 21848 17295 14459 14111 4553 10898 5372 11023 7927 5526
is_linear=0
shrinkage=0.05


Tree=12
num_leaves=13
num_cat=0
split_feature=0 2 0 1 1 1 1 1 1 0 1 0
split_gain=3.43844 1.10911 1.73646 0.875809 0.738546 0.787532 0.658405 1.31308 1.01101 0.374659 0.509719 1.09504
threshold=2.2565510272979741 1.0000000180025095e-35 4.9803133010864267 28.021887779235843 15.265819549560549 23.454006195068363 9.7457880973815936 17.748370170593265 25.086171150207523 1.1476519703865053 9.0399641990661639 1.6672472357749941
decision_type=2 2 2 2 2 2 2 2 2 2 2 2
left_child=3 2 4 9 -2 -6 -3 -8 -9 -1 -11 -12
right_child=1 6 -4 -5 5 -7 7 8 -10 10 11 -13
leaf_value=-0.000864413823322016 0.00098066647835776707 0.00065074123971875985 0.0020427555104373472 -0.0013510495569592502 -0.000716861550771772 0.00054930966657183169 -0.0011689873839690168 0.0010592920116883138 -0.0003340212389975752 -0.00079416976618518469 0.00087637653612504583 -0.00056286226394998016
leaf_weight=3096 3683 3116 2088 3088 2009 3125 2434 2171 3222 2566 2324 3037
leaf_count=3096 3683 3116 2088 3088 2009 3125 2434 2171 3222 2566 2324 3037
internal_value=1.17746e-07 0.000392992 0.000749615 -0.000608015 0.000441412 5.34103e-05 3.72474e-05 -0.000207509 0.000227792 -0.000398824 -0.000216122 6.15196e-05
internal_weight=35959 21848 10905 14111 8817 5134 10943 7827 5393 11023 7927 5361
internal_count=35959 21848 10905 14111 8817 5134 10943 7827 5393 11023 7927 5361
is_linear=0
shrinkage=0.05


Tree=13
num_leaves=13
num_cat=0
split_feature=0 1 2 2 1 0 0 1 2 0 1 0
split_gain=3.17288 1.04427 0.887872 1.59095 1.51175 1.49188 1.24983 0.661663 0.546319 1.7281 0.68332 0.33244
threshold=3.4418236017227177 28.021887779235843 1.5000000000000002 1.0000000180025095e-35 16.908832550048832 1.5098375082015993 2.0476689338684086 31.147220611572269 1.5000000000000002 4.9803133010864267 23.683607101440433 2.6234452724456792
decision_type=2 2 2 2 2 2 2 2 2 2 2 2
left_child=1 2 3 5 -5 -1 -7 -3 9 10 -2 -8
right_child=8 7 -4 4 -6 6 11 -9 -10 -11 -12 -13
leaf_value=-0.00091810410057533137 -5.7985696041651089e-05 -0.0016436604952546577 0.00052073048030218123 -0.0016316752528951709 3.4488159495451235e-05 0.001511279634471825 -0.00043306417955711255 -0.00049773620533413829 2.2017504635737435e-06 0.0017446163247051363 0.0010677910157859732 0.00041624514447242576
leaf_weight=2677 3893 2066 3878 3486 2229 2022 2136 3238 2407 3398 2051 2478
leaf_count=2677 3893 2066 3878 3486 2229 2022 2136 3238 2407 3398 2051 2478
internal_value=1.16931e-07 -0.000327051 -0.000152901 -0.000326964 -0.000982903 7.61811e-05 0.000478059 -0.000946347 0.000673984 0.000846883 0.000331609 2.29806e-05
internal_weight=35959 24210 18906 15028 5715 9313 6636 5304 11749 9342 5944 4614
internal_count=35959 24210 18906 15028 5715 9313 6636 5304 11749 9342 5944 4614
is_linear=0
shrinkage=0.05


Tree=14
num_leaves=13
num_cat=0
split_feature=0 2 0 0 0 0 1 0 0 1 1 1
split_gain=2.93418 0.910449 1.16688 0.887448 1.24623 1.18373 1.19801 0.891077 0.714209 0.448536 1.33478 0.0600927
threshold=2.1276745796203618 1.5000000000000002 1.2132524251937868 4.9353501796722421 2.4125087261199956 3.111780166625977 23.832257270812992 6.0247890949249276 1.6672472357749941 23.683607101440433 13.570378780364992 11.090110778808596
decision_type=2 2 2 2 2 2 2 2 2 2 2 2
left_child=1 2 -1 4 -2 6 11 -5 -4 10 -7 -6
right_child=3 -3 8 7 5 9 -8 -9 -10 -11 -12 -13
leaf_value=-0.0011239546025822369 0.0011751664080837485 -0.001427966044324462 0.00055376528613437792 0.001587984745811493 0.00015384894059078917 0.00072639466464507682 -0.0015272587251205819 0.00018125631742427803 -0.00048349708664241096 0.00082111336484637972 -0.00073530099452001965 -0.00022754786586268798
leaf_weight=3524 2694 2660 3101 2519 2018 3686 2011 2034 3547 3375 2695 2095
leaf_count=3524 2694 2660 3101 2519 2018 3686 2011 2034 3547 3375 2695 2095
internal_value=1.12675e-07 -0.000605962 -0.000389814 0.000336509 0.000182916 1.39498e-05 -0.000530416 0.00096132 4.45279e-07 0.00035585 0.000108866 -4.05003e-05
internal_weight=35959 12832 10172 23127 18574 15880 6124 4553 6648 9756 6381 4113
internal_count=35959 12832 10172 23127 18574 15880 6124 4553 6648 9756 6381 4113
is_linear=0
shrinkage=0.05


Tree=15
num_leaves=15
num_cat=0
split_feature=0 2 0 1 1 1 1 0 1 1 1 1 1 0
split_gain=2.703 0.959017 1.32773 0.816876 0.921727 0.795954 1.9643 0.786634 0.679055 0.869611 0.578677 1.16268 0.92739 0.175161
threshold=2.2565510272979741 1.0000000180025095e-35 4.9803133010864267 19.969761848449711 25.549051284790043 8.5199499130249041 17.027730941772464 3.2911728620529179 12.217059135437013 5.6839787960052499 9.7457880973815936 17.748370170593265 25.086171150207523 1.5241505503654482
decision_type=2 2 2 2 2 2 2 2 2 2 2 2 2 2
left_child=3 2 5 8 -5 -2 -7 -8 9 -1 -3 -12 -13 -6
right_child=1 10 -4 4 13 6 7 -9 -10 -11 11 12 -14 -15
leaf_value=0.00013647996568852977 -0.00043865198809779838 0.00059281797585682681 0.001810838455819194 -0.0018247313607760694 -0.0008564560170123656 0.0019266742574974528 0.00075812923169801209 -0.00054829066320513989 0.00035817510567431648 -0.0012111970376890943 -0.0011165179126196557 0.0009942419971089066 -0.00034018051765493095 -0.00019710715180966846
leaf_weight=2244 2096 3116 2088 2085 2029 2130 2250 2341 3196 2551 2434 2171 3222 2006
leaf_count=2244 2096 3116 2088 2085 2029 2130 2250 2341 3196 2551 2434 2171 3222 2006
internal_value=1.02443e-07 0.000348436 0.000680051 -0.000539086 -0.000973327 0.000410516 0.000675594 9.22279e-05 -0.000205717 -0.00058153 1.76534e-05 -0.000211789 0.000197849 -0.000529958
internal_weight=35959 21848 10905 14111 6120 8817 6721 4591 7991 4795 10943 7827 5393 4035
internal_count=35959 21848 10905 14111 6120 8817 6721 4591 7991 4795 10943 7827 5393 4035
is_linear=0
shrinkage=0.05


Tree=16
num_leaves=14
num_cat=0
split_feature=0 1 2 0 2 1 1 0 0 0 2 0 1
split_gain=2.46129 0.93053 1.83744 1.5653 1.74944 1.43339 1.22842 0.63867 0.626648 0.526358 0.468001 1.37258 0.617015
threshold=3.4418236017227177 14.251132011413576 1.5000000000000002 2.9398705959320073 1.5000000000000002 19.641646385192875 10.666896820068361 1.397660553455353 2.0476689338684086 1.9200109839439394 1.5000000000000002 4.9803133010864267 23.683607101440433
decision_type=2 2 2 2 2 2 2 2 2 2 2 2 2
left_child=1 2 6 4 5 -3 9 -7 -9 -1 11 12 -2
right_child=10 3 -4 -5 -6 7 -8 8 -10 -11 -12 -13 -14
leaf_value=-8.8974951961892946e-05 -7.5743531650579663e-05 -0.0014896949857196784 0.0014124219126769139 0.00066182650452657657 -0.0019627486280953616 -0.00082336468508984167 0.00079461297250062949 0.00084195420354993527 -0.00028256124825553426 -0.0010565021741977413 -2.8035447528769975e-05 0.0015537138878564394 0.00099397691479699785
leaf_weight=2476 3893 2522 2057 2263 2439 2160 2012 2168 2865 3248 2407 3398 2051
leaf_count=2476 3893 2522 2057 2263 2439 2160 2012 2168 2865 3248 2407 3398 2051
internal_value=9.80353e-08 -0.000288057 8.80249e-05 -0.0005434 -0.000768166 -0.00046655 -0.000265501 -0.000106246 0.000202541 -0.000638869 0.00059361 0.000753637 0.000294417
internal_weight=35959 24210 9793 14417 12154 9715 7736 7193 5033 5724 11749 9342 5944
internal_count=35959 24210 9793 14417 12154 9715 7736 7193 5033 5724 11749 9342 5944
is_linear=0
shrinkage=0.05


Tree=17
num_leaves=15
num_cat=0
split_feature=0 0 0 2 0 1 1 1 1 1 0 2 1 1
split_gain=2.28897 0.879419 1.81909 0.863386 0.733563 1.00466 0.722138 0.833365 0.685156 0.799969 0.431486 0.662559 0.395919 0.148469
threshold=2.2565510272979741 2.5569663047790532 3.111780166625977 1.0000000180025095e-35 3.6778954267501835 17.027730941772464 19.969761848449711 25.549051284790043 12.217059135437013 5.6839787960052499 3.7210886478424077 1.5000000000000002 17.748370170593265 30.83878326416016
decision_type=2 2 2 2 2 2 2 2 2 2 2 2 2 2
left_child=6 -2 12 4 -4 -6 8 -8 9 -1 -5 -12 -3 -9
right_child=1 2 3 10 5 -7 7 13 -10 -11 11 -13 -14 -15
leaf_value=0.00012849754701630024 0.00114042849276499 -0.0010872443670065766 8.2437447774007635e-05 0.0006821323097486575 0.0019388061528261857 0.00052445401568515277 -0.0017138847902753093 -0.00017988342202293208 0.00038371981483356724 -0.001164098070085966 0.00031744923224811454 -0.00084774440207603717 -0.00016831173992757346 -0.00078687995448399129
leaf_weight=2244 2836 2481 2110 2139 2376 2672 2085 2029 3196 2551 2942 2070 2222 2006
leaf_count=2244 2836 2481 2110 2139 2376 2672 2085 2029 3196 2551 2942 2070 2222 2006
internal_value=9.93561e-08 0.000320647 0.000197826 0.000478179 0.00086598 0.00119268 -0.000496079 -0.000904359 -0.000182654 -0.000560171 8.93317e-05 -0.000164516 -0.00065436 -0.000482851
internal_weight=35959 21848 19012 14309 7158 5048 14111 6120 7991 4795 7151 5012 4703 4035
internal_count=35959 21848 19012 14309 7158 5048 14111 6120 7991 4795 7151 5012 4703 4035
is_linear=0
shrinkage=0.05


Tree=18
num_leaves=14
num_cat=0
split_feature=0 0 0 2 1 0 0 2 1 1 1 1 1
split_gain=2.06674 0.793964 1.64242 0.779559 0.700976 0.684165 0.389938 0.646763 0.357465 0.283555 0.264007 1.22825 0.504579
threshold=2.2565510272979741 2.5569663047790532 3.111780166625977 1.0000000180025095e-35 28.021887779235843 4.9803133010864267 3.7457928657531743 1.5000000000000002 17.748370170593265 17.027730941772464 9.0399641990661639 14.390244483947756 22.574186325073246
decision_type=2 2 2 2 2 2 2 2 2 2 2 2 2
left_child=4 -2 8 5 10 9 -5 -8 -3 -4 -1 -12 -13
right_child=1 2 3 6 -6 -7 7 -9 -10 -11 11 12 -14
leaf_value=-0.00063763742587998051 0.0010836074818485271 -0.0010331003398286369 0.00090329556976026125 0.00063288782972447928 -0.0011360516459189627 0.0015827995396330283 0.00031581869260804323 -0.00084574649773529902 -0.00015993381785540882 0.00015422755647530325 0.00088528315190008707 -0.0009142505378579006 8.614498570021231e-05
leaf_weight=3565 2836 2481 2383 2224 3088 2088 2898 2029 2222 2687 2167 3231 2060
leaf_count=3565 2836 2481 2383 2224 3088 2088 2898 2029 2222 2687 2167 3231 2060
internal_value=8.40149e-08 0.000304674 0.000187973 0.000454365 -0.000471393 0.000822859 8.48757e-05 -0.000163273 -0.000621775 0.000507389 -0.000284334 -0.000114824 -0.000525328
internal_weight=35959 21848 19012 14309 14111 7158 7151 4927 4703 5070 11023 7458 5291
internal_count=35959 21848 19012 14309 14111 7158 7151 4927 4703 5070 11023 7458 5291
is_linear=0
shrinkage=0.05


Tree=19
num_leaves=13
num_cat=0
split_feature=0 0 0 2 0 0 2 1 1 1 2 1
split_gain=1.87739 0.864901 1.43551 0.793256 0.988359 0.655165 0.535545 0.364652 0.901506 0.363793 0.223125 0.10986
threshold=2.1276745796203618 2.4125087261199956 3.4418236017227177 1.5000000000000002 1.2132524251937868 1.6672472357749941 1.0000000180025095e-35 11.231722831726076 23.454006195068363 17.748370170593265 1.0000000180025095e-35 18.900667190551761
decision_type=2 2 2 2 2 2 2 2 2 2 2 2
left_child=3 -2 6 4 -1 -6 11 -4 -9 -8 -10 -3
right_child=1 2 7 -5 5 -7 9 8 10 -11 -12 -13
leaf_value=-0.00095871365106560576 0.0011095780682647141 -0.00016871671159450724 0.00093243662724395266 -0.0012518820052611452 0.00060585568307717488 -0.00038762343711018976 -0.0011579027792253287 -0.00020540937460740229 0.0012170216592734227 -0.00024247111657944728 0.00047755066261005058 0.00033525104338829166
leaf_weight=3524 2694 2330 3650 2660 3101 3547 2265 3986 2053 2088 2060 2001
leaf_count=3524 2694 2330 3650 2660 3101 3547 2265 3986 2053 2088 2060 2001
internal_value=9.25194e-08 0.000269175 0.000157883 -0.000484705 -0.000283054 7.60049e-05 -0.00032937 0.000517999 0.000330303 -0.000720361 0.000848713 6.43614e-05
internal_weight=35959 23127 20433 12832 10172 6648 8684 11749 8099 4353 4113 4331
internal_count=35959 23127 20433 12832 10172 6648 8684 11749 8099 4353 4113 4331
is_linear=0
shrinkage=0.05


Tree=20
num_leaves=12
num_cat=0
split_feature=0 0 0 1 0 2 1 1 1 1 1
split_gain=1.72736 0.699165 1.38308 0.678945 1.29781 1.13614 0.630705 0.340945 0.238737 1.10946 0.456703
threshold=2.2565510272979741 2.5569663047790532 3.111780166625977 26.775197029113773 3.6778954267501835 1.0000000180025095e-35 28.021887779235843 15.265819549560549 9.0399641990661639 14.390244483947756 22.574186325073246
decision_type=2 2 2 2 2 2 2 2 2 2 2
left_child=6 -2 7 4 -4 -6 8 -3 -1 -10 -11
right_child=1 2 3 -5 5 -7 -8 -9 9 10 -12
leaf_value=-0.00058948379448493717 0.0010095015877202161 -0.00010157550074256436 -0.00065288500620918222 0.00099526155617955738 0.0011819858553284344 -4.6267600341524251e-05 -0.001061386577841405 -0.00095726079247073371 0.00085812825612590889 -0.00085254164979111941 9.9140055123874055e-05
leaf_weight=3565 2836 2112 3084 3705 3729 3791 3088 2591 2167 3231 2060
leaf_count=3565 2836 2112 3084 3705 3729 3791 3088 2591 2167 3231 2060
internal_value=9.21037e-08 0.000278553 0.000169045 0.000413503 0.000209493 0.000563557 -0.00043094 -0.000574025 -0.000253524 -9.2357e-05 -0.000482525
internal_weight=35959 21848 19012 14309 10604 7520 14111 4703 11023 7458 5291
internal_count=35959 21848 19012 14309 10604 7520 14111 4703 11023 7458 5291
is_linear=0
shrinkage=0.05


Tree=21
num_leaves=13
num_cat=0
split_feature=0 0 0 2 1 1 1 1 1 0 1 0
split_gain=1.55935 0.63126 1.26786 0.829717 0.603434 0.580431 0.81154 0.63605 0.806128 0.551346 0.300564 0.125612
threshold=2.2565510272979741 2.5569663047790532 2.9606319665908818 1.0000000180025095e-35 17.430292129516605 19.969761848449711 25.549051284790043 12.217059135437013 5.6839787960052499 4.9803133010864267 23.454006195068363 1.5241505503654482
decision_type=2 2 2 2 2 2 2 2 2 2 2 2
left_child=5 -2 -3 9 -5 7 -7 8 -1 10 -4 -8
right_child=1 2 3 4 -6 6 11 -9 -10 -11 -12 -13
leaf_value=0.00019875728652382751 0.00095920384928889013 -0.00068867221670451467 0.00018612857942893184 -0.00045048629948884621 0.00042888429539041177 -0.0015741331113427297 -0.00063629884961847257 0.00041711008536964744 -0.0010985677213913301 0.0014169981911567398 0.00094852705807188715 -7.8576439566693321e-05
leaf_weight=2244 2836 3561 3550 3859 3925 2085 2029 3196 2551 2088 2029 2006
leaf_count=2244 2836 3561 3550 3859 3925 2085 2029 3196 2551 2088 2029 2006
internal_value=8.591e-08 0.000264658 0.000160604 0.000356656 -7.09158e-06 -0.000409448 -0.00077547 -0.000128506 -0.000492286 0.000725482 0.000464603 -0.000359907
internal_weight=35959 21848 19012 15451 7784 14111 6120 7991 4795 7667 5579 4035
internal_count=35959 21848 19012 15451 7784 14111 6120 7991 4795 7667 5579 4035
is_linear=0
shrinkage=0.05


Tree=22
num_leaves=14
num_cat=0
split_feature=0 1 1 1 0 0 2 0 1 0 1 1 1
split_gain=1.40802 0.574094 0.573075 2.37145 0.968978 1.07944 0.945921 1.20284 0.767901 0.753673 0.228585 0.990376 0.464195
threshold=2.2565510272979741 27.863700866699222 12.048927783966066 8.5199499130249041 2.9606319665908818 2.5892046689987187 1.5000000000000002 4.9803133010864267 4.8357656002044687 3.9399646520614628 9.0399641990661639 14.390244483947756 22.574186325073246
decision_type=2 2 2 2 2 2 2 2 2 2 2 2 2
left_child=1 10 3 8 5 -4 7 9 -2 -6 -1 -12 -13
right_child=2 -3 4 -5 6 -7 -8 -9 -10 -11 11 12 -14
leaf_value=-0.00054603329419015522 0.00054928329866148207 -0.0009831728088862267 0.00022251949906144762 0.0019842376864283497 0.00065734583420844434 -0.001388993680682196 -0.00061560478783388825 0.0015549098108000039 -0.00067248493441979923 -0.00049124106737397967 0.00083747695812542251 -0.00080097784661049105 0.00016696757587980566
leaf_weight=3565 3010 3148 2090 2193 3552 2052 2104 2242 2230 2375 2167 3231 2000
leaf_count=3565 3010 3148 2090 2193 3552 2052 2104 2242 2230 2375 2167 3231 2000
internal_value=8.19986e-08 -0.000389073 0.000251489 0.000607785 6.74738e-05 -0.000577267 0.000327737 0.000571159 2.90418e-05 0.000197045 -0.000217739 -5.90142e-05 -0.000431285
internal_weight=35959 14111 21848 7433 14415 4142 10273 8169 5240 5927 10963 7398 5231
internal_count=35959 14111 21848 7433 14415 4142 10273 8169 5240 5927 10963 7398 5231
is_linear=0
shrinkage=0.05


Tree=23
num_leaves=13
num_cat=0
split_feature=0 0 0 1 0 0 1 1 1 1 1 1
split_gain=1.27111 0.563034 1.0488 0.57869 1.15443 1.18708 1.51941 0.51837 0.357662 0.211746 0.767663 0.484068
threshold=2.2565510272979741 2.5569663047790532 3.111780166625977 26.775197029113773 3.6778954267501835 5.7254586219787607 11.231722831726076 28.021887779235843 17.748370170593265 12.217059135437013 5.6839787960052499 19.969761848449711
decision_type=2 2 2 2 2 2 2 2 2 2 2 2
left_child=7 -2 8 4 -4 6 -6 9 -3 10 -1 -11
right_child=1 2 3 -5 5 -7 -8 -9 -10 11 -12 -13
leaf_value=0.00021604420655636227 0.00089488866974479851 -0.00091775829098954178 -0.00064804346670493745 0.00089064420963792497 0.0018428957779279545 -0.00054037864270277392 0.00016469984764172813 -0.00094119725805591177 -4.4983924377891031e-05 0.0004123005644515506 -0.0010498824776505077 -0.00046820636930745792
leaf_weight=2244 2836 2481 3084 3705 2336 2006 3178 3088 2222 3196 2551 3032
leaf_count=2244 2836 2481 3084 3705 2336 2006 3178 3088 2222 3196 2551 3032
internal_value=8.4531e-08 0.000238956 0.000140692 0.000353571 0.000165258 0.000499216 0.000877715 -0.000369667 -0.000506374 -0.000208849 -0.000458228 -1.64232e-05
internal_weight=35959 21848 19012 14309 10604 7520 5514 14111 4703 11023 4795 6228
internal_count=35959 21848 19012 14309 10604 7520 5514 14111 4703 11023 4795 6228
is_linear=0
shrinkage=0.05


Tree=24
num_leaves=13
num_cat=0
split_feature=0 1 0 0 2 1 2 0 0 1 1 0
split_gain=1.15255 0.813923 1.71225 1.53346 1.27062 1.12772 0.717731 0.898933 0.798519 0.672824 1.20984 0.209643
threshold=2.1276745796203618 28.021887779235843 2.3991304636001591 3.6778954267501835 1.0000000180025095e-35 31.430992126464847 1.5000000000000002 1.5388837456703188 1.8587242960929873 17.430292129516605 9.8924860954284686 1.1269598007202151
decision_type=2 2 2 2 2 2 2 2 2 2 2 2
left_child=6 2 -2 9 -5 -3 7 11 -9 10 -4 -1
right_child=1 5 3 4 -6 -7 -8 8 -10 -11 -12 -13
leaf_value=-0.00088295922250084663 0.0017222021361845052 -0.0012692970247818762 2.488974313329638e-05 0.0013243118005588012 5.5862220417699827e-05 0.00025460153322341196 -0.0011094408352179794 0.00098178624718682733 -0.00035830321361126553 0.00032040026612367126 -0.0015136249574602149 -0.00027572997347313701
leaf_weight=3064 2057 2000 3010 3932 3957 3059 2660 2330 2110 2902 2210 2668
leaf_count=3064 2057 2000 3010 3932 3957 3059 2660 2330 2110 2902 2210 2668
internal_value=7.76529e-08 0.000210911 0.000367837 0.00019287 0.000688953 -0.000349165 -0.000379774 -0.000188062 0.000345568 -0.000289237 -0.000628122 -0.000601292
internal_weight=35959 23127 18068 16011 7889 5059 12832 10172 4440 8122 5220 5732
internal_count=35959 23127 18068 16011 7889 5059 12832 10172 4440 8122 5220 5732
is_linear=0
shrinkage=0.05


Tree=25
num_leaves=15
num_cat=0
split_feature=0 1 1 1 2 0 0 1 1 1 1 1 1 2
split_gain=1.07577 0.510864 0.682401 0.591708 1.063 1.71246 1.40779 0.944807 0.456308 0.950263 0.382693 0.356395 0.498343 0.168131
threshold=2.2565510272979741 28.021887779235843 32.821512222290046 23.454006195068363 1.5000000000000002 3.8443462848663335 3.2190680503845219 12.048927783966066 14.390244483947756 9.0399641990661639 9.7457880973815936 25.247751235961918 19.831026077270511 1.0000000180025095e-35
decision_type=2 2 2 2 2 2 2 2 2 2 2 2 2 2
left_child=8 3 -3 4 5 6 7 -2 9 -1 -7 12 -10 -13
right_child=1 2 -4 -5 -6 10 -8 -9 11 -11 -12 13 -14 -15
leaf_value=-0.00049775906479217354 0.0006883223223547179 -0.00074540548132647193 0.00045472929948848573 0.0010138705085903522 0.0010700791279871877 0.00019753700097373765 -0.001549863512385132 -0.00077484738924690137 -0.00037578343147199841 0.0008272962832828369 0.0011082704024224803 6.5448773123387373e-05 -0.0014625550817161086 -0.00057067142410268854
leaf_weight=3565 2322 2768 2056 2784 2901 2001 2202 2084 2212 2167 2730 2129 2023 2015
leaf_count=3565 2322 2768 2056 2784 2901 2001 2202 2084 2212 2167 2730 2129 2023 2015
internal_value=6.36985e-08 0.000219816 -0.000234023 0.00034848 0.000217772 -1.0356e-06 -0.00052065 -3.93179e-06 -0.000340092 3.7505e-06 0.0007243 -0.000575036 -0.000897141 -0.000244491
internal_weight=35959 21848 4824 17024 14240 11339 6608 4406 14111 5732 4731 8379 4235 4144
internal_count=35959 21848 4824 17024 14240 11339 6608 4406 14111 5732 4731 8379 4235 4144
is_linear=0
shrinkage=0.05


Tree=26
num_leaves=13
num_cat=0
split_feature=0 2 1 1 1 1 1 1 1 1 1 0
split_gain=0.971267 0.522973 0.609991 2.29624 0.862095 0.521661 0.8866 0.894112 0.462032 0.212053 0.727598 0.431217
threshold=2.2565510272979741 1.0000000180025095e-35 9.0399641990661639 15.770039081573488 27.029055595397953 9.7457880973815936 17.748370170593265 25.086171150207523 27.863700866699222 12.217059135437013 5.6839787960052499 1.6672472357749941
decision_type=2 2 2 2 2 2 2 2 2 2 2 2
left_child=8 2 -2 -4 -5 -3 -7 -8 9 10 -1 -11
right_child=1 5 3 4 -6 6 7 -9 -10 11 -12 -13
leaf_value=0.00023782438817988202 -0.00019696109604076153 0.00051077691905913381 0.0021108172440371699 -0.00035468638027992311 0.00083317663599636422 -0.0010431803577346059 0.00088674917379210564 -0.00042343450022377124 -0.00085610844727324216 0.0003722588169527705 -0.00099454426244332205 -0.00047644183195954859
leaf_weight=2244 2704 3116 2055 3365 2781 2434 2171 3222 3148 3642 2551 2526
leaf_count=2244 2704 3116 2055 3365 2781 2434 2171 3222 3148 3642 2551 2526
internal_value=5.28428e-08 0.000208859 0.000453744 0.00066827 0.000183289 -3.53679e-05 -0.000253167 0.000104657 -0.000323159 -0.000169483 -0.000418516 2.44792e-05
internal_weight=35959 21848 10905 8201 6146 10943 7827 5393 14111 10963 4795 6168
internal_count=35959 21848 10905 8201 6146 10943 7827 5393 14111 10963 4795 6168
is_linear=0
shrinkage=0.05


Tree=27
num_leaves=13
num_cat=0
split_feature=0 1 2 2 2 1 1 1 0 1 1 2
split_gain=0.879484 0.675277 3.49874 2.77236 1.71779 1.37919 0.887024 0.479073 0.62323 0.30654 0.768081 0.132708
threshold=3.4418236017227177 20.131559371948246 1.5000000000000002 1.5000000000000002 1.0000000180025095e-35 8.5199499130249041 9.8924860954284686 24.799570083618168 2.0476689338684086 11.231722831726076 23.454006195068363 1.0000000180025095e-35
decision_type=2 2 2 2 2 2 2 2 2 2 2 2
left_child=1 3 7 4 5 -1 -6 -3 -9 -2 -11 -12
right_child=9 2 -4 -5 6 -7 -8 8 -10 10 11 -13
leaf_value=-0.00065217224535948481 0.00073467827459308699 -0.00061898938939510461 -0.0023388651011653906 0.0014179616346476232 -0.00037271651361259808 0.00078802637769316618 -0.001838453918749828 0.00072590780400373948 -0.0002971886402305798 -0.00031129319497490311 0.00094561735707712367 0.00037524863197317785
leaf_weight=2873 3650 2398 2020 2934 2052 3917 2080 2981 2955 3986 2053 2060
leaf_count=2873 3650 2398 2020 2934 2052 3917 2080 2981 2955 3986 2053 2060
internal_value=5.85889e-08 -0.000172191 -0.00047746 5.61038e-05 -0.000310697 0.000178583 -0.00111321 -2.40293e-05 0.000216957 0.00035484 0.000182963 0.000661551
internal_weight=35959 24210 10354 13856 10922 6790 4132 8334 5936 11749 8099 4113
internal_count=35959 24210 10354 13856 10922 6790 4132 8334 5936 11749 8099 4113
is_linear=0
shrinkage=0.05


Tree=28
num_leaves=13
num_cat=0
split_feature=1 1 1 0 0 2 0 1 0 1 1 1
split_gain=0.873774 2.00121 1.53586 1.28626 1.21741 1.09114 1.99556 1.65089 1.1561 1.06055 0.560786 0.413598
threshold=28.021887779235843 31.147220611572269 25.549051284790043 2.8447800874710087 2.1276745796203618 1.5000000000000002 3.7210886478424077 9.0399641990661639 3.0486352443695073 19.488263130187992 9.0399641990661639 12.048927783966066
decision_type=2 2 2 2 2 2 2 2 2 2 2 2
left_child=2 -2 4 -3 9 6 8 -8 11 10 -1 -6
right_child=1 3 -4 -5 5 -7 7 -9 -10 -11 -12 -13
leaf_value=-0.00063701191578780392 -0.0014942845310236871 -0.00063942318634322435 0.0013394127102436205 0.0009667539017568608 0.00049551743031542685 0.0010770710900848504 -0.00034576634932849989 0.0014446114080295626 -0.0012639296661665596 -0.0014350389941162724 0.00025636652306771941 -0.0004288779371305158
leaf_weight=3225 2944 2531 2394 2437 2306 3357 2025 3510 2793 2078 3835 2524
leaf_count=3225 2944 2531 2394 2437 2306 3357 2025 3510 2793 2078 3835 2524
internal_value=3.56213e-08 -0.000463676 0.000130966 0.000148829 1.77133e-05 0.000273885 6.83053e-05 0.000790153 -0.000456171 -0.000445055 -0.000152052 1.25706e-05
internal_weight=35959 7912 28047 4968 25653 16515 13158 5535 7623 9138 7060 4830
internal_count=35959 7912 28047 4968 25653 16515 13158 5535 7623 9138 7060 4830
is_linear=0
shrinkage=0.05


Tree=29
num_leaves=14
num_cat=0
split_feature=1 1 1 2 1 2 0 2 0 0 1 1 1
split_gain=0.788812 1.80675 1.38677 1.2541 1.10113 1.5057 2.32308 1.4526 1.13479 1.12435 0.924526 1.62518 0.361457
threshold=28.021887779235843 31.147220611572269 25.549051284790043 1.0000000180025095e-35 20.131559371948246 1.5000000000000002 4.2037532329559335 1.0000000180025095e-35 2.3701189756393437 2.6702957153320317 9.0399641990661639 13.971977710723879 9.8924860954284686
decision_type=2 2 2 2 2 2 2 2 2 2 2 2 2
left_child=2 -2 4 -3 5 6 7 10 -6 -7 -1 -12 -9
right_child=1 3 -4 -5 8 9 -8 12 -10 -11 11 -13 -14
leaf_value=-0.00052932598539563757 -0.001419823249427427 0.00091668474560263201 0.0012727206531940323 -0.0006693876218825985 -0.0015098809398921805 0.0017946563156951466 0.0011494185190819622 -0.00058410251751383742 -1.439315263217467e-05 0.00017691100099915039 0.0016016080176362746 -0.00030960207844492766 -0.0014563878307556164
leaf_weight=3591 2944 2539 2394 2429 2146 2215 3267 2348 3082 2081 2003 2480 2440
leaf_count=3591 2944 2539 2394 2429 2146 2215 3267 2348 3082 2081 2003 2480 2440
internal_value=2.4613e-08 -0.000440566 0.000124427 0.000141421 1.68114e-05 0.00018259 -3.91471e-05 -0.000341706 -0.000629975 0.00101324 6.76676e-05 0.000545989 -0.00103073
internal_weight=35959 7912 28047 4968 25653 20425 16129 12862 5228 4296 8074 4483 4788
internal_count=35959 7912 28047 4968 25653 20425 16129 12862 5228 4296 8074 4483 4788
is_linear=0
shrinkage=0.05


Tree=30
num_leaves=14
num_cat=0
split_feature=1 0 2 0 0 0 1 1 0 0 0 1 1
split_gain=0.781159 0.839669 0.868888 2.76393 1.12776 0.614264 1.12802 0.55859 0.510168 0.920139 1.51746 0.202412 0.127167
threshold=32.301969528198249 3.6778954267501835 1.5000000000000002 1.9341526627540591 3.2750055789947514 5.7254586219787607 11.231722831726076 22.459565162658695 2.7657041549682622 2.0476689338684086 1.5388837456703188 15.001747131347658 18.900667190551761
decision_type=2 2 2 2 2 2 2 2 2 2 2 2 2
left_child=1 2 4 -4 8 6 -3 -8 9 10 12 -11 -1
right_child=-2 5 3 -5 -6 -7 7 -9 -10 11 -12 -13 -14
leaf_value=-0.00066645286462177857 -0.00067172993204439894 0.001616865223860094 -0.00082472438599058898 0.0016174118444990723 -0.0013344829223514338 -0.00020932983837830251 -0.00027919267808388602 0.00085345930155923558 0.00050293250535790308 -0.00042119517551034977 0.00089471494327799457 -0.0010741174679615255 -0.00016283673805740661
leaf_weight=3014 3853 2336 2082 2589 2055 2326 2298 2052 2925 2203 3454 2617 2155
leaf_count=3014 3853 2336 2082 2589 2055 2326 2298 2052 2925 2203 3454 2617 2155
internal_value=2.92099e-08 8.08302e-05 -7.89337e-05 0.000529445 -0.000233387 0.000489872 0.000733068 0.000255839 -9.44137e-05 -0.000224665 8.47211e-05 -0.000777187 -0.000457211
internal_weight=35959 32106 23094 4671 18423 9012 6686 4350 16368 13443 8623 4820 5169
internal_count=35959 32106 23094 4671 18423 9012 6686 4350 16368 13443 8623 4820 5169
is_linear=0
shrinkage=0.05


Tree=31
num_leaves=14
num_cat=0
split_feature=1 1 1 0 0 0 1 1 1 1 2 1 1
split_gain=0.705183 0.784341 1.58591 1.09513 1.3722 1.64161 1.28373 1.07229 1.27334 0.815415 1.06561 0.692808 1.13943
threshold=32.301969528198249 2.363445639610291 4.4012467861175546 2.7336801290512089 2.4125087261199956 2.1276745796203618 25.247751235961918 26.775197029113773 20.810085296630863 9.0399641990661639 1.0000000180025095e-35 19.208234786987308 12.217059135437013
decision_type=2 2 2 2 2 2 2 2 2 2 2 2 2
left_child=1 -1 -3 4 5 6 11 8 9 -5 -11 12 -4
right_child=-2 2 3 7 -6 -7 -8 -9 -10 10 -12 -13 -14
leaf_value=-0.00078459581141740323 -0.00063823033477939035 0.0015001155287407727 -0.0010466628179301221 -0.00030746676054689917 -0.0013653106563864255 0.0012098608406238777 0.00067439767574011033 0.0013083939956031864 -0.00075712489994492747 0.0014650133097288468 9.189590359059975e-05 -0.0014118657201952955 0.00040550985738918252
leaf_weight=2432 3853 2010 2754 2317 2315 2152 2476 2495 2794 2930 2723 2074 2634
leaf_count=2432 3853 2010 2754 2317 2315 2152 2476 2495 2794 2930 2723 2074 2634
internal_value=2.55551e-08 7.67967e-05 0.000147635 4.886e-05 -0.000252876 -3.89144e-05 -0.000310272 0.00037662 0.000159628 0.000481556 0.000804925 -0.000637465 -0.000337312
internal_weight=35959 32106 29674 27664 14405 12090 9938 13259 10764 7970 5653 7462 5388
internal_count=35959 32106 29674 27664 14405 12090 9938 13259 10764 7970 5653 7462 5388
is_linear=0
shrinkage=0.05


Tree=32
num_leaves=13
num_cat=0
split_feature=1 1 1 0 0 0 0 1 0 1 1 1
split_gain=0.685071 1.8208 1.1977 1.14392 0.906261 0.967958 1.43811 0.778182 0.750208 1.1546 0.729292 0.465345
threshold=28.021887779235843 31.147220611572269 25.549051284790043 2.4567490816116337 2.1276745796203618 2.8952434062957768 3.4840801954269414 19.488263130187992 5.236952781677247 14.390244483947756 14.251132011413576 9.0399641990661639
decision_type=2 2 2 2 2 2 2 2 2 2 2 2
left_child=2 -2 4 -3 7 10 -7 11 9 -8 -6 -1
right_child=1 3 -4 -5 5 6 8 -9 -10 -11 -12 -13
leaf_value=-0.00057410957721062831 -0.0013936366743256998 -0.00070207225151619869 0.0011831113823351316 0.00082832164033860107 0.0013233330043287005 -0.00091446465116992552 0.0013178678977002626 -0.0012313402666177529 -0.00034783954485316981 -0.00014542113581646315 0.0001222712479122333 0.00023969711132607171
leaf_weight=3225 2944 2125 2394 2843 2921 3216 3033 2078 2702 2417 2226 3835
leaf_count=3225 2944 2125 2394 2843 2921 3216 3033 2078 2702 2417 2226 3835
internal_value=2.90666e-08 -0.000410569 0.000115963 0.000173619 1.59518e-05 0.000236975 -2.07478e-05 -0.000383324 0.000332516 0.000669842 0.000805136 -0.000132335
internal_weight=35959 7912 28047 4968 25653 16515 11368 9138 8152 5450 5147 7060
internal_count=35959 7912 28047 4968 25653 16515 11368 9138 8152 5450 5147 7060
is_linear=0
shrinkage=0.05


Tree=33
num_leaves=14
num_cat=0
split_feature=1 1 1 0 0 0 1 1 1 1 2 1 1
split_gain=0.655892 0.726098 1.41298 0.975974 1.30299 1.39479 1.16527 0.998714 1.13189 0.766571 0.959725 0.557244 0.992796
threshold=32.301969528198249 2.363445639610291 4.4012467861175546 2.7336801290512089 2.4125087261199956 2.1276745796203618 25.247751235961918 26.775197029113773 20.810085296630863 9.0399641990661639 1.0000000180025095e-35 19.208234786987308 12.217059135437013
decision_type=2 2 2 2 2 2 2 2 2 2 2 2 2
left_child=1 -1 -3 4 5 6 11 8 9 -5 -11 12 -4
right_child=-2 2 3 7 -6 -7 -8 -9 -10 10 -12 -13 -14
leaf_value=-0.00075473060148034297 -0.00061552184477457793 0.0014188365506395551 -0.00098215527752851619 -0.00031247062440480327 -0.0013198819561419891 0.0011236902595275708 0.00066059439835198424 0.0012576353429933022 -0.00071534267215983549 0.0013924905755006226 8.9366314474795188e-05 -0.0012837984067274036 0.00037337145384315734
leaf_weight=2432 3853 2010 2754 2317 2315 2152 2476 2495 2794 2930 2723 2074 2634
leaf_count=2432 3853 2010 2754 2317 2315 2152 2476 2495 2794 2930 2723 2074 2634
internal_value=2.35011e-08 7.4063e-05 0.00014222 4.89849e-05 -0.000235865 -2.73771e-05 -0.000277511 0.000358399 0.00014899 0.000452511 0.000766053 -0.000589256 -0.000320023
internal_weight=35959 32106 29674 27664 14405 12090 9938 13259 10764 7970 5653 7462 5388
internal_count=35959 32106 29674 27664 14405 12090 9938 13259 10764 7970 5653 7462 5388
is_linear=0
shrinkage=0.05


Tree=34
num_leaves=13
num_cat=0
split_feature=1 1 2 1 0 0 0 1 0 1 1 0
split_gain=0.636154 1.76301 1.12885 1.03792 0.742179 0.897368 1.29867 0.689202 0.679729 1.03373 0.648724 0.641574
threshold=28.021887779235843 31.147220611572269 1.0000000180025095e-35 25.549051284790043 2.1276745796203618 2.8952434062957768 3.4840801954269414 14.390244483947756 5.236952781677247 14.390244483947756 14.251132011413576 1.5098375082015993
decision_type=2 2 2 2 2 2 2 2 2 2 2 2
left_child=3 -2 -3 4 7 10 -7 11 9 -8 -6 -1
right_child=1 2 -4 -5 5 6 8 -9 -10 -11 -12 -13
leaf_value=-0.00046409004900493152 -0.0013629840602937446 0.00091464532129485613 -0.00059017483582689614 0.0011051675282145088 0.0012544472403617692 -0.00087875902197630013 0.0012404949890518775 -0.00083832859503475796 -0.00034135758939762254 -0.00014406364433132388 0.00012163581067981993 0.00065275664934593075
leaf_weight=2855 2944 2539 2429 2394 2921 3216 3033 3960 2702 2417 2226 2323
leaf_count=2855 2944 2539 2429 2394 2921 3216 3033 3960 2702 2417 2226 2323
internal_value=2.69401e-08 -0.00039564 0.000179187 0.000111745 1.86419e-05 0.000218657 -2.94827e-05 -0.000342687 0.000306227 0.000627323 0.000765709 3.7252e-05
internal_weight=35959 7912 4968 28047 25653 16515 11368 9138 8152 5450 5147 5178
internal_count=35959 7912 4968 28047 25653 16515 11368 9138 8152 5450 5147 5178
is_linear=0
shrinkage=0.05


Tree=35
num_leaves=14
num_cat=0
split_feature=1 1 1 1 1 1 1 1 1 1 2 0 0
split_gain=0.609645 0.689305 1.23517 0.874449 2.18877 0.671637 1.07632 1.05706 0.457566 1.60499 1.2832 0.900269 0.305614
threshold=32.301969528198249 2.363445639610291 4.4012467861175546 9.0399641990661639 11.231722831726076 30.07149696350098 27.863700866699222 25.549051284790043 20.131559371948246 17.748370170593265 1.0000000180025095e-35 2.3701189756393437 3.0069479942321782
decision_type=2 2 2 2 2 2 2 2 2 2 2 2 2
left_child=1 -1 -3 12 -5 6 7 8 9 10 -6 -10 -4
right_child=-2 2 3 4 5 -7 -8 -9 11 -11 -12 -13 -14
leaf_value=-0.00073610499852744694 -0.00059341276294132511 0.0013314142190918772 -0.00091101624131636669 0.0016998799402039078 0.00041122815931115381 0.0008683839704376182 -0.0011362118108922076 0.001065735290943553 -0.00125293345006045 0.0012638723903441089 -0.00095667725214071278 7.8810998132989983e-05 -9.805630725348612e-05
leaf_weight=2432 3853 2010 2727 2133 3456 2095 2104 2254 2146 2277 3384 3082 2006
leaf_count=2432 3853 2010 2727 2133 3456 2095 2104 2254 2146 2277 3384 3082 2006
internal_value=3.48966e-08 7.14164e-05 0.000137824 5.06512e-05 0.000178408 2.16268e-05 -7.36353e-05 6.16542e-05 -9.67475e-05 0.000117106 -0.000265934 -0.000469195 -0.00056739
internal_weight=35959 32106 29674 27664 22931 20798 18703 16599 14345 9117 6840 5228 4733
internal_count=35959 32106 29674 27664 22931 20798 18703 16599 14345 9117 6840 5228 4733
is_linear=0
shrinkage=0.05


Tree=36
num_leaves=14
num_cat=0
split_feature=1 1 1 0 0 0 1 1 1 1 0 1 1
split_gain=0.550383 0.622383 1.11531 0.825163 1.2619 1.17246 0.995508 0.95072 1.01052 0.680132 0.837132 0.430064 0.951578
threshold=32.301969528198249 2.363445639610291 4.4012467861175546 2.7336801290512089 2.4125087261199956 2.1276745796203618 25.247751235961918 26.775197029113773 20.810085296630863 9.0399641990661639 4.390364646911622 19.009214401245121 12.217059135437013
decision_type=2 2 2 2 2 2 2 2 2 2 2 2 2
left_child=1 -1 -3 4 5 6 11 8 9 -5 -11 12 -4
right_child=-2 2 3 7 -6 -7 -8 -9 -10 10 -12 -13 -14
leaf_value=-0.00069945041899369576 -0.00056381899828766748 0.0012651730565591095 -0.00092903644459556029 -0.00030538724062604064 -0.001280566140265775 0.0010467109725905142 0.0006290758563824929 0.0012099967723634018 -0.00068831851135919961 0.00023292787579549183 0.0014856247869850614 -0.0011239451143798616 0.00040612347528587683
leaf_weight=2432 3853 2010 2754 2317 2315 2152 2476 2495 2794 3506 2147 2136 2572
leaf_count=2432 3853 2010 2754 2317 2315 2152 2476 2495 2794 3506 2147 2136 2572
internal_value=4.75389e-08 6.78709e-05 0.000130973 4.81373e-05 -0.000213783 -8.62483e-06 -0.000237972 0.000332642 0.000128345 0.000415142 0.000710483 -0.000526128 -0.000284716
internal_weight=35959 32106 29674 27664 14405 12090 9938 13259 10764 7970 5653 7462 5326
internal_count=35959 32106 29674 27664 14405 12090 9938 13259 10764 7970 5653 7462 5326
is_linear=0
shrinkage=0.05


Tree=37
num_leaves=13
num_cat=0
split_feature=1 1 0 1 0 0 0 1 0 1 1 0
split_gain=0.540774 1.67887 1.02605 0.81898 0.572242 0.913784 1.13917 0.667978 0.638628 0.9247 0.487552 0.315834
threshold=28.021887779235843 31.147220611572269 2.4567490816116337 25.549051284790043 2.1567411422729497 2.8952434062957768 3.4840801954269414 19.831026077270511 5.236952781677247 14.390244483947756 14.251132011413576 1.5098375082015993
decision_type=2 2 2 2 2 2 2 2 2 2 2 2
left_child=3 -2 -3 4 7 10 -7 11 9 -8 -6 -1
right_child=1 2 -4 -5 5 6 8 -9 -10 -11 -12 -13
leaf_value=-0.00037506854108752694 -0.0013087355946894263 -0.00063327502558901808 0.00081616636223948158 0.00098550387981311233 0.0011984473817141566 -0.00084268917209724681 0.0011583429256218994 -0.0010935414405079001 -0.00036048539376220629 -0.00015111557328140356 0.00019330123006265534 0.00028154470730511915
leaf_weight=3916 2944 2125 2843 2394 2807 3216 3033 2021 2702 2417 2118 3423
leaf_count=3916 2944 2125 2843 2394 2807 3216 3033 2021 2702 2417 2118 3423
internal_value=5.47059e-08 -0.000364747 0.000196159 0.000103058 2.03539e-05 0.000199307 -4.72905e-05 -0.000291031 0.000267146 0.000578403 0.000767451 -6.88497e-05
internal_weight=35959 7912 4968 28047 25653 16293 11368 9360 8152 5450 4925 7339
internal_count=35959 7912 4968 28047 25653 16293 11368 9360 8152 5450 4925 7339
is_linear=0
shrinkage=0.05


Tree=38
num_leaves=14
num_cat=0
split_feature=1 1 1 1 1 1 1 1 1 1 1 0 1
split_gain=0.515996 0.587727 0.980573 0.963796 1.93515 0.585114 0.938624 0.825669 0.396332 1.55203 1.29095 0.760436 0.149462
threshold=32.301969528198249 2.363445639610291 4.8357656002044687 9.0399641990661639 11.231722831726076 30.07149696350098 27.863700866699222 25.549051284790043 14.390244483947756 16.790926933288578 20.131559371948246 2.3701189756393437 6.8785724639892587
decision_type=2 2 2 2 2 2 2 2 2 2 2 2 2
left_child=1 -1 -3 12 -5 6 7 8 -6 -10 -11 -12 -4
right_child=-2 2 3 4 5 -7 -8 -9 9 10 11 -13 -14
leaf_value=-0.0006799314328849688 -0.00054591772039891515 0.0010830421683825015 -0.00035042247068057001 0.0016000328870069106 0.00040145585224579336 0.00081233906471574213 -0.001059195061673046 0.00094682874865618092 -0.0012987897475300061 0.00087950535178814076 -0.0011055525477367963 0.00011828334258439836 -0.00094238017885880021
leaf_weight=2432 3853 2450 2160 2133 3279 2095 2104 2254 2566 3272 2146 3082 2133
leaf_count=2432 3853 2450 2160 2133 3279 2095 2104 2254 2566 3272 2146 3082 2133
internal_value=5.0125e-08 6.57206e-05 0.000127041 4.06401e-05 0.000169423 2.2004e-05 -6.69115e-05 5.9427e-05 -8.0571e-05 -0.000223635 0.00010208 -0.000385231 -0.000646046
internal_weight=35959 32106 29674 27224 22931 20798 18703 16599 14345 11066 8500 5228 4293
internal_count=35959 32106 29674 27224 22931 20798 18703 16599 14345 11066 8500 5228 4293
is_linear=0
shrinkage=0.05


Tree=39
num_leaves=14
num_cat=0
split_feature=1 1 1 0 0 0 1 1 1 0 0 0 2
split_gain=0.46581 0.530642 0.892356 0.70962 1.21919 0.986071 0.888936 0.910706 0.876784 0.67041 0.386861 1.10635 0.322087
threshold=32.301969528198249 2.363445639610291 4.4012467861175546 2.7336801290512089 2.4125087261199956 2.1276745796203618 26.775197029113773 20.810085296630863 25.247751235961918 3.2911728620529179 1.6036770939826968 1.1269598007202151 1.0000000180025095e-35
decision_type=2 2 2 2 2 2 2 2 2 2 2 2 2
left_child=1 -1 -3 4 5 8 7 9 10 -5 11 -4 -11
right_child=-2 2 3 6 -6 -7 -8 -9 -10 12 -12 -13 -14
leaf_value=-0.00064607412683258887 -0.00051869239887847383 0.0011352298583837959 -0.00098172024939828821 0.0011674879015216792 -0.0012448560665518056 0.00097317302698430967 0.0011588079774127891 -0.00066236009704506759 0.00060869582364534824 0.00047901937093873683 -0.00093250242701835902 0.00056408447099131828 -0.00025617379992215391
leaf_weight=2432 3853 2010 2254 2029 2315 2152 2495 2794 2476 3010 2849 2359 2931
leaf_count=2432 3853 2010 2254 2029 2315 2152 2495 2794 2476 3010 2849 2359 2931
internal_value=4.56669e-08 6.24409e-05 0.000120707 4.66105e-05 -0.000196281 5.36322e-06 0.000310445 0.000112909 -0.000204976 0.00038518 -0.000475418 -0.000191715 0.00011649
internal_weight=35959 32106 29674 27664 14405 12090 13259 10764 9938 7970 7462 4613 5941
internal_count=35959 32106 29674 27664 14405 12090 13259 10764 9938 7970 7462 4613 5941
is_linear=0
shrinkage=0.05


Tree=40
num_leaves=14
num_cat=0
split_feature=1 1 2 1 0 0 0 0 1 1 0 0 1
split_gain=0.461673 1.59522 1.01065 0.644517 0.450596 0.842422 1.07466 0.57344 0.800862 0.550495 0.836341 0.593484 0.411601
threshold=28.021887779235843 31.147220611572269 1.0000000180025095e-35 25.549051284790043 2.1567411422729497 2.8952434062957768 3.4840801954269414 5.236952781677247 14.390244483947756 14.390244483947756 1.4621665477752688 1.5098375082015993 14.251132011413576
decision_type=2 2 2 2 2 2 2 2 2 2 2 2 2
left_child=3 -2 -3 4 9 12 -7 8 -8 11 -11 -1 -6
right_child=1 2 -4 -5 5 6 7 -9 -10 10 -12 -13 -14
leaf_value=-0.00040702227776122395 -0.0012571894671324615 0.00090554013672916774 -0.00051836424481792667 0.00087806032044557975 0.001122183870331341 -0.00082865284527091189 0.0010839587776017565 -0.0003454249133790434 -0.00013468623172984583 3.5783018908377372e-05 -0.0013966427410935425 0.00065305712477977567 0.00019850781223473086
leaf_weight=2855 2944 2539 2429 2394 2807 3216 3033 2702 2417 2007 2059 2439 2118
leaf_count=2855 2944 2539 2429 2394 2807 3216 3033 2702 2417 2007 2059 2439 2118
internal_value=5.51183e-08 -0.000337012 0.000209709 9.52272e-05 2.18576e-05 0.000180653 -5.61103e-05 0.000249303 0.00054425 -0.000254457 -0.000691236 8.16776e-05 0.000726163
internal_weight=35959 7912 4968 28047 25653 16293 11368 8152 5450 9360 4066 5294 4925
internal_count=35959 7912 4968 28047 25653 16293 11368 8152 5450 9360 4066 5294 4925
is_linear=0
shrinkage=0.05


Tree=41
num_leaves=15
num_cat=0
split_feature=1 1 1 1 1 2 1 0 0 1 1 1 1 0
split_gain=0.437977 0.505016 0.776817 0.748509 1.68866 0.526108 0.79363 1.49872 1.84343 0.697532 0.931909 1.06652 0.588203 0.255129
threshold=32.301969528198249 2.363445639610291 4.4012467861175546 9.0399641990661639 11.231722831726076 1.5000000000000002 23.683607101440433 3.3269541263580327 2.0476689338684086 21.086829185485843 18.049483299255375 14.390244483947756 20.606887817382816 3.0069479942321782
decision_type=2 2 2 2 2 2 2 2 2 2 2 2 2 2
left_child=1 -1 -3 13 -5 6 9 8 -8 10 11 -6 -7 -4
right_child=-2 2 3 4 5 12 7 -9 -10 -11 -12 -13 -14 -15
leaf_value=-0.00063064066988587075 -0.00050294938390496103 0.0010639662805545297 -0.00083751136588856672 0.0015028541165415185 0.00048849834266668113 0.00014500637948112818 0.001026003298054515 0.0016331690535588287 -0.0010102152394133269 -0.00094513909252223662 0.00092364493152489687 -0.0009016920915143001 -0.0010354415849922755 -9.4697118344702139e-05
leaf_weight=2432 3853 2010 2727 2133 2534 2024 2297 2225 2135 2057 2330 3006 2190 2006
leaf_count=2432 3853 2010 2727 2133 2534 2024 2297 2225 2135 2057 2330 3006 2190 2006
internal_value=5.22002e-08 6.05546e-05 0.000117396 4.82613e-05 0.00016646 2.87459e-05 0.000155549 0.000577503 4.50423e-05 -0.000127708 8.68738e-05 -0.000266084 -0.000469467 -0.000523546
internal_weight=35959 32106 29674 27664 22931 20798 16584 6657 4432 9927 7870 5540 4214 4733
internal_count=35959 32106 29674 27664 22931 20798 16584 6657 4432 9927 7870 5540 4214 4733
is_linear=0
shrinkage=0.05


Tree=42
num_leaves=13
num_cat=0
split_feature=1 1 0 1 1 1 1 1 1 1 1 0
split_gain=0.405488 1.50112 0.919604 0.566875 0.414516 0.791124 0.876862 1.63511 0.294617 1.34659 1.07641 0.693126
threshold=28.021887779235843 31.147220611572269 2.4567490816116337 25.549051284790043 2.363445639610291 5.0514471530914316 9.0399641990661639 11.231722831726076 16.790926933288578 14.390244483947756 20.131559371948246 2.3701189756393437
decision_type=2 2 2 2 2 2 2 2 2 2 2 2
left_child=3 -2 -3 4 -1 -6 -7 -8 9 -9 -10 -12
right_child=1 2 -4 -5 5 6 7 8 10 -11 11 -13
leaf_value=-0.00059923777646874116 -0.0012084618983202317 -0.00057080726513141324 0.00080142388117804535 0.00082342217844723657 0.00088104075893703521 -0.00068474790189787765 0.0014280620235641197 0.00034559439060937618 0.00084511704080702122 -0.0011812186232689906 -0.00099751366221918726 0.00017077150028173732
leaf_weight=2432 2944 2125 2843 2394 2745 3998 2133 3279 3272 2566 2146 3082
leaf_count=2432 2944 2125 2843 2394 2745 3998 2133 3279 3272 2566 2146 3082
internal_value=6.10577e-08 -0.00031583 0.000214502 8.92542e-05 2.04457e-05 8.55768e-05 -2.14406e-05 0.000139813 -5.26018e-05 -0.000325561 0.00013526 -0.000309777
internal_weight=35959 7912 4968 28047 25653 23221 20476 16478 14345 5845 8500 5228
internal_count=35959 7912 4968 28047 25653 23221 20476 16478 14345 5845 8500 5228
is_linear=0
shrinkage=0.05


Tree=43
num_leaves=14
num_cat=0
split_feature=1 1 1 1 0 0 0 2 2 1 0 0 1
split_gain=0.413986 0.453118 0.836053 0.491055 0.381631 0.791263 0.990539 0.928953 0.572868 0.47524 0.501275 0.814529 0.339081
threshold=32.301969528198249 30.07149696350098 27.863700866699222 25.549051284790043 2.1567411422729497 2.8952434062957768 3.6989724636077885 1.0000000180025095e-35 1.0000000180025095e-35 5.6839787960052499 1.6036770939826968 1.1269598007202151 14.251132011413576
decision_type=2 2 2 2 2 2 2 2 2 2 2 2 2
left_child=1 2 3 4 9 12 8 -8 -7 -1 11 -11 -6
right_child=-2 -3 -4 -5 5 6 7 -9 -10 10 -12 -13 -14
leaf_value=0.00043043030032941784 -0.00048897237507124723 0.00076801613897259813 -0.00094956740541164448 0.00078761448974097787 0.0010537287427406915 -0.0012555553286975759 0.00087068618408845289 -0.00027241594346862384 -9.8648227889478414e-05 -0.00078116747282809572 -0.0009324150208672795 0.0005811328272417336 0.00021512959467685493
leaf_weight=2079 3853 2095 2104 2254 2807 2084 3539 3553 2192 2140 2910 2231 2118
leaf_count=2079 3853 2095 2104 2254 2807 2084 3539 3553 2192 2140 2910 2231 2118
internal_value=5.8764e-08 5.88807e-05 9.13827e-06 8.17325e-05 1.94274e-05 0.000165567 -6.38872e-05 0.00029843 -0.000664106 -0.000234864 -0.00042516 -8.60971e-05 0.000694255
internal_weight=35959 32106 30011 27907 25653 16293 11368 7092 4276 9360 7281 4371 4925
internal_count=35959 32106 30011 27907 25653 16293 11368 7092 4276 9360 7281 4371 4925
is_linear=0
shrinkage=0.05


Tree=44
num_leaves=15
num_cat=0
split_feature=1 1 1 1 1 2 1 0 0 1 1 1 0 1
split_gain=0.373722 0.435119 0.618333 0.784818 1.35664 0.47646 0.720118 1.31043 1.69274 0.603821 0.801958 0.893306 0.593945 0.126047
threshold=32.301969528198249 2.363445639610291 4.8357656002044687 9.0399641990661639 11.231722831726076 1.5000000000000002 23.683607101440433 3.3269541263580327 2.0476689338684086 21.086829185485843 18.049483299255375 14.390244483947756 2.5892046689987187 6.8785724639892587
decision_type=2 2 2 2 2 2 2 2 2 2 2 2 2 2
left_child=1 -1 -3 13 -5 6 9 8 -8 10 11 -6 -7 -4
right_child=-2 2 3 4 5 12 7 -9 -10 -11 -12 -13 -14 -15
leaf_value=-0.00058563862811693344 -0.00046458713674152427 0.00086786029291699126 -0.00030818376007047538 0.0013541365141870761 0.00044652101103868821 0.00017084837611682407 0.00099752238528829436 0.0015425989068168222 -0.00095370114196307904 -0.00087683392006947475 0.00085959041524592274 -0.0008257838772216437 -0.0010148831710655168 -0.0008516620142347052
leaf_weight=2432 3853 2450 2160 2133 2534 2042 2297 2225 2135 2057 2330 3006 2172 2133
leaf_count=2432 3853 2450 2160 2133 2534 2042 2297 2225 2135 2057 2330 3006 2172 2133
internal_value=5.48097e-08 5.59432e-05 0.000108705 4.0092e-05 0.000156302 3.28634e-05 0.000153532 0.000555468 5.75406e-05 -0.000116292 8.33537e-05 -0.000244075 -0.000441263 -0.000579566
internal_weight=35959 32106 29674 27224 22931 20798 16584 6657 4432 9927 7870 5540 4214 4293
internal_count=35959 32106 29674 27224 22931 20798 16584 6657 4432 9927 7870 5540 4214 4293
is_linear=0
shrinkage=0.05


Tree=45
num_leaves=13
num_cat=0
split_feature=1 1 1 1 1 1 1 1 1 1 2 2
split_gain=0.337384 0.392866 0.564359 0.815825 1.22497 0.432511 0.734522 0.486152 0.726183 1.20375 1.13746 0.430404
threshold=32.301969528198249 2.363445639610291 5.0514471530914316 9.0399641990661639 11.231722831726076 30.07149696350098 27.863700866699222 22.897038459777836 20.131559371948246 17.748370170593265 1.0000000180025095e-35 1.0000000180025095e-35
decision_type=2 2 2 2 2 2 2 2 2 2 2 2
left_child=1 -1 -3 -4 -5 6 7 8 9 10 -6 -9
right_child=-2 2 3 4 5 -7 -8 11 -10 -11 -12 -13
leaf_value=-0.00055647662611993159 -0.00044141780146658602 0.00078490633879109591 -0.00062463825542119716 0.001286745710626927 0.00040507234567733 0.00071072513732481661 -0.00092302175830297607 0.00094128181237243796 -0.00085397239221765846 0.0010924117856067285 -0.00088279506341062118 8.0951523036973888e-06
leaf_weight=2432 3853 2745 3998 2133 3456 2095 2104 2501 2548 2277 3384 2433
leaf_count=2432 3853 2745 3998 2133 3456 2095 2104 2501 2548 2277 3384 2433
internal_value=5.70544e-08 5.31588e-05 0.000103294 3.35479e-05 0.000148524 3.12285e-05 -4.52239e-05 6.65298e-05 -0.000109494 9.92791e-05 -0.000232442 0.000482066
internal_weight=35959 32106 29674 26929 22931 20798 18703 16599 11665 9117 6840 4934
internal_count=35959 32106 29674 26929 22931 20798 18703 16599 11665 9117 6840 4934
is_linear=0
shrinkage=0.05


Tree=46
num_leaves=13
num_cat=0
split_feature=0 0 1 2 1 1 1 2 1 1 1 1
split_gain=0.322656 0.771754 0.49093 0.588515 3.42897 1.42923 1.2152 1.30697 2.04049 0.917434 0.730296 0.384666
threshold=4.9353501796722421 6.0247890949249276 32.301969528198249 1.5000000000000002 19.641646385192875 19.641646385192875 15.265819549560549 1.0000000180025095e-35 8.5199499130249041 26.057966232299808 23.032616615295414 29.161855697631839
decision_type=2 2 2 2 2 2 2 2 2 2 2 2
left_child=2 -2 3 5 -5 6 7 8 -1 10 -7 -11
right_child=1 -3 -4 4 -6 9 -8 -9 -10 11 -12 -13
leaf_value=-0.00051461079553160834 0.00097627528112810666 -0.0003307035561799529 -0.00062757344778124598 0.0014012373028759167 -0.001160864645650343 0.00028373628523048309 -0.0012864666845370069 -0.00088043246316987745 0.0012415582675759781 -0.00057888300748705371 0.001572109371821542 0.00037285806481451985
leaf_weight=3732 2519 2034 3356 3575 2045 2289 3114 3987 2955 2214 2117 2022
leaf_count=3732 2519 2034 3356 3575 2045 2289 3114 3987 2955 2214 2117 2022
internal_value=6.73663e-08 0.000392952 -5.6997e-05 1.1468e-05 0.000468536 -0.000103211 -0.00041908 -0.000165064 0.000262139 0.000400647 0.000904934 -0.000124773
internal_weight=35959 4553 31406 28050 5620 22430 13788 10674 6687 8642 4406 4236
internal_count=35959 4553 31406 28050 5620 22430 13788 10674 6687 8642 4406 4236
is_linear=0
shrinkage=0.05


Tree=47
num_leaves=13
num_cat=0
split_feature=0 1 1 2 1 1 1 2 1 1 1 1
split_gain=0.291297 0.75296 0.443212 0.531167 3.09586 1.29037 1.09712 1.1799 1.84216 0.828381 0.659424 0.347332
threshold=4.9353501796722421 15.403133392333986 32.301969528198249 1.5000000000000002 19.641646385192875 19.641646385192875 15.265819549560549 1.0000000180025095e-35 8.5199499130249041 26.057966232299808 23.032616615295414 29.161855697631839
decision_type=2 2 2 2 2 2 2 2 2 2 2 2
left_child=2 -2 3 5 -5 6 7 8 -1 10 -7 -11
right_child=1 -3 -4 4 -6 9 -8 -9 -10 11 -12 -13
leaf_value=-0.00048894903193297094 -0.00034484516256563162 0.00094676498721078025 -0.00059628806010011981 0.0013313708411816802 -0.0011031038705108024 0.00026961117841807649 -0.0012223492765742114 -0.00083652094729734353 0.0011796897129664106 -0.00055006902377430797 0.001493873495697467 0.00035430695996104428
leaf_weight=3732 2023 2530 3356 3575 2045 2289 3114 3987 2955 2214 2117 2022
leaf_count=3732 2023 2530 3356 3575 2045 2289 3114 3987 2955 2214 2117 2022
internal_value=7.05015e-08 0.000373376 -5.415e-05 1.09027e-05 0.000445131 -9.80462e-05 -0.000398178 -0.000156818 0.000249087 0.00038071 0.000859897 -0.000118559
internal_weight=35959 4553 31406 28050 5620 22430 13788 10674 6687 8642 4406 4236
internal_count=35959 4553 31406 28050 5620 22430 13788 10674 6687 8642 4406 4236
is_linear=0
shrinkage=0.05


Tree=48
num_leaves=15
num_cat=0
split_feature=0 2 0 0 0 0 1 2 1 1 0 0 2 1
split_gain=0.277595 0.565709 1.38575 1.46506 0.728533 1.13904 0.631604 0.945564 1.09925 0.767493 0.277835 0.192242 0.159197 0.0508633
threshold=1.5388837456703188 1.0000000180025095e-35 2.0476689338684086 2.4855715036392216 3.2911728620529179 4.1764507293701181 9.8924860954284686 1.5000000000000002 18.503173828125004 23.198760986328129 1.0044955611228945 3.1276804208755498 1.0000000180025095e-35 4.9547131061553964
decision_type=2 2 2 2 2 2 2 2 2 2 2 2 2 2
left_child=10 2 -2 -4 -5 -6 13 8 -8 -9 -1 -10 -12 -3
right_child=1 6 3 4 5 -7 7 9 11 -11 12 -13 -14 -15
leaf_value=9.4003430442312938e-05 0.0013613266004194385 0.00054997880441626104 -0.0011515894308794419 0.00091468157317592868 -0.00076035738247899327 0.00057916967426707982 -0.00092016699842872472 -0.00027843350152825943 0.00085240979549428952 -0.0016354744767962848 -0.00084196493142016718 0.00016604716671990145 -0.0002309310529690282 0.0001957961386383234
leaf_weight=2987 2491 2036 2035 3365 2755 3715 2004 2143 2019 2027 2111 2064 2164 2043
leaf_count=2987 2491 2036 2035 3365 2755 3715 2004 2143 2019 2027 2111 2064 2164 2043
internal_value=7.29909e-08 6.99742e-05 0.000291681 6.62516e-05 0.000319154 8.49057e-06 -0.000152168 -0.000361374 3.61989e-05 -0.000940414 -0.00027587 0.0005067 -0.000533921 0.000373496
internal_weight=35959 28697 14361 11870 9835 6470 14336 10257 6087 4170 7262 4083 4275 4079
internal_count=35959 28697 14361 11870 9835 6470 14336 10257 6087 4170 7262 4083 4275 4079
is_linear=0
shrinkage=0.05


Tree=49
num_leaves=13
num_cat=0
split_feature=1 1 1 1 2 1 1 1 1 1 1 1
split_gain=0.288386 0.616529 0.591049 1.14586 1.11745 1.50477 0.449409 0.812815 1.19926 0.641204 0.698133 0.673688
threshold=2.363445639610291 5.0514471530914316 9.0399641990661639 11.231722831726076 1.5000000000000002 23.563646316528324 31.147220611572269 27.863700866699222 23.683607101440433 21.086829185485843 18.049483299255375 14.390244483947756
decision_type=2 2 2 2 2 2 2 2 2 2 2 2
left_child=-1 -2 -3 -4 6 -6 7 8 9 10 11 -5
right_child=1 2 3 4 5 -7 -8 -9 -10 -11 -12 -13
leaf_value=-0.00052453835664999823 0.00075484605117548159 -0.00059216849117029726 0.0011678235831524904 0.00039637427232104441 0.00014778901157161677 -0.0015815359834804093 0.00061088930974461395 -0.00080903062675199999 0.00099929483749578254 -0.00088724949910568137 0.0008264306266732419 -0.00070850703492916745
leaf_weight=2432 2745 3998 2133 2534 2556 2464 3921 2514 3269 2057 2330 3006
leaf_count=2432 2745 3998 2133 2534 2556 2464 3921 2514 3269 2057 2330 3006
internal_value=5.39809e-08 3.82522e-05 -2.58748e-05 5.88443e-05 -3.7548e-05 -0.000702484 0.000132759 1.31117e-05 0.000170234 -0.00010351 0.000102204 -0.00020333
internal_weight=35959 33527 30782 26784 24651 5020 19631 15710 13196 9927 7870 5540
internal_count=35959 33527 30782 26784 24651 5020 19631 15710 13196 9927 7870 5540
is_linear=0
shrinkage=0.05


Tree=50
num_leaves=13
num_cat=0
split_feature=0 1 1 1 1 0 2 1 0 1 1 1
split_gain=0.261821 0.698502 0.729357 0.651065 0.498137 1.20429 0.96291 0.921116 0.617894 0.652017 0.461495 0.0370138
threshold=3.111780166625977 26.775197029113773 20.810085296630863 15.66848945617676 23.984110832214359 2.0476689338684086 1.5000000000000002 16.790926933288578 1.6672472357749941 8.7910180091857928 9.8924860954284686 30.07149696350098
decision_type=2 2 2 2 2 2 2 2 2 2 2 2
left_child=4 2 3 10 6 11 7 8 -1 -10 -2 -6
right_child=1 -3 -4 -5 5 -7 -8 -9 9 -11 -12 -13
leaf_value=0.00012370485688465289 0.00024927425253827096 0.00075594287196183358 -0.00081656243317281625 0.00095652724518052344 -3.2530702719939579e-05 -0.0011891028075529844 0.00084921016863644854 0.00055813782436487985 -0.00022914476928673476 -0.0013589446871465911 -0.00064584771700772561 0.00027024080395143568
leaf_weight=3100 3990 3705 2347 2027 2004 3108 3034 3267 2674 2443 2240 2020
leaf_count=3100 3990 3705 2347 2027 2004 3108 3034 3267 2674 2443 2240 2020
internal_value=4.85093e-08 0.000165939 -4.07247e-05 0.000180523 -0.000109618 -0.000451491 5.85228e-05 -0.000150929 -0.000433183 -0.000770142 -7.30866e-05 0.00011975
internal_weight=35959 14309 10604 8257 21650 7132 14518 11484 8217 5117 6230 4024
internal_count=35959 14309 10604 8257 21650 7132 14518 11484 8217 5117 6230 4024
is_linear=0
shrinkage=0.05


Tree=51
num_leaves=14
num_cat=0
split_feature=0 2 0 0 0 0 0 0 0 0 2 0 2
split_gain=0.279199 0.498611 1.24886 1.26595 0.717302 1.03804 0.604755 0.887771 0.826452 0.933897 0.432282 0.251448 0.144824
threshold=1.5388837456703188 1.0000000180025095e-35 2.0476689338684086 2.4855715036392216 3.2911728620529179 4.1764507293701181 2.1276745796203618 2.5569663047790532 3.0275350809097294 3.7210886478424077 1.5000000000000002 1.0044955611228945 1.0000000180025095e-35
decision_type=2 2 2 2 2 2 2 2 2 2 2 2 2
left_child=11 2 -2 -4 -5 -6 -3 -8 -9 -10 -11 -1 -13
right_child=1 6 3 4 5 -7 7 8 9 10 -12 12 -14
leaf_value=7.5212572340852037e-05 0.0012937240711924788 -0.00080790140042098953 -0.0010677892988972179 0.00089028489456180037 -0.00074281196156329851 0.00053595016213937115 0.0009498946711187739 -0.0010726871202737173 0.00085339233562346491 5.6401849075998486e-05 -0.00088517753702315252 -0.00081602002845094384 -0.00023311518497111185
leaf_weight=2987 2491 2721 2035 3365 2755 3715 2089 2050 2464 2942 2070 2111 2164
leaf_count=2987 2491 2721 2035 3365 2755 3715 2089 2050 2464 2942 2070 2111 2164
internal_value=3.9009e-08 7.01418e-05 0.000278284 6.42779e-05 0.000299365 -8.8674e-06 -0.000138412 1.89862e-05 -0.000185939 5.83251e-05 -0.000333467 -0.0002767 -0.000522187
internal_weight=35959 28697 14361 11870 9835 6470 14336 11615 9526 7476 5012 7262 4275
internal_count=35959 28697 14361 11870 9835 6470 14336 11615 9526 7476 5012 7262 4275
is_linear=0
shrinkage=0.05


Tree=52
num_leaves=14
num_cat=0
split_feature=1 1 1 1 2 1 1 1 1 1 0 1 0
split_gain=0.272198 0.545076 0.550535 1.06452 0.993806 1.30849 0.40943 0.742321 1.1402 0.584549 0.599602 0.606037 0.0817379
threshold=2.363445639610291 5.0514471530914316 9.0399641990661639 11.231722831726076 1.5000000000000002 23.563646316528324 23.683607101440433 27.863700866699222 31.001002311706547 21.086829185485843 3.111780166625977 15.265819549560549 2.8447800874710087
decision_type=2 2 2 2 2 2 2 2 2 2 2 2 2
left_child=-1 -2 -3 -4 6 -6 9 -8 -9 10 11 -5 -10
right_child=1 2 3 4 5 -7 7 8 12 -11 -12 -13 -14
leaf_value=-0.00050963299076367151 0.00071092506295206126 -0.00056970360818906591 0.001127497624518895 0.0004012618773594843 0.00013152415375007476 -0.0014810949719027996 0.00096939741144258594 -0.00081200753822640746 0.00033222161509830492 -0.00084774789926446599 0.00063567920673072325 -0.00073835478857097164 0.00078540022063751868
leaf_weight=2432 2745 3998 2133 2016 2556 2464 3269 2414 2010 2057 3111 2743 2011
leaf_count=2432 2745 3998 2133 2016 2556 2464 3269 2414 2010 2057 3111 2743 2011
internal_value=2.35543e-08 3.71342e-05 -2.31628e-05 5.86006e-05 -3.43085e-05 -0.000661379 0.0001263 0.000357086 4.50078e-05 -9.94339e-05 9.69823e-05 -0.000255763 0.000560253
internal_weight=35959 33527 30782 26784 24651 5020 19631 9704 6435 9927 7870 4759 4021
internal_count=35959 33527 30782 26784 24651 5020 19631 9704 6435 9927 7870 4759 4021
is_linear=0
shrinkage=0.05


Tree=53
num_leaves=12
num_cat=0
split_feature=1 1 1 1 0 2 0 2 0 0 0
split_gain=0.267191 0.388734 0.526133 0.418271 0.357286 0.901732 1.22393 0.612138 0.662791 0.394496 0.528844
threshold=32.301969528198249 30.07149696350098 27.863700866699222 25.549051284790043 2.1276745796203618 1.5000000000000002 4.2714335918426523 1.0000000180025095e-35 2.8952434062957768 1.6672472357749941 1.1476519703865053
decision_type=2 2 2 2 2 2 2 2 2 2 2
left_child=1 2 3 4 9 6 7 8 -6 10 -1
right_child=-2 -3 -4 -5 5 -7 -8 -9 -10 -11 -12
leaf_value=-0.00050436837038895404 -0.00039285108460695414 0.00070410559886759777 -0.00075931793717219642 0.00071027113570624849 0.00055514805824254945 0.00087023720870859137 0.00068757277575546519 -0.00088298700622954857 -0.00052685179303511311 -0.00070412488527927489 0.00043306146754369451
leaf_weight=2856 3853 2095 2104 2254 2549 3357 3957 3495 3157 3125 3157
leaf_count=2856 3853 2095 2104 2254 2549 3357 3957 3495 3157 3125 3157
internal_value=2.42809e-08 4.72804e-05 1.20965e-06 5.87998e-05 1.30379e-06 0.000140085 -4.67181e-05 -0.000362912 -4.33722e-05 -0.000249393 -1.22886e-05
internal_weight=35959 32106 30011 27907 25653 16515 13158 9201 5706 9138 6013
internal_count=35959 32106 30011 27907 25653 16515 13158 9201 5706 9138 6013
is_linear=0
shrinkage=0.05


Tree=54
num_leaves=13
num_cat=0
split_feature=1 1 0 0 0 0 2 1 0 0 1 0
split_gain=0.24702 0.501161 0.489482 1.75653 0.556449 0.633147 0.489953 0.827968 0.832238 0.293257 0.954074 0.669978
threshold=2.363445639610291 4.4012467861175546 2.9606319665908818 3.2911728620529179 2.5746812820434575 2.2565510272979741 1.5000000000000002 16.790926933288578 1.5388837456703188 5.6084239482879648 17.027730941772464 4.0673997402191171
decision_type=2 2 2 2 2 2 2 2 2 2 2 2
left_child=-1 -2 4 -4 5 6 7 -3 -9 10 -5 -12
right_child=1 2 3 9 -6 -7 -8 8 -10 -11 11 -13
leaf_value=-0.00048548723017767509 0.00079885157404884139 -0.00061126424768074476 0.0015084628739245134 0.00046546598675912404 -0.00081165376107291971 0.00064596610154715522 -0.00081697775335289903 -0.00024618607186802387 0.00094167505713737003 0.00043552383369022894 1.3383629736429902e-05 -0.0011116693117372428
leaf_weight=2432 2010 3904 2184 3515 2947 2605 2613 3052 2837 2542 2447 2871
leaf_count=2432 2010 3904 2184 3515 2947 2605 2613 3052 2837 2542 2447 2871
internal_value=2.56897e-08 3.53784e-05 -1.35502e-05 0.00021313 -0.000184726 -6.11872e-05 -0.000210075 -4.74713e-05 0.000326687 -3.66808e-05 -0.000172913 -0.000594939
internal_weight=35959 33527 31517 13559 17958 15011 12406 9793 5889 11375 8833 5318
internal_count=35959 33527 31517 13559 17958 15011 12406 9793 5889 11375 8833 5318
is_linear=0
shrinkage=0.05


Tree=55
num_leaves=12
num_cat=0
split_feature=1 1 1 1 0 2 0 2 0 1 0
split_gain=0.239802 0.35326 0.473095 0.376339 0.284178 0.815502 1.11852 0.555801 0.624825 0.378339 0.515105
threshold=32.301969528198249 30.07149696350098 27.863700866699222 25.549051284790043 2.1276745796203618 1.5000000000000002 4.2714335918426523 1.0000000180025095e-35 2.8952434062957768 19.009214401245121 1.5098375082015993
decision_type=2 2 2 2 2 2 2 2 2 2 2
left_child=1 2 3 4 9 6 7 8 -6 10 -1
right_child=-2 -3 -4 -5 5 -7 -8 -9 -10 -11 -12
leaf_value=-0.00043433108710022155 -0.0003721604183264301 0.00067094206141784683 -0.00072029157429049154 0.00067344890339255433 0.00053046116961058608 0.00081909363853047026 0.00064905472235735247 -0.00085074599011768681 -0.00052009503689587149 -0.00078597271684232434 0.00043172680804059191
leaf_weight=3751 3853 2095 2104 2254 2549 3357 3957 3495 3157 2238 3149
leaf_count=3751 3853 2095 2104 2254 2549 3357 3957 3495 3157 2238 3149
internal_value=3.45073e-08 4.48031e-05 8.84842e-07 5.54952e-05 9.57484e-07 0.000124728 -5.29128e-05 -0.000355179 -5.06807e-05 -0.000222624 -3.90296e-05
internal_weight=35959 32106 30011 27907 25653 16515 13158 9201 5706 9138 6900
internal_count=35959 32106 30011 27907 25653 16515 13158 9201 5706 9138 6900
is_linear=0
shrinkage=0.05


Tree=56
num_leaves=13
num_cat=0
split_feature=1 1 1 1 2 1 1 1 1 1 1 1
split_gain=0.227426 0.450489 0.509709 0.958129 0.942738 1.11683 0.356913 0.632884 0.933036 0.519467 0.607621 0.629974
threshold=2.363445639610291 5.0514471530914316 9.0399641990661639 11.231722831726076 1.5000000000000002 23.563646316528324 31.147220611572269 27.863700866699222 23.683607101440433 21.086829185485843 18.049483299255375 14.390244483947756
decision_type=2 2 2 2 2 2 2 2 2 2 2 2
left_child=-1 -2 -3 -4 6 -6 7 8 9 10 11 -5
right_child=1 2 3 4 5 -7 -8 -9 -10 -11 -12 -13
leaf_value=-0.00046582500987089268 0.0006465012489496047 -0.00054674685434285967 0.001071887738361911 0.00039662486109771737 9.1563102690592294e-05 -0.0013983776437903018 0.00055218880772728198 -0.00070600331184410498 0.00088937332883069406 -0.00078879389237098698 0.00077743150597427277 -0.00067179167461080009
leaf_weight=2432 2745 3998 2133 2534 2556 2464 3921 2514 3269 2057 2330 3006
leaf_count=2432 2745 3998 2133 2534 2556 2464 3921 2514 3269 2057 2330 3006
internal_value=3.40466e-08 3.39556e-05 -2.08607e-05 5.78122e-05 -3.03327e-05 -0.000641081 0.000126093 1.94622e-05 0.000158102 -8.33609e-05 0.000101787 -0.000183263
internal_weight=35959 33527 30782 26784 24651 5020 19631 15710 13196 9927 7870 5540
internal_count=35959 33527 30782 26784 24651 5020 19631 15710 13196 9927 7870 5540
is_linear=0
shrinkage=0.05


Tree=57
num_leaves=14
num_cat=0
split_feature=1 1 1 1 0 2 0 0 1 2 1 0 1
split_gain=0.225368 0.3362 0.377589 0.320793 0.263965 0.863873 2.38005 0.922613 0.631541 0.74136 0.44193 0.401051 0.349606
threshold=32.301969528198249 30.07149696350098 27.863700866699222 25.549051284790043 5.236952781677247 1.5000000000000002 2.2136027812957768 4.2037532329559335 19.641646385192875 1.0000000180025095e-35 9.8924860954284686 2.0476689338684086 10.494718551635744
decision_type=2 2 2 2 2 2 2 2 2 2 2 2 2
left_child=1 2 3 4 5 7 -7 8 9 11 -11 -1 -13
right_child=-2 -3 -4 -5 -6 6 -8 -9 -10 10 -12 12 -14
leaf_value=0.00031759013038231288 -0.00036078959611983652 0.00065426328276021897 -0.00064369719377347712 0.00061990470165982151 -0.00046748189091977378 -0.0006264689478979584 0.0016500876087946828 0.00090424372268314932 0.00034558150393261766 -0.000407793569913563 -0.0013821232198078549 -0.00081328162886627059 6.2844965326706926e-05
leaf_weight=3325 3853 2095 2104 2254 2702 2023 2632 2021 3720 2348 2321 2424 2137
leaf_count=3325 3853 2095 2104 2254 2702 2023 2632 2021 3720 2348 2321 2424 2137
internal_value=3.02168e-08 4.34306e-05 5.86019e-07 4.93738e-05 -9.77887e-07 5.41229e-05 0.000661505 -0.000100689 -0.000225958 -0.000395443 -0.00089406 -9.94727e-05 -0.000403544
internal_weight=35959 32106 30011 27907 25653 22951 4655 18296 16275 12555 4669 7886 4561
internal_count=35959 32106 30011 27907 25653 22951 4655 18296 16275 12555 4669 7886 4561
is_linear=0
shrinkage=0.05


Tree=58
num_leaves=13
num_cat=0
split_feature=1 1 0 0 0 0 2 1 0 0 1 0
split_gain=0.204348 0.421609 0.405768 1.64245 0.519611 0.537771 0.395964 0.726975 0.734731 0.271654 0.85277 0.624446
threshold=2.363445639610291 4.4012467861175546 2.9606319665908818 3.2911728620529179 2.5746812820434575 2.2565510272979741 1.5000000000000002 16.790926933288578 1.5388837456703188 5.6084239482879648 17.027730941772464 4.0673997402191171
decision_type=2 2 2 2 2 2 2 2 2 2 2 2
left_child=-1 -2 4 -4 5 6 7 -3 -9 10 -5 -12
right_child=1 2 3 9 -6 -7 -8 8 -10 -11 11 -13
leaf_value=-0.00044156367172314555 0.00073244214505645896 -0.00056851576086117052 0.0014462562179939705 0.00042459263844214919 -0.00077436652206911111 0.00060253588660059455 -0.00073199031022038233 -0.00022790585275529507 0.00088820806643681658 0.00040663346787203576 9.3542511700862915e-06 -0.0010768105344642705
leaf_weight=2432 2010 3904 2184 3515 2947 2605 2613 3052 2837 2542 2447 2871
leaf_count=2432 2010 3904 2184 3515 2947 2605 2613 3052 2837 2542 2447 2871
internal_value=2.66787e-08 3.21811e-05 -1.26963e-05 0.000193691 -0.000168548 -4.91758e-05 -0.000186397 -4.02214e-05 0.000310371 -4.78604e-05 -0.000178969 -0.000577948
internal_weight=35959 33527 31517 13559 17958 15011 12406 9793 5889 11375 8833 5318
internal_count=35959 33527 31517 13559 17958 15011 12406 9793 5889 11375 8833 5318
is_linear=0
shrinkage=0.05


Tree=59
num_leaves=14
num_cat=0
split_feature=1 0 0 1 0 0 0 2 1 1 1 1 0
split_gain=0.202161 0.362633 0.504924 0.587543 0.448585 1.1739 0.729059 0.628068 0.359117 0.272261 0.779842 0.676724 1.36995
threshold=32.301969528198249 0.89863094687461864 1.5388837456703188 29.441926002502445 2.3991304636001591 2.1276745796203618 2.6541824340820317 1.0000000180025095e-35 15.66848945617676 6.1421737670898446 11.231722831726076 17.430292129516605 3.5233966112136845
decision_type=2 2 2 2 2 2 2 2 2 2 2 2 2
left_child=1 -1 8 4 5 7 -6 -4 -3 -8 -11 -12 -13
right_child=-2 2 3 -5 6 -7 9 -9 -10 10 11 12 -14
leaf_value=0.00068240474047969032 -0.00034170289003609256 -0.00094971330140734833 0.00047518228487594563 0.00089830670353031384 -0.0010087452785817268 0.0013184622297812674 -0.00040261408769130119 -0.00069520451853504871 -5.5264224086112308e-05 0.00089763839648503325 -0.00067198812285803233 0.0012583963668635898 -0.00035273629601217542
leaf_weight=2053 3853 2182 2339 2024 2041 2149 3297 2229 2302 2469 3305 2048 3668
leaf_count=2053 3853 2182 2339 2024 2041 2149 3297 2229 2302 2469 3305 2048 3668
internal_value=3.49068e-08 4.114e-05 -2.87886e-06 8.29976e-05 1.25595e-05 0.000357693 -0.000125333 -9.61904e-05 -0.000491665 -2.7995e-06 0.000112176 -0.000103557 0.00022571
internal_weight=35959 32106 30053 25569 23545 6717 16828 4568 4484 14787 11490 9021 5716
internal_count=35959 32106 30053 25569 23545 6717 16828 4568 4484 14787 11490 9021 5716
is_linear=0
shrinkage=0.05


Tree=60
num_leaves=15
num_cat=0
split_feature=1 0 0 1 1 1 1 0 0 0 1 1 0 0
split_gain=0.182517 0.327431 0.455936 0.530514 0.411816 0.782774 0.786781 1.04602 1.31585 0.36374 0.353259 0.324259 0.313859 0.470399
threshold=32.301969528198249 0.89863094687461864 1.5388837456703188 29.441926002502445 20.810085296630863 17.748370170593265 14.390244483947756 2.9131472110748295 3.5670152902603154 2.1971623897552495 6.6163973808288583 15.66848945617676 2.5264420509338383 3.7777849435806279
decision_type=2 2 2 2 2 2 2 2 2 2 2 2 2 2
left_child=1 -1 11 4 5 6 7 9 -9 -4 -10 -3 -6 -14
right_child=-2 2 3 -5 12 -7 -8 8 10 -11 -12 -13 13 -15
leaf_value=0.00064844986962370567 -0.00032466200551715631 -0.00090244426014678071 0.00028298390599618118 0.00085361229422763326 -0.00079409287192119663 0.0010162761725322682 -0.00072578088270466683 -0.0012714144934874725 -0.00021733513312068169 0.0011171920322706351 0.00068605789099576058 -5.2512991508602125e-05 0.00043745650387038695 -0.00057970830276990926
leaf_weight=2053 3853 2182 2522 2024 2272 2225 2890 2061 2039 2722 2287 2302 2248 2279
leaf_count=2053 3853 2182 2522 2024 2272 2225 2890 2061 2039 2722 2287 2302 2248 2279
internal_value=4.77993e-08 3.91048e-05 -2.72306e-06 7.88813e-05 1.19489e-05 0.000145187 1.11056e-05 0.000194669 -0.000234883 0.000717298 0.000260737 -0.000467194 -0.000315949 -7.47577e-05
internal_weight=35959 32106 30053 25569 23545 16746 14521 11631 6387 5244 4326 4484 6799 4527
internal_count=35959 32106 30053 25569 23545 16746 14521 11631 6387 5244 4326 4484 6799 4527
is_linear=0
shrinkage=0.05


Tree=61
num_leaves=14
num_cat=0
split_feature=1 1 0 1 1 2 0 0 2 0 1 1 0
split_gain=0.178569 1.1436 0.770803 0.34291 0.262081 0.862228 1.4641 1.19166 0.760333 0.587774 0.581779 1.53648 0.308381
threshold=31.147220611572269 28.021887779235843 2.4567490816116337 25.549051284790043 20.131559371948246 1.5000000000000002 4.9006550312042245 2.6702957153320317 1.0000000180025095e-35 2.3701189756393437 8.5199499130249041 15.265819549560549 2.2278115749359135
decision_type=2 2 2 2 2 2 2 2 2 2 2 2 2
left_child=1 3 -2 4 5 6 8 -7 10 -6 -1 -12 -10
right_child=2 -3 -4 -5 9 7 -8 -9 12 -11 11 -13 -14
leaf_value=-0.00046118980884301197 -0.00044118189827253574 -0.00098033714691605329 0.00081525857494990053 0.00062495510077687551 -0.00094840060839896051 0.0015143546786622322 0.0011569490052419141 -0.00014948345675421117 -0.00030953604508084884 0.00012750508367071882 0.0011019032412158713 -0.00064613255556819757 -0.0010847137355422087
leaf_weight=3721 2125 2944 2843 2394 2146 2215 2055 2081 2292 3082 2947 2178 2936
leaf_count=3721 2125 2944 2843 2394 2146 2215 2055 2081 2292 3082 2947 2178 2936
internal_value=4.78323e-08 -4.45885e-05 0.000278025 5.39483e-05 4.37789e-07 8.13184e-05 -8.64445e-05 0.000709909 -0.00026869 -0.000315102 1.39895e-05 0.000359219 -0.000746109
internal_weight=35959 30991 4968 28047 25653 20425 16129 4296 14074 5228 8846 5125 5228
internal_count=35959 30991 4968 28047 25653 20425 16129 4296 14074 5228 8846 5125 5228
is_linear=0
shrinkage=0.05


Tree=62
num_leaves=14
num_cat=0
split_feature=1 1 0 0 2 1 0 0 1 1 1 1 0
split_gain=0.180322 0.30248 1.69696 0.589862 0.431495 1.83229 0.649339 1.41169 0.759379 1.08452 0.331364 0.571957 0.0543656
threshold=32.301969528198249 26.775197029113773 2.8591554164886479 5.7254586219787607 1.5000000000000002 11.357594013214113 3.6778954267501835 3.0486352443695073 19.641646385192875 15.001747131347658 10.666896820068361 4.2721962928771982 4.390364646911622
decision_type=2 2 2 2 2 2 2 2 2 2 2 2 2
left_child=1 3 -3 4 6 -6 7 8 9 10 11 -1 -8
right_child=-2 2 -4 -5 5 -7 12 -9 -10 -11 -12 -13 -14
leaf_value=0.00048641552490011369 -0.00032270173262747328 -0.00042165346087687076 0.0013710371538903671 -0.00085202601249110318 0.0015294018278052528 -0.0003860852053057663 0.00064338350607042122 -0.0012531855090102172 0.00065501701786272262 -0.0011843637908138891 0.00059855862409672483 -0.00059762812969110476 0.00028918526474184435
leaf_weight=2072 3853 2935 2384 2006 2202 2859 2195 2718 3276 2243 2109 2919 2188
leaf_count=2072 3853 2935 2384 2006 2202 2859 2195 2718 3276 2243 2109 2919 2188
internal_value=4.98982e-08 3.88713e-05 0.000382904 -2.95594e-05 3.73354e-05 0.0004487 -6.84124e-05 -0.000221807 1.158e-06 -0.000228564 7.46287e-05 -0.000147518 0.000467628
internal_weight=35959 32106 5319 26787 24781 5061 19720 15337 12619 9343 7100 4991 4383
internal_count=35959 32106 5319 26787 24781 5061 19720 15337 12619 9343 7100 4991 4383
is_linear=0
shrinkage=0.05


Tree=63
num_leaves=14
num_cat=0
split_feature=1 1 2 1 0 1 1 2 1 1 1 1 1
split_gain=0.179581 0.400993 0.505049 1.31626 0.712006 0.543517 0.956497 0.954423 0.828332 0.734992 0.981741 0.436428 0.116738
threshold=2.363445639610291 5.0514471530914316 1.5000000000000002 19.641646385192875 4.9803133010864267 19.641646385192875 15.265819549560549 1.0000000180025095e-35 10.666896820068361 26.057966232299808 30.07149696350098 23.032616615295414 33.22081375122071
decision_type=2 2 2 2 2 2 2 2 2 2 2 2 2
left_child=-1 -2 4 -4 5 6 7 8 -3 11 -11 -7 -12
right_child=1 2 3 -5 -6 9 -8 -9 -10 10 12 -13 -14
leaf_value=-0.00041391072768542599 0.00060811401862234259 -0.00014108052212394502 0.00029650994839403814 -0.0011434191167863578 0.0008124178374159009 0.00024083621491278529 -0.0010107145201258122 -0.00071941427020052865 0.0012288852047636716 -0.0008138641848451216 0.00065961391789822713 0.0012334654321485864 0.00012551735258225241
leaf_weight=2432 2745 2409 3188 3144 2923 2297 3121 2598 2023 2846 2046 2139 2048
leaf_count=2432 2745 2409 3188 3144 2923 2297 3121 2598 2023 2846 2046 2139 2048
internal_value=5.51029e-08 3.0198e-05 -2.15186e-05 -0.000419127 8.15823e-05 -1.79839e-05 -0.000283804 3.98888e-05 0.000485603 0.000219253 -0.000102146 0.000721171 0.000393392
internal_weight=35959 33527 30782 6332 24450 21527 10151 7030 4432 11376 6940 4436 4094
internal_count=35959 33527 30782 6332 24450 21527 10151 7030 4432 11376 6940 4436 4094
is_linear=0
shrinkage=0.05


Tree=64
num_leaves=15
num_cat=0
split_feature=0 0 0 0 1 1 1 0 1 0 0 1 1 1
split_gain=0.174625 0.64594 0.539926 0.308762 0.731287 0.840393 0.483538 1.24147 0.671702 0.75933 0.728047 0.21697 0.298786 0.0363164
threshold=6.0247890949249276 4.9353501796722421 4.390364646911622 3.111780166625977 23.683607101440433 9.2992672920227069 23.984110832214359 2.0476689338684086 17.027730941772464 2.5569663047790532 2.1276745796203618 5.6839787960052499 11.635460853576662 30.07149696350098
decision_type=2 2 2 2 2 2 2 2 2 2 2 2 2 2
left_child=1 2 3 6 5 -5 8 13 9 10 11 -1 -13 -8
right_child=-2 -3 -4 4 -6 -7 7 -9 -10 -11 -12 12 -14 -15
leaf_value=0.00026281903140648399 -0.00044876447997357585 0.00079583346401879834 -0.00080553310769216192 0.00073511182510463359 0.00098172327039490188 -0.00057481736245709898 1.6443220447977684e-05 -0.0011612942409869405 0.00064427324927747388 -0.00090004379440330085 0.00093317057137753403 -0.00078809223558128831 6.2553351477265541e-05 0.00031657883926348366
leaf_weight=2030 2034 2519 2109 2025 2558 3064 2004 3108 3963 2391 2017 2078 2039 2020
leaf_count=2030 2034 2519 2109 2025 2558 3064 2004 3108 3963 2391 2017 2078 2039 2020
internal_value=6.57356e-08 2.71e-05 -3.47919e-05 2.09472e-05 0.000293853 -5.31547e-05 -7.55369e-05 -0.00041237 9.01029e-05 -0.00011838 0.000111368 -0.000159366 -0.000367668 0.000167519
internal_weight=35959 33925 31406 29297 7647 5089 21650 7132 14518 10555 8164 6147 4117 4024
internal_count=35959 33925 31406 29297 7647 5089 21650 7132 14518 10555 8164 6147 4117 4024
is_linear=0
shrinkage=0.05


Tree=65
num_leaves=15
num_cat=0
split_feature=1 1 1 0 1 0 0 2 1 2 2 1 1 1
split_gain=0.170057 0.346928 0.319352 0.865289 0.745085 1.01589 1.48126 0.897833 1.10328 0.45077 0.377916 0.345841 0.336742 0.175869
threshold=2.363445639610291 4.4012467861175546 9.0399641990661639 5.6840813159942636 14.390244483947756 4.0009002685546884 2.9398705959320073 1.5000000000000002 19.641646385192875 1.0000000180025095e-35 1.0000000180025095e-35 27.863700866699222 25.549051284790043 6.8785724639892587
decision_type=2 2 2 2 2 2 2 2 2 2 2 2 2 2
left_child=-1 -2 13 4 9 6 7 8 -6 -4 11 -10 -8 -3
right_child=1 2 3 -5 5 -7 12 -9 10 -11 -12 -13 -14 -15
leaf_value=-0.00040277642880664127 0.00066461722052763169 -0.00011259071066964946 0.00099209262594160451 0.0010488459853640701 -0.00097344315223416706 -0.00092774930682987592 0.00037212265887820824 -0.0011365211363332755 0.00040320754466314796 4.1059378103811127e-05 0.00072897082778544968 -0.00046525973513263227 0.0012716550533380887 -0.00072489013145714146
leaf_weight=2432 2010 2600 2504 2017 2454 3553 2129 2415 2327 2472 2626 2240 2047 2133
leaf_count=2432 2010 2600 2504 2017 2454 3553 2129 2415 2327 2472 2626 2240 2047 2133
internal_value=6.34315e-08 2.93962e-05 -1.1313e-05 5.56332e-05 -2.56437e-05 -0.000163194 4.56461e-06 -0.000276474 -6.0219e-05 0.000520664 0.00025226 -2.28399e-05 0.000815042 -0.00038948
internal_weight=35959 33527 31517 26784 24767 19791 16238 12062 9647 4976 7193 4567 4176 4733
internal_count=35959 33527 31517 26784 24767 19791 16238 12062 9647 4976 7193 4567 4176 4733
is_linear=0
shrinkage=0.05


Tree=66
num_leaves=13
num_cat=0
split_feature=0 0 0 0 0 1 2 1 2 0 1 1
split_gain=0.184926 0.593796 0.453352 0.257849 0.308582 0.231524 0.656252 0.79521 0.831423 0.607671 0.535413 0.0371673
threshold=6.0247890949249276 4.9353501796722421 4.390364646911622 3.4418236017227177 3.7777849435806279 23.984110832214359 1.5000000000000002 16.790926933288578 1.0000000180025095e-35 2.0476689338684086 10.666896820068361 30.07149696350098
decision_type=2 2 2 2 2 2 2 2 2 2 2 2
left_child=1 2 3 5 -5 6 7 8 10 11 -1 -7
right_child=-2 -3 -4 4 -6 9 -8 -9 -10 -11 -12 -13
leaf_value=-0.00036374331301083766 -0.00046180816198227137 0.00076494350522141844 -0.00073770159336340757 0.00080054271729509724 1.211921659393483e-05 1.1833338707375156e-05 0.00067941972046856882 0.00052420429314497499 -0.00096062744727818576 -0.00070614467395468733 0.00062448077743524743 0.00031543864558833385
leaf_weight=3529 2034 2519 2109 2128 2959 2004 3376 3618 3462 3974 2227 2020
leaf_count=3529 2034 2519 2109 2128 2959 2004 3376 3618 3462 3974 2227 2020
internal_value=7.10898e-08 2.78913e-05 -3.14505e-05 1.96247e-05 0.000342857 -4.84064e-05 6.02087e-05 -0.000103052 -0.000349547 -0.00026837 1.90211e-05 0.000164644
internal_weight=35959 33925 31406 29297 5087 24210 16212 12836 9218 7998 5756 4024
internal_count=35959 33925 31406 29297 5087 24210 16212 12836 9218 7998 5756 4024
is_linear=0
shrinkage=0.05


Tree=67
num_leaves=14
num_cat=0
split_feature=1 1 0 1 1 1 0 1 1 1 1 2 2
split_gain=0.169515 1.00296 0.651777 0.3311 0.314679 0.862425 0.596974 0.447958 0.55365 0.55686 0.637281 0.442616 0.302001
threshold=31.147220611572269 28.021887779235843 2.4567490816116337 25.549051284790043 20.131559371948246 17.748370170593265 2.3701189756393437 14.390244483947756 9.0399641990661639 4.1542353630065927 1.9540863037109377 1.0000000180025095e-35 1.0000000180025095e-35
decision_type=2 2 2 2 2 2 2 2 2 2 2 2 2
left_child=1 3 -2 4 5 7 -6 8 9 10 -1 -10 -11
right_child=2 -3 -4 -5 6 -7 -8 -9 11 12 -12 -13 -14
leaf_value=-0.00035613396933527721 -0.0003904852657682146 -0.00091973865696177179 0.00076490983445879658 0.00060995223947748936 -0.00098768975071691152 0.0009999220598826586 9.6680687083095798e-05 -0.00053232874794227559 0.00093768706403032876 -0.00090669664578170168 0.00088066395894563227 3.3929416284358655e-05 -0.00013029921514636511
leaf_weight=2006 2125 2944 2843 2394 2146 2277 3082 3561 2744 2371 2147 2668 2651
leaf_count=2006 2125 2944 2843 2394 2146 2277 3082 3561 2744 2371 2147 2668 2651
internal_value=7.45248e-08 -4.34154e-05 0.000270912 4.88643e-05 -3.71501e-06 8.49124e-05 -0.00034947 -3.03799e-05 9.24374e-05 -0.000144142 0.00028384 0.000493038 -0.000497927
internal_weight=35959 30991 4968 28047 25653 20425 5228 18148 14587 9175 4153 5412 5022
internal_count=35959 30991 4968 28047 25653 20425 5228 18148 14587 9175 4153 5412 5022
is_linear=0
shrinkage=0.05


Tree=68
num_leaves=14
num_cat=0
split_feature=1 1 0 0 2 0 0 0 0 0 1 1 0
split_gain=0.174274 0.339156 1.38609 0.579877 0.386783 1.69636 0.580481 1.35061 0.615388 1.17642 0.978829 0.823993 0.0464589
threshold=32.301969528198249 26.775197029113773 2.8591554164886479 5.7254586219787607 1.5000000000000002 2.2136027812957768 3.6778954267501835 3.0486352443695073 1.1269598007202151 1.6672472357749941 16.908832550048832 8.7910180091857928 4.4229865074157724
decision_type=2 2 2 2 2 2 2 2 2 2 2 2 2
left_child=1 3 -3 4 6 -6 7 8 -1 -10 11 -11 -8
right_child=-2 2 -4 -5 5 -7 12 -9 9 10 -12 -13 -14
leaf_value=-0.00073724231599313122 -0.00031722019410181638 -0.00032475956392758891 0.0012955308710955076 -0.00084969718425435587 -0.00066006082868494984 0.0011933230019613855 0.00059590375738730983 -0.0012218647753731316 0.001080291866528169 5.7018844502050662e-05 0.00061230821409155188 -0.0012312408886911842 0.00026819217591679117
leaf_weight=2277 3853 2935 2384 2006 2108 2953 2269 2718 2629 2583 2752 2378 2114
leaf_count=2277 3853 2935 2384 2006 2108 2953 2269 2718 2629 2583 2752 2378 2114
internal_value=7.2195e-08 3.8237e-05 0.00040253 -3.42227e-05 3.21054e-05 0.000421575 -6.80123e-05 -0.000213044 5.0407e-06 0.000169024 -0.000142582 -0.000561729 0.000438813
internal_weight=35959 32106 5319 26787 24781 5061 19720 15337 12619 10342 7713 4961 4383
internal_count=35959 32106 5319 26787 24781 5061 19720 15337 12619 10342 7713 4961 4383
is_linear=0
shrinkage=0.05


Tree=69
num_leaves=14
num_cat=0
split_feature=1 1 2 1 1 1 0 1 1 1 1 2 2
split_gain=0.161571 0.944153 0.575428 0.280541 0.303864 0.75132 0.542126 0.394891 0.529131 0.50087 0.576529 0.419619 0.267906
threshold=31.147220611572269 28.021887779235843 1.0000000180025095e-35 25.549051284790043 20.131559371948246 17.748370170593265 2.3701189756393437 14.390244483947756 9.0399641990661639 4.1542353630065927 1.9540863037109377 1.0000000180025095e-35 1.0000000180025095e-35
decision_type=2 2 2 2 2 2 2 2 2 2 2 2 2
left_child=1 3 -2 4 5 7 -6 8 9 10 -1 -10 -11
right_child=2 -3 -4 -5 6 -7 -8 -9 11 12 -12 -13 -14
leaf_value=-0.00034055891727864456 0.00078939734461269109 -0.00089263684238291064 -0.00028519385599466512 0.00056361490103873488 -0.00094921357786495746 0.00093986825116654607 8.4163355459779911e-05 -0.00049306581572317162 0.00091809952673568222 -0.00085829255770712872 0.00083580739702805425 3.8113116857664779e-05 -0.00012701132425763358
leaf_weight=2006 2539 2944 2429 2394 2146 2277 3082 3561 2744 2371 2147 2668 2651
leaf_count=2006 2539 2944 2429 2394 2146 2277 3082 3561 2744 2371 2147 2668 2651
internal_value=6.52611e-08 -4.23934e-05 0.000264481 4.71401e-05 -1.25939e-06 8.58308e-05 -0.000341022 -2.17825e-05 9.35268e-05 -0.000137757 0.000268141 0.000485155 -0.000473285
internal_weight=35959 30991 4968 28047 25653 20425 5228 18148 14587 9175 4153 5412 5022
internal_count=35959 30991 4968 28047 25653 20425 5228 18148 14587 9175 4153 5412 5022
is_linear=0
shrinkage=0.05


Tree=70
num_leaves=13
num_cat=0
split_feature=1 0 0 1 1 0 0 0 1 1 2 2
split_gain=0.171103 0.354894 0.476798 0.515874 0.618696 0.336286 0.626066 0.68389 1.0333 0.485213 0.470278 0.446002
threshold=32.301969528198249 0.96341988444328319 1.397660553455353 29.441926002502445 25.892906188964847 5.236952781677247 3.8443462848663335 2.8952434062957768 15.265819549560549 7.9174790382385263 1.0000000180025095e-35 1.0000000180025095e-35
decision_type=2 2 2 2 2 2 2 2 2 2 2 2
left_child=1 -1 -3 4 5 6 7 8 9 -4 -9 -10
right_child=-2 2 3 -5 -6 -7 -8 10 11 -11 -12 -13
leaf_value=0.00061535760482683789 -0.0003143273529118775 -0.00061364995636087869 0.0002367605814041371 0.00079647847951647144 -0.00068736909225818911 -0.00043541246309139491 0.00072729606246293131 -0.00097229809233450389 0.00015672899886964183 0.0011329428048998031 3.2099956803567933e-06 -0.0008886702902186224
leaf_weight=2447 3853 2936 3195 2155 2944 2714 3846 2383 2030 2866 2554 2036
leaf_count=2447 3853 2936 3195 2155 2944 2714 3846 2383 2030 2866 2554 2036
internal_value=6.51112e-08 3.78811e-05 -9.95467e-06 5.65768e-05 -8.62187e-06 8.40612e-05 0.000158808 1.32805e-05 0.000248463 0.000661697 -0.000468664 -0.000367638
internal_weight=35959 32106 29659 26723 24568 21624 18910 15064 10127 6061 4937 4066
internal_count=35959 32106 29659 26723 24568 21624 18910 15064 10127 6061 4937 4066
is_linear=0
shrinkage=0.05


Tree=71
num_leaves=14
num_cat=0
split_feature=1 1 0 0 2 1 1 0 0 2 0 0 0
split_gain=0.154459 0.332133 1.24411 0.496546 0.350024 1.51234 0.551049 0.53164 0.981261 0.428364 0.343899 0.647761 0.21727
threshold=32.301969528198249 26.775197029113773 2.8591554164886479 5.7254586219787607 1.5000000000000002 11.357594013214113 23.683607101440433 1.1269598007202151 1.6672472357749941 1.0000000180025095e-35 3.8443462848663335 2.8952434062957768 2.8447800874710087
decision_type=2 2 2 2 2 2 2 2 2 2 2 2 2
left_child=1 3 -3 4 6 -6 7 -1 -9 10 11 -10 -11
right_child=-2 2 -4 -5 5 -7 -8 8 9 12 -12 -13 -14
leaf_value=-0.00092109512709403801 -0.00029865172434668017 -0.00029258508720889401 0.0012425062470199832 -0.00079032543099813099 0.0013779978247954736 -0.00036221030767252799 0.00066480068437784108 0.00086611444797317957 0.0001913263111412286 -0.00098060362433542931 0.00053912594782409395 -0.00088021942162696924 -0.00030875737237039255
leaf_weight=2040 3853 2935 2384 2006 2202 2859 2252 2386 3824 2140 2091 2222 2765
leaf_count=2040 3853 2935 2384 2006 2202 2859 2252 2386 3824 2140 2091 2222 2765
internal_value=5.84617e-08 3.59881e-05 0.00039649 -3.57168e-05 2.56623e-05 0.000396164 -6.95771e-05 -0.00016458 -6.40167e-05 -0.000234715 -1.20782e-05 -0.000203287 -0.000603276
internal_weight=35959 32106 5319 26787 24781 5061 19720 17468 15428 13042 8137 6046 4905
internal_count=35959 32106 5319 26787 24781 5061 19720 17468 15428 13042 8137 6046 4905
is_linear=0
shrinkage=0.05


Tree=72
num_leaves=14
num_cat=0
split_feature=1 1 0 1 1 1 0 2 1 2 1 1 0
split_gain=0.159463 0.893178 0.552793 0.260632 0.259382 0.72091 0.490221 0.34543 0.925122 0.820341 0.786051 0.591693 0.384819
threshold=31.147220611572269 28.021887779235843 2.4567490816116337 25.549051284790043 20.131559371948246 17.748370170593265 2.3701189756393437 1.0000000180025095e-35 9.8924860954284686 1.5000000000000002 9.0399641990661639 4.1542353630065927 2.9288891553878789
decision_type=2 2 2 2 2 2 2 2 2 2 2 2 2
left_child=1 3 -2 4 5 7 -6 10 9 -9 11 -1 -12
right_child=2 -3 -4 -5 6 -7 -8 8 -10 -11 12 -13 -14
leaf_value=0.00033596089141544824 -0.00034640834673992115 -0.00086909732297994519 0.0007176681949893919 0.00054277099883432746 -0.00089394963032458745 0.00091534802302947792 8.8691189548661728e-05 -0.00032408910331835681 -0.00081383740333145947 0.0009574171184850125 0.00024572750353668544 -0.00081806378539626967 0.0011708362164463786
leaf_weight=2074 2125 2944 2843 2394 2146 2277 3082 3049 3988 2101 2563 2371 2002
leaf_count=2074 2125 2944 2843 2394 2146 2277 3082 3049 3988 2101 2563 2371 2002
internal_value=5.61929e-08 -4.21246e-05 0.000262741 4.49588e-05 -1.69163e-06 7.87722e-05 -0.000315602 -2.66379e-05 -0.000243114 0.000199558 0.000192939 -0.00028006 0.00065311
internal_weight=35959 30991 4968 28047 25653 20425 5228 18148 9138 5150 9010 4445 4565
internal_count=35959 30991 4968 28047 25653 20425 5228 18148 9138 5150 9010 4445 4565
is_linear=0
shrinkage=0.05


Tree=73
num_leaves=13
num_cat=0
split_feature=1 1 2 1 0 1 0 0 0 1 1 0
split_gain=0.153099 0.304239 0.454959 1.08643 0.563013 0.559412 0.403338 0.660845 0.505803 0.518444 0.502026 0.486927
threshold=2.5520198345184331 5.0514471530914316 1.5000000000000002 23.563646316528324 5.5248186588287362 32.959907531738288 2.0476689338684086 2.5264420509338383 3.2911728620529179 17.027730941772464 25.247751235961918 1.2132524251937868
decision_type=2 2 2 2 2 2 2 2 2 2 2 2
left_child=-1 -2 4 -4 5 6 10 -8 -9 -10 11 -3
right_child=1 2 3 -5 -6 -7 7 8 9 -11 -12 -13
leaf_value=-0.00037072207280455284 0.00054674052561510015 -0.0006519890785249686 0.00013046979738201168 -0.0012108926540391695 0.00088131672071633843 0.00074350861685459988 -0.00092263153847192659 0.00039125642826578718 0.00019783616914102587 -0.00073928933453702142 0.00088033369464897079 0.00033095338939808359
leaf_weight=2574 2603 2003 3868 2464 2014 2323 2797 3879 2566 3453 2057 3358
leaf_count=2574 2603 2003 3868 2464 2014 2323 2797 3879 2566 3453 2057 3358
internal_value=6.60159e-08 2.87564e-05 -1.52089e-05 -0.000392587 8.26441e-05 1.05894e-05 -7.43883e-05 -0.000245475 -5.33848e-05 -0.000340112 0.000218342 -3.6828e-05
internal_weight=35959 33385 30782 6332 24450 22436 20113 12695 9898 6019 7418 5361
internal_count=35959 33385 30782 6332 24450 22436 20113 12695 9898 6019 7418 5361
is_linear=0
shrinkage=0.05


Tree=74
num_leaves=15
num_cat=0
split_feature=1 0 0 1 0 0 0 0 0 0 1 0 1 0
split_gain=0.166261 0.374773 0.455133 0.441641 0.446666 1.07705 0.678754 0.574127 0.303828 0.658433 0.325159 0.295965 0.213471 0.0554728
threshold=32.301969528198249 0.96341988444328319 1.5388837456703188 29.441926002502445 2.3991304636001591 2.1276745796203618 2.6541824340820317 1.809703052043915 3.2911728620529179 3.6778954267501835 11.231722831726076 2.9606319665908818 15.896850585937502 4.8591055870056161
decision_type=2 2 2 2 2 2 2 2 2 2 2 2 2 2
left_child=1 -1 12 4 5 7 -6 -4 11 -10 -11 -8 -3 -12
right_child=-2 2 3 -5 6 -7 8 -9 9 10 13 -13 -14 -15
leaf_value=0.00063077293240898589 -0.00030984708454222384 -0.0008681228403566182 0.00051565986072941387 0.00077344634607891868 -0.00098447078813764161 0.0012701892503681478 -5.8849170190360081e-05 -0.00060581280674759262 -0.00091742431302000306 0.00044383255208402337 -4.4157475085592954e-05 0.00077392724801921345 -0.00014560033519706112 -0.00037409916876126546
leaf_weight=2447 3853 2004 2122 2024 2041 2149 2215 2446 2236 3180 2714 2046 2086 2396
leaf_count=2447 3853 2004 2122 2024 2041 2149 2215 2446 2236 3180 2714 2046 2086 2396
internal_value=6.56075e-08 3.73427e-05 -1.1814e-05 6.65807e-05 5.51381e-06 0.000349911 -0.00013208 -8.48601e-05 -1.38421e-05 -0.000158037 4.76456e-05 0.0003419 -0.000500873 -0.000199291
internal_weight=35959 32106 29659 25569 23545 6717 16828 4568 14787 10526 8290 4261 4090 5110
internal_count=35959 32106 29659 25569 23545 6717 16828 4568 14787 10526 8290 4261 4090 5110
is_linear=0
shrinkage=0.05


Tree=75
num_leaves=14
num_cat=0
split_feature=0 0 0 0 1 1 0 1 2 1 0 2 0
split_gain=0.152294 0.478692 0.516377 0.216263 0.69815 0.803383 0.402969 0.509033 0.21181 0.493618 0.30145 0.270903 0.0918337
threshold=6.0247890949249276 4.9353501796722421 4.3609628677368173 3.111780166625977 23.683607101440433 9.5631961822509783 2.7031795978546147 4.9547131061553964 1.5000000000000002 22.744544029235843 1.5388837456703188 1.0000000180025095e-35 1.6382490992546084
decision_type=2 2 2 2 2 2 2 2 2 2 2 2 2
left_child=1 2 3 6 5 -5 7 -1 9 11 -11 12 -9
right_child=-2 -3 -4 4 -6 -7 -8 8 -10 10 -12 -13 -14
leaf_value=0.00070520193575633204 -0.00041908744380079441 0.00068708072502271034 -0.00075624072622589142 0.00067649727179276025 0.00093745587181182349 -0.00061033032252945222 -0.00054869543996633678 -0.00025180023385365486 -0.00042120638315366828 -7.1294677211555739e-05 0.00070058039673516785 -0.00063399746540974131 0.00020196046576474947
leaf_weight=2486 2034 2519 2249 2046 2513 2948 3423 2006 3265 2083 3204 2698 2485
leaf_count=2486 2034 2519 2249 2046 2513 2948 3423 2006 3265 2083 3204 2698 2485
internal_value=6.37035e-08 2.53103e-05 -2.79705e-05 2.8444e-05 0.000259508 -8.28295e-05 -5.17588e-05 4.18148e-05 -6.33362e-05 3.05817e-05 0.000396913 -0.000239006 -8.30462e-07
internal_weight=35959 33925 31406 29157 7507 4994 21650 18227 15741 12476 5287 7189 4491
internal_count=35959 33925 31406 29157 7507 4994 21650 18227 15741 12476 5287 7189 4491
is_linear=0
shrinkage=0.05


Tree=76
num_leaves=14
num_cat=0
split_feature=1 0 1 0 0 0 1 1 0 0 2 1 1
split_gain=0.161605 0.345965 0.402795 0.324447 0.885816 0.879951 0.591003 0.795812 0.81007 0.383488 0.375558 0.270466 0.519548
threshold=32.301969528198249 0.96341988444328319 2.5520198345184331 2.7336801290512089 2.3991304636001591 2.1276745796203618 27.029055595397953 22.187371253967289 3.2190680503845219 3.8443462848663335 1.0000000180025095e-35 12.217059135437013 19.009214401245121
decision_type=2 2 2 2 2 2 2 2 2 2 2 2 2
left_child=1 -1 -3 4 5 11 7 8 -5 -10 -11 -4 -13
right_child=-2 2 3 6 -6 -7 -8 -9 9 10 -12 12 -14
leaf_value=0.00060698051118358506 -0.00030547912590060786 -0.000632972030995119 -0.00058013862083311832 0.001122255063449537 -0.00095914530365997076 0.00097177313626364825 0.00092499168588890026 -0.00077593532873987978 -0.00050077118603492629 0.00070377174345901371 -0.00016029596348418043 0.00066307772951435906 -0.0003282407410791884
leaf_weight=2447 3853 2379 2638 2126 2603 2140 2389 2267 2404 2471 2544 2064 3634
leaf_count=2447 3853 2379 2638 2126 2603 2140 2389 2267 2404 2471 2544 2064 3634
internal_value=6.32435e-08 3.68147e-05 -1.04153e-05 4.40879e-05 -0.000135536 6.98283e-05 0.000209499 6.41289e-05 0.000264253 1.72029e-05 0.000266002 -0.000162604 3.13795e-05
internal_weight=35959 32106 29659 27280 13079 10476 14201 11812 9545 7419 5015 8336 5698
internal_count=35959 32106 29659 27280 13079 10476 14201 11812 9545 7419 5015 8336 5698
is_linear=0
shrinkage=0.05


Tree=77
num_leaves=14
num_cat=0
split_feature=1 0 0 1 0 0 1 1 0 0 1 0 1
split_gain=0.145899 0.312357 0.3811 0.357224 0.368816 0.898086 0.588501 0.527031 0.67716 0.775831 0.723362 0.520291 0.193535
threshold=32.301969528198249 0.96341988444328319 1.5388837456703188 29.441926002502445 2.3991304636001591 2.1276745796203618 25.39705848693848 18.176328659057621 3.5047909021377568 5.236952781677247 9.8924860954284686 1.809703052043915 15.896850585937502
decision_type=2 2 2 2 2 2 2 2 2 2 2 2 2
left_child=1 -1 12 4 5 11 7 8 10 -10 -6 -4 -3
right_child=-2 2 3 -5 6 -7 -8 -9 9 -11 -12 -13 -14
leaf_value=0.00057675505304828091 -0.00029024480342884683 -0.00080706841809700654 0.0004945256760826662 0.00069757834781626225 -7.6315228551416078e-05 0.0011602253416736498 -0.00087329515534123906 0.00048828210297638961 0.00060316696648382508 -0.00061098328851652908 -0.0013037852579805256 -0.00057307052405681711 -0.00011924093361937962
leaf_weight=2447 3853 2004 2122 2024 2709 2149 2227 3972 3762 2011 2147 2446 2086
leaf_count=2447 3853 2004 2122 2024 2709 2149 2227 3972 3762 2011 2147 2446 2086
internal_value=7.05007e-08 3.49904e-05 -9.88694e-06 6.18487e-05 6.92655e-06 0.000319874 -0.000118104 -2.40079e-06 -0.000186053 0.000179898 -0.000620585 -7.71368e-05 -0.000457406
internal_weight=35959 32106 29659 25569 23545 6717 16828 14601 10629 5773 4856 4568 4090
internal_count=35959 32106 29659 25569 23545 6717 16828 14601 10629 5773 4856 4568 4090
is_linear=0
shrinkage=0.05


Tree=78
num_leaves=14
num_cat=0
split_feature=1 1 0 1 0 0 0 0 1 2 0 0 2
split_gain=0.142023 0.897677 0.487783 0.251726 0.26559 0.572249 0.552095 0.747009 0.503015 0.377361 0.261838 0.464356 0.171454
threshold=31.147220611572269 28.021887779235843 2.4567490816116337 25.549051284790043 5.236952781677247 3.8443462848663335 2.8952434062957768 2.2565510272979741 12.377048015594484 1.0000000180025095e-35 1.6672472357749941 1.1476519703865053 1.0000000180025095e-35
decision_type=2 2 2 2 2 2 2 2 2 2 2 2 2
left_child=1 3 -2 4 5 6 7 10 -9 -8 11 -1 -12
right_child=2 -3 -4 -5 -6 -7 9 8 -10 -11 12 -13 -14
leaf_value=-0.00038245637234500724 -0.0003242509794368058 -0.00086880255465850869 0.00067530231410526818 0.00053678494071462599 -0.00046623352505523793 0.00061846448940102328 -0.00096241738030999847 0.0012137240032218941 0.00012111772551994736 -8.3927568877224595e-05 -0.00076071040971297454 0.00049598291936961837 -0.00011120315571300195
leaf_weight=2856 2125 2944 2843 2394 2702 3779 2376 2076 2133 2511 2052 3157 2011
leaf_count=2856 2125 2944 2843 2394 2702 3779 2376 2076 2133 2511 2052 3157 2011
internal_value=5.81703e-08 -3.97493e-05 0.000247963 4.75522e-05 1.70449e-06 5.69735e-05 -5.3967e-05 0.000103023 0.000661622 -0.000512132 -0.000130742 7.88076e-05 -0.000440296
internal_weight=35959 30991 4968 28047 25653 22951 19172 14285 4209 4887 10076 6013 4063
internal_count=35959 30991 4968 28047 25653 22951 19172 14285 4209 4887 10076 6013 4063
is_linear=0
shrinkage=0.05


Tree=79
num_leaves=14
num_cat=0
split_feature=1 0 1 0 0 0 1 1 0 1 0 1 1
split_gain=0.144056 0.30079 0.373867 0.302935 0.80697 0.693793 0.54972 0.738906 0.781016 0.264343 0.487512 0.233417 0.474159
threshold=32.301969528198249 0.96341988444328319 2.5520198345184331 2.7336801290512089 2.3991304636001591 2.1276745796203618 27.029055595397953 20.810085296630863 3.2911728620529179 15.152253627777101 4.6334328651428232 12.217059135437013 19.009214401245121
decision_type=2 2 2 2 2 2 2 2 2 2 2 2 2
left_child=1 -1 -3 4 5 11 7 8 -5 10 -10 -4 -13
right_child=-2 2 3 6 -6 -7 -8 -9 9 -11 -12 12 -14
leaf_value=0.00056638877426776744 -0.00028842433712888597 -0.00060907369417497977 -0.0005286120216536186 0.0010762380745235195 -0.00091644749817189472 0.00086654011137732095 0.00089310486591788669 -0.00062907192496276028 0.00026697073160853694 0.00047458404808660887 -0.00077553528672562842 0.0006429249711439025 -0.0003041044308503841
leaf_weight=2447 3853 2379 2638 2316 2603 2140 2389 2900 2472 2087 2037 2064 3634
leaf_count=2447 3853 2379 2638 2316 2603 2140 2389 2900 2472 2087 2037 2064 3634
internal_value=5.11132e-08 3.47497e-05 -9.28901e-06 4.32203e-05 -0.000130347 6.56653e-05 0.000203053 6.28518e-05 0.000288459 1.06424e-05 -0.000204669 -0.000140725 3.94656e-05
internal_weight=35959 32106 29659 27280 13079 10476 14201 11812 8912 6596 4509 8336 5698
internal_count=35959 32106 29659 27280 13079 10476 14201 11812 8912 6596 4509 8336 5698
is_linear=0
shrinkage=0.05


Tree=80
num_leaves=14
num_cat=0
split_feature=1 1 2 1 0 0 0 0 2 1 1 1 1
split_gain=0.135722 0.841678 0.466681 0.228713 0.21719 0.53396 0.522388 0.696526 0.342281 0.320999 0.320457 0.49859 0.272462
threshold=31.147220611572269 28.021887779235843 1.0000000180025095e-35 25.549051284790043 5.236952781677247 3.8443462848663335 2.8952434062957768 2.2688354253768925 1.0000000180025095e-35 19.969761848449711 12.217059135437013 5.6839787960052499 12.377048015594484
decision_type=2 2 2 2 2 2 2 2 2 2 2 2 2
left_child=1 3 -2 4 5 6 7 9 -8 10 11 -1 -9
right_child=2 -3 -4 -5 -6 -7 8 12 -10 -11 -12 -13 -14
leaf_value=0.00030279480361612211 0.00071511832376457227 -0.00084163303184725492 -0.00025262771694970691 0.00051201233695905826 -0.00042118132160555861 0.00059433944345143631 -0.00092972413567881632 0.0010542646714188509 -9.300063137513033e-05 -0.00067060166281537805 0.00040452243620432569 -0.00071358408287360865 0.00023934865653331124
leaf_weight=2261 2539 2944 2429 2394 2702 3779 2376 2043 2511 2118 3231 2567 2065
leaf_count=2261 2539 2944 2429 2394 2702 3779 2376 2043 2511 2118 3231 2567 2065
internal_value=5.87963e-08 -3.88556e-05 0.000242402 4.56792e-05 1.9773e-06 5.19571e-05 -5.52062e-05 9.75034e-05 -0.000500873 -0.000124398 1.98039e-05 -0.000237962 0.000646201
internal_weight=35959 30991 4968 28047 25653 22951 19172 14285 4887 10177 8059 4828 4108
internal_count=35959 30991 4968 28047 25653 22951 19172 14285 4887 10177 8059 4828 4108
is_linear=0
shrinkage=0.05


Tree=81
num_leaves=13
num_cat=0
split_feature=1 1 0 1 0 1 1 0 1 1 0 2
split_gain=0.141541 0.281378 0.996339 0.434163 0.308073 0.470633 0.589757 0.567595 1.56619 0.509133 0.337267 0.140722
threshold=32.301969528198249 26.775197029113773 2.8591554164886479 23.984110832214359 1.1476519703865053 9.0399641990661639 11.507899284362795 3.2190680503845219 17.748370170593265 4.1542353630065927 4.3342845439910898 1.0000000180025095e-35
decision_type=2 2 2 2 2 2 2 2 2 2 2 2
left_child=1 3 -3 4 -1 9 -7 8 -8 -6 -9 -11
right_child=-2 2 -4 -5 5 6 7 10 -10 11 -12 -13
leaf_value=-0.00046664093724120928 -0.00028589210812988633 -0.00025042027052506427 0.0011233541186240258 -0.00063329672487295017 0.00023381037297342551 0.0010478563601934168 -0.00029018324013652683 -0.00070607036535991696 0.0012750808464792726 -0.00085481452940539937 0.00013837610998997026 -0.00029130399588411522
leaf_weight=2699 3853 2935 2384 2686 3710 2110 3402 2323 2999 2102 2392 2364
leaf_count=2699 3853 2935 2384 2686 3710 2110 3402 2323 2999 2102 2392 2364
internal_value=5.44631e-08 3.44489e-05 0.000366264 -3.15506e-05 3.57474e-05 9.92918e-05 0.000283559 0.000137671 0.00044402 -0.000198772 -0.000278282 -0.000557847
internal_weight=35959 32106 5319 26787 24101 21402 13226 11116 6401 8176 4715 4466
internal_count=35959 32106 5319 26787 24101 21402 13226 11116 6401 8176 4715 4466
is_linear=0
shrinkage=0.05


Tree=82
num_leaves=13
num_cat=0
split_feature=1 1 2 1 0 1 0 0 0 1 1 0
split_gain=0.13654 0.233939 0.396441 0.942762 0.553416 0.54786 0.44461 0.700648 0.475508 0.489693 0.45403 0.458311
threshold=2.5520198345184331 5.0514471530914316 1.5000000000000002 23.563646316528324 5.5248186588287362 32.959907531738288 2.0476689338684086 2.5264420509338383 3.2911728620529179 17.027730941772464 25.247751235961918 1.2132524251937868
decision_type=2 2 2 2 2 2 2 2 2 2 2 2
left_child=-1 -2 4 -4 5 6 10 -8 -9 -10 11 -3
right_child=1 2 3 -5 -6 -7 7 8 9 -11 -12 -13
leaf_value=-0.0003501104199815311 0.0004813601493722476 -0.00060781866167111448 0.00012356072424456335 -0.0011259617201116743 0.00087177198310672138 0.00073381163793680821 -0.00095247540444619956 0.00037369613703291038 0.00018740028710103533 -0.00072338174893977298 0.00086129415814086095 0.00034579851106850406
leaf_weight=2574 2603 2003 3868 2464 2014 2323 2797 3879 2566 3453 2057 3358
leaf_count=2574 2603 2003 3868 2464 2014 2323 2797 3879 2566 3453 2057 3358
internal_value=5.2278e-08 2.71467e-05 -1.14065e-05 -0.00036368 7.99359e-05 8.49888e-06 -7.55959e-05 -0.000255224 -5.74307e-05 -0.000335433 0.000231745 -1.09644e-05
internal_weight=35959 33385 30782 6332 24450 22436 20113 12695 9898 6019 7418 5361
internal_count=35959 33385 30782 6332 24450 22436 20113 12695 9898 6019 7418 5361
is_linear=0
shrinkage=0.05


Tree=83
num_leaves=14
num_cat=0
split_feature=1 0 1 0 0 0 1 1 0 0 2 1 1
split_gain=0.140487 0.314096 0.342058 0.270753 0.765916 0.661092 0.472226 0.638273 0.697591 0.390015 0.332408 0.193621 0.405881
threshold=32.301969528198249 0.96341988444328319 2.5520198345184331 2.7336801290512089 2.3991304636001591 2.1276745796203618 27.029055595397953 22.187371253967289 3.2911728620529179 3.8443462848663335 1.0000000180025095e-35 12.217059135437013 19.009214401245121
decision_type=2 2 2 2 2 2 2 2 2 2 2 2 2
left_child=1 -1 -3 4 5 11 7 8 -5 -10 -11 -4 -13
right_child=-2 2 3 6 -6 -7 -8 -9 9 10 -12 12 -14
leaf_value=0.00057758989176024615 -0.00028482735939317763 -0.00058438492892056023 -0.00048833094746485899 0.00096329008341911623 -0.00089038910067272157 0.00084818542737826483 0.00083021551062525316 -0.00069163529582966969 -0.0005883320301266978 0.00063780844242430077 -0.00017504922697460427 0.00058740223402754886 -0.00028879003596142782
leaf_weight=2447 3853 2379 2638 2461 2603 2140 2389 2267 2069 2471 2544 2064 3634
leaf_count=2447 3853 2379 2638 2461 2603 2140 2389 2267 2069 2471 2544 2064 3634
internal_value=5.27006e-08 3.43188e-05 -1.0683e-05 3.95435e-05 -0.000124545 6.64142e-05 0.000190649 6.07022e-05 0.000239924 -1.23788e-05 0.000225936 -0.000135056 2.90682e-05
internal_weight=35959 32106 29659 27280 13079 10476 14201 11812 9545 7084 5015 8336 5698
internal_count=35959 32106 29659 27280 13079 10476 14201 11812 9545 7084 5015 8336 5698
is_linear=0
shrinkage=0.05


Tree=84
num_leaves=14
num_cat=0
split_feature=1 1 0 1 1 1 1 0 0 0 0 1 0
split_gain=0.127631 0.814021 0.419293 0.255036 0.581616 0.595152 0.345262 0.501521 0.880862 0.721145 0.342497 0.27871 0.259259
threshold=31.147220611572269 28.021887779235843 2.4567490816116337 22.897038459777836 20.131559371948246 17.748370170593265 14.390244483947756 2.9131472110748295 3.5670152902603154 1.5098375082015993 2.0476689338684086 6.6163973808288583 2.9398705959320073
decision_type=2 2 2 2 2 2 2 2 2 2 2 2 2
left_child=1 3 -2 4 5 6 7 9 -9 -1 -11 -10 -5
right_child=2 -3 -4 12 -6 -7 -8 8 11 10 -12 -13 -14
leaf_value=-0.00030671926631868174 -0.00029547413467336951 -0.00082715838374399972 0.00063126258087933124 5.3857272287107083e-05 -0.00073620944526108412 0.00082364693818497885 -0.00047290880237729565 -0.0011044088689896017 -0.00027510214006330996 0.0011787346148483546 0.00035653448301676372 0.00052714652285441226 0.0007747202987619941
leaf_weight=2855 2125 2944 2843 2884 2548 2277 3561 2061 2039 2069 3276 2287 2190
leaf_count=2855 2125 2944 2843 2884 2548 2277 3561 2061 2039 2069 3276 2287 2190
internal_value=5.63664e-08 -3.76803e-05 0.000235065 4.54538e-05 -2.54514e-05 6.35319e-05 -3.22396e-05 7.55875e-05 -0.000256379 0.000334155 0.000676407 0.000149255 0.000365902
internal_weight=35959 30991 4968 28047 22973 20425 18148 14587 6387 8200 5345 4326 5074
internal_count=35959 30991 4968 28047 22973 20425 18148 14587 6387 8200 5345 4326 5074
is_linear=0
shrinkage=0.05


Tree=85
num_leaves=14
num_cat=0
split_feature=1 0 1 0 0 0 1 1 0 0 1 0 0
split_gain=0.138316 0.297995 0.308097 0.252395 0.688608 0.598199 0.434841 0.618719 0.655097 0.335121 0.309033 0.200204 0.31813
threshold=32.301969528198249 0.96341988444328319 2.5520198345184331 2.7336801290512089 2.3991304636001591 2.1276745796203618 27.029055595397953 22.187371253967289 3.2911728620529179 3.8443462848663335 12.98198461532593 1.6672472357749941 1.397660553455353
decision_type=2 2 2 2 2 2 2 2 2 2 2 2 2
left_child=1 -1 -3 4 5 11 7 8 -5 -10 -11 12 -4
right_child=-2 2 3 6 -6 -7 -8 -9 9 10 -12 -13 -14
leaf_value=0.00056322188850175831 -0.00028261233421702901 -0.00055425291611221818 -0.00026967970936015264 0.00093653137571111846 -0.00084670011954486937 0.0008041899118411387 0.00079751464785925662 -0.00068163473241158578 -0.00054284635262854012 -0.00015504789290025317 0.00063035425322069643 -0.00041114370934662911 0.00055799331510972608
leaf_weight=2447 3853 2379 2717 2461 2603 2140 2389 2267 2069 2675 2340 3607 2012
leaf_count=2447 3853 2379 2717 2461 2603 2140 2389 2267 2069 2675 2340 3607 2012
internal_value=5.81126e-08 3.40585e-05 -9.775e-06 3.78928e-05 -0.000120535 6.05328e-05 0.000183785 5.9088e-05 0.000235544 -8.95809e-06 0.000211946 -0.000131112 8.28964e-05
internal_weight=35959 32106 29659 27280 13079 10476 14201 11812 9545 7084 5015 8336 4729
internal_count=35959 32106 29659 27280 13079 10476 14201 11812 9545 7084 5015 8336 4729
is_linear=0
shrinkage=0.05


Tree=86
num_leaves=14
num_cat=0
split_feature=0 1 0 2 1 1 1 1 1 0 1 1 1
split_gain=0.133669 0.417132 0.594654 0.349246 1.36051 0.797635 0.852846 0.813545 0.795805 0.949944 0.474109 0.266865 0.216185
threshold=6.0247890949249276 32.301969528198249 4.9353501796722421 1.5000000000000002 19.641646385192875 19.641646385192875 26.057966232299808 15.265819549560549 11.357594013214113 1.9200109839439394 23.032616615295414 29.161855697631839 4.6905651092529306
decision_type=2 2 2 2 2 2 2 2 2 2 2 2 2
left_child=1 2 3 5 -5 7 10 8 9 -1 -7 -8 -11
right_child=-2 -3 -4 4 -6 6 11 -9 -10 12 -12 -13 -14
leaf_value=0.00042608289821620816 -0.00039262175612965391 -0.00047833078969238051 0.00087513485302958519 0.00096222436828477087 -0.00065176021398842196 0.00029612234964884336 -0.00057376686282073648 -0.0010112983719363388 0.00064010133421043148 -0.0011050749150887721 0.0013346541787738904 0.00021912028359375964 -0.00045671621270656468
leaf_weight=2642 2034 3678 2197 3575 2045 2289 2214 3114 2736 2245 2117 2022 3051
leaf_count=2642 2034 3678 2197 3575 2045 2289 2214 3114 2736 2245 2117 2022 3051
internal_value=6.27843e-08 2.37153e-05 8.49014e-05 2.2717e-05 0.000374815 -6.56314e-05 0.000310771 -0.000301606 -9.38096e-05 -0.000347255 0.00079701 -0.000195668 -0.000733123
internal_weight=35959 33925 30247 28050 5620 22430 8642 13788 10674 7938 4406 4236 5296
internal_count=35959 33925 30247 28050 5620 22430 8642 13788 10674 7938 4406 4236 5296
is_linear=0
shrinkage=0.05


Tree=87
num_leaves=14
num_cat=0
split_feature=1 1 2 1 1 1 1 0 0 0 0 0 1
split_gain=0.14123 0.748627 0.382937 0.226242 0.536229 0.577155 0.614333 0.423888 0.809142 0.70315 0.297796 0.243588 0.230731
threshold=31.147220611572269 28.021887779235843 1.0000000180025095e-35 22.897038459777836 20.131559371948246 16.790926933288578 14.390244483947756 2.9131472110748295 3.5670152902603154 1.5098375082015993 2.0476689338684086 2.9398705959320073 6.6163973808288583
decision_type=2 2 2 2 2 2 2 2 2 2 2 2 2
left_child=1 3 -2 4 5 6 7 9 -9 -1 -11 -5 -10
right_child=2 -3 -4 11 -6 -7 -8 8 12 10 -12 -13 -14
leaf_value=-0.00032684205137310535 0.00067545315179222193 -0.00079673781129321213 -0.00020123328963528414 3.948796556825641e-05 -0.00070915227734232771 0.00066623492390071367 -0.00076930512359382958 -0.0010497573541036213 -0.00023438563193649661 0.0011123275766477107 0.00034557220655983861 0.00073817525634459267 0.00049558142550574667
leaf_weight=2855 2539 2944 2429 2884 2548 3272 2566 2061 2039 2069 3276 2190 2287
leaf_count=2855 2539 2944 2429 2884 2548 3272 2566 2061 2039 2069 3276 2190 2287
internal_value=6.08176e-08 -3.96353e-05 0.000247272 4.00908e-05 -2.66908e-05 5.8751e-05 -5.74495e-05 6.82143e-05 -0.000236979 0.000305929 0.000643899 0.000341909 0.000151775
internal_weight=35959 30991 4968 28047 22973 20425 17153 14587 6387 8200 5345 5074 4326
internal_count=35959 30991 4968 28047 22973 20425 17153 14587 6387 8200 5345 5074 4326
is_linear=0
shrinkage=0.05


Tree=88
num_leaves=13
num_cat=0
split_feature=0 0 1 0 0 1 0 1 1 1 1 1
split_gain=0.143402 0.489035 0.66785 0.469088 0.165914 0.8908 0.477096 0.25518 0.392599 0.428474 0.377374 0.303915
threshold=4.0673997402191171 4.9353501796722421 15.403133392333986 3.4418236017227177 2.7031795978546147 17.748370170593265 2.4692233800888066 19.969761848449711 12.217059135437013 4.9547131061553964 25.247751235961918 29.780121803283695
decision_type=2 2 2 2 2 2 2 2 2 2 2 2
left_child=3 -2 -3 4 6 -6 7 8 9 -1 -9 -12
right_child=1 2 -4 -5 5 -7 -8 10 -10 -11 11 -13
leaf_value=0.000402271169319175 -0.00061375440503900678 -0.00051363700530051984 0.00070243288574150891 0.0005906751823036788 -0.00083349281044085919 0.00038618260246673627 0.00075164948806895836 -0.00080460283269693676 0.00053261014394266875 -0.00049991579205697207 0.00044742649727799917 -0.00035916649019949662
leaf_weight=2194 3651 2023 2530 3545 3132 2851 2132 2231 3648 3258 2015 2749
leaf_count=2194 3651 2023 2530 3545 3132 2851 2132 2231 3648 3258 2015 2749
internal_value=5.7556e-08 -0.000183467 0.000162164 5.43515e-05 -2.43923e-05 -0.000252622 5.06216e-05 -4.26481e-05 0.000131852 -0.000136785 -0.000269524 -1.77842e-05
internal_weight=35959 8204 4553 27755 24210 5983 18227 16095 9100 5452 6995 4764
internal_count=35959 8204 4553 27755 24210 5983 18227 16095 9100 5452 6995 4764
is_linear=0
shrinkage=0.05


Tree=89
num_leaves=12
num_cat=0
split_feature=1 1 1 1 0 0 0 1 1 1 0
split_gain=0.139217 0.386291 0.392736 0.532425 0.480533 1.12963 0.925882 0.415841 1.09342 0.180864 0.697473
threshold=3.8378313779830937 6.2991795539855966 9.8924860954284686 12.98198461532593 4.9803133010864267 4.0009002685546884 3.3269541263580327 16.790926933288578 20.131559371948246 25.549051284790043 2.0476689338684086
decision_type=2 2 2 2 2 2 2 2 2 2 2
left_child=-1 -2 -3 -4 5 6 7 -5 -9 -10 -11
right_child=1 2 3 4 -6 -7 -8 8 9 10 -12
leaf_value=0.0002831139081944381 -0.00061642461700444837 0.00050968344620302031 -0.00066004920346914053 -0.00062752961036755916 0.00064764834506257174 -0.0010067434584776441 0.00096174174638882488 0.0011048227942496449 -0.000449904786129938 0.00048577477620043651 -0.00053731201623367334
leaf_weight=3866 2606 3554 3134 2624 2789 2672 2611 2084 3359 3496 3164
leaf_count=3866 2606 3554 3134 2624 2789 2672 2611 2084 3359 3496 3164
internal_value=5.73114e-08 -3.41179e-05 1.75367e-05 -5.00803e-05 3.402e-05 -5.17885e-05 9.58773e-05 -5.81832e-05 6.56706e-05 -0.000151364 -3.45124e-07
internal_weight=35959 32093 29487 25933 22799 20010 17338 14727 12103 10019 6660
internal_count=35959 32093 29487 25933 22799 20010 17338 14727 12103 10019 6660
is_linear=0
shrinkage=0.05


Tree=90
num_leaves=14
num_cat=0
split_feature=0 1 0 2 1 1 1 1 1 0 1 1 0
split_gain=0.139865 0.399461 0.495821 0.314576 1.19733 0.753264 0.813107 0.807246 0.751388 0.832567 0.397863 0.259503 0.238339
threshold=6.0247890949249276 32.301969528198249 4.9353501796722421 1.5000000000000002 19.641646385192875 19.641646385192875 15.265819549560549 26.057966232299808 11.357594013214113 1.9200109839439394 23.032616615295414 29.161855697631839 2.7657041549682622
decision_type=2 2 2 2 2 2 2 2 2 2 2 2 2
left_child=1 2 3 5 -5 6 8 10 9 -1 -7 -9 -11
right_child=-2 -3 -4 4 -6 7 -8 11 -10 12 -12 -13 -14
leaf_value=0.00039959732333485739 -0.0004016269229520719 -0.00046704678969732661 0.00080570851592207246 0.00091255040247252442 -0.00060156847692747345 0.00032318320526471701 -0.00099532573745360581 -0.00055631659222055813 0.00063501435961973388 -0.001114362138125418 0.0012749234044953772 0.00022553653842694943 -0.00042163670849571866
leaf_weight=2642 2034 3678 2197 3575 2045 2289 3114 2214 2736 2006 2117 2022 3290
leaf_count=2642 2034 3678 2197 3575 2045 2289 3114 2214 2736 2006 2117 2022 3290
internal_value=5.5765e-08 2.42502e-05 8.4126e-05 2.73415e-05 0.000361504 -5.65093e-05 -0.000285829 0.00030927 -7.8105e-05 -0.000324386 0.000782328 -0.000183457 -0.00068563
internal_weight=35959 33925 30247 28050 5620 22430 13788 8642 10674 7938 4406 4236 5296
internal_count=35959 33925 30247 28050 5620 22430 13788 8642 10674 7938 4406 4236 5296
is_linear=0
shrinkage=0.05


Tree=91
num_leaves=14
num_cat=0
split_feature=1 1 0 1 0 0 0 0 2 1 0 0 2
split_gain=0.140581 0.687557 0.355871 0.200139 0.25495 0.530626 0.360497 0.694777 0.272521 0.26337 0.242726 0.388491 0.157602
threshold=31.147220611572269 28.021887779235843 2.4567490816116337 25.549051284790043 5.236952781677247 3.8443462848663335 2.8952434062957768 2.2688354253768925 1.0000000180025095e-35 12.377048015594484 1.6672472357749941 1.1476519703865053 1.0000000180025095e-35
decision_type=2 2 2 2 2 2 2 2 2 2 2 2 2
left_child=1 3 -2 4 5 6 7 10 -8 -9 11 -1 -12
right_child=2 -3 -4 -5 -6 -7 8 9 -10 -11 12 -13 -14
leaf_value=-0.00037003603403822533 -0.00024217267611692235 -0.00076511613879132298 0.00061166989871746461 0.00047308539726566377 -0.00046249204038660845 0.00059081474946133257 -0.00080957392949248131 0.0010193596950681591 -6.3063775486366273e-05 0.00021828546692464137 -0.00074904680942599862 0.00043343652346640796 -0.00013376173999495047
leaf_weight=2856 2125 2944 2843 2394 2702 3779 2376 2043 2511 2065 2095 3157 2069
leaf_count=2856 2125 2944 2843 2394 2702 3779 2376 2043 2511 2065 2095 3157 2069
internal_value=5.32425e-08 -3.95516e-05 0.000246697 3.6854e-05 -4.02465e-06 5.01282e-05 -5.66992e-05 7.01661e-05 -0.00042692 0.000618185 -0.000151435 5.18297e-05 -0.000444378
internal_weight=35959 30991 4968 28047 25653 22951 19172 14285 4887 4108 10177 6013 4164
internal_count=35959 30991 4968 28047 25653 22951 19172 14285 4887 4108 10177 6013 4164
is_linear=0
shrinkage=0.05


Tree=92
num_leaves=13
num_cat=0
split_feature=0 0 1 0 1 0 0 1 1 0 1 0
split_gain=0.135214 0.401292 0.566211 0.397017 0.595251 0.438931 0.425085 0.216369 0.364285 0.398743 0.35132 0.271062
threshold=4.0673997402191171 4.9353501796722421 15.403133392333986 3.111780166625977 23.563646316528324 2.7031795978546147 2.4692233800888066 19.969761848449711 12.217059135437013 1.5098375082015993 25.247751235961918 1.7726404070854189
decision_type=2 2 2 2 2 2 2 2 2 2 2 2
left_child=3 -2 -3 5 -5 6 7 8 9 -1 -9 -12
right_child=1 2 -4 4 -6 -7 -8 10 -10 -11 11 -13
leaf_value=-0.00062064121052697444 -0.0005679334627226567 -0.00048726206658310928 0.00063243903492634203 4.9950092055409907e-05 0.001087444567104238 -0.00056633286219054922 0.00071167514284985233 -0.00076326707784679887 0.00050864310311587307 0.00023998557801588658 0.0003162561138955912 -0.00044625959399633954
leaf_weight=2380 3651 2023 2530 4002 2103 3423 2132 2231 3648 3072 2764 2000
leaf_count=2380 3651 2023 2530 4002 2103 3423 2132 2231 3648 3072 2764 2000
internal_value=4.71301e-08 -0.000178161 0.000134953 5.27682e-05 0.000408532 -4.76945e-05 4.99621e-05 -3.80782e-05 0.000122604 -0.000136158 -0.000246991 -4.12386e-06
internal_weight=35959 8204 4553 27755 6105 21650 18227 16095 9100 5452 6995 4764
internal_count=35959 8204 4553 27755 6105 21650 18227 16095 9100 5452 6995 4764
is_linear=0
shrinkage=0.05


Tree=93
num_leaves=14
num_cat=0
split_feature=1 1 0 0 1 0 1 1 1 2 2 0 1
split_gain=0.13292 0.346873 0.686552 0.446662 0.577728 0.278856 0.537209 0.956845 0.696226 1.22465 0.173976 0.0894997 0.0710339
threshold=3.8378313779830937 9.0399641990661639 5.6840813159942636 4.0009002685546884 22.187371253967289 1.1476519703865053 31.147220611572269 24.402464866638187 17.748370170593265 1.0000000180025095e-35 1.0000000180025095e-35 2.4125087261199956 6.0178465843200692
decision_type=2 2 2 2 2 2 2 2 2 2 2 2 2
left_child=-1 12 3 5 -5 -3 7 8 9 -7 -10 -9 -2
right_child=1 2 -4 4 -6 6 -8 11 10 -11 -12 -13 -14
leaf_value=0.00027662649654014481 -0.00060937285957212686 -0.00038069494728066721 0.00092458704300846489 0.00012233758826709682 -0.0010335132417721318 0.0006434565634202558 0.0007320118567994019 -0.00037797322184174374 0.00043544732075253027 -0.00080487407734905817 0.0010851599507746572 -0.00083551266790249314 -0.00023971171400132552
leaf_weight=3866 2321 2983 2017 2027 2302 2942 3147 2156 2009 2877 2154 2170 2988
leaf_count=3866 2321 2983 2017 2027 2302 2942 3147 2156 2009 2877 2154 2170 2988
internal_value=4.60914e-08 -3.33472e-05 3.98805e-05 -3.25132e-05 -0.000493266 6.52729e-05 0.000141662 1.13954e-05 0.000280551 -7.27719e-05 0.000773413 -0.000608881 -0.000402163
internal_weight=35959 32093 26784 24767 4329 20438 17455 14308 9982 5819 4163 4326 5309
internal_count=35959 32093 26784 24767 4329 20438 17455 14308 9982 5819 4163 4326 5309
is_linear=0
shrinkage=0.05


Tree=94
num_leaves=14
num_cat=0
split_feature=0 1 0 0 1 1 0 1 2 1 2 0 0
split_gain=0.140556 0.416223 0.44404 0.306665 0.345846 0.371186 0.658068 0.357647 1.26601 0.580609 0.580234 0.445417 0.274683
threshold=6.0247890949249276 32.301969528198249 4.9353501796722421 0.96341988444328319 2.5520198345184331 9.8924860954284686 2.1971623897552495 17.748370170593265 1.0000000180025095e-35 26.057966232299808 1.0000000180025095e-35 2.0323077440261845 3.1276804208755498
decision_type=2 2 2 2 2 2 2 2 2 2 2 2 2
left_child=1 2 3 -1 -5 6 -6 8 -7 11 -11 -9 -13
right_child=-2 -3 -4 4 5 7 -8 9 -10 10 -12 12 -14
leaf_value=0.0005652594343523974 -0.00040263072158084863 -0.00047720220204274698 0.00076828237464774502 -0.00063527226998029754 -0.00031653125693621449 0.00031855864299528227 0.00077971749532434369 -0.00020045473610451594 -0.0010885150839558971 -0.00084340103586807058 0.0002540737313920203 0.0010942277928549624 0.00029919617571327043
leaf_weight=2447 2034 3678 2197 2084 2152 3222 3731 2084 3156 2538 2277 2118 2241
leaf_count=2447 2034 3678 2197 2084 2152 3222 3731 2084 3156 2538 2277 2118 2241
internal_value=4.29212e-08 2.42971e-05 8.54164e-05 3.16765e-05 -1.95213e-05 3.52867e-05 0.000378853 -7.94696e-05 -0.000378312 9.00192e-05 -0.000324957 0.000400164 0.000687115
internal_weight=35959 33925 30247 28050 25603 23519 5883 17636 6378 11258 4815 6443 4359
internal_count=35959 33925 30247 28050 25603 23519 5883 17636 6378 11258 4815 6443 4359
is_linear=0
shrinkage=0.05


Tree=95
num_leaves=14
num_cat=0
split_feature=1 1 1 2 1 1 0 0 0 0 1 1 1
split_gain=0.127728 0.344595 0.656968 0.513353 0.573784 0.258657 0.207162 0.377248 0.497358 0.589712 0.481811 0.0741893 0.0118783
threshold=3.8378313779830937 9.0399641990661639 11.231722831726076 1.5000000000000002 23.563646316528324 32.959907531738288 1.6672472357749941 2.9606319665908818 3.9399646520614628 4.9803133010864267 19.32878398895264 6.8785724639892587 21.819277763366703
decision_type=2 2 2 2 2 2 2 2 2 2 2 2 2
left_child=-1 11 -3 5 -5 6 12 10 -9 -10 -8 -2 -4
right_child=1 2 3 4 -6 -7 7 8 9 -11 -12 -13 -14
leaf_value=0.00027116716652961426 -0.00024588042244205478 0.00088000728485551453 0.00023720273505063104 4.1851817353325338e-05 -0.0010261793045719086 0.00055569354695531763 -0.00095140747500724982 0.00062329089868522365 -0.00080433410275644341 0.00039092443145621577 -1.7233906549964792e-05 -0.00062799543761864988 0.00041084589945767188
leaf_weight=3866 3176 2133 2033 2556 2464 2510 2269 3183 2058 2051 3501 2133 2026
leaf_count=3866 3176 2133 2033 2556 2464 2510 2269 3183 2058 2051 3501 2133 2026
internal_value=4.23678e-08 -3.26923e-05 4.02944e-05 -3.26916e-05 -0.000483375 8.27437e-05 1.31237e-05 -8.38637e-05 0.000155095 -0.000208222 -0.0003856 -0.000400295 0.000324671
internal_weight=35959 32093 26784 24651 5020 19631 17121 13062 7292 4109 5770 5309 4059
internal_count=35959 32093 26784 24651 5020 19631 17121 13062 7292 4109 5770 5309 4059
is_linear=0
shrinkage=0.05


Tree=96
num_leaves=14
num_cat=0
split_feature=0 1 0 2 0 1 1 1 0 1 1 1 0
split_gain=0.132122 0.390471 0.391945 0.304805 1.08306 0.706215 0.75565 0.70344 0.818207 0.643065 0.373346 0.23531 0.233944
threshold=6.0247890949249276 32.301969528198249 4.9353501796722421 1.5000000000000002 1.9341526627540591 19.641646385192875 15.265819549560549 11.357594013214113 1.9200109839439394 26.057966232299808 23.032616615295414 29.161855697631839 2.7657041549682622
decision_type=2 2 2 2 2 2 2 2 2 2 2 2 2
left_child=1 2 3 5 -5 6 7 8 -1 10 -7 -11 -10
right_child=-2 -3 -4 4 -6 9 -8 -9 12 11 -12 -13 -14
leaf_value=0.00040731225141354944 -0.00039037000471487993 -0.00046218518695647493 0.00072431047199966302 -0.00054200111939990269 0.0008927204283169989 0.00028150757917691608 -0.00095629347353242777 0.00061790991624588454 -0.0010932248153588421 -0.00049104897643799557 0.0012032265601138745 0.00025339128760946565 -0.00040700133391455349
leaf_weight=2642 2034 3678 2197 2082 3538 2289 3114 2736 2006 2214 2117 2022 3290
leaf_count=2642 2034 3678 2197 2082 3538 2289 3114 2736 2006 2214 2117 2022 3290
internal_value=3.66138e-08 2.35519e-05 8.27502e-05 3.22601e-05 0.000361191 -5.02802e-05 -0.000272325 -7.20772e-05 -0.000310374 0.000303889 0.000726098 -0.00013594 -0.000668497
internal_weight=35959 33925 30247 28050 5620 22430 13788 10674 7938 8642 4406 4236 5296
internal_count=35959 33925 30247 28050 5620 22430 13788 10674 7938 8642 4406 4236 5296
is_linear=0
shrinkage=0.05


Tree=97
num_leaves=14
num_cat=0
split_feature=1 1 0 1 0 0 0 0 1 2 1 1 1
split_gain=0.130722 0.57254 0.314456 0.211327 0.259593 0.515405 0.372996 0.594391 0.264181 0.260491 0.252463 0.242459 0.420695
threshold=31.147220611572269 28.021887779235843 2.4567490816116337 25.549051284790043 5.236952781677247 3.8443462848663335 2.8952434062957768 2.2688354253768925 12.377048015594484 1.0000000180025095e-35 19.969761848449711 12.217059135437013 5.6839787960052499
decision_type=2 2 2 2 2 2 2 2 2 2 2 2 2
left_child=1 3 -2 4 5 6 7 10 -9 -8 11 12 -1
right_child=2 -3 -4 -5 -6 -7 9 8 -10 -11 -12 -13 -14
leaf_value=0.00026351374793404878 -0.0002216913003844713 -0.00070025698012237932 0.0005809463128226617 0.00047982713016890088 -0.00047305616454572787 0.00057708744651459277 -0.00081177440660817153 0.000976599445039604 0.00017461049584109066 -8.1831461425297544e-05 -0.00062138922200807108 0.00032559629026755315 -0.00067013005090933297
leaf_weight=2261 2125 2944 2843 2394 2702 3779 2376 2043 2065 2511 2118 3231 2567
leaf_count=2261 2125 2944 2843 2394 2702 3779 2376 2043 2065 2511 2118 3231 2567
internal_value=3.53278e-08 -3.81555e-05 0.000237872 3.15679e-05 -1.04354e-05 4.42108e-05 -6.10708e-05 6.7977e-05 0.00057486 -0.000437654 -0.000136993 -9.07521e-06 -0.000233255
internal_weight=35959 30991 4968 28047 25653 22951 19172 14285 4108 4887 10177 8059 4828
internal_count=35959 30991 4968 28047 25653 22951 19172 14285 4108 4887 10177 8059 4828
is_linear=0
shrinkage=0.05


Tree=98
num_leaves=13
num_cat=0
split_feature=0 1 0 0 0 1 1 0 0 2 1 1
split_gain=0.133688 0.370475 0.771412 0.343409 0.151343 0.730271 0.359888 0.18089 0.562274 0.569708 0.52835 0.182545
threshold=4.0673997402191171 16.555461883544925 4.9803133010864267 3.4418236017227177 2.7031795978546147 17.748370170593265 4.4012467861175546 2.4125087261199956 1.9719609618186953 1.5000000000000002 24.662733078002933 14.390244483947756
decision_type=2 2 2 2 2 2 2 2 2 2 2 2
left_child=3 -2 -3 4 6 -6 -1 8 9 10 11 -8
right_child=1 2 -4 -5 5 -7 7 -9 -10 -11 -12 -13
leaf_value=0.00065241406041459816 0.00018317282791723705 -0.0011683975674963644 0.00015534048669747433 0.00051133978515997683 -0.00075883396050834158 0.00034549536158792618 4.5974521778957766e-05 -0.00043101916335917156 0.00057272721855699551 -0.00086966140159617047 0.00059124365240988477 -0.00055657231738718638
leaf_weight=2216 3813 2136 2255 3545 3132 2851 2464 2343 3663 2150 2838 2553
leaf_count=2216 3813 2136 2255 3545 3132 2851 2464 2343 3663 2150 2838 2553
internal_value=3.07403e-08 -0.000177169 -0.000489783 5.24535e-05 -1.49233e-05 -0.000232904 5.67172e-05 -2.60859e-05 4.35931e-05 -0.00015051 4.71847e-05 -0.000261141
internal_weight=35959 8204 4391 27755 24210 5983 18227 16011 13668 10005 7855 5017
internal_count=35959 8204 4391 27755 24210 5983 18227 16011 13668 10005 7855 5017
is_linear=0
shrinkage=0.05


Tree=99
num_leaves=12
num_cat=0
split_feature=0 0 0 0 1 1 1 0 2 0 2
split_gain=0.131791 0.905303 0.568684 0.375203 0.332357 0.395547 0.407473 0.242037 0.476828 1.11317 0.257109
threshold=3.2911728620529179 2.9606319665908818 2.7031795978546147 2.4692233800888066 25.892906188964847 15.403133392333986 7.0298006534576425 2.0476689338684086 1.5000000000000002 1.5388837456703188 1.0000000180025095e-35
decision_type=2 2 2 2 2 2 2 2 2 2 2
left_child=1 2 3 7 5 6 -2 8 9 10 -1
right_child=4 -3 -4 -5 -6 -7 -8 -9 -10 -11 -12
leaf_value=-0.00045744678354473173 0.00022646999980694663 0.00095503203886872386 -0.00078189816031004351 0.00067555778276177003 -0.00053278145999589106 0.00042339452278092657 -0.00063811269192566447 -0.00036695147000619295 -0.00052766979197975742 0.00089805615782854542 0.00023339302747425901
leaf_weight=3587 2516 2566 2281 2132 3630 3786 2953 3974 2526 3863 2145
leaf_count=3587 2516 2566 2281 2132 3630 3786 2953 3974 2526 3863 2145
internal_value=1.91045e-08 7.15418e-05 -3.94138e-05 5.38815e-05 -0.000128017 3.11431e-05 -0.000240676 -2.88363e-05 8.22296e-05 0.000243175 -0.000198968
internal_weight=35959 23074 20508 18227 12885 9255 5469 16095 12121 9595 5732
internal_count=35959 23074 20508 18227 12885 9255 5469 16095 12121 9595 5732
is_linear=0
shrinkage=0.05


Tree=100
num_leaves=14
num_cat=0
split_feature=1 1 1 1 0 0 0 0 0 0 1 2 2
split_gain=0.121291 0.517658 0.306901 0.189653 0.243496 0.470245 0.358132 0.553621 0.252261 0.346881 0.240478 0.232239 0.169474
threshold=31.147220611572269 28.021887779235843 33.847778320312507 25.549051284790043 5.236952781677247 3.8443462848663335 2.8952434062957768 2.2688354253768925 1.6672472357749941 1.1476519703865053 12.377048015594484 1.0000000180025095e-35 1.0000000180025095e-35
decision_type=2 2 2 2 2 2 2 2 2 2 2 2 2
left_child=1 3 -2 4 5 6 7 8 9 -1 -9 -8 -10
right_child=2 -3 -4 -5 -6 -7 11 10 12 -11 -12 -13 -14
leaf_value=-0.00032077587976045766 0.00059702312780651713 -0.00066633666345791752 -0.00018920148793143013 0.00045418016040961516 -0.00045830928625452752 0.00055165963434676861 -0.00078016164312912008 0.00094104259938805406 -0.00074382343495457974 0.00043846539141275618 0.00017581195150872313 -9.0869741889318357e-05 -0.00010600388424665172
leaf_weight=2856 2641 2944 2327 2394 2702 3779 2376 2043 2095 3157 2065 2511 2069
leaf_count=2856 2641 2944 2327 2394 2702 3779 2376 2043 2095 3157 2065 2511 2069
internal_value=1.96386e-08 -3.67678e-05 0.000229117 2.95299e-05 -1.0261e-05 4.26639e-05 -5.78997e-05 6.85496e-05 -0.000129268 7.7914e-05 0.000557739 -0.000426904 -0.000427918
internal_weight=35959 30991 4968 28047 25653 22951 19172 14285 10177 6013 4108 4887 4164
internal_count=35959 30991 4968 28047 25653 22951 19172 14285 10177 6013 4108 4887 4164
is_linear=0
shrinkage=0.05


Tree=101
num_leaves=12
num_cat=0
split_feature=0 0 0 0 1 1 1 0 1 1 0
split_gain=0.117753 0.845688 0.528046 0.317671 0.303623 0.355592 0.365495 0.223276 0.457989 0.699107 0.885427
threshold=3.2911728620529179 2.9606319665908818 2.7031795978546147 2.4692233800888066 25.892906188964847 15.403133392333986 7.0298006534576425 2.0476689338684086 25.247751235961918 14.390244483947756 1.5098375082015993
decision_type=2 2 2 2 2 2 2 2 2 2 2
left_child=1 2 3 7 5 6 -2 8 9 10 -1
right_child=4 -3 -4 -5 -6 -7 -8 -9 -10 -11 -12
leaf_value=-0.00030185344282969027 0.00021581294566208045 0.00092152764599906045 -0.00075508083259161511 0.00062231515138949449 -0.00050788122269135945 0.00040302563842022104 -0.00060302284689088114 -0.00035057645548161522 0.00055399128659544365 -0.00064622776729198654 0.0010538567100745243
leaf_weight=2855 2516 2566 2281 2132 3630 3786 2953 3974 3588 3609 2069
leaf_count=2855 2516 2566 2281 2132 3630 3786 2953 3974 3588 3609 2069
internal_value=1.59112e-08 6.76221e-05 -3.96173e-05 5.02836e-05 -0.000121009 3.11141e-05 -0.000226613 -2.5829e-05 8.08441e-05 -0.000118523 0.000268779
internal_weight=35959 23074 20508 18227 12885 9255 5469 16095 12121 8533 4924
internal_count=35959 23074 20508 18227 12885 9255 5469 16095 12121 8533 4924
is_linear=0
shrinkage=0.05


Tree=102
num_leaves=14
num_cat=0
split_feature=1 1 0 1 1 0 0 0 1 1 0 0 0
split_gain=0.114381 0.23287 0.547282 0.484056 0.46743 0.35739 0.867967 0.740688 0.341956 1.05668 0.211586 0.251687 0.360442
threshold=2.5520198345184331 9.8924860954284686 2.1276745796203618 12.98198461532593 6.1421737670898446 4.9803133010864267 4.0009002685546884 3.3269541263580327 16.790926933288578 20.131559371948246 2.750394463539124 1.9341526627540591 1.3670135736465456
decision_type=2 2 2 2 2 2 2 2 2 2 2 2 2
left_child=-1 2 -2 -3 -4 6 7 8 -5 -10 11 12 -11
right_child=1 3 4 5 -6 -7 -8 -9 9 10 -12 -13 -14
leaf_value=-0.00032046847491186637 -0.00031704956154035563 -0.00062758895599620852 0.00010103836982442387 -0.00056446000062399567 0.0010801303343779647 0.0005633952107791905 -0.00087688301485094574 0.00086407675517257755 0.0010856915306430544 0.0001572433181483526 -0.00060779091721561269 0.00030235333135624994 -0.00071343155674461714
leaf_weight=2574 2580 3134 2483 2624 2389 2789 2672 2611 2084 2436 2001 3276 2306
leaf_count=2574 2580 3134 2483 2624 2389 2789 2672 2611 2084 2436 2001 3276 2306
internal_value=2.35335e-08 2.48222e-05 0.000270968 -4.59864e-05 0.000582368 3.4202e-05 -3.98017e-05 8.9634e-05 -4.81627e-05 6.41471e-05 -0.00014921 -3.41501e-05 -0.00026677
internal_weight=35959 33385 7452 25933 4872 22799 20010 17338 14727 12103 10019 8018 4742
internal_count=35959 33385 7452 25933 4872 22799 20010 17338 14727 12103 10019 8018 4742
is_linear=0
shrinkage=0.05


Tree=103
num_leaves=13
num_cat=0
split_feature=0 0 0 1 1 1 1 0 0 0 0 1
split_gain=0.121395 0.77516 0.472011 0.320589 0.273498 0.320563 0.337157 0.256614 0.457945 0.561466 0.27349 0.0380574
threshold=3.2911728620529179 2.9606319665908818 2.7031795978546147 4.2721962928771982 25.892906188964847 15.403133392333986 7.0298006534576425 2.4125087261199956 1.9341526627540591 1.6672472357749941 1.1476519703865053 19.208234786987308
decision_type=2 2 2 2 2 2 2 2 2 2 2 2
left_child=1 2 3 -1 5 6 -2 8 9 10 -5 -10
right_child=4 -3 -4 7 -6 -7 -8 -9 11 -11 -12 -13
leaf_value=0.0006217256476808386 0.00020177886680741733 0.00088619106549851214 -0.00071044304061110188 -0.00023748563225760622 -0.00049003552682584238 0.00037465540065068081 -0.00058468400382138519 -0.00050641473897070966 0.00065886893475369703 -0.00081712873675800928 0.00036992336405872552 0.00034845703970139645
leaf_weight=2158 2516 2566 2281 3525 3630 3786 2953 2360 2003 2263 3886 2032
leaf_count=2158 2516 2566 2281 3525 3630 3786 2953 2360 2003 2263 3886 2032
internal_value=2.41121e-08 6.86679e-05 -3.40042e-05 5.09912e-05 -0.000122859 2.1529e-05 -0.000223166 -2.5995e-05 5.70179e-05 -0.00012966 8.1082e-05 0.000503795
internal_weight=35959 23074 20508 18227 12885 9255 5469 16069 13709 9674 7411 4035
internal_count=35959 23074 20508 18227 12885 9255 5469 16069 13709 9674 7411 4035
is_linear=0
shrinkage=0.05


Tree=104
num_leaves=15
num_cat=0
split_feature=1 1 0 0 0 0 2 0 0 0 0 0 0 1
split_gain=0.122209 0.452513 0.339166 0.186067 0.767724 0.44821 0.362247 0.74021 0.503344 0.410644 0.734131 0.646366 0.461158 0.0947352
threshold=31.147220611572269 28.021887779235843 2.4567490816116337 4.563396930694581 3.8443462848663335 5.5248186588287362 1.5000000000000002 2.2136027812957768 3.2911728620529179 2.7657041549682622 2.0476689338684086 1.1269598007202151 1.6672472357749941 14.100117683410646
decision_type=2 2 2 2 2 2 2 2 2 2 2 2 2 2
left_child=1 3 -2 4 6 -5 8 -8 9 10 11 -1 -13 -12
right_child=2 -3 -4 5 -6 -7 7 -9 -10 -11 13 12 -14 -15
leaf_value=-0.00052040776957387291 -0.00024723372280388301 -0.00062552446490264809 0.00058630294906926483 -0.00078094122693617141 0.00090682116536856979 0.00020570106867881101 -0.0002498530943534488 0.0010589301911671141 -0.00080975881595735208 0.00054938408567727656 -0.00091036493985213035 0.00091358601659867185 -4.1663298059504918e-05 -0.00043458444273041614
leaf_weight=2375 2125 2944 2843 2192 2509 2405 2201 2106 2289 2639 2031 2755 2325 2220
leaf_count=2375 2125 2944 2843 2192 2509 2405 2201 2106 2289 2639 2031 2755 2325 2220
internal_value=2.45193e-08 -3.69019e-05 0.000229988 2.50848e-05 8.21256e-05 -0.000265436 -1.70691e-05 0.000391075 -0.00012292 -1.28353e-05 -0.000139943 0.00015909 0.000477167 -0.000663501
internal_weight=35959 30991 4968 28047 23450 4597 20941 4307 16634 14345 11706 7455 5080 4251
internal_count=35959 30991 4968 28047 23450 4597 20941 4307 16634 14345 11706 7455 5080 4251
is_linear=0
shrinkage=0.05


Tree=105
num_leaves=14
num_cat=0
split_feature=1 1 0 1 1 0 0 0 0 0 0 1 2
split_gain=0.117832 0.203672 0.502496 0.443132 0.429728 0.327788 0.803771 0.677685 0.336905 0.642078 0.786043 0.305137 0.231741
threshold=2.5520198345184331 9.8924860954284686 2.1276745796203618 6.1421737670898446 12.98198461532593 4.9803133010864267 4.0009002685546884 3.3269541263580327 2.4125087261199956 1.9341526627540591 1.4621665477752688 23.832257270812992 1.0000000180025095e-35
decision_type=2 2 2 2 2 2 2 2 2 2 2 2 2
left_child=-1 2 -2 -4 -3 6 7 8 9 10 12 -10 -6
right_child=1 4 3 -5 5 -7 -8 -9 11 -11 -12 -13 -14
leaf_value=-0.00032527245137080118 -0.00030804873633047977 -0.00058902796808921621 8.5181311060390997e-05 0.0010384216880796576 -7.0837480278917073e-05 0.00054132265643626017 -0.00084188540230469607 0.00082897598397481127 4.4619481761946533e-05 0.00074685083430330707 -0.00077795779705147345 -0.00075119214579399312 0.00067469031748785863
leaf_weight=2574 2580 3134 2483 2389 2087 2789 2672 2611 2229 2906 2828 2608 2069
leaf_count=2574 2580 3134 2483 2389 2087 2789 2672 2611 2229 2906 2828 2608 2069
internal_value=1.77304e-08 2.51877e-05 0.000255385 0.000553775 -4.10339e-05 3.45198e-05 -3.63537e-05 8.82024e-05 -4.36052e-05 0.000123647 -0.000136361 -0.000385129 0.000301041
internal_weight=35959 33385 7452 4872 25933 22799 20010 17338 14727 9890 6984 4837 4156
internal_count=35959 33385 7452 4872 25933 22799 20010 17338 14727 9890 6984 4837 4156
is_linear=0
shrinkage=0.05


Tree=106
num_leaves=13
num_cat=0
split_feature=0 0 0 0 0 1 1 0 1 0 0 1
split_gain=0.126991 0.663033 0.445599 0.3077 0.271359 0.439194 0.678958 0.807061 0.253862 0.297394 0.591104 0.163913
threshold=3.2911728620529179 2.9606319665908818 2.7031795978546147 2.4567490816116337 2.0476689338684086 25.247751235961918 14.390244483947756 1.5098375082015993 25.892906188964847 3.6989724636077885 5.236952781677247 13.421494960784914
decision_type=2 2 2 2 2 2 2 2 2 2 2 2
left_child=1 2 3 4 5 6 7 -1 9 -2 11 -11
right_child=8 -3 -4 -5 -6 -7 -8 -9 -10 10 -12 -13
leaf_value=-0.00026232030577131514 -0.00051199980557884806 0.00082631596903258745 -0.00068197363996501999 0.00060063731719497808 -0.0003860395659650066 0.00055947015645537476 -0.00061916837669749949 0.0010320503742103952 -0.00047941238538896875 0.00080734243428716738 -0.00041497208948436794 0.00020005951057893248
leaf_weight=2855 2077 2566 2281 2274 3832 3588 3609 2069 3630 2339 2714 2125
leaf_count=2855 2077 2566 2281 2274 3832 3588 3609 2069 3630 2339 2714 2125
internal_value=2.09639e-08 7.02291e-05 -2.47306e-05 5.78483e-05 -1.98506e-05 9.61412e-05 -9.91087e-05 0.000282547 -0.000125662 1.34535e-05 0.000165998 0.000519351
internal_weight=35959 23074 20508 18227 15953 12121 8533 4924 12885 9255 7178 4464
internal_count=35959 23074 20508 18227 15953 12121 8533 4924 12885 9255 7178 4464
is_linear=0
shrinkage=0.05


Tree=107
num_leaves=13
num_cat=0
split_feature=0 0 0 1 1 1 1 0 0 2 0 1
split_gain=0.114657 0.598616 0.402352 0.29305 0.22918 0.298887 0.307354 0.193547 0.331919 0.580841 0.32221 0.150316
threshold=3.2911728620529179 2.9606319665908818 2.7031795978546147 4.9547131061553964 25.892906188964847 15.403133392333986 7.0298006534576425 2.4125087261199956 1.9341526627540591 1.5000000000000002 1.1476519703865053 20.955724716186527
decision_type=2 2 2 2 2 2 2 2 2 2 2 2
left_child=1 2 3 -1 5 6 -2 8 9 10 -5 -12
right_child=4 -3 -4 7 -6 -7 -8 -9 -10 -11 11 -13
leaf_value=0.00055831984281364097 0.00018227731547638612 0.00078516048372710722 -0.00064802376379207729 -0.00033592012546467871 -0.00045550760619005238 0.00035377133271022906 -0.00056864452903346611 -0.00044643424780427591 0.00043290880564214314 -0.00085828918754953475 6.8184689897719163e-05 0.00063396235804463817
leaf_weight=2486 2516 2566 2281 2755 3630 3786 2953 2311 3944 2037 2410 2284
leaf_count=2486 2516 2566 2281 2755 3630 3786 2953 2311 3944 2037 2410 2284
internal_value=2.92295e-08 6.67408e-05 -2.34881e-05 5.49813e-05 -0.000119395 1.27852e-05 -0.000223483 -2.48158e-05 4.80135e-05 -0.000112302 9.25724e-05 0.000344242
internal_weight=35959 23074 20508 18227 12885 9255 5469 15741 13430 9486 7449 4694
internal_count=35959 23074 20508 18227 12885 9255 5469 15741 13430 9486 7449 4694
is_linear=0
shrinkage=0.05


Tree=108
num_leaves=14
num_cat=0
split_feature=1 0 0 1 0 0 0 0 0 0 0 2 1
split_gain=0.124317 0.178598 0.669416 0.256504 0.301481 0.657754 0.810234 0.668186 0.411687 0.670665 0.326956 0.232312 0.11914
threshold=2.5520198345184331 5.7894363403320321 4.8591055870056161 7.2959203720092782 4.2455294132232675 3.2911728620529179 2.7336801290512089 2.4125087261199956 1.9482839703559878 1.6672472357749941 1.1476519703865053 1.0000000180025095e-35 22.459565162658695
decision_type=2 2 2 2 2 2 2 2 2 2 2 2 2
left_child=-1 2 3 11 5 6 7 8 9 10 -5 -2 -7
right_child=1 -3 -4 4 -6 12 -8 -9 -10 -11 -12 -13 -14
leaf_value=-0.00033409790290205412 3.6133028843817994e-05 0.00045252940041538842 -0.00083693796098244775 -0.00024239422031266069 0.00058269817655044764 -0.00084989981135205573 0.00075716437083594122 -0.00085999507975554463 0.00051788575463752602 -0.00088947249366336245 0.0004549627470361326 0.00077558909398333894 -0.00032583122177438554
leaf_weight=2574 2060 2275 2236 3185 2009 2317 3524 2334 3513 2141 3538 2185 2068
leaf_count=2574 2060 2275 2236 3185 2009 2317 3524 2334 3513 2141 3538 2185 2068
internal_value=2.3627e-08 2.58769e-05 -5.45858e-06 5.91986e-05 -2.73232e-06 -5.4962e-05 7.73365e-05 -8.5919e-05 6.06292e-05 -0.000120971 0.000124723 0.000417676 -0.000604049
internal_weight=35959 33385 31110 28874 24629 22620 18235 14711 12377 8864 6723 4245 4385
internal_count=35959 33385 31110 28874 24629 22620 18235 14711 12377 8864 6723 4245 4385
is_linear=0
shrinkage=0.05


Tree=109
num_leaves=13
num_cat=0
split_feature=1 1 2 1 0 0 1 0 0 2 0 1
split_gain=0.128767 0.668688 0.442937 0.488025 0.385202 0.244209 0.238716 0.184727 0.305384 0.302929 1.13979 0.00285046
threshold=9.0399641990661639 11.231722831726076 1.5000000000000002 23.563646316528324 4.1257603168487558 2.1276745796203618 32.959907531738288 1.6672472357749941 2.5264420509338383 1.0000000180025095e-35 4.0009002685546884 21.819277763366703
decision_type=2 2 2 2 2 2 2 2 2 2 2 2
left_child=4 -2 6 -4 5 -1 7 11 -9 10 -10 -3
right_child=1 2 3 -5 -6 -7 -8 8 9 -11 -12 -13
leaf_value=-0.00031190019417819088 0.0009025618359597003 0.00027094931378714306 4.7471661772018661e-05 -0.00093748486682481086 -0.00077176090855268754 0.00027394045463571045 0.00054333014766540612 -0.00043717917927571585 0.00049232443181552478 0.00046050509126587918 -0.0009287022137952583 0.00036020559160651524
leaf_weight=3225 2133 2033 2556 2464 2008 3942 2510 3934 3194 3422 2512 2026
leaf_count=3225 2133 2033 2556 2464 2008 3942 2510 3934 3194 3422 2512 2026
internal_value=1.18453e-08 5.53939e-05 -1.82461e-05 -0.000436884 -0.000161546 1.02571e-05 8.89751e-05 2.20867e-05 -6.95043e-05 8.92618e-05 -0.000133796 0.000316276
internal_weight=35959 26784 24651 5020 9175 7167 19631 17121 13062 9128 5706 4059
internal_count=35959 26784 24651 5020 9175 7167 19631 17121 13062 9128 5706 4059
is_linear=0
shrinkage=0.05


Tree=110
num_leaves=15
num_cat=0
split_feature=1 0 1 0 0 1 1 0 1 1 2 1 0 2
split_gain=0.116279 0.630549 0.455656 0.869332 0.741962 0.569936 0.791987 0.452366 0.365279 0.333048 0.263206 0.204142 0.150287 0.132007
threshold=9.0399641990661639 5.6840813159942636 14.390244483947756 4.0009002685546884 3.3269541263580327 17.748370170593265 21.819277763366703 2.0476689338684086 4.1542353630065927 1.9540863037109377 1.0000000180025095e-35 28.886748313903812 1.3164218068122866 1.0000000180025095e-35
decision_type=2 2 2 2 2 2 2 2 2 2 2 2 2 2
left_child=8 2 10 4 5 -4 -7 12 9 -1 -2 -9 -8 -10
right_child=1 -3 3 -5 -6 6 7 11 13 -11 -12 -13 -14 -15
leaf_value=-0.00026943057390680134 0.00077071306127953745 0.00090049241600155213 -0.00083008988223098575 -0.00083157228894825902 0.00083329900679262768 0.00082458985328411202 -0.00016753189967656595 -0.00088455491567047376 -0.00071040659689800608 0.0006246455005480937 4.3938087489787244e-05 -0.00020109683015837496 0.000404157135967708 -0.00019643863180135326
leaf_weight=2006 2504 2017 2289 3553 2437 2466 2014 2221 2371 2147 2472 2156 2655 2651
leaf_count=2006 2504 2017 2289 3553 2437 2466 2014 2221 2371 2147 2472 2156 2655 2651
internal_value=1.0759e-08 5.26387e-05 -1.67453e-05 -0.000124313 3.08571e-05 -0.00011134 3.21698e-05 -0.000184521 -0.000153513 0.000193175 0.000410475 -0.000549126 0.000157725 -0.000440024
internal_weight=35959 26784 24767 19791 16238 13801 11512 9046 9175 4153 4976 4377 4669 5022
internal_count=35959 26784 24767 19791 16238 13801 11512 9046 9175 4153 4976 4377 4669 5022
is_linear=0
shrinkage=0.05


Tree=111
num_leaves=14
num_cat=0
split_feature=0 1 0 0 1 0 0 0 1 1 0 1 1
split_gain=0.122089 0.367092 0.436745 0.397551 0.362127 0.250998 0.667752 0.484031 0.291936 0.699733 0.543531 0.231405 0.33445
threshold=6.0247890949249276 32.301969528198249 4.9353501796722421 0.96341988444328319 2.5520198345184331 2.7336801290512089 2.3991304636001591 2.1276745796203618 9.8924860954284686 17.748370170593265 3.5233966112136845 12.217059135437013 19.009214401245121
decision_type=2 2 2 2 2 2 2 2 2 2 2 2 2
left_child=1 2 3 -1 -5 6 7 11 -7 -10 -11 -6 -13
right_child=-2 -3 -4 4 5 8 -8 -9 9 10 -12 12 -14
leaf_value=0.00063425293205060312 -0.00037527503269469851 -0.00044835183843301691 0.00075725008750964309 -0.00066164156094760751 -0.00050168111811456091 0.00065265126740094023 -0.00083645955841100223 0.00072586785642962182 -0.00058049289555464373 0.00098185383780898211 -7.0667832323764875e-05 0.00057068518969924018 -0.00022469533910460051
leaf_weight=2447 2034 3678 2197 2084 2638 2711 2603 2140 2795 2240 2694 2064 3634
leaf_count=2447 2034 3678 2197 2084 2638 2711 2603 2140 2795 2240 2694 2064 3634
internal_value=1.45346e-08 2.26193e-05 8.00181e-05 2.67233e-05 -3.15662e-05 2.45218e-05 -0.000121376 5.69307e-05 0.000207241 5.03686e-05 0.000408189 -0.000115461 6.39123e-05
internal_weight=35959 33925 30247 28050 25603 23519 13079 10476 10440 7729 4934 8336 5698
internal_count=35959 33925 30247 28050 25603 23519 13079 10476 10440 7729 4934 8336 5698
is_linear=0
shrinkage=0.05


Tree=112
num_leaves=14
num_cat=0
split_feature=1 1 0 1 0 0 0 0 1 2 0 0 2
split_gain=0.131475 0.394168 0.358554 0.196611 0.223561 0.451514 0.513106 0.550076 0.318199 0.45411 0.415318 0.295725 0.183346
threshold=31.147220611572269 28.021887779235843 2.4567490816116337 25.549051284790043 5.236952781677247 3.8443462848663335 2.8952434062957768 2.5019209384918217 20.131559371948246 1.5000000000000002 1.809703052043915 1.2799552679061892 1.0000000180025095e-35
decision_type=2 2 2 2 2 2 2 2 2 2 2 2 2
left_child=1 3 -2 4 5 6 7 8 9 10 11 -1 -8
right_child=2 -3 -4 -5 -6 -7 12 -9 -10 -11 -12 -13 -14
leaf_value=-0.00021321661743883155 -0.00025213436522579421 -0.0005876438289926034 0.00060489949200612497 0.00045194771462747711 -0.00045024720319652317 0.00052854104270738244 -0.00082444639295753061 0.00073264546461964221 -0.00058617934810436265 0.00072626530926912932 -0.00057799433974067404 0.00060899844355958687 -0.00021122116888547235
leaf_weight=2219 2125 2944 2843 2394 2702 3779 2376 2641 2333 2024 2929 2139 2511
leaf_count=2219 2125 2944 2843 2394 2702 3779 2376 2641 2333 2024 2929 2139 2511
internal_value=2.24848e-08 -3.82782e-05 0.000238544 1.95758e-05 -2.09346e-05 2.9782e-05 -6.87528e-05 8.26024e-05 -6.53374e-05 6.56556e-05 -0.000118576 0.000190815 -0.000510439
internal_weight=35959 30991 4968 28047 25653 22951 19172 14285 11644 9311 7287 4358 4887
internal_count=35959 30991 4968 28047 25653 22951 19172 14285 11644 9311 7287 4358 4887
is_linear=0
shrinkage=0.05


Tree=113
num_leaves=14
num_cat=0
split_feature=1 1 1 0 0 0 2 1 0 1 2 1 1
split_gain=0.124877 0.534982 0.459184 0.377942 0.524783 0.229325 1.02139 0.451756 0.562823 0.571772 0.349733 0.651515 1.06026
threshold=26.775197029113773 28.994491577148441 23.984110832214359 3.6076090335845952 1.9341526627540591 2.9131472110748295 1.5000000000000002 16.790926933288578 1.6672472357749941 8.7910180091857928 1.5000000000000002 9.0399641990661639 17.027730941772464
decision_type=2 2 2 2 2 2 2 2 2 2 2 2 2
left_child=2 -2 5 4 -3 6 7 8 -1 -10 11 -7 -13
right_child=1 3 -4 -5 -6 10 -8 -9 9 -11 -12 12 -14
leaf_value=0.00024123747263921007 0.00082866723694575116 -0.00039553306098595283 -0.00067334647325395817 -0.00061649924952117895 0.00065116267166889276 -0.0005687415029210054 0.00099820044568143889 0.00044117007026411333 -9.350927293585541e-05 -0.0012170225489011074 -0.0007196676280465513 0.00099896366861373909 -0.00043233593988123366
leaf_weight=3100 2242 2150 2686 2101 2679 3229 2808 3054 2365 2166 2195 2777 2407
leaf_count=3100 2242 2150 2686 2101 2679 3229 2808 3054 2365 2166 2195 2777 2407
internal_value=2.06693e-08 0.000159154 -5.45065e-05 -5.83292e-05 0.000185291 1.47124e-05 0.000151418 -7.18403e-05 -0.000277461 -0.000632091 -0.000159151 -1.22282e-05 0.000334839
internal_weight=35959 9172 26787 6930 4829 24101 13493 10685 7631 4531 10608 8413 5184
internal_count=35959 9172 26787 6930 4829 24101 13493 10685 7631 4531 10608 8413 5184
is_linear=0
shrinkage=0.05


Tree=114
num_leaves=14
num_cat=0
split_feature=1 1 0 1 0 0 0 0 0 1 1 2 2
split_gain=0.122274 0.372597 0.322962 0.171898 0.193751 0.42441 0.440604 0.538098 0.20837 0.927234 0.329466 0.199462 0.174581
threshold=31.147220611572269 28.021887779235843 2.4567490816116337 25.549051284790043 5.236952781677247 3.8443462848663335 2.8952434062957768 2.2688354253768925 1.4503152370452883 15.265819549560549 12.217059135437013 1.0000000180025095e-35 1.0000000180025095e-35
decision_type=2 2 2 2 2 2 2 2 2 2 2 2 2
left_child=1 3 -2 4 5 6 7 8 10 -10 -1 -9 -8
right_child=2 -3 -4 -5 -6 -7 12 11 9 -11 -12 -13 -14
leaf_value=-0.00031514922386650598 -0.00023566442973598506 -0.00057104620510615631 0.00057772932075856969 0.00042360942726143931 -0.00041822207601766541 0.00051221663558163703 -0.00078254478016433714 0.00090109727436821099 0.00020037864128340515 -0.0011134054019466253 0.00053002715455234323 0.00020382343092589526 -0.00018430152954829814
leaf_weight=2195 2125 2944 2843 2394 2702 3779 2376 2065 3341 2233 2408 2043 2511
leaf_count=2195 2125 2944 2843 2394 2702 3779 2376 2065 3341 2233 2408 2043 2511
internal_value=1.18938e-08 -3.69243e-05 0.000230036 1.93242e-05 -1.8555e-05 2.86591e-05 -6.68725e-05 7.33843e-05 -0.000121645 -0.000326988 0.000127184 0.000555664 -0.000476164
internal_weight=35959 30991 4968 28047 25653 22951 19172 14285 10177 5574 4603 4108 4887
internal_count=35959 30991 4968 28047 25653 22951 19172 14285 10177 5574 4603 4108 4887
is_linear=0
shrinkage=0.05


Tree=115
num_leaves=14
num_cat=0
split_feature=1 1 1 0 0 0 2 1 0 1 2 0 1
split_gain=0.112804 0.483926 0.422286 0.360557 0.455728 0.192361 0.935441 0.42324 0.531769 0.509898 0.321538 0.640425 0.272438
threshold=26.775197029113773 28.994491577148441 23.984110832214359 3.6076090335845952 1.9341526627540591 2.9131472110748295 1.5000000000000002 16.790926933288578 1.6672472357749941 8.7910180091857928 1.5000000000000002 4.6637978553771982 8.9162263870239276
decision_type=2 2 2 2 2 2 2 2 2 2 2 2 2
left_child=2 -2 5 4 -3 6 7 8 -1 -10 11 12 -7
right_child=1 3 -4 -5 -6 10 -8 -9 9 -11 -12 -13 -14
leaf_value=0.00023128397177704207 0.00078801777777087962 -0.00035893326353575336 -0.00064527241116938815 -0.00060077481358490202 0.00061648239778918138 -0.00076764341990850156 0.00095013909186904971 0.00042267315374179722 -0.00010891349847799192 -0.0011700008969557651 -0.00068212140527427285 0.00060669621138609905 -4.5453595284508847e-05
leaf_weight=3100 2242 2150 2686 2101 2679 2073 2808 3054 2365 2166 2195 2836 3504
leaf_count=3100 2242 2150 2686 2101 2679 2073 2808 3054 2365 2166 2195 2836 3504
internal_value=7.50616e-09 0.000151253 -5.18168e-05 -5.55923e-05 0.000182357 1.45626e-05 0.000139766 -7.38876e-05 -0.000272909 -0.000617615 -0.000144674 -3.80717e-06 -0.000314789
internal_weight=35959 9172 26787 6930 4829 24101 13493 10685 7631 4531 10608 8413 5577
internal_count=35959 9172 26787 6930 4829 24101 13493 10685 7631 4531 10608 8413 5577
is_linear=0
shrinkage=0.05


Tree=116
num_leaves=14
num_cat=0
split_feature=1 1 0 1 1 1 1 1 1 2 1 0 1
split_gain=0.113706 0.351885 0.291672 0.162563 0.531817 0.313728 0.420307 0.414199 0.352627 0.29835 0.281393 0.149086 0.114972
threshold=31.147220611572269 28.021887779235843 2.4567490816116337 22.897038459777836 20.131559371948246 16.790926933288578 14.390244483947756 9.0399641990661639 4.1542353630065927 1.0000000180025095e-35 1.9540863037109377 2.9398705959320073 6.0178465843200692
decision_type=2 2 2 2 2 2 2 2 2 2 2 2 2
left_child=1 3 -2 4 5 6 7 8 10 -9 -1 -5 -10
right_child=2 -3 -4 11 -6 -7 -8 9 12 -11 -12 -13 -14
leaf_value=-0.00022351583699307617 -0.00022076210183483649 -0.00055468678462160107 0.00055223271001576238 3.8263699456426395e-05 -0.00071720703206870151 0.00049541543728206215 -0.00062695196821047311 0.00077736013113889829 -0.00070954811450214383 3.533481921104014e-05 0.00059835979939735627 0.00058489749868807512 -0.00022174993079956807
leaf_weight=2006 2125 2944 2843 2884 2548 3272 2566 2744 2034 2668 2147 2190 2988
leaf_count=2006 2125 2944 2843 2884 2548 3272 2566 2744 2034 2668 2147 2190 2988
internal_value=-3.46712e-09 -3.5622e-05 0.000221815 1.90408e-05 -3.75618e-05 4.75328e-05 -3.81414e-05 6.57949e-05 -0.000138821 0.000412297 0.000201791 0.000274884 -0.000420334
internal_weight=35959 30991 4968 28047 22973 20425 17153 14587 9175 5412 4153 5074 5022
internal_count=35959 30991 4968 28047 22973 20425 17153 14587 9175 5412 4153 5074 5022
is_linear=0
shrinkage=0.05


Tree=117
num_leaves=13
num_cat=0
split_feature=1 1 0 1 0 1 1 0 1 1 1 1
split_gain=0.112693 0.416406 0.772753 0.398548 0.178881 0.33826 0.51472 0.529097 1.14285 0.423222 0.29486 0.0819766
threshold=32.301969528198249 26.775197029113773 2.8591554164886479 23.984110832214359 1.1476519703865053 9.0399641990661639 11.507899284362795 3.2190680503845219 17.748370170593265 4.1542353630065927 17.027730941772464 6.2991795539855966
decision_type=2 2 2 2 2 2 2 2 2 2 2 2
left_child=1 3 -3 4 -1 9 -7 8 -8 -6 -9 -11
right_child=-2 2 -4 -5 5 6 7 10 -10 11 -12 -13
leaf_value=-0.00036792728037453678 -0.00025515356013251626 -0.00010908769121697844 0.0011010290518587938 -0.00062613554256375715 0.00020504873154442721 0.00093353118231003982 -0.00024807225165262306 0.00011242432220416072 0.0010890122717483481 -0.00074572060202818041 -0.00068012101484914459 -0.00031449314209504027
leaf_weight=2699 3853 2935 2384 2686 3710 2110 3402 2156 2999 2082 2559 2384
leaf_count=2699 3853 2935 2384 2686 3710 2110 3402 2156 2999 2082 2559 2384
internal_value=-5.98917e-09 3.06839e-05 0.00043434 -4.9601e-05 1.48855e-05 6.33112e-05 0.000219536 8.3291e-05 0.000379101 -0.000189368 -0.000318248 -0.000516744
internal_weight=35959 32106 5319 26787 24101 21402 13226 11116 6401 8176 4715 4466
internal_count=35959 32106 5319 26787 24101 21402 13226 11116 6401 8176 4715 4466
is_linear=0
shrinkage=0.05


Tree=118
num_leaves=14
num_cat=0
split_feature=1 0 1 2 2 1 1 1 0 0 0 0 0
split_gain=0.109101 0.393647 0.640468 0.795896 0.333907 0.410321 0.462722 0.796298 0.30827 0.521808 0.655513 0.928554 0.0608018
threshold=32.959907531738288 1.0044955611228945 28.021887779235843 1.0000000180025095e-35 1.0000000180025095e-35 9.0399641990661639 17.29234600067139 23.032616615295414 2.0323077440261845 2.5746812820434575 3.387484192848206 4.6334328651428232 2.8447800874710087
decision_type=2 2 2 2 2 2 2 2 2 2 2 2 2
left_child=1 -1 4 -4 5 12 -7 -8 -6 -10 -11 -12 -3
right_child=-2 2 3 -5 8 6 7 -9 9 10 11 -13 -14
leaf_value=0.00054432064974018857 0.0002802988534522177 -2.7229976771221824e-05 -0.0013070343564513896 4.6508966738497606e-05 -0.00056420413481060312 0.00078723312062318877 -0.00057570428850028368 0.00071919784496946232 0.00068340626064025212 -0.00083498165072924061 0.00084319267550142648 -0.00056096457001152816 -0.00041321962480226227
leaf_weight=2751 3156 2075 2197 2137 3494 3974 2425 2307 2075 2678 2354 2336 2000
leaf_count=2751 3156 2075 2197 2137 3494 3974 2425 2307 2075 2678 2354 2336 2000
internal_value=-4.38233e-09 -2.70498e-05 -7.95174e-05 -0.000641061 1.53264e-05 0.000196508 0.000390188 5.57869e-05 -0.000163684 -1.50475e-05 -0.000212408 0.000144103 -0.000217221
internal_weight=35959 32803 30052 4334 25718 12781 8706 4732 12937 9443 7368 4690 4075
internal_count=35959 32803 30052 4334 25718 12781 8706 4732 12937 9443 7368 4690 4075
is_linear=0
shrinkage=0.05


Tree=119
num_leaves=13
num_cat=0
split_feature=1 1 2 1 1 1 1 1 0 0 0 0
split_gain=0.108085 0.309217 0.289123 0.142013 0.477668 0.288643 0.391257 0.310622 0.331488 0.25889 0.238321 0.133484
threshold=31.147220611572269 28.021887779235843 1.0000000180025095e-35 22.897038459777836 20.131559371948246 16.790926933288578 14.390244483947756 9.0399641990661639 4.1257603168487558 2.1276745796203618 2.9398705959320073 2.9398705959320073
decision_type=2 2 2 2 2 2 2 2 2 2 2 2
left_child=1 3 -2 4 5 6 7 8 9 -1 -9 -5
right_child=2 -3 -4 11 -6 -7 -8 10 -10 -11 -12 -13
leaf_value=-0.00028726984153229452 0.0005883086102586437 -0.00052131477432112202 -0.00017346158969692665 3.1752116729501198e-05 -0.00068051375347441241 0.00047385245074729092 -0.00060602650164743536 0.00064715712721840062 -0.0006809261854978933 0.00031593176624026436 -2.3402606299949933e-05 0.00054897491669362349
leaf_weight=3225 2539 2944 2429 2884 2548 3272 2566 3110 2008 3942 2302 2190
leaf_count=3225 2539 2944 2429 2884 2548 3272 2566 3110 2008 3942 2302 2190
internal_value=-9.41102e-09 -3.47364e-05 0.000216257 1.65057e-05 -3.6398e-05 4.42485e-05 -3.79284e-05 6.23525e-05 -0.000114846 4.44816e-05 0.000362417 0.000255632
internal_weight=35959 30991 4968 28047 22973 20425 17153 14587 9175 7167 5412 5074
internal_count=35959 30991 4968 28047 22973 20425 17153 14587 9175 7167 5412 5074
is_linear=0
shrinkage=0.05


Tree=120
num_leaves=13
num_cat=0
split_feature=1 1 0 1 0 0 2 1 0 2 0 1
split_gain=0.116723 0.423171 0.697528 0.392556 0.176534 0.294893 0.580497 0.908675 0.639282 0.281683 0.620145 0.221194
threshold=32.301969528198249 26.775197029113773 2.8591554164886479 23.984110832214359 1.1476519703865053 2.9131472110748295 1.5000000000000002 16.790926933288578 1.8407178521156313 1.5000000000000002 4.6637978553771982 8.9162263870239276
decision_type=2 2 2 2 2 2 2 2 2 2 2 2
left_child=1 3 -3 4 -1 6 7 8 -6 10 11 -7
right_child=-2 2 -4 -5 5 9 -8 -9 -10 -11 -12 -13
leaf_value=-0.0003660078541384915 -0.00025968387568925188 -7.8238051032612603e-05 0.0010715416183987648 -0.00062189844490140875 0.00041726213025948197 -0.00070702079156550546 0.00096049684590986638 0.00087744820927634362 -0.00064566477753430138 -0.00062780888550524139 0.00060781052433082265 -5.6234476340961938e-05
leaf_weight=2699 3853 2935 2384 2686 2195 2073 2242 2416 3941 2195 2836 3504
leaf_count=2699 3853 2935 2384 2686 2195 2073 2242 2416 3941 2195 2836 3504
internal_value=-1.40428e-08 3.12198e-05 0.000438142 -4.97147e-05 1.42853e-05 6.23925e-05 0.000246276 5.81325e-05 -0.000265369 -0.000124771 7.06358e-06 -0.000298968
internal_weight=35959 32106 5319 26787 24101 21402 10794 8552 6136 10608 8413 5577
internal_count=35959 32106 5319 26787 24101 21402 10794 8552 6136 10608 8413 5577
is_linear=0
shrinkage=0.05


Tree=121
num_leaves=13
num_cat=0
split_feature=1 1 0 1 0 1 1 1 0 1 0 0
split_gain=0.105378 0.382071 0.629793 0.355664 0.196536 0.250066 0.441531 0.382141 0.277769 0.811969 0.199015 0.0917937
threshold=32.301969528198249 26.775197029113773 2.8591554164886479 24.277338027954105 1.1476519703865053 9.0399641990661639 11.507899284362795 4.1542353630065927 3.2190680503845219 17.748370170593265 4.3342845439910898 3.0275350809097294
decision_type=2 2 2 2 2 2 2 2 2 2 2 2
left_child=1 3 -3 4 -1 7 -7 -6 9 -8 -10 -9
right_child=-2 2 -4 -5 5 6 8 11 10 -11 -12 -13
leaf_value=-0.00038879750392341745 -0.00024673330419488977 -7.4339445338644577e-05 0.0010181883198775671 -0.00062589319274491051 0.0002172966466197564 0.00085534004142041431 -0.00025511241103832793 -0.00068396340993229167 -0.0005443552067516419 0.00085672074724691284 9.8309068170883052e-05 -0.00022891975492601979
leaf_weight=2731 3853 2935 2384 2406 3710 2110 3402 2342 2371 3158 2433 2124
leaf_count=2731 3853 2935 2384 2406 3710 2110 3402 2342 2371 3158 2433 2124
internal_value=-5.41276e-09 2.96717e-05 0.000416328 -4.7232e-05 1.01054e-05 6.05806e-05 0.000192897 -0.000157446 6.92551e-05 0.000280616 -0.000219348 -0.000468543
internal_weight=35959 32106 5319 26787 24381 21650 13474 8176 11364 6560 4804 4466
internal_count=35959 32106 5319 26787 24381 21650 13474 8176 11364 6560 4804 4466
is_linear=0
shrinkage=0.05


Tree=122
num_leaves=14
num_cat=0
split_feature=1 0 1 2 2 1 1 1 0 0 0 0 0
split_gain=0.109575 0.407436 0.621945 0.734012 0.306586 0.323073 0.435552 0.761609 0.302803 0.440317 0.615756 0.862859 0.0566277
threshold=32.959907531738288 1.0044955611228945 28.021887779235843 1.0000000180025095e-35 1.0000000180025095e-35 9.0399641990661639 17.29234600067139 23.032616615295414 2.0323077440261845 2.5746812820434575 3.387484192848206 4.6334328651428232 2.8447800874710087
decision_type=2 2 2 2 2 2 2 2 2 2 2 2 2
left_child=1 -1 4 -4 5 12 -7 -8 -6 -10 -11 -12 -3
right_child=-2 2 3 -5 8 6 7 -9 9 10 11 -13 -14
leaf_value=0.00055418253959382379 0.00028090583853736115 2.6596478598747335e-06 -0.0012734080023174279 2.6529047806036622e-05 -0.00055550749621495921 0.00074365054086020872 -0.0005834859519089177 0.00068289153518103071 0.00063035182795085579 -0.00079595060942259412 0.00082684432032021748 -0.00052674252526904491 -0.00036969660981467042
leaf_weight=2751 3156 2075 2197 2137 3494 3974 2425 2307 2075 2678 2354 2336 2000
leaf_count=2751 3156 2075 2197 2137 3494 3974 2425 2307 2075 2678 2354 2336 2000
internal_value=-5.15234e-09 -2.71092e-05 -8.0488e-05 -0.000633852 1.29751e-05 0.000186587 0.000358441 3.40513e-05 -0.000158555 -1.12461e-05 -0.000192544 0.000152962 -0.00018055
internal_weight=35959 32803 30052 4334 25718 12781 8706 4732 12937 9443 7368 4690 4075
internal_count=35959 32803 30052 4334 25718 12781 8706 4732 12937 9443 7368 4690 4075
is_linear=0
shrinkage=0.05


Tree=123
num_leaves=15
num_cat=0
split_feature=1 1 1 1 1 2 0 0 2 0 1 0 0 0
split_gain=0.107239 0.295226 0.282973 0.127253 0.457429 0.264069 1.11201 0.745923 0.472652 0.452747 0.504528 0.354367 0.254142 0.113812
threshold=31.147220611572269 28.021887779235843 33.847778320312507 22.897038459777836 20.131559371948246 1.5000000000000002 4.9006550312042245 2.6702957153320317 1.0000000180025095e-35 3.3435643911361699 6.2991795539855966 1.9043489098548891 2.2278115749359135 2.9398705959320073
decision_type=2 2 2 2 2 2 2 2 2 2 2 2 2 2
left_child=1 3 -2 4 5 6 8 -7 9 10 -1 -12 -10 -5
right_child=2 -3 -4 13 -6 7 -8 -9 12 -11 11 -13 -14 -15
leaf_value=-0.00042105131097232751 0.0005686852577714526 -0.00051004296312745967 -0.00018625696799793874 3.5080274968125983e-05 -0.0006649330973242237 0.0010287503555699597 0.0010350678040737344 -0.0002870634135276628 -0.00018800990698379693 -0.00058964279843273229 3.8398347178767642e-05 0.00092776404663684605 -0.00089107448780199362 0.00051269521521912374
leaf_weight=2057 2641 2944 2327 2884 2548 2215 2055 2081 2292 2282 2060 2447 2936 2190
leaf_count=2057 2641 2944 2327 2884 2548 2215 2055 2081 2292 2282 2060 2447 2936 2190
internal_value=-9.86136e-09 -3.46007e-05 0.000215408 1.54689e-05 -3.461e-05 4.43091e-05 -4.85323e-05 0.000392178 -0.000207376 1.54953e-05 0.000226451 0.000522249 -0.000583792 0.000241828
internal_weight=35959 30991 4968 28047 22973 20425 16129 4296 14074 8846 6564 4507 5228 5074
internal_count=35959 30991 4968 28047 22973 20425 16129 4296 14074 8846 6564 4507 5228 5074
is_linear=0
shrinkage=0.05


Tree=124
num_leaves=13
num_cat=0
split_feature=1 1 2 1 0 0 0 0 0 0 0 2
split_gain=0.106082 0.566284 0.352445 0.365786 0.318436 0.653821 0.614363 0.380936 0.3501 0.650256 0.233018 0.22915
threshold=9.8924860954284686 12.98198461532593 1.5000000000000002 4.6905651092529306 4.9803133010864267 4.0009002685546884 3.3269541263580327 2.5746812820434575 1.9341526627540591 1.4621665477752688 2.6871799230575566 1.0000000180025095e-35
decision_type=2 2 2 2 2 2 2 2 2 2 2 2
left_child=2 -2 3 -1 5 6 7 8 9 11 -5 -3
right_child=1 4 -4 10 -6 -7 -8 -9 -10 -11 -12 -13
leaf_value=-0.00036633702658883617 -0.00068246822794247467 -8.2909501781586634e-05 0.00071213894501290535 -7.3116439012184579e-05 0.00053285178419439907 -0.00076303991696941075 0.00078113418091985858 -0.00047785667887930621 0.00047923137181149727 -0.00069454650324686767 0.00067948761861434974 0.00065839194927848517
leaf_weight=3822 3134 2087 2101 2004 2789 2672 2611 3831 3912 2828 2099 2069
leaf_count=3822 3134 2087 2101 2004 2789 2672 2611 3831 3912 2828 2099 2069
internal_value=-3.69845e-09 -5.34031e-05 0.000138034 -1.48734e-05 3.33308e-05 -3.6524e-05 7.58164e-05 -4.9677e-05 0.00010117 -0.000110979 0.000312614 0.00028683
internal_weight=35959 25933 10026 7925 22799 20010 17338 14727 10896 6984 4103 4156
internal_count=35959 25933 10026 7925 22799 20010 17338 14727 10896 6984 4103 4156
is_linear=0
shrinkage=0.05


Tree=125
num_leaves=15
num_cat=0
split_feature=0 1 0 0 0 0 2 2 0 1 1 0 1 1
split_gain=0.11562 0.364749 0.362279 0.324519 0.299755 0.276961 0.789917 0.784446 1.17955 0.935504 0.690403 0.749138 0.181355 0.118772
threshold=6.0247890949249276 32.301969528198249 4.9353501796722421 0.96341988444328319 1.5388837456703188 2.0476689338684086 1.0000000180025095e-35 1.5000000000000002 2.5264420509338383 19.641646385192875 12.78027391433716 3.3435643911361699 15.896850585937502 25.698554992675785
decision_type=2 2 2 2 2 2 2 2 2 2 2 2 2 2
left_child=1 2 3 -1 12 6 -6 8 -7 10 11 -10 -5 -11
right_child=-2 -3 -4 4 5 7 -8 -9 9 13 -12 -13 -14 -15
leaf_value=0.00057957414117975475 -0.00036520634229100058 -0.00044746180404976309 0.00069602216330160306 -0.00075227059302058433 0.0010658461452750607 -0.0010402178752268862 -0.00028093680956639636 0.00064579677178127758 0.00073739653324278291 0.00091575031333089032 -0.0010298978316347924 -0.00058011893525011446 -8.6618715297894094e-05 0.00037146720517790125
leaf_weight=2447 2034 3678 2197 2004 2221 3224 2120 3365 2063 2040 2234 2240 2086 2006
leaf_count=2447 2034 3678 2197 2004 2221 3224 2120 3365 2063 2040 2234 2240 2086 2006
internal_value=6.26722e-09 2.2004e-05 7.92196e-05 3.0678e-05 -2.19884e-05 5.26617e-05 0.000408988 -3.76015e-05 -0.000204504 5.08289e-05 -0.000318884 5.17866e-05 -0.000413811 0.000647477
internal_weight=35959 33925 30247 28050 25603 21513 4341 17172 13807 10583 6537 4303 4090 4046
internal_count=35959 33925 30247 28050 25603 21513 4341 17172 13807 10583 6537 4303 4090 4046
is_linear=0
shrinkage=0.05


Tree=126
num_leaves=14
num_cat=0
split_feature=1 1 1 0 0 0 0 1 2 1 0 0 2
split_gain=0.115713 0.363891 0.431056 0.391297 0.297717 0.440893 0.481268 0.364295 0.335642 0.173333 0.156913 0.225576 0.103029
threshold=32.959907531738288 30.395328521728519 26.775197029113773 5.1927287578582773 3.6989724636077885 2.8952434062957768 2.2565510272979741 14.251132011413576 1.0000000180025095e-35 11.772614002227785 1.6672472357749941 1.1269598007202151 1.0000000180025095e-35
decision_type=2 2 2 2 2 2 2 2 2 2 2 2 2
left_child=1 2 3 4 5 6 10 -8 -7 -6 11 -1 -12
right_child=-2 -3 -4 -5 9 8 7 -9 -10 -11 12 -13 -14
leaf_value=-0.00028557016820569906 0.00028868367660786075 -0.00060539346319227812 0.0005405100929428752 -0.00059389691522857664 0.00072597428692949091 -0.00094885103352633764 0.00092173170197391288 1.0011768647428636e-05 -7.9150913336046414e-05 0.00010239032829470082 -0.00059113220849014232 0.00031710950533582537 -0.00010199310147852106
leaf_weight=2859 3156 2508 3508 2916 2029 2158 2371 2030 2276 2466 2190 3374 2118
leaf_count=2859 3156 2508 3508 2916 2029 2158 2371 2030 2276 2466 2190 3374 2118
internal_value=1.19179e-08 -2.78409e-05 2.01563e-05 -4.8165e-05 1.87205e-05 -6.63734e-05 6.36258e-05 0.000502169 -0.000503611 0.000384857 -0.000119774 4.06532e-05 -0.000351443
internal_weight=35959 32803 30295 26787 23871 19376 14942 4401 4434 4495 10541 6233 4308
internal_count=35959 32803 30295 26787 23871 19376 14942 4401 4434 4495 10541 6233 4308
is_linear=0
shrinkage=0.05


Tree=127
num_leaves=14
num_cat=0
split_feature=1 1 2 0 0 0 1 0 0 1 0 1 1
split_gain=0.111937 0.292018 0.278945 0.143185 0.69881 0.432934 0.225929 0.711543 0.726442 0.478634 0.467189 0.366587 0.120318
threshold=31.147220611572269 28.021887779235843 1.0000000180025095e-35 4.563396930694581 3.8443462848663335 5.5248186588287362 8.1966800689697283 3.2911728620529179 2.7336801290512089 12.217059135437013 1.6672472357749941 4.6905651092529306 19.208234786987308
decision_type=2 2 2 2 2 2 2 2 2 2 2 2 2
left_child=1 3 -2 4 6 -5 11 8 9 -8 -11 -1 -12
right_child=2 -3 -4 5 -6 -7 7 -9 -10 10 12 -13 -14
leaf_value=-0.00010872110904759328 0.00058553102866898746 -0.00050818527527620794 -0.00016272793583248869 -0.00074705142545427022 0.00085131736272392716 0.0002225852138823184 -0.0008655366389789227 -0.0010020972471470383 0.00078348312128422742 0.0004085485030231726 -6.6544813823110198e-05 0.00066457103261521324 -0.00058285545928191411
leaf_weight=3585 2539 2944 2429 2192 2509 2405 2034 2037 2402 3670 2068 2664 2481
leaf_count=3585 2539 2944 2429 2192 2509 2405 2034 2037 2402 3670 2068 2664 2481
internal_value=7.1631e-09 -3.53333e-05 0.000220093 1.44638e-05 6.45045e-05 -0.000240387 -3.01271e-05 -0.00013722 2.67586e-06 -0.000180831 -1.05377e-05 0.000221475 -0.000348799
internal_weight=35959 30991 4968 28047 23450 4597 20941 14692 12655 10253 8219 6249 4549
internal_count=35959 30991 4968 28047 23450 4597 20941 14692 12655 10253 8219 6249 4549
is_linear=0
shrinkage=0.05


Tree=128
num_leaves=14
num_cat=0
split_feature=1 1 0 0 1 0 0 0 1 0 1 1 0
split_gain=0.101251 0.370941 0.548538 0.363476 0.291535 0.507689 0.203382 0.172676 0.382848 0.340153 0.734377 0.585094 0.238948
threshold=32.301969528198249 26.775197029113773 2.8591554164886479 5.7254586219787607 8.1966800689697283 3.0275350809097294 1.9200109839439394 1.1476519703865053 24.277338027954105 3.2190680503845219 17.748370170593265 13.971977710723879 4.1764507293701181
decision_type=2 2 2 2 2 2 2 2 2 2 2 2 2
left_child=1 3 -3 4 5 6 -1 -6 9 10 11 -9 -11
right_child=-2 2 -4 -5 7 -7 -8 8 -10 12 -12 -13 -14
leaf_value=0.00027507907869539483 -0.00024184871992899383 -4.791852081940053e-05 0.00097176209929331211 -0.00069230884464920408 -0.00053729683055584083 0.0007945152375815165 -0.00036735829476888002 0.00031830998853984923 -0.00068945810723374315 -0.00060895045318108557 0.00084129912093940768 -0.00077490081476982975 9.9762715492556896e-05
leaf_weight=2450 3853 2935 2384 2006 2063 2815 2458 2977 2017 2595 3158 2064 2184
leaf_count=2450 3853 2935 2384 2006 2063 2815 2458 2977 2017 2595 3158 2064 2184
internal_value=-5.33529e-10 2.90896e-05 0.000410073 -4.66857e-05 5.83513e-06 0.000260515 -4.67559e-05 -0.000109556 -5.03889e-05 4.93876e-05 0.000244717 -0.000129945 -0.000285537
internal_weight=35959 32106 5319 26787 24781 7723 4908 17058 14995 12978 8199 5041 4779
internal_count=35959 32106 5319 26787 24781 7723 4908 17058 14995 12978 8199 5041 4779
is_linear=0
shrinkage=0.05


Tree=129
num_leaves=14
num_cat=0
split_feature=1 0 1 2 2 1 1 1 0 0 0 0 0
split_gain=0.105397 0.354713 0.56683 0.676144 0.297903 0.316332 0.432424 0.67047 0.26511 0.407103 0.577115 0.778422 0.0563839
threshold=32.959907531738288 1.0044955611228945 28.021887779235843 1.0000000180025095e-35 1.0000000180025095e-35 9.0399641990661639 17.29234600067139 23.032616615295414 2.0323077440261845 2.5746812820434575 3.387484192848206 4.6334328651428232 2.8447800874710087
decision_type=2 2 2 2 2 2 2 2 2 2 2 2 2
left_child=1 -1 4 -4 5 12 -7 -8 -6 -10 -11 -12 -3
right_child=-2 2 3 -5 8 6 7 -9 9 10 11 -13 -14
leaf_value=0.00051578795694099571 0.00027549355581670226 3.4899757790192318e-06 -0.0012185019162837272 2.9124576479062512e-05 -0.0005276807521916964 0.00073783929428149252 -0.0005486082650432545 0.00063958408780702782 0.00059852256471103031 -0.00077689202576404373 0.00078183927570359732 -0.0005038104897100435 -0.00036805981859677436
leaf_weight=2751 3156 2075 2197 2137 3494 3974 2425 2307 2075 2678 2354 2336 2000
leaf_count=2751 3156 2075 2197 2137 3494 3974 2425 2307 2075 2678 2354 2336 2000
internal_value=-9.66757e-09 -2.65919e-05 -7.63971e-05 -0.000604674 1.28285e-05 0.000183964 0.000354016 3.08003e-05 -0.000156255 -1.84108e-05 -0.000192729 0.000141772 -0.00017932
internal_weight=35959 32803 30052 4334 25718 12781 8706 4732 12937 9443 7368 4690 4075
internal_count=35959 32803 30052 4334 25718 12781 8706 4732 12937 9443 7368 4690 4075
is_linear=0
shrinkage=0.05


Tree=130
num_leaves=15
num_cat=0
split_feature=1 1 1 2 0 0 0 0 0 0 1 0 0 0
split_gain=0.1059 0.274349 0.256531 0.115162 0.449478 1.06741 0.77016 0.247924 0.423232 0.367584 0.528459 0.428747 0.245472 0.53023
threshold=31.147220611572269 33.847778320312507 28.021887779235843 1.0000000180025095e-35 1.5098375082015993 2.0476689338684086 2.5892046689987187 1.2984548807144167 2.0323077440261845 2.5746812820434575 17.155665397644047 3.5914174318313603 3.2911728620529179 4.1764507293701181
decision_type=2 2 2 2 2 2 2 2 2 2 2 2 2 2
left_child=2 -2 3 4 -1 -6 -7 -5 -9 -10 11 -11 -8 -14
right_child=1 -3 -4 7 5 6 12 8 9 10 -12 -13 13 -15
leaf_value=-0.0004669615717443429 0.00056190472834888739 -0.00018144868141710505 -0.00047757906933947346 0.00042164447219625339 0.0012902447629417075 -0.0008358072773201492 0.00070745240317092819 -0.00073225816305838186 0.00056873995983799778 -0.0010557799023733843 0.00036972229856551179 -8.7308208255451917e-05 -0.00051695738273437866 0.00051838733665218631
leaf_weight=2677 2641 2327 2944 2030 2022 2021 2185 2643 2075 2006 2719 2643 2159 2867
leaf_count=2677 2641 2327 2944 2030 2022 2021 2185 2643 2075 2006 2719 2643 2159 2867
internal_value=-1.42349e-08 0.000214055 -3.43884e-05 1.22854e-05 0.000114232 0.000252773 2.43944e-05 -8.83344e-05 -0.00017427 -1.7485e-05 -0.000183127 -0.000506564 0.000266304 7.34948e-05
internal_weight=35959 4968 30991 28047 13931 11254 9232 14116 12086 9443 7368 4649 7211 5026
internal_count=35959 4968 30991 28047 13931 11254 9232 14116 12086 9443 7368 4649 7211 5026
is_linear=0
shrinkage=0.05


Tree=131
num_leaves=13
num_cat=0
split_feature=1 1 0 1 0 1 1 1 0 1 1 0
split_gain=0.101497 0.372381 0.497926 0.344953 0.167127 0.237358 0.397543 0.37626 0.386654 0.936352 0.268793 0.0838442
threshold=32.301969528198249 26.775197029113773 2.8591554164886479 23.984110832214359 1.1476519703865053 9.0399641990661639 4.1542353630065927 11.507899284362795 3.2190680503845219 17.748370170593265 17.027730941772464 3.0275350809097294
decision_type=2 2 2 2 2 2 2 2 2 2 2 2
left_child=1 3 -3 4 -1 6 -6 -7 9 -9 -10 -8
right_child=-2 2 -4 -5 5 7 11 8 10 -11 -12 -13
leaf_value=-0.00035683638679577913 -0.00024215492932614321 -2.5581915964635233e-05 0.00094598198829528581 -0.00058317951664089204 0.00023052941346264483 0.00080131387990596136 -0.00067491405838259789 -0.00024041490037687475 0.00014216437319406741 0.00096983341023121165 -0.00061442553174338287 -0.00023982123112284423
leaf_weight=2699 3853 2935 2384 2686 3710 2110 2342 3402 2156 2999 2559 2124
leaf_count=2699 3853 2935 2384 2686 3710 2110 2342 3402 2156 2999 2559 2124
internal_value=-1.23356e-08 2.91132e-05 0.000410835 -4.6809e-05 1.31853e-05 5.99935e-05 -0.000151674 0.000190857 7.43665e-05 0.00032724 -0.000268895 -0.000468985
internal_weight=35959 32106 5319 26787 24101 21402 8176 13226 11116 6401 4715 4466
internal_count=35959 32106 5319 26787 24101 21402 8176 13226 11116 6401 4715 4466
is_linear=0
shrinkage=0.05


Tree=132
num_leaves=13
num_cat=0
split_feature=1 1 1 0 1 0 0 1 1 1 1 2
split_gain=0.103607 0.345375 0.38864 0.328952 0.301263 0.459808 0.183081 0.150951 0.255103 0.280371 0.344821 0.174077
threshold=32.959907531738288 30.395328521728519 26.775197029113773 5.7254586219787607 8.1966800689697283 3.0275350809097294 1.9200109839439394 10.666896820068361 14.390244483947756 16.790926933288578 19.208234786987308 1.0000000180025095e-35
decision_type=2 2 2 2 2 2 2 2 2 2 2 2
left_child=1 2 3 4 5 6 -1 -6 -9 -10 -11 -12
right_child=-2 -3 -4 -5 7 -7 -8 8 9 10 11 -13
leaf_value=0.00027723877140624977 0.00027314350536635212 -0.00058903226996679303 0.00051448343179262633 -0.00065867588239017195 -0.00049648152499894688 0.00077257220572499673 -0.00033228477388701796 0.00031494359264476089 -0.00065381869995426926 0.00049930126345241479 -0.00047337572837040387 3.4548048115452928e-05
leaf_weight=2450 3156 2508 3508 2006 2209 2815 2458 3549 2361 2204 3369 3366
leaf_count=2450 3156 2508 3508 2006 2209 2815 2458 3549 2361 2204 3369 3366
internal_value=-1.01621e-08 -2.63657e-05 2.03942e-05 -4.44791e-05 5.48519e-06 0.000264379 -2.80747e-05 -0.000111815 -5.4295e-05 -0.000170438 -4.21778e-05 -0.000219852
internal_weight=35959 32803 30295 26787 24781 7723 4908 17058 14849 11300 8939 6735
internal_count=35959 32803 30295 26787 24781 7723 4908 17058 14849 11300 8939 6735
is_linear=0
shrinkage=0.05


Tree=133
num_leaves=14
num_cat=0
split_feature=1 1 2 0 0 0 1 0 0 1 0 1 2
split_gain=0.101745 0.267264 0.265946 0.115679 0.58601 0.457599 0.212284 0.594166 0.649189 0.440186 0.470845 0.359554 0.230593
threshold=31.147220611572269 28.021887779235843 1.0000000180025095e-35 4.563396930694581 3.8443462848663335 5.5248186588287362 8.1966800689697283 3.2911728620529179 2.7336801290512089 12.217059135437013 1.4621665477752688 4.6905651092529306 1.0000000180025095e-35
decision_type=2 2 2 2 2 2 2 2 2 2 2 2 2
left_child=1 3 -2 4 6 -5 11 8 9 -8 -11 -1 -12
right_child=2 -3 -4 5 -6 -7 7 -9 -10 10 12 -13 -14
leaf_value=-0.00011087128014811504 0.00056663681546661115 -0.00048607748895350259 -0.00016396787046410243 -0.00073607184686938509 0.0007794246935053479 0.00026073942107353825 -0.00083381706935055366 -0.00092188833208439204 0.00073441115761262686 0.00050271503011188991 3.5624442953639219e-05 0.00065496141491242974 -0.00061979628002034734
leaf_weight=3585 2539 2944 2429 2192 2509 2405 2034 2037 2402 2863 2696 2664 2660
leaf_count=3585 2539 2944 2429 2192 2509 2405 2034 2037 2402 2863 2696 2664 2660
internal_value=-1.68552e-08 -3.37101e-05 0.000209811 1.39298e-05 5.89076e-05 -0.000215139 -2.77504e-05 -0.000131559 -3.71721e-06 -0.000177188 -1.38724e-05 0.000216134 -0.000290432
internal_weight=35959 30991 4968 28047 23450 4597 20941 14692 12655 10253 8219 6249 5356
internal_count=35959 30991 4968 28047 23450 4597 20941 14692 12655 10253 8219 6249 5356
is_linear=0
shrinkage=0.05


Tree=134
num_leaves=13
num_cat=0
split_feature=1 1 0 0 1 0 0 0 0 0 0 0
split_gain=0.104913 0.340102 0.449096 0.309657 0.251472 0.420366 0.165525 0.158105 0.354244 0.27597 0.598841 0.477365
threshold=32.301969528198249 26.775197029113773 2.8591554164886479 5.7254586219787607 8.1966800689697283 3.0275350809097294 1.9200109839439394 1.1476519703865053 1.6672472357749941 2.2688354253768925 2.8952434062957768 3.8443462848663335
decision_type=2 2 2 2 2 2 2 2 2 2 2 2
left_child=1 3 -3 4 5 6 -1 -6 -9 -10 -11 -12
right_child=-2 2 -4 -5 7 -7 -8 8 9 10 11 -13
leaf_value=0.00025276588333424777 -0.00024620399945167351 -2.0086887014749571e-05 0.00090262211153417302 -0.00063887775649044715 -0.00051095402365221537 0.00072795396667833811 -0.00032680251881883653 0.00052777808754545593 -0.00056271445003245604 0.00057756386903855988 -0.00068884317320917722 0.00015184670792140929
leaf_weight=2450 3853 2935 2384 2006 2063 2815 2458 2278 3040 2936 3434 3307
leaf_count=2450 3853 2935 2384 2006 2063 2815 2458 2278 3040 2936 3434 3307
internal_value=-2.06967e-08 2.95909e-05 0.000394393 -4.29667e-05 5.50997e-06 0.000242044 -3.7565e-05 -0.00010166 -4.50463e-05 -0.000147991 -1.726e-05 -0.000276803
internal_weight=35959 32106 5319 26787 24781 7723 4908 17058 14995 12717 9677 6741
internal_count=35959 32106 5319 26787 24781 7723 4908 17058 14995 12717 9677 6741
is_linear=0
shrinkage=0.05


Tree=135
num_leaves=14
num_cat=0
split_feature=0 0 1 2 0 1 1 1 1 2 1 0 0
split_gain=0.11111 0.666064 0.517455 0.499162 0.240823 0.6446 0.293318 0.383912 0.568957 0.737542 1.0411 0.340146 0.494965
threshold=3.7457928657531743 3.424350500106812 25.892906188964847 1.0000000180025095e-35 2.8952434062957768 16.908832550048832 3.8378313779830937 7.9174790382385263 14.251132011413576 1.5000000000000002 19.641646385192875 1.397660553455353 2.0476689338684086
decision_type=2 2 2 2 2 2 2 2 2 2 2 2 2
left_child=1 4 3 -2 6 -6 -1 -8 -9 10 -10 -12 -13
right_child=2 -3 -4 -5 5 -7 7 8 9 -11 11 12 -14
leaf_value=0.00059920715251555719 0.00051091373672998138 0.00089917540135383298 -0.00071634170851766837 -0.00033482936196399245 -0.0010057308259535536 0.000240848726204168 -0.00061711911488212493 0.00062604297236045154 -0.00077644826588370525 -0.00087587456334295422 -0.00010740158753087348 0.001206928985265954 0.00019384335411913998
leaf_weight=2161 3472 2129 2802 3487 2017 2117 2304 3570 2470 2391 2160 2168 2711
leaf_count=2161 3472 2129 2802 3487 2017 2117 2304 3570 2470 2391 2160 2168 2711
internal_value=-1.76382e-08 5.36331e-05 -0.000143921 8.72583e-05 -2.15009e-05 -0.000368323 5.05696e-05 -1.64344e-05 7.33685e-05 -9.28202e-05 0.000104789 0.00041468 0.000645559
internal_weight=35959 26198 9761 6959 24069 4134 19935 17774 15470 11900 9509 7039 4879
internal_count=35959 26198 9761 6959 24069 4134 19935 17774 15470 11900 9509 7039 4879
is_linear=0
shrinkage=0.05


Tree=136
num_leaves=15
num_cat=0
split_feature=0 0 2 1 0 0 1 1 1 1 2 1 2 0
split_gain=0.100314 0.601427 0.475948 0.691016 0.784436 0.21745 0.582051 0.264853 0.34663 0.513638 0.665931 0.940001 0.318269 0.450361
threshold=3.7457928657531743 3.424350500106812 1.5000000000000002 22.187371253967289 4.6637978553771982 2.8952434062957768 16.908832550048832 3.8378313779830937 7.9174790382385263 14.251132011413576 1.5000000000000002 19.641646385192875 1.0000000180025095e-35 1.8407178521156313
decision_type=2 2 2 2 2 2 2 2 2 2 2 2 2 2
left_child=1 5 3 4 -2 7 -7 -1 -9 -10 11 -11 13 -13
right_child=2 -3 -4 -5 -6 6 -8 8 9 10 -12 12 -14 -15
leaf_value=0.0005693848016720633 -0.00029516474047027298 0.00085442677494026369 -0.00081630112806733838 -0.00054745754269957603 0.00099951190503148944 -0.00095569241993427199 0.00022886294203624142 -0.00058639646926145184 0.00059482824210979179 -0.00073778235433124911 -0.00083226318377109922 -0.00034766674514535151 0.00083492099497769047 0.00065571633863368227
leaf_weight=2161 2112 2129 2029 3017 2603 2017 2117 2304 3570 2470 2391 2304 2580 2155
leaf_count=2161 2112 2129 2029 3017 2603 2017 2117 2304 3570 2470 2391 2304 2580 2155
internal_value=-1.89274e-08 5.09587e-05 -0.000136752 4.23962e-05 0.000420187 -2.04366e-05 -0.000349999 4.80473e-05 -1.56225e-05 6.97087e-05 -8.81943e-05 9.95767e-05 0.000394038 0.000137643
internal_weight=35959 26198 9761 7732 4715 24069 4134 19935 17774 15470 11900 9509 7039 4459
internal_count=35959 26198 9761 7732 4715 24069 4134 19935 17774 15470 11900 9509 7039 4459
is_linear=0
shrinkage=0.05


Tree=137
num_leaves=15
num_cat=0
split_feature=1 1 1 0 0 0 2 0 0 0 0 0 1 0
split_gain=0.102487 0.261263 0.250699 0.115046 0.52627 0.444034 0.216764 0.634869 0.325185 0.337075 0.59052 0.568117 0.085663 0.069257
threshold=31.147220611572269 28.021887779235843 33.847778320312507 4.563396930694581 3.8443462848663335 5.5248186588287362 1.5000000000000002 2.2136027812957768 3.2911728620529179 2.7657041549682622 2.0476689338684086 1.5098375082015993 14.100117683410646 1.1049223542213442
decision_type=2 2 2 2 2 2 2 2 2 2 2 2 2 2
left_child=1 3 -2 4 6 -5 8 -8 9 10 11 13 -12 -1
right_child=2 -3 -4 5 -6 -7 7 -9 -10 -11 12 -13 -14 -15
leaf_value=-0.00042518892407562197 0.00054308210455380015 -0.00048109877550176475 -0.00016752304338980495 -0.00072832734063967149 0.00074092172665281178 0.00025360382866100156 -0.00030160148989438485 0.00091030593150215756 -0.00065794487658764247 0.00049198425365740237 -0.00083673323004819977 0.00064403264779250486 -0.00038467517074370066 -2.3191502696136015e-05
leaf_weight=2294 2641 2944 2327 2192 2509 2405 2201 2106 2289 2639 2031 3156 2220 2005
leaf_count=2294 2641 2944 2327 2192 2509 2405 2201 2106 2289 2639 2031 3156 2220 2005
internal_value=-2.3289e-08 -3.38391e-05 0.000210568 1.3263e-05 5.81177e-05 -0.000215178 -2.40055e-05 0.000291723 -0.000105882 -1.7394e-05 -0.00013255 0.000135652 -0.000602112 -0.000238191
internal_weight=35959 30991 4968 28047 23450 4597 20941 4307 16634 14345 11706 7455 4251 4299
internal_count=35959 30991 4968 28047 23450 4597 20941 4307 16634 14345 11706 7455 4251 4299
is_linear=0
shrinkage=0.05


Tree=138
num_leaves=13
num_cat=0
split_feature=1 1 1 0 0 0 0 0 0 1 1 0
split_gain=0.102942 0.206364 0.567102 0.454089 0.403099 0.330633 0.661418 0.622431 0.49741 0.389241 0.649022 0.172733
threshold=2.5520198345184331 9.8924860954284686 12.98198461532593 2.1276745796203618 3.3435643911361699 4.9803133010864267 3.7777849435806279 3.1412714719772343 2.5746812820434575 17.29234600067139 22.744544029235843 1.9341526627540591
decision_type=2 2 2 2 2 2 2 2 2 2 2 2
left_child=-1 3 -3 -2 -5 6 7 8 9 -4 -11 -12
right_child=1 2 5 4 -6 -7 -8 -9 -10 10 11 -13
leaf_value=-0.00030407144691924613 -0.0002804268698124487 -0.00067268022565237606 0.00071818883360182063 0.0010294745110321693 0.00011761385006575356 0.00055262831392838133 -0.00066489865903519082 0.00077884222871702922 -0.00061326440471136769 -0.00070336211825012748 4.7240038090860051e-05 0.00059606993557849116
leaf_weight=2574 2580 3134 2164 2244 2628 2789 3373 2811 2930 2527 3969 2236
leaf_count=2574 2580 3134 2164 2244 2628 2789 3373 2811 2930 2527 3969 2236
internal_value=-2.79929e-08 2.34979e-05 -4.31593e-05 0.000255212 0.000538857 4.3633e-05 -2.75515e-05 0.000101987 -3.60902e-05 0.000119535 -2.94771e-05 0.000245654
internal_weight=35959 33385 25933 7452 4872 22799 20010 16637 13826 10896 8732 6205
internal_count=35959 33385 25933 7452 4872 22799 20010 16637 13826 10896 8732 6205
is_linear=0
shrinkage=0.05


Tree=139
num_leaves=14
num_cat=0
split_feature=1 0 1 1 1 0 1 1 1 1 1 0 0
split_gain=0.0983436 0.340285 0.264541 0.185591 0.225171 0.420854 0.48536 0.188696 0.57805 0.424452 0.33909 0.188237 0.560854
threshold=32.301969528198249 0.96341988444328319 2.5520198345184331 5.0514471530914316 9.0399641990661639 4.3342845439910898 19.641646385192875 15.265819549560549 18.049483299255375 21.819277763366703 11.908710002899172 2.9288891553878789 2.0980983972549443
decision_type=2 2 2 2 2 2 2 2 2 2 2 2 2
left_child=1 -1 -3 -4 -5 7 -7 10 -9 -10 -6 12 -11
right_child=-2 2 3 4 5 6 -8 8 9 11 -12 -13 -14
leaf_value=0.00059411852098592045 -0.00023836913024939639 -0.00052271018452433051 0.00044474786840813566 -0.00037502489910889547 -0.00026249547033511809 0.0010327702248957903 -2.3456606700267624e-05 -0.00091512993222016238 0.0005275988316185055 8.3631687281489776e-05 0.0005969676795847098 0.0001497902925311296 -0.0009894395771031534
leaf_weight=2447 3853 2379 2402 3681 2093 2092 2253 2126 2686 2798 2519 2486 2144
leaf_count=2447 3853 2379 2402 3681 2093 2092 2253 2126 2686 2798 2519 2486 2144
internal_value=-1.82381e-08 2.86513e-05 -1.81868e-05 2.59864e-05 -1.46079e-05 4.81282e-05 0.000486292 -6.50662e-05 -0.000167743 -9.89056e-06 0.000207205 -0.000204697 -0.000382959
internal_weight=35959 32106 29659 27280 24878 21197 4345 16852 12240 10114 4612 7428 4942
internal_count=35959 32106 29659 27280 24878 21197 4345 16852 12240 10114 4612 7428 4942
is_linear=0
shrinkage=0.05


Tree=140
num_leaves=12
num_cat=0
split_feature=0 0 0 1 1 1 0 0 1 1 0
split_gain=0.103282 0.5069 0.45651 0.341782 0.371621 0.344822 0.32457 0.257887 0.556818 0.56528 0.740682
threshold=3.2911728620529179 2.9606319665908818 2.7031795978546147 25.892906188964847 15.403133392333986 7.0298006534576425 2.4567490816116337 2.0476689338684086 25.247751235961918 14.390244483947756 1.5098375082015993
decision_type=2 2 2 2 2 2 2 2 2 2 2
left_child=1 2 6 4 5 -2 7 8 9 10 -1
right_child=3 -3 -4 -5 -6 -7 -8 -9 -10 -11 -12
leaf_value=-0.00029628193699652813 0.00021425106115533903 0.00072439648373525106 -0.0006849733586066194 -0.00052382691312797994 0.00042821063980534021 -0.00058108066336366802 0.0006213204321116097 -0.00037293723708027435 0.00061882215865239926 -0.0005972184531892015 0.0009436418836645306
leaf_weight=2855 2516 2566 2281 3630 3786 2953 2274 3832 3588 3609 2069
leaf_count=2855 2516 2566 2281 3630 3786 2953 2274 3832 3588 3609 2069
internal_value=-1.589e-08 6.32999e-05 -1.97305e-05 -0.000113361 4.80242e-05 -0.000215467 6.38506e-05 -1.59527e-05 9.71208e-05 -0.000122714 0.000225574
internal_weight=35959 23074 20508 12885 9255 5469 18227 15953 12121 8533 4924
internal_count=35959 23074 20508 12885 9255 5469 18227 15953 12121 8533 4924
is_linear=0
shrinkage=0.05


Tree=141
num_leaves=14
num_cat=0
split_feature=1 0 1 1 0 0 0 0 0 0 1 1 0
split_gain=0.102505 0.36443 0.532294 0.188059 0.207851 0.791302 0.854217 0.542597 0.499735 0.376867 0.482132 0.204464 0.097954
threshold=32.959907531738288 1.0044955611228945 30.395328521728519 2.5520198345184331 2.0199079513549809 2.3991304636001591 2.7336801290512089 1.6672472357749941 3.2911728620529179 3.6778954267501835 11.231722831726076 22.897038459777836 1.3670135736465456
decision_type=2 2 2 2 2 2 2 2 2 2 2 2 2
left_child=1 -1 3 -3 7 -6 -7 12 -8 -10 -11 -12 -5
right_child=-2 2 -4 4 5 6 8 -9 9 10 11 -13 -14
leaf_value=0.00052353501990465149 0.00027168889656635124 -0.0004423049346455996 -0.00080767484212245345 0.00037971658083344145 0.00087976239457039662 -0.00088108042697304623 0.00065193140865948355 -0.0007756614308461504 -0.0006426147104888777 0.00067915385231535419 -0.0004040772073397191 0.00023350986799664051 -0.00010361171529104454
leaf_weight=2751 3156 2358 2290 2111 2821 2465 3406 2619 2098 2516 3272 2030 2066
leaf_count=2751 3156 2358 2290 2111 2821 2465 3406 2619 2098 2516 3272 2030 2066
internal_value=-8.21287e-09 -2.62232e-05 -7.67062e-05 -1.61418e-05 2.35731e-05 0.000110002 -2.80171e-05 -0.000212891 0.00013037 -4.92555e-05 0.000110593 -0.000159981 0.000140979
internal_weight=35959 32803 30052 27762 25404 18608 15787 6796 13322 9916 7818 5302 4177
internal_count=35959 32803 30052 27762 25404 18608 15787 6796 13322 9916 7818 5302 4177
is_linear=0
shrinkage=0.05


Tree=142
num_leaves=13
num_cat=0
split_feature=1 0 0 1 1 0 0 0 0 0 2 0
split_gain=0.101449 0.286271 0.23493 0.622746 0.249356 0.235141 0.721041 0.296903 0.719574 0.523058 0.623435 0.30736
threshold=31.147220611572269 2.4567490816116337 0.96341988444328319 28.021887779235843 2.5520198345184331 4.6334328651428232 3.6778954267501835 2.3991304636001591 2.7336801290512089 2.0199079513549809 1.0000000180025095e-35 3.2190680503845219
decision_type=2 2 2 2 2 2 2 2 2 2 2 2
left_child=2 -2 -1 4 -4 6 7 9 -9 10 -6 -10
right_child=1 -3 3 -5 5 -7 -8 8 11 -11 -12 -13
leaf_value=0.00044454985743701573 -0.0002289178850472699 0.00053686354077076373 -0.00048453881560138749 -0.00079371784047864023 0.00043355423035064698 -0.00029787956600548567 0.00080340484288034069 -0.0009961437664376383 0.00043938241566709421 0.00077216282225395314 -0.00055226039930398013 -0.00034000097777031553
leaf_weight=2362 2125 2843 2379 2705 3163 3988 3237 2228 2733 2625 3233 2338
leaf_count=2362 2125 2843 2379 2705 3163 3988 3237 2228 2733 2625 3233 2338
internal_value=-1.38962e-08 0.000209508 -3.3658e-05 -7.32534e-05 2.19942e-06 5.15646e-05 0.000122938 -1.24391e-05 -0.000249345 0.000179309 -6.48319e-05 8.00834e-05
internal_weight=35959 4968 30991 28629 25924 23545 19557 16320 7299 9021 6396 5071
internal_count=35959 4968 30991 28629 25924 23545 19557 16320 7299 9021 6396 5071
is_linear=0
shrinkage=0.05


Tree=143
num_leaves=14
num_cat=0
split_feature=1 1 0 0 1 2 1 0 0 1 1 0 0
split_gain=0.101647 0.364602 0.456177 0.33012 0.21457 0.53065 0.457562 0.509938 0.37485 0.346525 0.159086 0.360854 0.91292
threshold=32.301969528198249 26.775197029113773 3.111780166625977 5.236952781677247 14.390244483947756 1.5000000000000002 11.357594013214113 1.9200109839439394 2.7657041549682622 16.65339279174805 24.402464866638187 1.9043489098548891 3.2012002468109135
decision_type=2 2 2 2 2 2 2 2 2 2 2 2 2
left_child=1 3 -3 4 5 6 7 -1 -9 -6 11 -11 -13
right_child=-2 2 -4 -5 9 -7 -8 8 -10 10 -12 12 -14
leaf_value=0.00038480500610139912 -0.00024233841012631188 3.5566290829579194e-05 0.00098342655181851745 -0.00055741516653667899 -0.00071787934597452414 0.00077268290563774862 0.00062551121270763453 -0.0010021633055610811 -0.00014573325380025248 -0.00040111764544525409 -0.00039143057247777874 0.0010539211857519824 -0.00038216461585285363
leaf_weight=2642 3853 3242 2077 2813 2142 2708 2202 2006 3500 2280 2074 2319 2101
leaf_count=2642 3853 3242 2077 2813 2142 2708 2202 2006 3500 2280 2074 2319 2101
internal_value=-1.68692e-08 2.91302e-05 0.000406844 -4.59949e-05 1.42202e-05 0.000150934 -1.23312e-05 -0.000185264 -0.000459007 -0.000149308 -9.84378e-06 0.000108685 0.000371971
internal_weight=35959 32106 5319 26787 23974 13058 10350 8148 5506 10916 8774 6700 4420
internal_count=35959 32106 5319 26787 23974 13058 10350 8148 5506 10916 8774 6700 4420
is_linear=0
shrinkage=0.05


Tree=144
num_leaves=14
num_cat=0
split_feature=1 0 1 0 0 0 0 0 0 2 0 0 0
split_gain=0.0957723 0.253117 0.216019 0.0936526 0.455355 0.404363 0.212556 0.399453 0.305738 0.209669 0.674708 0.550672 0.0832165
threshold=31.147220611572269 2.4567490816116337 28.021887779235843 4.563396930694581 3.8443462848663335 5.5248186588287362 2.9131472110748295 2.6054308414459233 3.2605168819427495 1.5000000000000002 2.0476689338684086 1.5098375082015993 1.1049223542213442
decision_type=2 2 2 2 2 2 2 2 2 2 2 2 2
left_child=2 -2 3 4 6 -5 7 9 -8 10 11 12 -1
right_child=1 -3 -4 5 -6 -7 8 -9 -10 -11 -12 -13 -14
leaf_value=-0.00044385234045823832 -0.00020871951994868183 0.0005113695239988594 -0.00043939763995692795 -0.0006856846625191153 0.0006857324926797956 0.00025133963569505963 -0.00077890658998278073 0.00070040569628556997 6.6974485359289385e-06 0.00034590936287508142 -0.00072619847324298186 0.00062969295451070111 -3.3167020964295265e-06
leaf_weight=2294 2125 2843 2944 2192 2509 2405 2037 2131 3135 2857 3326 3156 2005
leaf_count=2294 2125 2843 2944 2192 2509 2405 2037 2131 3135 2857 3326 3156 2005
internal_value=-1.58065e-08 0.00020356 -3.27051e-05 1.01255e-05 5.05961e-05 -0.000195983 -2.57924e-05 6.54656e-05 -0.00030362 -3.41872e-05 -0.000135141 0.000129175 -0.000238877
internal_weight=35959 4968 30991 28047 23450 4597 20941 15769 5172 13638 10781 7455 4299
internal_count=35959 4968 30991 28047 23450 4597 20941 15769 5172 13638 10781 7455 4299
is_linear=0
shrinkage=0.05


Tree=145
num_leaves=14
num_cat=0
split_feature=0 0 2 0 1 0 1 0 0 1 2 1 0
split_gain=0.101676 0.56692 0.428246 0.658232 0.307285 0.250579 0.51154 0.28242 0.302535 0.564283 0.539269 0.467487 0.699846
threshold=3.7457928657531743 3.424350500106812 1.5000000000000002 4.2714335918426523 21.086829185485843 2.8952434062957768 16.908832550048832 2.4855715036392216 2.0476689338684086 25.247751235961918 1.0000000180025095e-35 14.390244483947756 1.5098375082015993
decision_type=2 2 2 2 2 2 2 2 2 2 2 2 2
left_child=1 5 3 -2 -5 7 -7 8 9 11 -10 12 -1
right_child=2 -3 -4 4 -6 6 -8 -9 10 -11 -12 -13 -14
leaf_value=-0.00032032197718450512 -0.00072314737786364559 0.00083138333094216375 -0.00078227021006909304 0.00062513058962525335 -0.00012227557955285344 -0.00093957583278580245 0.0001710464297227396 0.00044915662643631469 -0.00098090719570006449 0.00061658887424345579 0.00016184836746845939 -0.0005613976812356324 0.00088489213283387928
leaf_weight=2855 2092 2129 2029 3284 2356 2017 2117 3699 2035 3588 2080 3609 2069
leaf_count=2855 2092 2129 2029 3284 2356 2017 2117 3699 2035 3588 2080 3609 2069
internal_value=-1.71669e-08 5.13054e-05 -0.000137676 3.22682e-05 0.000313252 -1.80123e-05 -0.000371792 5.5502e-05 -3.44045e-05 9.13986e-05 -0.000404289 -0.000129899 0.00018686
internal_weight=35959 26198 9761 7732 5640 24069 4134 19935 16236 12121 4115 8533 4924
internal_count=35959 26198 9761 7732 5640 24069 4134 19935 16236 12121 4115 8533 4924
is_linear=0
shrinkage=0.05


Tree=146
num_leaves=14
num_cat=0
split_feature=1 1 0 0 1 0 1 1 0 0 0 2 0
split_gain=0.106787 0.32812 0.430539 0.324108 0.230671 0.377607 0.166642 0.284196 0.360107 0.299824 0.785476 0.257465 0.117243
threshold=32.301969528198249 26.775197029113773 2.8591554164886479 5.7254586219787607 8.1966800689697283 3.0275350809097294 12.98198461532593 17.29234600067139 2.5569663047790532 1.8904238343238833 3.1276804208755498 1.0000000180025095e-35 1.9200109839439394
decision_type=2 2 2 2 2 2 2 2 2 2 2 2 2
left_child=1 3 -3 4 5 12 11 8 -8 -9 -11 -6 -1
right_child=-2 2 -4 -5 6 -7 7 9 -10 10 -12 -13 -14
leaf_value=0.00021403933670190167 -0.0002483977330987671 -1.7665815001064264e-05 0.00088578506179074466 -0.00065107760124372745 2.2859024669520447e-05 0.0006952470281291176 0.00078675016295652383 -0.00060121604917915403 -0.00014084773343273437 0.00063396439415820303 -0.00053373342742418751 -0.00073819414975433671 -0.00027373137389937726
leaf_weight=2450 3853 2935 2384 2006 2221 2815 2139 2707 2034 2803 2941 2213 2458
leaf_count=2450 3853 2935 2384 2006 2221 2815 2139 2707 2034 2803 2941 2213 2458
internal_value=-2.59103e-08 2.98489e-05 0.000388167 -4.14194e-05 8.17463e-06 0.000234714 -9.44682e-05 -1.77111e-06 0.000335365 -0.000168445 3.61999e-05 -0.000357787 -3.03034e-05
internal_weight=35959 32106 5319 26787 24781 7723 17058 12624 4173 8451 5744 4434 4908
internal_count=35959 32106 5319 26787 24781 7723 17058 12624 4173 8451 5744 4434 4908
is_linear=0
shrinkage=0.05


Tree=147
num_leaves=14
num_cat=0
split_feature=1 1 0 0 1 0 1 1 0 0 0 2 0
split_gain=0.0964016 0.296262 0.38981 0.29266 0.208257 0.340918 0.150471 0.256602 0.325157 0.270698 0.709152 0.232472 0.105857
threshold=32.301969528198249 26.775197029113773 3.111780166625977 5.7254586219787607 8.1966800689697283 3.0275350809097294 12.98198461532593 17.29234600067139 2.5569663047790532 1.8904238343238833 3.1276804208755498 1.0000000180025095e-35 1.9200109839439394
decision_type=2 2 2 2 2 2 2 2 2 2 2 2 2
left_child=1 3 -3 4 5 12 11 8 -8 -9 -11 -6 -1
right_child=-2 2 -4 -5 6 -7 7 9 -10 10 -12 -13 -14
leaf_value=0.00020338088274120386 -0.00023600999294029839 2.5653994691527828e-05 0.00090183214457077916 -0.00061868511758499762 2.1721165982618344e-05 0.00066060768530793715 0.00074759569564413755 -0.00057126585181284145 -0.00013383976802635157 0.00060237888004101574 -0.00050713713919561668 -0.00070145048991299619 -0.0002601002394107572
leaf_weight=2450 3853 3242 2077 2006 2221 2815 2139 2707 2034 2803 2941 2213 2458
leaf_count=2450 3853 3242 2077 2006 2221 2815 2139 2707 2034 2803 2941 2213 2458
internal_value=-2.4135e-08 2.83609e-05 0.00036884 -3.93593e-05 7.76722e-06 0.000223019 -8.97615e-05 -1.67679e-06 0.000318674 -0.000160052 3.43987e-05 -0.000339979 -2.87943e-05
internal_weight=35959 32106 5319 26787 24781 7723 17058 12624 4173 8451 5744 4434 4908
internal_count=35959 32106 5319 26787 24781 7723 17058 12624 4173 8451 5744 4434 4908
is_linear=0
shrinkage=0.05


Tree=148
num_leaves=14
num_cat=0
split_feature=1 0 1 0 0 0 0 0 1 0 0 1 2
split_gain=0.0977203 0.340463 0.537519 0.165641 0.848404 0.307883 0.261393 0.216722 0.156553 0.261768 0.757735 0.260332 0.101588
threshold=32.959907531738288 1.0044955611228945 30.395328521728519 2.1276745796203618 2.3991304636001591 1.6672472357749941 2.6541824340820317 1.397660553455353 8.5199499130249041 3.2911728620529179 4.3342845439910898 4.1542353630065927 1.0000000180025095e-35
decision_type=2 2 2 2 2 2 2 2 2 2 2 2 2
left_child=1 -1 3 5 -5 7 -6 -3 11 -10 -11 -8 -12
right_child=-2 2 -4 4 6 -7 8 -9 9 10 12 -13 -14
leaf_value=0.00050575639779484589 0.00026525951711079565 -0.00023303701088112839 -0.00080895917978278202 0.00099024054134608393 -0.00057196087759668385 -0.00053572215274432639 0.00016728906662696427 0.00045967230783581364 0.00051773757564068117 -0.00055492386494032382 0.00017916862311902722 -0.00060324353290113094 0.00067576640762553961
leaf_weight=2751 3156 2524 2290 2193 2108 3744 2115 2027 3017 3645 2029 2258 2102
leaf_count=2751 3156 2524 2290 2193 2108 3744 2115 2027 3017 3645 2029 2258 2102
internal_value=-2.10522e-08 -2.56169e-05 -7.44116e-05 -1.35516e-05 6.61759e-05 -0.000200513 -5.16427e-05 7.58248e-05 2.10083e-05 0.000123252 -3.02727e-05 -0.000231044 0.000432877
internal_weight=35959 32803 30052 27762 19467 8295 17274 4551 15166 10793 7776 4373 4131
internal_count=35959 32803 30052 27762 19467 8295 17274 4551 15166 10793 7776 4373 4131
is_linear=0
shrinkage=0.05


Tree=149
num_leaves=14
num_cat=0
split_feature=1 1 1 1 0 0 0 1 0 2 1 1 1
split_gain=0.092112 0.240683 0.236899 0.0955988 0.447581 0.367919 0.361232 0.435406 0.333153 0.625086 0.475363 0.427458 0.17244
threshold=31.147220611572269 33.847778320312507 28.021887779235843 9.0399641990661639 3.8443462848663335 3.7983113527297978 1.7972420454025271 4.6905651092529306 3.0069479942321782 1.5000000000000002 16.790926933288578 21.819277763366703 17.027730941772464
decision_type=2 2 2 2 2 2 2 2 2 2 2 2 2
left_child=2 -2 3 5 8 6 -1 -8 9 10 -5 -12 -6
right_child=1 -3 -4 4 12 -7 7 -9 -10 -11 11 -13 -14
leaf_value=-0.00042132248448890311 0.00052544390839993872 -0.0001708062979966739 -0.0004579669990808561 -0.00055560479588224868 0.00083817509671782302 -0.00064849134655640961 -0.00013065700222937606 0.00086858949671278062 -0.00052652284844303769 0.00080687075052669061 0.00070671532202850511 -0.00021614332020211148 0.00023153021590881567
leaf_weight=2404 2641 2327 2944 3720 2064 2411 2307 2053 3049 2240 2219 2863 2717
leaf_count=2404 2641 2327 2944 3720 2064 2411 2307 2053 3049 2240 2219 2863 2717
internal_value=-1.36938e-08 0.000199634 -3.20722e-05 1.27799e-05 7.71352e-05 -0.000119532 6.96923e-05 0.000340771 -6.47678e-05 6.30965e-05 -0.000126886 0.000187409 0.000494627
internal_weight=35959 4968 30991 28047 18872 9175 6764 4360 14091 11042 8802 5082 4781
internal_count=35959 4968 30991 28047 18872 9175 6764 4360 14091 11042 8802 5082 4781
is_linear=0
shrinkage=0.05


end of trees

feature_importances:
Column_1=923
Column_0=791
Column_2=192

parameters:
[boosting: gbdt]
[objective: regression]
[metric: l2]
[tree_learner: serial]
[device_type: cpu]
[data_sample_strategy: bagging]
[data: ]
[valid: ]
[num_iterations: 150]
[learning_rate: 0.05]
[num_leaves: 15]
[num_threads: 1]
[seed: 0]
[deterministic: 1]
[force_col_wise: 1]
[force_row_wise: 0]
[histogram_pool_size: -1]
[max_depth: -1]
[min_data_in_leaf: 2000]
[min_sum_hessian_in_leaf: 0.001]
[bagging_fraction: 1]
[pos_bagging_fraction: 1]
[neg_bagging_fraction: 1]
[bagging_freq: 0]
[bagging_seed: 7719]
[bagging_by_query: 0]
[feature_fraction: 1]
[feature_fraction_bynode: 1]
[feature_fraction_seed: 2437]
[extra_trees: 0]
[extra_seed: 11797]
[early_stopping_round: 0]
[early_stopping_min_delta: 0]
[first_metric_only: 0]
[max_delta_step: 0]
[lambda_l1: 0]
[lambda_l2: 10]
[linear_lambda: 0]
[min_gain_to_split: 0]
[drop_rate: 0.1]
[max_drop: 50]
[skip_drop: 0.5]
[xgboost_dart_mode: 0]
[uniform_drop: 0]
[drop_seed: 21238]
[top_rate: 0.2]
[other_rate: 0.1]
[min_data_per_group: 100]
[max_cat_threshold: 32]
[cat_l2: 10]
[cat_smooth: 10]
[max_cat_to_onehot: 4]
[top_k: 20]
[monotone_constraints: ]
[monotone_constraints_method: basic]
[monotone_penalty: 0]
[feature_contri: ]
[forcedsplits_filename: ]
[refit_decay_rate: 0.9]
[cegb_tradeoff: 1]
[cegb_penalty_split: 0]
[cegb_penalty_feature_lazy: ]
[cegb_penalty_feature_coupled: ]
[path_smooth: 0]
[interaction_constraints: ]
[verbosity: -1]
[saved_feature_importance_type: 0]
[use_quantized_grad: 0]
[num_grad_quant_bins: 4]
[quant_train_renew_leaf: 0]
[stochastic_rounding: 1]
[linear_tree: 0]
[max_bin: 255]
[max_bin_by_feature: ]
[min_data_in_bin: 3]
[bin_construct_sample_cnt: 200000]
[data_random_seed: 38]
[is_enable_sparse: 1]
[enable_bundle: 1]
[use_missing: 1]
[zero_as_missing: 0]
[feature_pre_filter: 1]
[pre_partition: 0]
[two_round: 0]
[header: 0]
[label_column: ]
[weight_column: ]
[group_column: ]
[ignore_column: ]
[categorical_feature: ]
[forcedbins_filename: ]
[precise_float_parser: 0]
[parser_config_file: ]
[objective_seed: 8855]
[num_class: 1]
[is_unbalance: 0]
[scale_pos_weight: 1]
[sigmoid: 1]
[boost_from_average: 1]
[reg_sqrt: 0]
[alpha: 0.9]
[fair_c: 1]
[poisson_max_delta_step: 0.7]
[tweedie_variance_power: 1.5]
[lambdarank_truncation_level: 30]
[lambdarank_norm: 1]
[label_gain: ]
[lambdarank_position_bias_regularization: 0]
[eval_at: ]
[multi_error_top_k: 1]
[auc_mu_weights: ]
[num_machines: 1]
[local_listen_port: 12400]
[time_out: 120]
[machine_list_filename: ]
[machines: ]
[gpu_platform_id: -1]
[gpu_device_id: -1]
[gpu_device_id_list: ]
[gpu_use_dp: 0]
[num_gpu: 1]

end of parameters

pandas_categorical:null
